TypeRegistrering,TypeRegistrering_label,DrivstoffType,DrivstoffType_label,ContentsCode,ContentsCode_label,Tid,Tid_label,value,status
N,Nye kjøretøy,19,Elektrisk/nullutslipp,Personbiler,Personbiler,1995M01,1995M01,0,
N,Nye kjøretøy,19,Elektrisk/nullutslipp,Personbiler,Personbiler,1995M02,1995M02,0,
N,Nye kjøretøy,19,Elektrisk/nullutslipp,Personbiler,Personbiler,1995M03,1995M03,0,
N,Nye kjøretøy,19,Elektrisk/nullutslipp,Personbiler,Personbiler,1995M04,1995M04,0,
N,Nye kjøretøy,19,Elektrisk/nullutslipp,Personbiler,Personbiler,1995M05,1995M05,0,
N,Nye kjøretøy,19,Elektrisk/nullutslipp,Personbiler,Personbiler,1995M06,1995M06,0,
N,Nye kjøretøy,19,Elektrisk/nullutslipp,Personbiler,Personbiler,1995M07,1995M07,5,
N,Nye kjøretøy,19,Elektrisk/nullutslipp,Personbiler,Personbiler,1995M08,1995M08,1,
N,Nye kjøretøy,19,Elektrisk/nullutslipp,Personbiler,Personbiler,1995M09,1995M09,0,
N,Nye kjøretøy,19,Elektrisk/nullutslipp,Personbiler,Personbiler,1995M10,1995M10,1,
N,Nye kjøretøy,19,Elektrisk/nullutslipp,Personbiler,Personbiler,1995M11,1995M11,0,
N,Nye kjøretøy,19,Elektrisk/nullutslipp,Personbiler,Personbiler,1995M12,1995M12,0,
N,Nye kjøretøy,19,Elektrisk/nullutslipp,Personbiler,Personbiler,1996M01,1996M01,1,
N,Nye kjøretøy,19,Elektrisk/nullutslipp,Personbiler,Personbiler,1996M02,1996M02,0,
N,Nye kjøretøy,19,Elektrisk/nullutslipp,Personbiler,Personbiler,1996M03,1996M03,11,
N,Nye kjøretøy,19,Elektrisk/nullutslipp,Personbiler,Personbiler,1996M04,1996M04,2,
N,Nye kjøretøy,19,Elektrisk/nullutslipp,Personbiler,Personbiler,1996M05,1996M05,10,
N,Nye kjøretøy,19,Elektrisk/nullutslipp,Personbiler,Personbiler,1996M06,1996M06,0,
N,Nye kjøretøy,19,Elektrisk/nullutslipp,Personbiler,Personbiler,1996M07,1996M07,0,
N,Nye kjøretøy,19,Elektrisk/nullutslipp,Personbiler,Personbiler,1996M08,1996M08,0,
N,Nye kjøretøy,19,Elektrisk/nullutslipp,Personbiler,Personbiler,1996M09,1996M09,0,
N,Nye kjøretøy,19,Elektrisk/nullutslipp,Personbiler,Personbiler,1996M10,1996M10,15,
N,Nye kjøretøy,19,Elektrisk/nullutslipp,Personbiler,Personbiler,1996M11,1996M11,8,
N,Nye kjøretøy,19,Elektrisk/nullutslipp,Personbiler,Personbiler,1996M12,1996M12,1,
N,Nye kjøretøy,19,Elektrisk/nullutslipp,Personbiler,Personbiler,1997M01,1997M01,1,
N,Nye kjøretøy,19,Elektrisk/nullutslipp,Personbiler,Personbiler,1997M02,1997M02,1,
N,Nye kjøretøy,19,Elektrisk/nullutslipp,Personbiler,Personbiler,1997M03,1997M03,0,
N,Nye kjøretøy,19,Elektrisk/nullutslipp,Personbiler,Personbiler,1997M04,1997M04,1,
N,Nye kjøretøy,19,Elektrisk/nullutslipp,Personbiler,Personbiler,1997M05,1997M05,2,
N,Nye kjøretøy,19,Elektrisk/nullutslipp,Personbiler,Personbiler,1997M06,1997M06,3,
N,Nye kjøretøy,19,Elektrisk/nullutslipp,Personbiler,Personbiler,1997M07,1997M07,4,
N,Nye kjøretøy,19,Elektrisk/nullutslipp,Personbiler,Personbiler,1997M08,1997M08,0,
N,Nye kjøretøy,19,Elektrisk/nullutslipp,Personbiler,Personbiler,1997M09,1997M09,0,
N,Nye kjøretøy,19,Elektrisk/nullutslipp,Personbiler,Personbiler,1997M10,1997M10,2,
N,Nye kjøretøy,19,Elektrisk/nullutslipp,Personbiler,Personbiler,1997M11,1997M11,10,
N,Nye kjøretøy,19,Elektrisk/nullutslipp,Personbiler,Personbiler,1997M12,1997M12,2,
N,Nye kjøretøy,19,Elektrisk/nullutslipp,Personbiler,Personbiler,1998M01,1998M01,1,
N,Nye kjøretøy,19,Elektrisk/nullutslipp,Personbiler,Personbiler,1998M02,1998M02,3,
N,Nye kjøretøy,19,Elektrisk/nullutslipp,Personbiler,Personbiler,1998M03,1998M03,0,
N,Nye kjøretøy,19,Elektrisk/nullutslipp,Personbiler,Personbiler,1998M04,1998M04,2,
N,Nye kjøretøy,19,Elektrisk/nullutslipp,Personbiler,Personbiler,1998M05,1998M05,2,
N,Nye kjøretøy,19,Elektrisk/nullutslipp,Personbiler,Personbiler,1998M06,1998M06,27,
N,Nye kjøretøy,19,Elektrisk/nullutslipp,Personbiler,Personbiler,1998M07,1998M07,3,
N,Nye kjøretøy,19,Elektrisk/nullutslipp,Personbiler,Personbiler,1998M08,1998M08,1,
N,Nye kjøretøy,19,Elektrisk/nullutslipp,Personbiler,Personbiler,1998M09,1998M09,0,
N,Nye kjøretøy,19,Elektrisk/nullutslipp,Personbiler,Personbiler,1998M10,1998M10,1,
N,Nye kjøretøy,19,Elektrisk/nullutslipp,Personbiler,Personbiler,1998M11,1998M11,0,
N,Nye kjøretøy,19,Elektrisk/nullutslipp,Personbiler,Personbiler,1998M12,1998M12,0,
N,Nye kjøretøy,19,Elektrisk/nullutslipp,Personbiler,Personbiler,1999M01,1999M01,7,
N,Nye kjøretøy,19,Elektrisk/nullutslipp,Personbiler,Personbiler,1999M02,1999M02,6,
N,Nye kjøretøy,19,Elektrisk/nullutslipp,Personbiler,Personbiler,1999M03,1999M03,18,
N,Nye kjøretøy,19,Elektrisk/nullutslipp,Personbiler,Personbiler,1999M04,1999M04,1,
N,Nye kjøretøy,19,Elektrisk/nullutslipp,Personbiler,Personbiler,1999M05,1999M05,3,
N,Nye kjøretøy,19,Elektrisk/nullutslipp,Personbiler,Personbiler,1999M06,1999M06,1,
N,Nye kjøretøy,19,Elektrisk/nullutslipp,Personbiler,Personbiler,1999M07,1999M07,13,
N,Nye kjøretøy,19,Elektrisk/nullutslipp,Personbiler,Personbiler,1999M08,1999M08,4,
N,Nye kjøretøy,19,Elektrisk/nullutslipp,Personbiler,Personbiler,1999M09,1999M09,6,
N,Nye kjøretøy,19,Elektrisk/nullutslipp,Personbiler,Personbiler,1999M10,1999M10,17,
N,Nye kjøretøy,19,Elektrisk/nullutslipp,Personbiler,Personbiler,1999M11,1999M11,6,
N,Nye kjøretøy,19,Elektrisk/nullutslipp,Personbiler,Personbiler,1999M12,1999M12,3,
N,Nye kjøretøy,19,Elektrisk/nullutslipp,Personbiler,Personbiler,2000M01,2000M01,12,
N,Nye kjøretøy,19,Elektrisk/nullutslipp,Personbiler,Personbiler,2000M02,2000M02,25,
N,Nye kjøretøy,19,Elektrisk/nullutslipp,Personbiler,Personbiler,2000M03,2000M03,26,
N,Nye kjøretøy,19,Elektrisk/nullutslipp,Personbiler,Personbiler,2000M04,2000M04,2,
N,Nye kjøretøy,19,Elektrisk/nullutslipp,Personbiler,Personbiler,2000M05,2000M05,35,
N,Nye kjøretøy,19,Elektrisk/nullutslipp,Personbiler,Personbiler,2000M06,2000M06,9,
N,Nye kjøretøy,19,Elektrisk/nullutslipp,Personbiler,Personbiler,2000M07,2000M07,17,
N,Nye kjøretøy,19,Elektrisk/nullutslipp,Personbiler,Personbiler,2000M08,2000M08,23,
N,Nye kjøretøy,19,Elektrisk/nullutslipp,Personbiler,Personbiler,2000M09,2000M09,29,
N,Nye kjøretøy,19,Elektrisk/nullutslipp,Personbiler,Personbiler,2000M10,2000M10,5,
N,Nye kjøretøy,19,Elektrisk/nullutslipp,Personbiler,Personbiler,2000M11,2000M11,7,
N,Nye kjøretøy,19,Elektrisk/nullutslipp,Personbiler,Personbiler,2000M12,2000M12,8,
N,Nye kjøretøy,19,Elektrisk/nullutslipp,Personbiler,Personbiler,2001M01,2001M01,14,
N,Nye kjøretøy,19,Elektrisk/nullutslipp,Personbiler,Personbiler,2001M02,2001M02,2,
N,Nye kjøretøy,19,Elektrisk/nullutslipp,Personbiler,Personbiler,2001M03,2001M03,2,
N,Nye kjøretøy,19,Elektrisk/nullutslipp,Personbiler,Personbiler,2001M04,2001M04,4,
N,Nye kjøretøy,19,Elektrisk/nullutslipp,Personbiler,Personbiler,2001M05,2001M05,8,
N,Nye kjøretøy,19,Elektrisk/nullutslipp,Personbiler,Personbiler,2001M06,2001M06,7,
N,Nye kjøretøy,19,Elektrisk/nullutslipp,Personbiler,Personbiler,2001M07,2001M07,45,
N,Nye kjøretøy,19,Elektrisk/nullutslipp,Personbiler,Personbiler,2001M08,2001M08,23,
N,Nye kjøretøy,19,Elektrisk/nullutslipp,Personbiler,Personbiler,2001M09,2001M09,16,
N,Nye kjøretøy,19,Elektrisk/nullutslipp,Personbiler,Personbiler,2001M10,2001M10,24,
N,Nye kjøretøy,19,Elektrisk/nullutslipp,Personbiler,Personbiler,2001M11,2001M11,4,
N,Nye kjøretøy,19,Elektrisk/nullutslipp,Personbiler,Personbiler,2001M12,2001M12,2,
N,Nye kjøretøy,19,Elektrisk/nullutslipp,Personbiler,Personbiler,2002M01,2002M01,30,
N,Nye kjøretøy,19,Elektrisk/nullutslipp,Personbiler,Personbiler,2002M02,2002M02,62,
N,Nye kjøretøy,19,Elektrisk/nullutslipp,Personbiler,Personbiler,2002M03,2002M03,17,
N,Nye kjøretøy,19,Elektrisk/nullutslipp,Personbiler,Personbiler,2002M04,2002M04,12,
N,Nye kjøretøy,19,Elektrisk/nullutslipp,Personbiler,Personbiler,2002M05,2002M05,16,
N,Nye kjøretøy,19,Elektrisk/nullutslipp,Personbiler,Personbiler,2002M06,2002M06,3,
N,Nye kjøretøy,19,Elektrisk/nullutslipp,Personbiler,Personbiler,2002M07,2002M07,20,
N,Nye kjøretøy,19,Elektrisk/nullutslipp,Personbiler,Personbiler,2002M08,2002M08,9,
N,Nye kjøretøy,19,Elektrisk/nullutslipp,Personbiler,Personbiler,2002M09,2002M09,23,
N,Nye kjøretøy,19,Elektrisk/nullutslipp,Personbiler,Personbiler,2002M10,2002M10,8,
N,Nye kjøretøy,19,Elektrisk/nullutslipp,Personbiler,Personbiler,2002M11,2002M11,13,
N,Nye kjøretøy,19,Elektrisk/nullutslipp,Personbiler,Personbiler,2002M12,2002M12,7,
N,Nye kjøretøy,19,Elektrisk/nullutslipp,Personbiler,Personbiler,2003M01,2003M01,2,
N,Nye kjøretøy,19,Elektrisk/nullutslipp,Personbiler,Personbiler,2003M02,2003M02,2,
N,Nye kjøretøy,19,Elektrisk/nullutslipp,Personbiler,Personbiler,2003M03,2003M03,4,
N,Nye kjøretøy,19,Elektrisk/nullutslipp,Personbiler,Personbiler,2003M04,2003M04,6,
N,Nye kjøretøy,19,Elektrisk/nullutslipp,Personbiler,Personbiler,2003M05,2003M05,8,
N,Nye kjøretøy,19,Elektrisk/nullutslipp,Personbiler,Personbiler,2003M06,2003M06,5,
N,Nye kjøretøy,19,Elektrisk/nullutslipp,Personbiler,Personbiler,2003M07,2003M07,3,
N,Nye kjøretøy,19,Elektrisk/nullutslipp,Personbiler,Personbiler,2003M08,2003M08,20,
N,Nye kjøretøy,19,Elektrisk/nullutslipp,Personbiler,Personbiler,2003M09,2003M09,29,
N,Nye kjøretøy,19,Elektrisk/nullutslipp,Personbiler,Personbiler,2003M10,2003M10,9,
N,Nye kjøretøy,19,Elektrisk/nullutslipp,Personbiler,Personbiler,2003M11,2003M11,7,
N,Nye kjøretøy,19,Elektrisk/nullutslipp,Personbiler,Personbiler,2003M12,2003M12,5,
N,Nye kjøretøy,19,Elektrisk/nullutslipp,Personbiler,Personbiler,2004M01,2004M01,3,
N,Nye kjøretøy,19,Elektrisk/nullutslipp,Personbiler,Personbiler,2004M02,2004M02,3,
N,Nye kjøretøy,19,Elektrisk/nullutslipp,Personbiler,Personbiler,2004M03,2004M03,2,
N,Nye kjøretøy,19,Elektrisk/nullutslipp,Personbiler,Personbiler,2004M04,2004M04,8,
N,Nye kjøretøy,19,Elektrisk/nullutslipp,Personbiler,Personbiler,2004M05,2004M05,10,
N,Nye kjøretøy,19,Elektrisk/nullutslipp,Personbiler,Personbiler,2004M06,2004M06,15,
N,Nye kjøretøy,19,Elektrisk/nullutslipp,Personbiler,Personbiler,2004M07,2004M07,6,
N,Nye kjøretøy,19,Elektrisk/nullutslipp,Personbiler,Personbiler,2004M08,2004M08,4,
N,Nye kjøretøy,19,Elektrisk/nullutslipp,Personbiler,Personbiler,2004M09,2004M09,6,
N,Nye kjøretøy,19,Elektrisk/nullutslipp,Personbiler,Personbiler,2004M10,2004M10,4,
N,Nye kjøretøy,19,Elektrisk/nullutslipp,Personbiler,Personbiler,2004M11,2004M11,3,
N,Nye kjøretøy,19,Elektrisk/nullutslipp,Personbiler,Personbiler,2004M12,2004M12,9,
N,Nye kjøretøy,19,Elektrisk/nullutslipp,Personbiler,Personbiler,2005M01,2005M01,3,
N,Nye kjøretøy,19,Elektrisk/nullutslipp,Personbiler,Personbiler,2005M02,2005M02,4,
N,Nye kjøretøy,19,Elektrisk/nullutslipp,Personbiler,Personbiler,2005M03,2005M03,5,
N,Nye kjøretøy,19,Elektrisk/nullutslipp,Personbiler,Personbiler,2005M04,2005M04,7,
N,Nye kjøretøy,19,Elektrisk/nullutslipp,Personbiler,Personbiler,2005M05,2005M05,6,
N,Nye kjøretøy,19,Elektrisk/nullutslipp,Personbiler,Personbiler,2005M06,2005M06,4,
N,Nye kjøretøy,19,Elektrisk/nullutslipp,Personbiler,Personbiler,2005M07,2005M07,1,
N,Nye kjøretøy,19,Elektrisk/nullutslipp,Personbiler,Personbiler,2005M08,2005M08,1,
N,Nye kjøretøy,19,Elektrisk/nullutslipp,Personbiler,Personbiler,2005M09,2005M09,0,
N,Nye kjøretøy,19,Elektrisk/nullutslipp,Personbiler,Personbiler,2005M10,2005M10,0,
N,Nye kjøretøy,19,Elektrisk/nullutslipp,Personbiler,Personbiler,2005M11,2005M11,0,
N,Nye kjøretøy,19,Elektrisk/nullutslipp,Personbiler,Personbiler,2005M12,2005M12,0,
N,Nye kjøretøy,19,Elektrisk/nullutslipp,Personbiler,Personbiler,2006M01,2006M01,0,
N,Nye kjøretøy,19,Elektrisk/nullutslipp,Personbiler,Personbiler,2006M02,2006M02,0,
N,Nye kjøretøy,19,Elektrisk/nullutslipp,Personbiler,Personbiler,2006M03,2006M03,0,
N,Nye kjøretøy,19,Elektrisk/nullutslipp,Personbiler,Personbiler,2006M04,2006M04,0,
N,Nye kjøretøy,19,Elektrisk/nullutslipp,Personbiler,Personbiler,2006M05,2006M05,2,
N,Nye kjøretøy,19,Elektrisk/nullutslipp,Personbiler,Personbiler,2006M06,2006M06,0,
N,Nye kjøretøy,19,Elektrisk/nullutslipp,Personbiler,Personbiler,2006M07,2006M07,0,
N,Nye kjøretøy,19,Elektrisk/nullutslipp,Personbiler,Personbiler,2006M08,2006M08,0,
N,Nye kjøretøy,19,Elektrisk/nullutslipp,Personbiler,Personbiler,2006M09,2006M09,0,
N,Nye kjøretøy,19,Elektrisk/nullutslipp,Personbiler,Personbiler,2006M10,2006M10,7,
N,Nye kjøretøy,19,Elektrisk/nullutslipp,Personbiler,Personbiler,2006M11,2006M11,3,
N,Nye kjøretøy,19,Elektrisk/nullutslipp,Personbiler,Personbiler,2006M12,2006M12,5,
N,Nye kjøretøy,19,Elektrisk/nullutslipp,Personbiler,Personbiler,2007M01,2007M01,2,
N,Nye kjøretøy,19,Elektrisk/nullutslipp,Personbiler,Personbiler,2007M02,2007M02,0,
N,Nye kjøretøy,19,Elektrisk/nullutslipp,Personbiler,Personbiler,2007M03,2007M03,3,
N,Nye kjøretøy,19,Elektrisk/nullutslipp,Personbiler,Personbiler,2007M04,2007M04,1,
N,Nye kjøretøy,19,Elektrisk/nullutslipp,Personbiler,Personbiler,2007M05,2007M05,0,
N,Nye kjøretøy,19,Elektrisk/nullutslipp,Personbiler,Personbiler,2007M06,2007M06,8,
N,Nye kjøretøy,19,Elektrisk/nullutslipp,Personbiler,Personbiler,2007M07,2007M07,0,
N,Nye kjøretøy,19,Elektrisk/nullutslipp,Personbiler,Personbiler,2007M08,2007M08,2,
N,Nye kjøretøy,19,Elektrisk/nullutslipp,Personbiler,Personbiler,2007M09,2007M09,0,
N,Nye kjøretøy,19,Elektrisk/nullutslipp,Personbiler,Personbiler,2007M10,2007M10,0,
N,Nye kjøretøy,19,Elektrisk/nullutslipp,Personbiler,Personbiler,2007M11,2007M11,0,
N,Nye kjøretøy,19,Elektrisk/nullutslipp,Personbiler,Personbiler,2007M12,2007M12,0,
N,Nye kjøretøy,19,Elektrisk/nullutslipp,Personbiler,Personbiler,2008M01,2008M01,1,
N,Nye kjøretøy,19,Elektrisk/nullutslipp,Personbiler,Personbiler,2008M02,2008M02,4,
N,Nye kjøretøy,19,Elektrisk/nullutslipp,Personbiler,Personbiler,2008M03,2008M03,0,
N,Nye kjøretøy,19,Elektrisk/nullutslipp,Personbiler,Personbiler,2008M04,2008M04,0,
N,Nye kjøretøy,19,Elektrisk/nullutslipp,Personbiler,Personbiler,2008M05,2008M05,0,
N,Nye kjøretøy,19,Elektrisk/nullutslipp,Personbiler,Personbiler,2008M06,2008M06,6,
N,Nye kjøretøy,19,Elektrisk/nullutslipp,Personbiler,Personbiler,2008M07,2008M07,52,
N,Nye kjøretøy,19,Elektrisk/nullutslipp,Personbiler,Personbiler,2008M08,2008M08,38,
N,Nye kjøretøy,19,Elektrisk/nullutslipp,Personbiler,Personbiler,2008M09,2008M09,0,
N,Nye kjøretøy,19,Elektrisk/nullutslipp,Personbiler,Personbiler,2008M10,2008M10,0,
N,Nye kjøretøy,19,Elektrisk/nullutslipp,Personbiler,Personbiler,2008M11,2008M11,11,
N,Nye kjøretøy,19,Elektrisk/nullutslipp,Personbiler,Personbiler,2008M12,2008M12,66,
N,Nye kjøretøy,19,Elektrisk/nullutslipp,Personbiler,Personbiler,2009M01,2009M01,0,
N,Nye kjøretøy,19,Elektrisk/nullutslipp,Personbiler,Personbiler,2009M02,2009M02,29,
N,Nye kjøretøy,19,Elektrisk/nullutslipp,Personbiler,Personbiler,2009M03,2009M03,29,
N,Nye kjøretøy,19,Elektrisk/nullutslipp,Personbiler,Personbiler,2009M04,2009M04,14,
N,Nye kjøretøy,19,Elektrisk/nullutslipp,Personbiler,Personbiler,2009M05,2009M05,1,
N,Nye kjøretøy,19,Elektrisk/nullutslipp,Personbiler,Personbiler,2009M06,2009M06,5,
N,Nye kjøretøy,19,Elektrisk/nullutslipp,Personbiler,Personbiler,2009M07,2009M07,6,
N,Nye kjøretøy,19,Elektrisk/nullutslipp,Personbiler,Personbiler,2009M08,2009M08,8,
N,Nye kjøretøy,19,Elektrisk/nullutslipp,Personbiler,Personbiler,2009M09,2009M09,5,
N,Nye kjøretøy,19,Elektrisk/nullutslipp,Personbiler,Personbiler,2009M10,2009M10,10,
N,Nye kjøretøy,19,Elektrisk/nullutslipp,Personbiler,Personbiler,2009M11,2009M11,7,
N,Nye kjøretøy,19,Elektrisk/nullutslipp,Personbiler,Personbiler,2009M12,2009M12,5,
N,Nye kjøretøy,19,Elektrisk/nullutslipp,Personbiler,Personbiler,2010M01,2010M01,1,
N,Nye kjøretøy,19,Elektrisk/nullutslipp,Personbiler,Personbiler,2010M02,2010M02,1,
N,Nye kjøretøy,19,Elektrisk/nullutslipp,Personbiler,Personbiler,2010M03,2010M03,42,
N,Nye kjøretøy,19,Elektrisk/nullutslipp,Personbiler,Personbiler,2010M04,2010M04,43,
N,Nye kjøretøy,19,Elektrisk/nullutslipp,Personbiler,Personbiler,2010M05,2010M05,40,
N,Nye kjøretøy,19,Elektrisk/nullutslipp,Personbiler,Personbiler,2010M06,2010M06,17,
N,Nye kjøretøy,19,Elektrisk/nullutslipp,Personbiler,Personbiler,2010M07,2010M07,11,
N,Nye kjøretøy,19,Elektrisk/nullutslipp,Personbiler,Personbiler,2010M08,2010M08,55,
N,Nye kjøretøy,19,Elektrisk/nullutslipp,Personbiler,Personbiler,2010M09,2010M09,49,
N,Nye kjøretøy,19,Elektrisk/nullutslipp,Personbiler,Personbiler,2010M10,2010M10,40,
N,Nye kjøretøy,19,Elektrisk/nullutslipp,Personbiler,Personbiler,2010M11,2010M11,30,
N,Nye kjøretøy,19,Elektrisk/nullutslipp,Personbiler,Personbiler,2010M12,2010M12,28,
N,Nye kjøretøy,19,Elektrisk/nullutslipp,Personbiler,Personbiler,2011M01,2011M01,112,
N,Nye kjøretøy,19,Elektrisk/nullutslipp,Personbiler,Personbiler,2011M02,2011M02,124,
N,Nye kjøretøy,19,Elektrisk/nullutslipp,Personbiler,Personbiler,2011M03,2011M03,248,
N,Nye kjøretøy,19,Elektrisk/nullutslipp,Personbiler,Personbiler,2011M04,2011M04,135,
N,Nye kjøretøy,19,Elektrisk/nullutslipp,Personbiler,Personbiler,2011M05,2011M05,146,
N,Nye kjøretøy,19,Elektrisk/nullutslipp,Personbiler,Personbiler,2011M06,2011M06,86,
N,Nye kjøretøy,19,Elektrisk/nullutslipp,Personbiler,Personbiler,2011M07,2011M07,43,
N,Nye kjøretøy,19,Elektrisk/nullutslipp,Personbiler,Personbiler,2011M08,2011M08,138,
N,Nye kjøretøy,19,Elektrisk/nullutslipp,Personbiler,Personbiler,2011M09,2011M09,211,
N,Nye kjøretøy,19,Elektrisk/nullutslipp,Personbiler,Personbiler,2011M10,2011M10,201,
N,Nye kjøretøy,19,Elektrisk/nullutslipp,Personbiler,Personbiler,2011M11,2011M11,338,
N,Nye kjøretøy,19,Elektrisk/nullutslipp,Personbiler,Personbiler,2011M12,2011M12,228,
N,Nye kjøretøy,19,Elektrisk/nullutslipp,Personbiler,Personbiler,2012M01,2012M01,257,
N,Nye kjøretøy,19,Elektrisk/nullutslipp,Personbiler,Personbiler,2012M02,2012M02,309,
N,Nye kjøretøy,19,Elektrisk/nullutslipp,Personbiler,Personbiler,2012M03,2012M03,321,
N,Nye kjøretøy,19,Elektrisk/nullutslipp,Personbiler,Personbiler,2012M04,2012M04,260,
N,Nye kjøretøy,19,Elektrisk/nullutslipp,Personbiler,Personbiler,2012M05,2012M05,305,
N,Nye kjøretøy,19,Elektrisk/nullutslipp,Personbiler,Personbiler,2012M06,2012M06,263,
N,Nye kjøretøy,19,Elektrisk/nullutslipp,Personbiler,Personbiler,2012M07,2012M07,256,
N,Nye kjøretøy,19,Elektrisk/nullutslipp,Personbiler,Personbiler,2012M08,2012M08,428,
N,Nye kjøretøy,19,Elektrisk/nullutslipp,Personbiler,Personbiler,2012M09,2012M09,573,
N,Nye kjøretøy,19,Elektrisk/nullutslipp,Personbiler,Personbiler,2012M10,2012M10,420,
N,Nye kjøretøy,19,Elektrisk/nullutslipp,Personbiler,Personbiler,2012M11,2012M11,314,
N,Nye kjøretøy,19,Elektrisk/nullutslipp,Personbiler,Personbiler,2012M12,2012M12,232,
N,Nye kjøretøy,19,Elektrisk/nullutslipp,Personbiler,Personbiler,2013M01,2013M01,337,
N,Nye kjøretøy,19,Elektrisk/nullutslipp,Personbiler,Personbiler,2013M02,2013M02,334,
N,Nye kjøretøy,19,Elektrisk/nullutslipp,Personbiler,Personbiler,2013M03,2013M03,343,
N,Nye kjøretøy,19,Elektrisk/nullutslipp,Personbiler,Personbiler,2013M04,2013M04,494,
N,Nye kjøretøy,19,Elektrisk/nullutslipp,Personbiler,Personbiler,2013M05,2013M05,348,
N,Nye kjøretøy,19,Elektrisk/nullutslipp,Personbiler,Personbiler,2013M06,2013M06,373,
N,Nye kjøretøy,19,Elektrisk/nullutslipp,Personbiler,Personbiler,2013M07,2013M07,278,
N,Nye kjøretøy,19,Elektrisk/nullutslipp,Personbiler,Personbiler,2013M08,2013M08,700,
N,Nye kjøretøy,19,Elektrisk/nullutslipp,Personbiler,Personbiler,2013M09,2013M09,1044,
N,Nye kjøretøy,19,Elektrisk/nullutslipp,Personbiler,Personbiler,2013M10,2013M10,925,
N,Nye kjøretøy,19,Elektrisk/nullutslipp,Personbiler,Personbiler,2013M11,2013M11,1438,
N,Nye kjøretøy,19,Elektrisk/nullutslipp,Personbiler,Personbiler,2013M12,2013M12,1274,
N,Nye kjøretøy,19,Elektrisk/nullutslipp,Personbiler,Personbiler,2014M01,2014M01,1099,
N,Nye kjøretøy,19,Elektrisk/nullutslipp,Personbiler,Personbiler,2014M02,2014M02,1383,
N,Nye kjøretøy,19,Elektrisk/nullutslipp,Personbiler,Personbiler,2014M03,2014M03,2813,
N,Nye kjøretøy,19,Elektrisk/nullutslipp,Personbiler,Personbiler,2014M04,2014M04,1261,
N,Nye kjøretøy,19,Elektrisk/nullutslipp,Personbiler,Personbiler,2014M05,2014M05,1346,
N,Nye kjøretøy,19,Elektrisk/nullutslipp,Personbiler,Personbiler,2014M06,2014M06,1446,
N,Nye kjøretøy,19,Elektrisk/nullutslipp,Personbiler,Personbiler,2014M07,2014M07,1365,
N,Nye kjøretøy,19,Elektrisk/nullutslipp,Personbiler,Personbiler,2014M08,2014M08,1735,
N,Nye kjøretøy,19,Elektrisk/nullutslipp,Personbiler,Personbiler,2014M09,2014M09,1299,
N,Nye kjøretøy,19,Elektrisk/nullutslipp,Personbiler,Personbiler,2014M10,2014M10,1397,
N,Nye kjøretøy,19,Elektrisk/nullutslipp,Personbiler,Personbiler,2014M11,2014M11,1418,
N,Nye kjøretøy,19,Elektrisk/nullutslipp,Personbiler,Personbiler,2014M12,2014M12,1527,
N,Nye kjøretøy,19,Elektrisk/nullutslipp,Personbiler,Personbiler,2015M01,2015M01,1895,
N,Nye kjøretøy,19,Elektrisk/nullutslipp,Personbiler,Personbiler,2015M02,2015M02,1919,
N,Nye kjøretøy,19,Elektrisk/nullutslipp,Personbiler,Personbiler,2015M03,2015M03,3391,
N,Nye kjøretøy,19,Elektrisk/nullutslipp,Personbiler,Personbiler,2015M04,2015M04,1974,
N,Nye kjøretøy,19,Elektrisk/nullutslipp,Personbiler,Personbiler,2015M05,2015M05,1868,
N,Nye kjøretøy,19,Elektrisk/nullutslipp,Personbiler,Personbiler,2015M06,2015M06,2616,
N,Nye kjøretøy,19,Elektrisk/nullutslipp,Personbiler,Personbiler,2015M07,2015M07,1764,
N,Nye kjøretøy,19,Elektrisk/nullutslipp,Personbiler,Personbiler,2015M08,2015M08,2165,
N,Nye kjøretøy,19,Elektrisk/nullutslipp,Personbiler,Personbiler,2015M09,2015M09,2130,
N,Nye kjøretøy,19,Elektrisk/nullutslipp,Personbiler,Personbiler,2015M10,2015M10,2044,
N,Nye kjøretøy,19,Elektrisk/nullutslipp,Personbiler,Personbiler,2015M11,2015M11,2039,
N,Nye kjøretøy,19,Elektrisk/nullutslipp,Personbiler,Personbiler,2015M12,2015M12,1978,
N,Nye kjøretøy,19,Elektrisk/nullutslipp,Personbiler,Personbiler,2016M01,2016M01,1906,
N,Nye kjøretøy,19,Elektrisk/nullutslipp,Personbiler,Personbiler,2016M02,2016M02,1926,
N,Nye kjøretøy,19,Elektrisk/nullutslipp,Personbiler,Personbiler,2016M03,2016M03,2594,
N,Nye kjøretøy,19,Elektrisk/nullutslipp,Personbiler,Personbiler,2016M04,2016M04,1993,
N,Nye kjøretøy,19,Elektrisk/nullutslipp,Personbiler,Personbiler,2016M05,2016M05,1423,
N,Nye kjøretøy,19,Elektrisk/nullutslipp,Personbiler,Personbiler,2016M06,2016M06,1906,
N,Nye kjøretøy,19,Elektrisk/nullutslipp,Personbiler,Personbiler,2016M07,2016M07,1103,
N,Nye kjøretøy,19,Elektrisk/nullutslipp,Personbiler,Personbiler,2016M08,2016M08,2014,
N,Nye kjøretøy,19,Elektrisk/nullutslipp,Personbiler,Personbiler,2016M09,2016M09,2629,
N,Nye kjøretøy,19,Elektrisk/nullutslipp,Personbiler,Personbiler,2016M10,2016M10,1860,
N,Nye kjøretøy,19,Elektrisk/nullutslipp,Personbiler,Personbiler,2016M11,2016M11,2565,
N,Nye kjøretøy,19,Elektrisk/nullutslipp,Personbiler,Personbiler,2016M12,2016M12,2315,
N,Nye kjøretøy,19,Elektrisk/nullutslipp,Personbiler,Personbiler,2017M01,2017M01,2294,
N,Nye kjøretøy,19,Elektrisk/nullutslipp,Personbiler,Personbiler,2017M02,2017M02,1864,
N,Nye kjøretøy,19,Elektrisk/nullutslipp,Personbiler,Personbiler,2017M03,2017M03,2834,
N,Nye kjøretøy,19,Elektrisk/nullutslipp,Personbiler,Personbiler,2017M04,2017M04,1688,
N,Nye kjøretøy,19,Elektrisk/nullutslipp,Personbiler,Personbiler,2017M05,2017M05,2177,
N,Nye kjøretøy,19,Elektrisk/nullutslipp,Personbiler,Personbiler,2017M06,2017M06,3948,
N,Nye kjøretøy,19,Elektrisk/nullutslipp,Personbiler,Personbiler,2017M07,2017M07,1824,
N,Nye kjøretøy,19,Elektrisk/nullutslipp,Personbiler,Personbiler,2017M08,2017M08,2784,
N,Nye kjøretøy,19,Elektrisk/nullutslipp,Personbiler,Personbiler,2017M09,2017M09,3855,
N,Nye kjøretøy,19,Elektrisk/nullutslipp,Personbiler,Personbiler,2017M10,2017M10,2664,
N,Nye kjøretøy,19,Elektrisk/nullutslipp,Personbiler,Personbiler,2017M11,2017M11,2704,
N,Nye kjøretøy,19,Elektrisk/nullutslipp,Personbiler,Personbiler,2017M12,2017M12,4437,
N,Nye kjøretøy,19,Elektrisk/nullutslipp,Personbiler,Personbiler,2018M01,2018M01,2128,
N,Nye kjøretøy,19,Elektrisk/nullutslipp,Personbiler,Personbiler,2018M02,2018M02,2199,
N,Nye kjøretøy,19,Elektrisk/nullutslipp,Personbiler,Personbiler,2018M03,2018M03,5364,
N,Nye kjøretøy,19,Elektrisk/nullutslipp,Personbiler,Personbiler,2018M04,2018M04,3562,
N,Nye kjøretøy,19,Elektrisk/nullutslipp,Personbiler,Personbiler,2018M05,2018M05,2910,
N,Nye kjøretøy,19,Elektrisk/nullutslipp,Personbiler,Personbiler,2018M06,2018M06,3972,
N,Nye kjøretøy,19,Elektrisk/nullutslipp,Personbiler,Personbiler,2018M07,2018M07,2292,
N,Nye kjøretøy,19,Elektrisk/nullutslipp,Personbiler,Personbiler,2018M08,2018M08,4157,
N,Nye kjøretøy,19,Elektrisk/nullutslipp,Personbiler,Personbiler,2018M09,2018M09,4809,
N,Nye kjøretøy,19,Elektrisk/nullutslipp,Personbiler,Personbiler,2018M10,2018M10,4502,
N,Nye kjøretøy,19,Elektrisk/nullutslipp,Personbiler,Personbiler,2018M11,2018M11,5090,
N,Nye kjøretøy,19,Elektrisk/nullutslipp,Personbiler,Personbiler,2018M12,2018M12,5144,
N,Nye kjøretøy,19,Elektrisk/nullutslipp,Personbiler,Personbiler,2019M01,2019M01,3390,
N,Nye kjøretøy,19,Elektrisk/nullutslipp,Personbiler,Personbiler,2019M02,2019M02,4505,
N,Nye kjøretøy,19,Elektrisk/nullutslipp,Personbiler,Personbiler,2019M03,2019M03,10726,
N,Nye kjøretøy,19,Elektrisk/nullutslipp,Personbiler,Personbiler,2019M04,2019M04,4457,
N,Nye kjøretøy,19,Elektrisk/nullutslipp,Personbiler,Personbiler,2019M05,2019M05,4652,
N,Nye kjøretøy,19,Elektrisk/nullutslipp,Personbiler,Personbiler,2019M06,2019M06,6839,
N,Nye kjøretøy,19,Elektrisk/nullutslipp,Personbiler,Personbiler,2019M07,2019M07,3284,
N,Nye kjøretøy,19,Elektrisk/nullutslipp,Personbiler,Personbiler,2019M08,2019M08,4652,
N,Nye kjøretøy,19,Elektrisk/nullutslipp,Personbiler,Personbiler,2019M09,2019M09,6053,
N,Nye kjøretøy,19,Elektrisk/nullutslipp,Personbiler,Personbiler,2019M10,2019M10,3726,
N,Nye kjøretøy,19,Elektrisk/nullutslipp,Personbiler,Personbiler,2019M11,2019M11,3696,
N,Nye kjøretøy,19,Elektrisk/nullutslipp,Personbiler,Personbiler,2019M12,2019M12,3422,
N,Nye kjøretøy,19,Elektrisk/nullutslipp,Personbiler,Personbiler,2020M01,2020M01,4227,
N,Nye kjøretøy,19,Elektrisk/nullutslipp,Personbiler,Personbiler,2020M02,2020M02,5142,
N,Nye kjøretøy,19,Elektrisk/nullutslipp,Personbiler,Personbiler,2020M03,2020M03,6962,
N,Nye kjøretøy,19,Elektrisk/nullutslipp,Personbiler,Personbiler,2020M04,2020M04,3665,
N,Nye kjøretøy,19,Elektrisk/nullutslipp,Personbiler,Personbiler,2020M05,2020M05,3443,
N,Nye kjøretøy,19,Elektrisk/nullutslipp,Personbiler,Personbiler,2020M06,2020M06,5026,
N,Nye kjøretøy,19,Elektrisk/nullutslipp,Personbiler,Personbiler,2020M07,2020M07,4404,
N,Nye kjøretøy,19,Elektrisk/nullutslipp,Personbiler,Personbiler,2020M08,2020M08,5702,
N,Nye kjøretøy,19,Elektrisk/nullutslipp,Personbiler,Personbiler,2020M09,2020M09,9560,
N,Nye kjøretøy,19,Elektrisk/nullutslipp,Personbiler,Personbiler,2020M10,2020M10,7873,
N,Nye kjøretøy,19,Elektrisk/nullutslipp,Personbiler,Personbiler,2020M11,2020M11,7032,
N,Nye kjøretøy,19,Elektrisk/nullutslipp,Personbiler,Personbiler,2020M12,2020M12,13717,
N,Nye kjøretøy,19,Elektrisk/nullutslipp,Personbiler,Personbiler,2021M01,2021M01,5460,
N,Nye kjøretøy,19,Elektrisk/nullutslipp,Personbiler,Personbiler,2021M02,2021M02,5074,
N,Nye kjøretøy,19,Elektrisk/nullutslipp,Personbiler,Personbiler,2021M03,2021M03,8623,
N,Nye kjøretøy,19,Elektrisk/nullutslipp,Personbiler,Personbiler,2021M04,2021M04,7228,
N,Nye kjøretøy,19,Elektrisk/nullutslipp,Personbiler,Personbiler,2021M05,2021M05,8499,
N,Nye kjøretøy,19,Elektrisk/nullutslipp,Personbiler,Personbiler,2021M06,2021M06,13182,
N,Nye kjøretøy,19,Elektrisk/nullutslipp,Personbiler,Personbiler,2021M07,2021M07,6724,
N,Nye kjøretøy,19,Elektrisk/nullutslipp,Personbiler,Personbiler,2021M08,2021M08,11809,
N,Nye kjøretøy,19,Elektrisk/nullutslipp,Personbiler,Personbiler,2021M09,2021M09,13949,
N,Nye kjøretøy,19,Elektrisk/nullutslipp,Personbiler,Personbiler,2021M10,2021M10,8114,
N,Nye kjøretøy,19,Elektrisk/nullutslipp,Personbiler,Personbiler,2021M11,2021M11,11273,
N,Nye kjøretøy,19,Elektrisk/nullutslipp,Personbiler,Personbiler,2021M12,2021M12,13803,
N,Nye kjøretøy,19,Elektrisk/nullutslipp,Personbiler,Personbiler,2022M01,2022M01,6659,
N,Nye kjøretøy,19,Elektrisk/nullutslipp,Personbiler,Personbiler,2022M02,2022M02,6160,
N,Nye kjøretøy,19,Elektrisk/nullutslipp,Personbiler,Personbiler,2022M03,2022M03,13979,
N,Nye kjøretøy,19,Elektrisk/nullutslipp,Personbiler,Personbiler,2022M04,2022M04,7203,
N,Nye kjøretøy,19,Elektrisk/nullutslipp,Personbiler,Personbiler,2022M05,2022M05,8446,
N,Nye kjøretøy,19,Elektrisk/nullutslipp,Personbiler,Personbiler,2022M06,2022M06,11721,
N,Nye kjøretøy,19,Elektrisk/nullutslipp,Personbiler,Personbiler,2022M07,2022M07,5123,
N,Nye kjøretøy,19,Elektrisk/nullutslipp,Personbiler,Personbiler,2022M08,2022M08,9247,
N,Nye kjøretøy,19,Elektrisk/nullutslipp,Personbiler,Personbiler,2022M09,2022M09,11377,
N,Nye kjøretøy,19,Elektrisk/nullutslipp,Personbiler,Personbiler,2022M10,2022M10,9726,
N,Nye kjøretøy,19,Elektrisk/nullutslipp,Personbiler,Personbiler,2022M11,2022M11,15915,
N,Nye kjøretøy,19,Elektrisk/nullutslipp,Personbiler,Personbiler,2022M12,2022M12,32714,
N,Nye kjøretøy,19,Elektrisk/nullutslipp,Personbiler,Personbiler,2023M01,2023M01,1237,
N,Nye kjøretøy,19,Elektrisk/nullutslipp,Personbiler,Personbiler,2023M02,2023M02,6183,
N,Nye kjøretøy,19,Elektrisk/nullutslipp,Personbiler,Personbiler,2023M03,2023M03,16812,
N,Nye kjøretøy,19,Elektrisk/nullutslipp,Personbiler,Personbiler,2023M04,2023M04,7471,
N,Nye kjøretøy,19,Elektrisk/nullutslipp,Personbiler,Personbiler,2023M05,2023M05,10772,
N,Nye kjøretøy,19,Elektrisk/nullutslipp,Personbiler,Personbiler,2023M06,2023M06,12802,
N,Nye kjøretøy,19,Elektrisk/nullutslipp,Personbiler,Personbiler,2023M07,2023M07,6148,
N,Nye kjøretøy,19,Elektrisk/nullutslipp,Personbiler,Personbiler,2023M08,2023M08,9251,
N,Nye kjøretøy,19,Elektrisk/nullutslipp,Personbiler,Personbiler,2023M09,2023M09,9000,
N,Nye kjøretøy,19,Elektrisk/nullutslipp,Personbiler,Personbiler,2023M10,2023M10,7516,
N,Nye kjøretøy,19,Elektrisk/nullutslipp,Personbiler,Personbiler,2023M11,2023M11,8442,
N,Nye kjøretøy,19,Elektrisk/nullutslipp,Personbiler,Personbiler,2023M12,2023M12,8958,
N,Nye kjøretøy,19,Elektrisk/nullutslipp,Personbiler,Personbiler,2024M01,2024M01,4717,
N,Nye kjøretøy,19,Elektrisk/nullutslipp,Personbiler,Personbiler,2024M02,2024M02,6647,
N,Nye kjøretøy,19,Elektrisk/nullutslipp,Personbiler,Personbiler,2024M03,2024M03,8708,
N,Nye kjøretøy,19,Elektrisk/nullutslipp,Personbiler,Personbiler,2024M04,2024M04,10050,
N,Nye kjøretøy,19,Elektrisk/nullutslipp,Personbiler,Personbiler,2024M05,2024M05,7893,
N,Nye kjøretøy,19,Elektrisk/nullutslipp,Personbiler,Personbiler,2024M06,2024M06,14009,
N,Nye kjøretøy,19,Elektrisk/nullutslipp,Personbiler,Personbiler,2024M07,2024M07,5935,
N,Nye kjøretøy,19,Elektrisk/nullutslipp,Personbiler,Personbiler,2024M08,2024M08,10446,
N,Nye kjøretøy,19,Elektrisk/nullutslipp,Personbiler,Personbiler,2024M09,2024M09,12495,
N,Nye kjøretøy,19,Elektrisk/nullutslipp,Personbiler,Personbiler,2024M10,2024M10,10862,
N,Nye kjøretøy,19,Elektrisk/nullutslipp,Personbiler,Personbiler,2024M11,2024M11,10939,
N,Nye kjøretøy,19,Elektrisk/nullutslipp,Personbiler,Personbiler,2024M12,2024M12,11667,
N,Nye kjøretøy,19,Elektrisk/nullutslipp,Personbiler,Personbiler,2025M01,2025M01,8954,
N,Nye kjøretøy,19,Elektrisk/nullutslipp,Personbiler,Personbiler,2025M02,2025M02,8360,
N,Nye kjøretøy,19,Elektrisk/nullutslipp,Personbiler,Personbiler,2025M03,2025M03,11092,
N,Nye kjøretøy,19,Elektrisk/nullutslipp,Personbiler,Personbiler,2025M04,2025M04,10752,
N,Nye kjøretøy,19,Elektrisk/nullutslipp,Personbiler,Personbiler,2025M05,2025M05,12991,
N,Nye kjøretøy,19,Elektrisk/nullutslipp,Personbiler,Personbiler,2025M06,2025M06,17676,
N,Nye kjøretøy,19,Elektrisk/nullutslipp,Personbiler,Personbiler,2025M07,2025M07,9278,
N,Nye kjøretøy,19,Elektrisk/nullutslipp,Personbiler,Personbiler,2025M08,2025M08,12092,
N,Nye kjøretøy,19,Elektrisk/nullutslipp,Personbiler,Personbiler,2025M09,2025M09,13818,
N,Nye kjøretøy,19,Elektrisk/nullutslipp,Personbiler,Personbiler,2025M10,2025M10,10828,
N,Nye kjøretøy,19,Elektrisk/nullutslipp,Personbiler,Personbiler,2025M11,2025M11,19417,
N,Nye kjøretøy,19,Elektrisk/nullutslipp,Personbiler,Personbiler,2025M12,2025M12,34311,
N,Nye kjøretøy,19,Elektrisk/nullutslipp,Personbiler,Personbiler,2026M01,2026M01,2083,
N,Nye kjøretøy,19,Elektrisk/nullutslipp,Personbiler,Personbiler,2026M02,2026M02,7118,
N,Nye kjøretøy,19,Elektrisk/nullutslipp,Personbiler,Personbiler,2026M03,2026M03,17344,
N,Nye kjøretøy,19,Elektrisk/nullutslipp,Personbiler,Personbiler,2026M04,2026M04,10943,
N,Nye kjøretøy,19,Elektrisk/nullutslipp,Personbiler,Personbiler,2026M05,2026M05,15022,
N,Nye kjøretøy,19,Elektrisk/nullutslipp,Personbiler,Personbiler,2026M06,2026M06,18674,
N,Nye kjøretøy,19,Elektrisk/nullutslipp,Personbiler,Personbiler,2026M07,2026M07,9325,
N,Nye kjøretøy,19,Elektrisk/nullutslipp,VareCampBiler,Vare- og campingbiler,1995M01,1995M01,0,
N,Nye kjøretøy,19,Elektrisk/nullutslipp,VareCampBiler,Vare- og campingbiler,1995M02,1995M02,0,
N,Nye kjøretøy,19,Elektrisk/nullutslipp,VareCampBiler,Vare- og campingbiler,1995M03,1995M03,0,
N,Nye kjøretøy,19,Elektrisk/nullutslipp,VareCampBiler,Vare- og campingbiler,1995M04,1995M04,0,
N,Nye kjøretøy,19,Elektrisk/nullutslipp,VareCampBiler,Vare- og campingbiler,1995M05,1995M05,0,
N,Nye kjøretøy,19,Elektrisk/nullutslipp,VareCampBiler,Vare- og campingbiler,1995M06,1995M06,0,
N,Nye kjøretøy,19,Elektrisk/nullutslipp,VareCampBiler,Vare- og campingbiler,1995M07,1995M07,0,
N,Nye kjøretøy,19,Elektrisk/nullutslipp,VareCampBiler,Vare- og campingbiler,1995M08,1995M08,0,
N,Nye kjøretøy,19,Elektrisk/nullutslipp,VareCampBiler,Vare- og campingbiler,1995M09,1995M09,0,
N,Nye kjøretøy,19,Elektrisk/nullutslipp,VareCampBiler,Vare- og campingbiler,1995M10,1995M10,0,
N,Nye kjøretøy,19,Elektrisk/nullutslipp,VareCampBiler,Vare- og campingbiler,1995M11,1995M11,0,
N,Nye kjøretøy,19,Elektrisk/nullutslipp,VareCampBiler,Vare- og campingbiler,1995M12,1995M12,0,
N,Nye kjøretøy,19,Elektrisk/nullutslipp,VareCampBiler,Vare- og campingbiler,1996M01,1996M01,0,
N,Nye kjøretøy,19,Elektrisk/nullutslipp,VareCampBiler,Vare- og campingbiler,1996M02,1996M02,0,
N,Nye kjøretøy,19,Elektrisk/nullutslipp,VareCampBiler,Vare- og campingbiler,1996M03,1996M03,0,
N,Nye kjøretøy,19,Elektrisk/nullutslipp,VareCampBiler,Vare- og campingbiler,1996M04,1996M04,0,
N,Nye kjøretøy,19,Elektrisk/nullutslipp,VareCampBiler,Vare- og campingbiler,1996M05,1996M05,0,
N,Nye kjøretøy,19,Elektrisk/nullutslipp,VareCampBiler,Vare- og campingbiler,1996M06,1996M06,0,
N,Nye kjøretøy,19,Elektrisk/nullutslipp,VareCampBiler,Vare- og campingbiler,1996M07,1996M07,0,
N,Nye kjøretøy,19,Elektrisk/nullutslipp,VareCampBiler,Vare- og campingbiler,1996M08,1996M08,0,
N,Nye kjøretøy,19,Elektrisk/nullutslipp,VareCampBiler,Vare- og campingbiler,1996M09,1996M09,0,
N,Nye kjøretøy,19,Elektrisk/nullutslipp,VareCampBiler,Vare- og campingbiler,1996M10,1996M10,0,
N,Nye kjøretøy,19,Elektrisk/nullutslipp,VareCampBiler,Vare- og campingbiler,1996M11,1996M11,0,
N,Nye kjøretøy,19,Elektrisk/nullutslipp,VareCampBiler,Vare- og campingbiler,1996M12,1996M12,0,
N,Nye kjøretøy,19,Elektrisk/nullutslipp,VareCampBiler,Vare- og campingbiler,1997M01,1997M01,1,
N,Nye kjøretøy,19,Elektrisk/nullutslipp,VareCampBiler,Vare- og campingbiler,1997M02,1997M02,0,
N,Nye kjøretøy,19,Elektrisk/nullutslipp,VareCampBiler,Vare- og campingbiler,1997M03,1997M03,0,
N,Nye kjøretøy,19,Elektrisk/nullutslipp,VareCampBiler,Vare- og campingbiler,1997M04,1997M04,0,
N,Nye kjøretøy,19,Elektrisk/nullutslipp,VareCampBiler,Vare- og campingbiler,1997M05,1997M05,0,
N,Nye kjøretøy,19,Elektrisk/nullutslipp,VareCampBiler,Vare- og campingbiler,1997M06,1997M06,0,
N,Nye kjøretøy,19,Elektrisk/nullutslipp,VareCampBiler,Vare- og campingbiler,1997M07,1997M07,0,
N,Nye kjøretøy,19,Elektrisk/nullutslipp,VareCampBiler,Vare- og campingbiler,1997M08,1997M08,0,
N,Nye kjøretøy,19,Elektrisk/nullutslipp,VareCampBiler,Vare- og campingbiler,1997M09,1997M09,0,
N,Nye kjøretøy,19,Elektrisk/nullutslipp,VareCampBiler,Vare- og campingbiler,1997M10,1997M10,0,
N,Nye kjøretøy,19,Elektrisk/nullutslipp,VareCampBiler,Vare- og campingbiler,1997M11,1997M11,0,
N,Nye kjøretøy,19,Elektrisk/nullutslipp,VareCampBiler,Vare- og campingbiler,1997M12,1997M12,3,
N,Nye kjøretøy,19,Elektrisk/nullutslipp,VareCampBiler,Vare- og campingbiler,1998M01,1998M01,0,
N,Nye kjøretøy,19,Elektrisk/nullutslipp,VareCampBiler,Vare- og campingbiler,1998M02,1998M02,0,
N,Nye kjøretøy,19,Elektrisk/nullutslipp,VareCampBiler,Vare- og campingbiler,1998M03,1998M03,0,
N,Nye kjøretøy,19,Elektrisk/nullutslipp,VareCampBiler,Vare- og campingbiler,1998M04,1998M04,0,
N,Nye kjøretøy,19,Elektrisk/nullutslipp,VareCampBiler,Vare- og campingbiler,1998M05,1998M05,0,
N,Nye kjøretøy,19,Elektrisk/nullutslipp,VareCampBiler,Vare- og campingbiler,1998M06,1998M06,0,
N,Nye kjøretøy,19,Elektrisk/nullutslipp,VareCampBiler,Vare- og campingbiler,1998M07,1998M07,0,
N,Nye kjøretøy,19,Elektrisk/nullutslipp,VareCampBiler,Vare- og campingbiler,1998M08,1998M08,0,
N,Nye kjøretøy,19,Elektrisk/nullutslipp,VareCampBiler,Vare- og campingbiler,1998M09,1998M09,1,
N,Nye kjøretøy,19,Elektrisk/nullutslipp,VareCampBiler,Vare- og campingbiler,1998M10,1998M10,0,
N,Nye kjøretøy,19,Elektrisk/nullutslipp,VareCampBiler,Vare- og campingbiler,1998M11,1998M11,0,
N,Nye kjøretøy,19,Elektrisk/nullutslipp,VareCampBiler,Vare- og campingbiler,1998M12,1998M12,0,
N,Nye kjøretøy,19,Elektrisk/nullutslipp,VareCampBiler,Vare- og campingbiler,1999M01,1999M01,2,
N,Nye kjøretøy,19,Elektrisk/nullutslipp,VareCampBiler,Vare- og campingbiler,1999M02,1999M02,5,
N,Nye kjøretøy,19,Elektrisk/nullutslipp,VareCampBiler,Vare- og campingbiler,1999M03,1999M03,11,
N,Nye kjøretøy,19,Elektrisk/nullutslipp,VareCampBiler,Vare- og campingbiler,1999M04,1999M04,0,
N,Nye kjøretøy,19,Elektrisk/nullutslipp,VareCampBiler,Vare- og campingbiler,1999M05,1999M05,9,
N,Nye kjøretøy,19,Elektrisk/nullutslipp,VareCampBiler,Vare- og campingbiler,1999M06,1999M06,3,
N,Nye kjøretøy,19,Elektrisk/nullutslipp,VareCampBiler,Vare- og campingbiler,1999M07,1999M07,0,
N,Nye kjøretøy,19,Elektrisk/nullutslipp,VareCampBiler,Vare- og campingbiler,1999M08,1999M08,1,
N,Nye kjøretøy,19,Elektrisk/nullutslipp,VareCampBiler,Vare- og campingbiler,1999M09,1999M09,0,
N,Nye kjøretøy,19,Elektrisk/nullutslipp,VareCampBiler,Vare- og campingbiler,1999M10,1999M10,1,
N,Nye kjøretøy,19,Elektrisk/nullutslipp,VareCampBiler,Vare- og campingbiler,1999M11,1999M11,1,
N,Nye kjøretøy,19,Elektrisk/nullutslipp,VareCampBiler,Vare- og campingbiler,1999M12,1999M12,1,
N,Nye kjøretøy,19,Elektrisk/nullutslipp,VareCampBiler,Vare- og campingbiler,2000M01,2000M01,0,
N,Nye kjøretøy,19,Elektrisk/nullutslipp,VareCampBiler,Vare- og campingbiler,2000M02,2000M02,0,
N,Nye kjøretøy,19,Elektrisk/nullutslipp,VareCampBiler,Vare- og campingbiler,2000M03,2000M03,3,
N,Nye kjøretøy,19,Elektrisk/nullutslipp,VareCampBiler,Vare- og campingbiler,2000M04,2000M04,1,
N,Nye kjøretøy,19,Elektrisk/nullutslipp,VareCampBiler,Vare- og campingbiler,2000M05,2000M05,2,
N,Nye kjøretøy,19,Elektrisk/nullutslipp,VareCampBiler,Vare- og campingbiler,2000M06,2000M06,0,
N,Nye kjøretøy,19,Elektrisk/nullutslipp,VareCampBiler,Vare- og campingbiler,2000M07,2000M07,0,
N,Nye kjøretøy,19,Elektrisk/nullutslipp,VareCampBiler,Vare- og campingbiler,2000M08,2000M08,1,
N,Nye kjøretøy,19,Elektrisk/nullutslipp,VareCampBiler,Vare- og campingbiler,2000M09,2000M09,5,
N,Nye kjøretøy,19,Elektrisk/nullutslipp,VareCampBiler,Vare- og campingbiler,2000M10,2000M10,4,
N,Nye kjøretøy,19,Elektrisk/nullutslipp,VareCampBiler,Vare- og campingbiler,2000M11,2000M11,2,
N,Nye kjøretøy,19,Elektrisk/nullutslipp,VareCampBiler,Vare- og campingbiler,2000M12,2000M12,1,
N,Nye kjøretøy,19,Elektrisk/nullutslipp,VareCampBiler,Vare- og campingbiler,2001M01,2001M01,0,
N,Nye kjøretøy,19,Elektrisk/nullutslipp,VareCampBiler,Vare- og campingbiler,2001M02,2001M02,0,
N,Nye kjøretøy,19,Elektrisk/nullutslipp,VareCampBiler,Vare- og campingbiler,2001M03,2001M03,0,
N,Nye kjøretøy,19,Elektrisk/nullutslipp,VareCampBiler,Vare- og campingbiler,2001M04,2001M04,0,
N,Nye kjøretøy,19,Elektrisk/nullutslipp,VareCampBiler,Vare- og campingbiler,2001M05,2001M05,0,
N,Nye kjøretøy,19,Elektrisk/nullutslipp,VareCampBiler,Vare- og campingbiler,2001M06,2001M06,0,
N,Nye kjøretøy,19,Elektrisk/nullutslipp,VareCampBiler,Vare- og campingbiler,2001M07,2001M07,0,
N,Nye kjøretøy,19,Elektrisk/nullutslipp,VareCampBiler,Vare- og campingbiler,2001M08,2001M08,0,
N,Nye kjøretøy,19,Elektrisk/nullutslipp,VareCampBiler,Vare- og campingbiler,2001M09,2001M09,0,
N,Nye kjøretøy,19,Elektrisk/nullutslipp,VareCampBiler,Vare- og campingbiler,2001M10,2001M10,0,
N,Nye kjøretøy,19,Elektrisk/nullutslipp,VareCampBiler,Vare- og campingbiler,2001M11,2001M11,0,
N,Nye kjøretøy,19,Elektrisk/nullutslipp,VareCampBiler,Vare- og campingbiler,2001M12,2001M12,0,
N,Nye kjøretøy,19,Elektrisk/nullutslipp,VareCampBiler,Vare- og campingbiler,2002M01,2002M01,0,
N,Nye kjøretøy,19,Elektrisk/nullutslipp,VareCampBiler,Vare- og campingbiler,2002M02,2002M02,1,
N,Nye kjøretøy,19,Elektrisk/nullutslipp,VareCampBiler,Vare- og campingbiler,2002M03,2002M03,0,
N,Nye kjøretøy,19,Elektrisk/nullutslipp,VareCampBiler,Vare- og campingbiler,2002M04,2002M04,0,
N,Nye kjøretøy,19,Elektrisk/nullutslipp,VareCampBiler,Vare- og campingbiler,2002M05,2002M05,3,
N,Nye kjøretøy,19,Elektrisk/nullutslipp,VareCampBiler,Vare- og campingbiler,2002M06,2002M06,0,
N,Nye kjøretøy,19,Elektrisk/nullutslipp,VareCampBiler,Vare- og campingbiler,2002M07,2002M07,0,
N,Nye kjøretøy,19,Elektrisk/nullutslipp,VareCampBiler,Vare- og campingbiler,2002M08,2002M08,3,
N,Nye kjøretøy,19,Elektrisk/nullutslipp,VareCampBiler,Vare- og campingbiler,2002M09,2002M09,0,
N,Nye kjøretøy,19,Elektrisk/nullutslipp,VareCampBiler,Vare- og campingbiler,2002M10,2002M10,0,
N,Nye kjøretøy,19,Elektrisk/nullutslipp,VareCampBiler,Vare- og campingbiler,2002M11,2002M11,0,
N,Nye kjøretøy,19,Elektrisk/nullutslipp,VareCampBiler,Vare- og campingbiler,2002M12,2002M12,0,
N,Nye kjøretøy,19,Elektrisk/nullutslipp,VareCampBiler,Vare- og campingbiler,2003M01,2003M01,0,
N,Nye kjøretøy,19,Elektrisk/nullutslipp,VareCampBiler,Vare- og campingbiler,2003M02,2003M02,0,
N,Nye kjøretøy,19,Elektrisk/nullutslipp,VareCampBiler,Vare- og campingbiler,2003M03,2003M03,0,
N,Nye kjøretøy,19,Elektrisk/nullutslipp,VareCampBiler,Vare- og campingbiler,2003M04,2003M04,0,
N,Nye kjøretøy,19,Elektrisk/nullutslipp,VareCampBiler,Vare- og campingbiler,2003M05,2003M05,0,
N,Nye kjøretøy,19,Elektrisk/nullutslipp,VareCampBiler,Vare- og campingbiler,2003M06,2003M06,0,
N,Nye kjøretøy,19,Elektrisk/nullutslipp,VareCampBiler,Vare- og campingbiler,2003M07,2003M07,0,
N,Nye kjøretøy,19,Elektrisk/nullutslipp,VareCampBiler,Vare- og campingbiler,2003M08,2003M08,0,
N,Nye kjøretøy,19,Elektrisk/nullutslipp,VareCampBiler,Vare- og campingbiler,2003M09,2003M09,0,
N,Nye kjøretøy,19,Elektrisk/nullutslipp,VareCampBiler,Vare- og campingbiler,2003M10,2003M10,0,
N,Nye kjøretøy,19,Elektrisk/nullutslipp,VareCampBiler,Vare- og campingbiler,2003M11,2003M11,0,
N,Nye kjøretøy,19,Elektrisk/nullutslipp,VareCampBiler,Vare- og campingbiler,2003M12,2003M12,0,
N,Nye kjøretøy,19,Elektrisk/nullutslipp,VareCampBiler,Vare- og campingbiler,2004M01,2004M01,1,
N,Nye kjøretøy,19,Elektrisk/nullutslipp,VareCampBiler,Vare- og campingbiler,2004M02,2004M02,0,
N,Nye kjøretøy,19,Elektrisk/nullutslipp,VareCampBiler,Vare- og campingbiler,2004M03,2004M03,0,
N,Nye kjøretøy,19,Elektrisk/nullutslipp,VareCampBiler,Vare- og campingbiler,2004M04,2004M04,1,
N,Nye kjøretøy,19,Elektrisk/nullutslipp,VareCampBiler,Vare- og campingbiler,2004M05,2004M05,0,
N,Nye kjøretøy,19,Elektrisk/nullutslipp,VareCampBiler,Vare- og campingbiler,2004M06,2004M06,0,
N,Nye kjøretøy,19,Elektrisk/nullutslipp,VareCampBiler,Vare- og campingbiler,2004M07,2004M07,1,
N,Nye kjøretøy,19,Elektrisk/nullutslipp,VareCampBiler,Vare- og campingbiler,2004M08,2004M08,0,
N,Nye kjøretøy,19,Elektrisk/nullutslipp,VareCampBiler,Vare- og campingbiler,2004M09,2004M09,0,
N,Nye kjøretøy,19,Elektrisk/nullutslipp,VareCampBiler,Vare- og campingbiler,2004M10,2004M10,0,
N,Nye kjøretøy,19,Elektrisk/nullutslipp,VareCampBiler,Vare- og campingbiler,2004M11,2004M11,0,
N,Nye kjøretøy,19,Elektrisk/nullutslipp,VareCampBiler,Vare- og campingbiler,2004M12,2004M12,0,
N,Nye kjøretøy,19,Elektrisk/nullutslipp,VareCampBiler,Vare- og campingbiler,2005M01,2005M01,0,
N,Nye kjøretøy,19,Elektrisk/nullutslipp,VareCampBiler,Vare- og campingbiler,2005M02,2005M02,0,
N,Nye kjøretøy,19,Elektrisk/nullutslipp,VareCampBiler,Vare- og campingbiler,2005M03,2005M03,0,
N,Nye kjøretøy,19,Elektrisk/nullutslipp,VareCampBiler,Vare- og campingbiler,2005M04,2005M04,0,
N,Nye kjøretøy,19,Elektrisk/nullutslipp,VareCampBiler,Vare- og campingbiler,2005M05,2005M05,0,
N,Nye kjøretøy,19,Elektrisk/nullutslipp,VareCampBiler,Vare- og campingbiler,2005M06,2005M06,0,
N,Nye kjøretøy,19,Elektrisk/nullutslipp,VareCampBiler,Vare- og campingbiler,2005M07,2005M07,0,
N,Nye kjøretøy,19,Elektrisk/nullutslipp,VareCampBiler,Vare- og campingbiler,2005M08,2005M08,0,
N,Nye kjøretøy,19,Elektrisk/nullutslipp,VareCampBiler,Vare- og campingbiler,2005M09,2005M09,0,
N,Nye kjøretøy,19,Elektrisk/nullutslipp,VareCampBiler,Vare- og campingbiler,2005M10,2005M10,0,
N,Nye kjøretøy,19,Elektrisk/nullutslipp,VareCampBiler,Vare- og campingbiler,2005M11,2005M11,0,
N,Nye kjøretøy,19,Elektrisk/nullutslipp,VareCampBiler,Vare- og campingbiler,2005M12,2005M12,0,
N,Nye kjøretøy,19,Elektrisk/nullutslipp,VareCampBiler,Vare- og campingbiler,2006M01,2006M01,0,
N,Nye kjøretøy,19,Elektrisk/nullutslipp,VareCampBiler,Vare- og campingbiler,2006M02,2006M02,0,
N,Nye kjøretøy,19,Elektrisk/nullutslipp,VareCampBiler,Vare- og campingbiler,2006M03,2006M03,0,
N,Nye kjøretøy,19,Elektrisk/nullutslipp,VareCampBiler,Vare- og campingbiler,2006M04,2006M04,0,
N,Nye kjøretøy,19,Elektrisk/nullutslipp,VareCampBiler,Vare- og campingbiler,2006M05,2006M05,0,
N,Nye kjøretøy,19,Elektrisk/nullutslipp,VareCampBiler,Vare- og campingbiler,2006M06,2006M06,0,
N,Nye kjøretøy,19,Elektrisk/nullutslipp,VareCampBiler,Vare- og campingbiler,2006M07,2006M07,0,
N,Nye kjøretøy,19,Elektrisk/nullutslipp,VareCampBiler,Vare- og campingbiler,2006M08,2006M08,0,
N,Nye kjøretøy,19,Elektrisk/nullutslipp,VareCampBiler,Vare- og campingbiler,2006M09,2006M09,0,
N,Nye kjøretøy,19,Elektrisk/nullutslipp,VareCampBiler,Vare- og campingbiler,2006M10,2006M10,0,
N,Nye kjøretøy,19,Elektrisk/nullutslipp,VareCampBiler,Vare- og campingbiler,2006M11,2006M11,0,
N,Nye kjøretøy,19,Elektrisk/nullutslipp,VareCampBiler,Vare- og campingbiler,2006M12,2006M12,0,
N,Nye kjøretøy,19,Elektrisk/nullutslipp,VareCampBiler,Vare- og campingbiler,2007M01,2007M01,0,
N,Nye kjøretøy,19,Elektrisk/nullutslipp,VareCampBiler,Vare- og campingbiler,2007M02,2007M02,0,
N,Nye kjøretøy,19,Elektrisk/nullutslipp,VareCampBiler,Vare- og campingbiler,2007M03,2007M03,0,
N,Nye kjøretøy,19,Elektrisk/nullutslipp,VareCampBiler,Vare- og campingbiler,2007M04,2007M04,0,
N,Nye kjøretøy,19,Elektrisk/nullutslipp,VareCampBiler,Vare- og campingbiler,2007M05,2007M05,0,
N,Nye kjøretøy,19,Elektrisk/nullutslipp,VareCampBiler,Vare- og campingbiler,2007M06,2007M06,0,
N,Nye kjøretøy,19,Elektrisk/nullutslipp,VareCampBiler,Vare- og campingbiler,2007M07,2007M07,0,
N,Nye kjøretøy,19,Elektrisk/nullutslipp,VareCampBiler,Vare- og campingbiler,2007M08,2007M08,0,
N,Nye kjøretøy,19,Elektrisk/nullutslipp,VareCampBiler,Vare- og campingbiler,2007M09,2007M09,0,
N,Nye kjøretøy,19,Elektrisk/nullutslipp,VareCampBiler,Vare- og campingbiler,2007M10,2007M10,0,
N,Nye kjøretøy,19,Elektrisk/nullutslipp,VareCampBiler,Vare- og campingbiler,2007M11,2007M11,0,
N,Nye kjøretøy,19,Elektrisk/nullutslipp,VareCampBiler,Vare- og campingbiler,2007M12,2007M12,0,
N,Nye kjøretøy,19,Elektrisk/nullutslipp,VareCampBiler,Vare- og campingbiler,2008M01,2008M01,0,
N,Nye kjøretøy,19,Elektrisk/nullutslipp,VareCampBiler,Vare- og campingbiler,2008M02,2008M02,0,
N,Nye kjøretøy,19,Elektrisk/nullutslipp,VareCampBiler,Vare- og campingbiler,2008M03,2008M03,0,
N,Nye kjøretøy,19,Elektrisk/nullutslipp,VareCampBiler,Vare- og campingbiler,2008M04,2008M04,0,
N,Nye kjøretøy,19,Elektrisk/nullutslipp,VareCampBiler,Vare- og campingbiler,2008M05,2008M05,0,
N,Nye kjøretøy,19,Elektrisk/nullutslipp,VareCampBiler,Vare- og campingbiler,2008M06,2008M06,0,
N,Nye kjøretøy,19,Elektrisk/nullutslipp,VareCampBiler,Vare- og campingbiler,2008M07,2008M07,0,
N,Nye kjøretøy,19,Elektrisk/nullutslipp,VareCampBiler,Vare- og campingbiler,2008M08,2008M08,0,
N,Nye kjøretøy,19,Elektrisk/nullutslipp,VareCampBiler,Vare- og campingbiler,2008M09,2008M09,0,
N,Nye kjøretøy,19,Elektrisk/nullutslipp,VareCampBiler,Vare- og campingbiler,2008M10,2008M10,0,
N,Nye kjøretøy,19,Elektrisk/nullutslipp,VareCampBiler,Vare- og campingbiler,2008M11,2008M11,0,
N,Nye kjøretøy,19,Elektrisk/nullutslipp,VareCampBiler,Vare- og campingbiler,2008M12,2008M12,0,
N,Nye kjøretøy,19,Elektrisk/nullutslipp,VareCampBiler,Vare- og campingbiler,2009M01,2009M01,0,
N,Nye kjøretøy,19,Elektrisk/nullutslipp,VareCampBiler,Vare- og campingbiler,2009M02,2009M02,0,
N,Nye kjøretøy,19,Elektrisk/nullutslipp,VareCampBiler,Vare- og campingbiler,2009M03,2009M03,0,
N,Nye kjøretøy,19,Elektrisk/nullutslipp,VareCampBiler,Vare- og campingbiler,2009M04,2009M04,0,
N,Nye kjøretøy,19,Elektrisk/nullutslipp,VareCampBiler,Vare- og campingbiler,2009M05,2009M05,0,
N,Nye kjøretøy,19,Elektrisk/nullutslipp,VareCampBiler,Vare- og campingbiler,2009M06,2009M06,4,
N,Nye kjøretøy,19,Elektrisk/nullutslipp,VareCampBiler,Vare- og campingbiler,2009M07,2009M07,0,
N,Nye kjøretøy,19,Elektrisk/nullutslipp,VareCampBiler,Vare- og campingbiler,2009M08,2009M08,0,
N,Nye kjøretøy,19,Elektrisk/nullutslipp,VareCampBiler,Vare- og campingbiler,2009M09,2009M09,0,
N,Nye kjøretøy,19,Elektrisk/nullutslipp,VareCampBiler,Vare- og campingbiler,2009M10,2009M10,1,
N,Nye kjøretøy,19,Elektrisk/nullutslipp,VareCampBiler,Vare- og campingbiler,2009M11,2009M11,3,
N,Nye kjøretøy,19,Elektrisk/nullutslipp,VareCampBiler,Vare- og campingbiler,2009M12,2009M12,0,
N,Nye kjøretøy,19,Elektrisk/nullutslipp,VareCampBiler,Vare- og campingbiler,2010M01,2010M01,1,
N,Nye kjøretøy,19,Elektrisk/nullutslipp,VareCampBiler,Vare- og campingbiler,2010M02,2010M02,0,
N,Nye kjøretøy,19,Elektrisk/nullutslipp,VareCampBiler,Vare- og campingbiler,2010M03,2010M03,0,
N,Nye kjøretøy,19,Elektrisk/nullutslipp,VareCampBiler,Vare- og campingbiler,2010M04,2010M04,0,
N,Nye kjøretøy,19,Elektrisk/nullutslipp,VareCampBiler,Vare- og campingbiler,2010M05,2010M05,0,
N,Nye kjøretøy,19,Elektrisk/nullutslipp,VareCampBiler,Vare- og campingbiler,2010M06,2010M06,0,
N,Nye kjøretøy,19,Elektrisk/nullutslipp,VareCampBiler,Vare- og campingbiler,2010M07,2010M07,0,
N,Nye kjøretøy,19,Elektrisk/nullutslipp,VareCampBiler,Vare- og campingbiler,2010M08,2010M08,0,
N,Nye kjøretøy,19,Elektrisk/nullutslipp,VareCampBiler,Vare- og campingbiler,2010M09,2010M09,0,
N,Nye kjøretøy,19,Elektrisk/nullutslipp,VareCampBiler,Vare- og campingbiler,2010M10,2010M10,0,
N,Nye kjøretøy,19,Elektrisk/nullutslipp,VareCampBiler,Vare- og campingbiler,2010M11,2010M11,0,
N,Nye kjøretøy,19,Elektrisk/nullutslipp,VareCampBiler,Vare- og campingbiler,2010M12,2010M12,0,
N,Nye kjøretøy,19,Elektrisk/nullutslipp,VareCampBiler,Vare- og campingbiler,2011M01,2011M01,0,
N,Nye kjøretøy,19,Elektrisk/nullutslipp,VareCampBiler,Vare- og campingbiler,2011M02,2011M02,1,
N,Nye kjøretøy,19,Elektrisk/nullutslipp,VareCampBiler,Vare- og campingbiler,2011M03,2011M03,0,
N,Nye kjøretøy,19,Elektrisk/nullutslipp,VareCampBiler,Vare- og campingbiler,2011M04,2011M04,0,
N,Nye kjøretøy,19,Elektrisk/nullutslipp,VareCampBiler,Vare- og campingbiler,2011M05,2011M05,0,
N,Nye kjøretøy,19,Elektrisk/nullutslipp,VareCampBiler,Vare- og campingbiler,2011M06,2011M06,0,
N,Nye kjøretøy,19,Elektrisk/nullutslipp,VareCampBiler,Vare- og campingbiler,2011M07,2011M07,0,
N,Nye kjøretøy,19,Elektrisk/nullutslipp,VareCampBiler,Vare- og campingbiler,2011M08,2011M08,29,
N,Nye kjøretøy,19,Elektrisk/nullutslipp,VareCampBiler,Vare- og campingbiler,2011M09,2011M09,4,
N,Nye kjøretøy,19,Elektrisk/nullutslipp,VareCampBiler,Vare- og campingbiler,2011M10,2011M10,3,
N,Nye kjøretøy,19,Elektrisk/nullutslipp,VareCampBiler,Vare- og campingbiler,2011M11,2011M11,3,
N,Nye kjøretøy,19,Elektrisk/nullutslipp,VareCampBiler,Vare- og campingbiler,2011M12,2011M12,2,
N,Nye kjøretøy,19,Elektrisk/nullutslipp,VareCampBiler,Vare- og campingbiler,2012M01,2012M01,3,
N,Nye kjøretøy,19,Elektrisk/nullutslipp,VareCampBiler,Vare- og campingbiler,2012M02,2012M02,2,
N,Nye kjøretøy,19,Elektrisk/nullutslipp,VareCampBiler,Vare- og campingbiler,2012M03,2012M03,1,
N,Nye kjøretøy,19,Elektrisk/nullutslipp,VareCampBiler,Vare- og campingbiler,2012M04,2012M04,1,
N,Nye kjøretøy,19,Elektrisk/nullutslipp,VareCampBiler,Vare- og campingbiler,2012M05,2012M05,2,
N,Nye kjøretøy,19,Elektrisk/nullutslipp,VareCampBiler,Vare- og campingbiler,2012M06,2012M06,4,
N,Nye kjøretøy,19,Elektrisk/nullutslipp,VareCampBiler,Vare- og campingbiler,2012M07,2012M07,0,
N,Nye kjøretøy,19,Elektrisk/nullutslipp,VareCampBiler,Vare- og campingbiler,2012M08,2012M08,2,
N,Nye kjøretøy,19,Elektrisk/nullutslipp,VareCampBiler,Vare- og campingbiler,2012M09,2012M09,2,
N,Nye kjøretøy,19,Elektrisk/nullutslipp,VareCampBiler,Vare- og campingbiler,2012M10,2012M10,4,
N,Nye kjøretøy,19,Elektrisk/nullutslipp,VareCampBiler,Vare- og campingbiler,2012M11,2012M11,6,
N,Nye kjøretøy,19,Elektrisk/nullutslipp,VareCampBiler,Vare- og campingbiler,2012M12,2012M12,32,
N,Nye kjøretøy,19,Elektrisk/nullutslipp,VareCampBiler,Vare- og campingbiler,2013M01,2013M01,92,
N,Nye kjøretøy,19,Elektrisk/nullutslipp,VareCampBiler,Vare- og campingbiler,2013M02,2013M02,27,
N,Nye kjøretøy,19,Elektrisk/nullutslipp,VareCampBiler,Vare- og campingbiler,2013M03,2013M03,7,
N,Nye kjøretøy,19,Elektrisk/nullutslipp,VareCampBiler,Vare- og campingbiler,2013M04,2013M04,11,
N,Nye kjøretøy,19,Elektrisk/nullutslipp,VareCampBiler,Vare- og campingbiler,2013M05,2013M05,5,
N,Nye kjøretøy,19,Elektrisk/nullutslipp,VareCampBiler,Vare- og campingbiler,2013M06,2013M06,3,
N,Nye kjøretøy,19,Elektrisk/nullutslipp,VareCampBiler,Vare- og campingbiler,2013M07,2013M07,2,
N,Nye kjøretøy,19,Elektrisk/nullutslipp,VareCampBiler,Vare- og campingbiler,2013M08,2013M08,2,
N,Nye kjøretøy,19,Elektrisk/nullutslipp,VareCampBiler,Vare- og campingbiler,2013M09,2013M09,2,
N,Nye kjøretøy,19,Elektrisk/nullutslipp,VareCampBiler,Vare- og campingbiler,2013M10,2013M10,7,
N,Nye kjøretøy,19,Elektrisk/nullutslipp,VareCampBiler,Vare- og campingbiler,2013M11,2013M11,7,
N,Nye kjøretøy,19,Elektrisk/nullutslipp,VareCampBiler,Vare- og campingbiler,2013M12,2013M12,174,
N,Nye kjøretøy,19,Elektrisk/nullutslipp,VareCampBiler,Vare- og campingbiler,2014M01,2014M01,39,
N,Nye kjøretøy,19,Elektrisk/nullutslipp,VareCampBiler,Vare- og campingbiler,2014M02,2014M02,42,
N,Nye kjøretøy,19,Elektrisk/nullutslipp,VareCampBiler,Vare- og campingbiler,2014M03,2014M03,35,
N,Nye kjøretøy,19,Elektrisk/nullutslipp,VareCampBiler,Vare- og campingbiler,2014M04,2014M04,28,
N,Nye kjøretøy,19,Elektrisk/nullutslipp,VareCampBiler,Vare- og campingbiler,2014M05,2014M05,33,
N,Nye kjøretøy,19,Elektrisk/nullutslipp,VareCampBiler,Vare- og campingbiler,2014M06,2014M06,24,
N,Nye kjøretøy,19,Elektrisk/nullutslipp,VareCampBiler,Vare- og campingbiler,2014M07,2014M07,20,
N,Nye kjøretøy,19,Elektrisk/nullutslipp,VareCampBiler,Vare- og campingbiler,2014M08,2014M08,38,
N,Nye kjøretøy,19,Elektrisk/nullutslipp,VareCampBiler,Vare- og campingbiler,2014M09,2014M09,67,
N,Nye kjøretøy,19,Elektrisk/nullutslipp,VareCampBiler,Vare- og campingbiler,2014M10,2014M10,56,
N,Nye kjøretøy,19,Elektrisk/nullutslipp,VareCampBiler,Vare- og campingbiler,2014M11,2014M11,58,
N,Nye kjøretøy,19,Elektrisk/nullutslipp,VareCampBiler,Vare- og campingbiler,2014M12,2014M12,115,
N,Nye kjøretøy,19,Elektrisk/nullutslipp,VareCampBiler,Vare- og campingbiler,2015M01,2015M01,38,
N,Nye kjøretøy,19,Elektrisk/nullutslipp,VareCampBiler,Vare- og campingbiler,2015M02,2015M02,30,
N,Nye kjøretøy,19,Elektrisk/nullutslipp,VareCampBiler,Vare- og campingbiler,2015M03,2015M03,73,
N,Nye kjøretøy,19,Elektrisk/nullutslipp,VareCampBiler,Vare- og campingbiler,2015M04,2015M04,35,
N,Nye kjøretøy,19,Elektrisk/nullutslipp,VareCampBiler,Vare- og campingbiler,2015M05,2015M05,51,
N,Nye kjøretøy,19,Elektrisk/nullutslipp,VareCampBiler,Vare- og campingbiler,2015M06,2015M06,62,
N,Nye kjøretøy,19,Elektrisk/nullutslipp,VareCampBiler,Vare- og campingbiler,2015M07,2015M07,37,
N,Nye kjøretøy,19,Elektrisk/nullutslipp,VareCampBiler,Vare- og campingbiler,2015M08,2015M08,32,
N,Nye kjøretøy,19,Elektrisk/nullutslipp,VareCampBiler,Vare- og campingbiler,2015M09,2015M09,40,
N,Nye kjøretøy,19,Elektrisk/nullutslipp,VareCampBiler,Vare- og campingbiler,2015M10,2015M10,41,
N,Nye kjøretøy,19,Elektrisk/nullutslipp,VareCampBiler,Vare- og campingbiler,2015M11,2015M11,170,
N,Nye kjøretøy,19,Elektrisk/nullutslipp,VareCampBiler,Vare- og campingbiler,2015M12,2015M12,103,
N,Nye kjøretøy,19,Elektrisk/nullutslipp,VareCampBiler,Vare- og campingbiler,2016M01,2016M01,62,
N,Nye kjøretøy,19,Elektrisk/nullutslipp,VareCampBiler,Vare- og campingbiler,2016M02,2016M02,67,
N,Nye kjøretøy,19,Elektrisk/nullutslipp,VareCampBiler,Vare- og campingbiler,2016M03,2016M03,68,
N,Nye kjøretøy,19,Elektrisk/nullutslipp,VareCampBiler,Vare- og campingbiler,2016M04,2016M04,52,
N,Nye kjøretøy,19,Elektrisk/nullutslipp,VareCampBiler,Vare- og campingbiler,2016M05,2016M05,45,
N,Nye kjøretøy,19,Elektrisk/nullutslipp,VareCampBiler,Vare- og campingbiler,2016M06,2016M06,49,
N,Nye kjøretøy,19,Elektrisk/nullutslipp,VareCampBiler,Vare- og campingbiler,2016M07,2016M07,30,
N,Nye kjøretøy,19,Elektrisk/nullutslipp,VareCampBiler,Vare- og campingbiler,2016M08,2016M08,54,
N,Nye kjøretøy,19,Elektrisk/nullutslipp,VareCampBiler,Vare- og campingbiler,2016M09,2016M09,36,
N,Nye kjøretøy,19,Elektrisk/nullutslipp,VareCampBiler,Vare- og campingbiler,2016M10,2016M10,61,
N,Nye kjøretøy,19,Elektrisk/nullutslipp,VareCampBiler,Vare- og campingbiler,2016M11,2016M11,60,
N,Nye kjøretøy,19,Elektrisk/nullutslipp,VareCampBiler,Vare- og campingbiler,2016M12,2016M12,63,
N,Nye kjøretøy,19,Elektrisk/nullutslipp,VareCampBiler,Vare- og campingbiler,2017M01,2017M01,58,
N,Nye kjøretøy,19,Elektrisk/nullutslipp,VareCampBiler,Vare- og campingbiler,2017M02,2017M02,33,
N,Nye kjøretøy,19,Elektrisk/nullutslipp,VareCampBiler,Vare- og campingbiler,2017M03,2017M03,105,
N,Nye kjøretøy,19,Elektrisk/nullutslipp,VareCampBiler,Vare- og campingbiler,2017M04,2017M04,62,
N,Nye kjøretøy,19,Elektrisk/nullutslipp,VareCampBiler,Vare- og campingbiler,2017M05,2017M05,35,
N,Nye kjøretøy,19,Elektrisk/nullutslipp,VareCampBiler,Vare- og campingbiler,2017M06,2017M06,58,
N,Nye kjøretøy,19,Elektrisk/nullutslipp,VareCampBiler,Vare- og campingbiler,2017M07,2017M07,21,
N,Nye kjøretøy,19,Elektrisk/nullutslipp,VareCampBiler,Vare- og campingbiler,2017M08,2017M08,85,
N,Nye kjøretøy,19,Elektrisk/nullutslipp,VareCampBiler,Vare- og campingbiler,2017M09,2017M09,76,
N,Nye kjøretøy,19,Elektrisk/nullutslipp,VareCampBiler,Vare- og campingbiler,2017M10,2017M10,67,
N,Nye kjøretøy,19,Elektrisk/nullutslipp,VareCampBiler,Vare- og campingbiler,2017M11,2017M11,89,
N,Nye kjøretøy,19,Elektrisk/nullutslipp,VareCampBiler,Vare- og campingbiler,2017M12,2017M12,81,
N,Nye kjøretøy,19,Elektrisk/nullutslipp,VareCampBiler,Vare- og campingbiler,2018M01,2018M01,56,
N,Nye kjøretøy,19,Elektrisk/nullutslipp,VareCampBiler,Vare- og campingbiler,2018M02,2018M02,78,
N,Nye kjøretøy,19,Elektrisk/nullutslipp,VareCampBiler,Vare- og campingbiler,2018M03,2018M03,186,
N,Nye kjøretøy,19,Elektrisk/nullutslipp,VareCampBiler,Vare- og campingbiler,2018M04,2018M04,105,
N,Nye kjøretøy,19,Elektrisk/nullutslipp,VareCampBiler,Vare- og campingbiler,2018M05,2018M05,88,
N,Nye kjøretøy,19,Elektrisk/nullutslipp,VareCampBiler,Vare- og campingbiler,2018M06,2018M06,186,
N,Nye kjøretøy,19,Elektrisk/nullutslipp,VareCampBiler,Vare- og campingbiler,2018M07,2018M07,117,
N,Nye kjøretøy,19,Elektrisk/nullutslipp,VareCampBiler,Vare- og campingbiler,2018M08,2018M08,222,
N,Nye kjøretøy,19,Elektrisk/nullutslipp,VareCampBiler,Vare- og campingbiler,2018M09,2018M09,187,
N,Nye kjøretøy,19,Elektrisk/nullutslipp,VareCampBiler,Vare- og campingbiler,2018M10,2018M10,144,
N,Nye kjøretøy,19,Elektrisk/nullutslipp,VareCampBiler,Vare- og campingbiler,2018M11,2018M11,193,
N,Nye kjøretøy,19,Elektrisk/nullutslipp,VareCampBiler,Vare- og campingbiler,2018M12,2018M12,208,
N,Nye kjøretøy,19,Elektrisk/nullutslipp,VareCampBiler,Vare- og campingbiler,2019M01,2019M01,152,
N,Nye kjøretøy,19,Elektrisk/nullutslipp,VareCampBiler,Vare- og campingbiler,2019M02,2019M02,136,
N,Nye kjøretøy,19,Elektrisk/nullutslipp,VareCampBiler,Vare- og campingbiler,2019M03,2019M03,230,
N,Nye kjøretøy,19,Elektrisk/nullutslipp,VareCampBiler,Vare- og campingbiler,2019M04,2019M04,199,
N,Nye kjøretøy,19,Elektrisk/nullutslipp,VareCampBiler,Vare- og campingbiler,2019M05,2019M05,227,
N,Nye kjøretøy,19,Elektrisk/nullutslipp,VareCampBiler,Vare- og campingbiler,2019M06,2019M06,175,
N,Nye kjøretøy,19,Elektrisk/nullutslipp,VareCampBiler,Vare- og campingbiler,2019M07,2019M07,56,
N,Nye kjøretøy,19,Elektrisk/nullutslipp,VareCampBiler,Vare- og campingbiler,2019M08,2019M08,135,
N,Nye kjøretøy,19,Elektrisk/nullutslipp,VareCampBiler,Vare- og campingbiler,2019M09,2019M09,141,
N,Nye kjøretøy,19,Elektrisk/nullutslipp,VareCampBiler,Vare- og campingbiler,2019M10,2019M10,190,
N,Nye kjøretøy,19,Elektrisk/nullutslipp,VareCampBiler,Vare- og campingbiler,2019M11,2019M11,168,
N,Nye kjøretøy,19,Elektrisk/nullutslipp,VareCampBiler,Vare- og campingbiler,2019M12,2019M12,177,
N,Nye kjøretøy,19,Elektrisk/nullutslipp,VareCampBiler,Vare- og campingbiler,2020M01,2020M01,259,
N,Nye kjøretøy,19,Elektrisk/nullutslipp,VareCampBiler,Vare- og campingbiler,2020M02,2020M02,197,
N,Nye kjøretøy,19,Elektrisk/nullutslipp,VareCampBiler,Vare- og campingbiler,2020M03,2020M03,189,
N,Nye kjøretøy,19,Elektrisk/nullutslipp,VareCampBiler,Vare- og campingbiler,2020M04,2020M04,120,
N,Nye kjøretøy,19,Elektrisk/nullutslipp,VareCampBiler,Vare- og campingbiler,2020M05,2020M05,85,
N,Nye kjøretøy,19,Elektrisk/nullutslipp,VareCampBiler,Vare- og campingbiler,2020M06,2020M06,165,
N,Nye kjøretøy,19,Elektrisk/nullutslipp,VareCampBiler,Vare- og campingbiler,2020M07,2020M07,93,
N,Nye kjøretøy,19,Elektrisk/nullutslipp,VareCampBiler,Vare- og campingbiler,2020M08,2020M08,109,
N,Nye kjøretøy,19,Elektrisk/nullutslipp,VareCampBiler,Vare- og campingbiler,2020M09,2020M09,313,
N,Nye kjøretøy,19,Elektrisk/nullutslipp,VareCampBiler,Vare- og campingbiler,2020M10,2020M10,264,
N,Nye kjøretøy,19,Elektrisk/nullutslipp,VareCampBiler,Vare- og campingbiler,2020M11,2020M11,394,
N,Nye kjøretøy,19,Elektrisk/nullutslipp,VareCampBiler,Vare- og campingbiler,2020M12,2020M12,371,
N,Nye kjøretøy,19,Elektrisk/nullutslipp,VareCampBiler,Vare- og campingbiler,2021M01,2021M01,474,
N,Nye kjøretøy,19,Elektrisk/nullutslipp,VareCampBiler,Vare- og campingbiler,2021M02,2021M02,416,
N,Nye kjøretøy,19,Elektrisk/nullutslipp,VareCampBiler,Vare- og campingbiler,2021M03,2021M03,573,
N,Nye kjøretøy,19,Elektrisk/nullutslipp,VareCampBiler,Vare- og campingbiler,2021M04,2021M04,687,
N,Nye kjøretøy,19,Elektrisk/nullutslipp,VareCampBiler,Vare- og campingbiler,2021M05,2021M05,636,
N,Nye kjøretøy,19,Elektrisk/nullutslipp,VareCampBiler,Vare- og campingbiler,2021M06,2021M06,460,
N,Nye kjøretøy,19,Elektrisk/nullutslipp,VareCampBiler,Vare- og campingbiler,2021M07,2021M07,199,
N,Nye kjøretøy,19,Elektrisk/nullutslipp,VareCampBiler,Vare- og campingbiler,2021M08,2021M08,495,
N,Nye kjøretøy,19,Elektrisk/nullutslipp,VareCampBiler,Vare- og campingbiler,2021M09,2021M09,410,
N,Nye kjøretøy,19,Elektrisk/nullutslipp,VareCampBiler,Vare- og campingbiler,2021M10,2021M10,350,
N,Nye kjøretøy,19,Elektrisk/nullutslipp,VareCampBiler,Vare- og campingbiler,2021M11,2021M11,432,
N,Nye kjøretøy,19,Elektrisk/nullutslipp,VareCampBiler,Vare- og campingbiler,2021M12,2021M12,376,
N,Nye kjøretøy,19,Elektrisk/nullutslipp,VareCampBiler,Vare- og campingbiler,2022M01,2022M01,370,
N,Nye kjøretøy,19,Elektrisk/nullutslipp,VareCampBiler,Vare- og campingbiler,2022M02,2022M02,250,
N,Nye kjøretøy,19,Elektrisk/nullutslipp,VareCampBiler,Vare- og campingbiler,2022M03,2022M03,495,
N,Nye kjøretøy,19,Elektrisk/nullutslipp,VareCampBiler,Vare- og campingbiler,2022M04,2022M04,456,
N,Nye kjøretøy,19,Elektrisk/nullutslipp,VareCampBiler,Vare- og campingbiler,2022M05,2022M05,425,
N,Nye kjøretøy,19,Elektrisk/nullutslipp,VareCampBiler,Vare- og campingbiler,2022M06,2022M06,620,
N,Nye kjøretøy,19,Elektrisk/nullutslipp,VareCampBiler,Vare- og campingbiler,2022M07,2022M07,304,
N,Nye kjøretøy,19,Elektrisk/nullutslipp,VareCampBiler,Vare- og campingbiler,2022M08,2022M08,630,
N,Nye kjøretøy,19,Elektrisk/nullutslipp,VareCampBiler,Vare- og campingbiler,2022M09,2022M09,731,
N,Nye kjøretøy,19,Elektrisk/nullutslipp,VareCampBiler,Vare- og campingbiler,2022M10,2022M10,570,
N,Nye kjøretøy,19,Elektrisk/nullutslipp,VareCampBiler,Vare- og campingbiler,2022M11,2022M11,686,
N,Nye kjøretøy,19,Elektrisk/nullutslipp,VareCampBiler,Vare- og campingbiler,2022M12,2022M12,1323,
N,Nye kjøretøy,19,Elektrisk/nullutslipp,VareCampBiler,Vare- og campingbiler,2023M01,2023M01,358,
N,Nye kjøretøy,19,Elektrisk/nullutslipp,VareCampBiler,Vare- og campingbiler,2023M02,2023M02,675,
N,Nye kjøretøy,19,Elektrisk/nullutslipp,VareCampBiler,Vare- og campingbiler,2023M03,2023M03,1049,
N,Nye kjøretøy,19,Elektrisk/nullutslipp,VareCampBiler,Vare- og campingbiler,2023M04,2023M04,725,
N,Nye kjøretøy,19,Elektrisk/nullutslipp,VareCampBiler,Vare- og campingbiler,2023M05,2023M05,664,
N,Nye kjøretøy,19,Elektrisk/nullutslipp,VareCampBiler,Vare- og campingbiler,2023M06,2023M06,963,
N,Nye kjøretøy,19,Elektrisk/nullutslipp,VareCampBiler,Vare- og campingbiler,2023M07,2023M07,353,
N,Nye kjøretøy,19,Elektrisk/nullutslipp,VareCampBiler,Vare- og campingbiler,2023M08,2023M08,965,
N,Nye kjøretøy,19,Elektrisk/nullutslipp,VareCampBiler,Vare- og campingbiler,2023M09,2023M09,632,
N,Nye kjøretøy,19,Elektrisk/nullutslipp,VareCampBiler,Vare- og campingbiler,2023M10,2023M10,744,
N,Nye kjøretøy,19,Elektrisk/nullutslipp,VareCampBiler,Vare- og campingbiler,2023M11,2023M11,784,
N,Nye kjøretøy,19,Elektrisk/nullutslipp,VareCampBiler,Vare- og campingbiler,2023M12,2023M12,963,
N,Nye kjøretøy,19,Elektrisk/nullutslipp,VareCampBiler,Vare- og campingbiler,2024M01,2024M01,518,
N,Nye kjøretøy,19,Elektrisk/nullutslipp,VareCampBiler,Vare- og campingbiler,2024M02,2024M02,1056,
N,Nye kjøretøy,19,Elektrisk/nullutslipp,VareCampBiler,Vare- og campingbiler,2024M03,2024M03,864,
N,Nye kjøretøy,19,Elektrisk/nullutslipp,VareCampBiler,Vare- og campingbiler,2024M04,2024M04,984,
N,Nye kjøretøy,19,Elektrisk/nullutslipp,VareCampBiler,Vare- og campingbiler,2024M05,2024M05,587,
N,Nye kjøretøy,19,Elektrisk/nullutslipp,VareCampBiler,Vare- og campingbiler,2024M06,2024M06,772,
N,Nye kjøretøy,19,Elektrisk/nullutslipp,VareCampBiler,Vare- og campingbiler,2024M07,2024M07,338,
N,Nye kjøretøy,19,Elektrisk/nullutslipp,VareCampBiler,Vare- og campingbiler,2024M08,2024M08,533,
N,Nye kjøretøy,19,Elektrisk/nullutslipp,VareCampBiler,Vare- og campingbiler,2024M09,2024M09,443,
N,Nye kjøretøy,19,Elektrisk/nullutslipp,VareCampBiler,Vare- og campingbiler,2024M10,2024M10,636,
N,Nye kjøretøy,19,Elektrisk/nullutslipp,VareCampBiler,Vare- og campingbiler,2024M11,2024M11,621,
N,Nye kjøretøy,19,Elektrisk/nullutslipp,VareCampBiler,Vare- og campingbiler,2024M12,2024M12,784,
N,Nye kjøretøy,19,Elektrisk/nullutslipp,VareCampBiler,Vare- og campingbiler,2025M01,2025M01,753,
N,Nye kjøretøy,19,Elektrisk/nullutslipp,VareCampBiler,Vare- og campingbiler,2025M02,2025M02,852,
N,Nye kjøretøy,19,Elektrisk/nullutslipp,VareCampBiler,Vare- og campingbiler,2025M03,2025M03,1043,
N,Nye kjøretøy,19,Elektrisk/nullutslipp,VareCampBiler,Vare- og campingbiler,2025M04,2025M04,987,
N,Nye kjøretøy,19,Elektrisk/nullutslipp,VareCampBiler,Vare- og campingbiler,2025M05,2025M05,867,
N,Nye kjøretøy,19,Elektrisk/nullutslipp,VareCampBiler,Vare- og campingbiler,2025M06,2025M06,1079,
N,Nye kjøretøy,19,Elektrisk/nullutslipp,VareCampBiler,Vare- og campingbiler,2025M07,2025M07,634,
N,Nye kjøretøy,19,Elektrisk/nullutslipp,VareCampBiler,Vare- og campingbiler,2025M08,2025M08,1078,
N,Nye kjøretøy,19,Elektrisk/nullutslipp,VareCampBiler,Vare- og campingbiler,2025M09,2025M09,1215,
N,Nye kjøretøy,19,Elektrisk/nullutslipp,VareCampBiler,Vare- og campingbiler,2025M10,2025M10,1245,
N,Nye kjøretøy,19,Elektrisk/nullutslipp,VareCampBiler,Vare- og campingbiler,2025M11,2025M11,1188,
N,Nye kjøretøy,19,Elektrisk/nullutslipp,VareCampBiler,Vare- og campingbiler,2025M12,2025M12,2211,
N,Nye kjøretøy,19,Elektrisk/nullutslipp,VareCampBiler,Vare- og campingbiler,2026M01,2026M01,761,
N,Nye kjøretøy,19,Elektrisk/nullutslipp,VareCampBiler,Vare- og campingbiler,2026M02,2026M02,679,
N,Nye kjøretøy,19,Elektrisk/nullutslipp,VareCampBiler,Vare- og campingbiler,2026M03,2026M03,1130,
N,Nye kjøretøy,19,Elektrisk/nullutslipp,VareCampBiler,Vare- og campingbiler,2026M04,2026M04,1109,
N,Nye kjøretøy,19,Elektrisk/nullutslipp,VareCampBiler,Vare- og campingbiler,2026M05,2026M05,1051,
N,Nye kjøretøy,19,Elektrisk/nullutslipp,VareCampBiler,Vare- og campingbiler,2026M06,2026M06,1527,
N,Nye kjøretøy,19,Elektrisk/nullutslipp,VareCampBiler,Vare- og campingbiler,2026M07,2026M07,695,
N,Nye kjøretøy,20,Fossil,Personbiler,Personbiler,1995M01,1995M01,8849,
N,Nye kjøretøy,20,Fossil,Personbiler,Personbiler,1995M02,1995M02,7687,
N,Nye kjøretøy,20,Fossil,Personbiler,Personbiler,1995M03,1995M03,10148,
N,Nye kjøretøy,20,Fossil,Personbiler,Personbiler,1995M04,1995M04,7980,
N,Nye kjøretøy,20,Fossil,Personbiler,Personbiler,1995M05,1995M05,10328,
N,Nye kjøretøy,20,Fossil,Personbiler,Personbiler,1995M06,1995M06,9883,
N,Nye kjøretøy,20,Fossil,Personbiler,Personbiler,1995M07,1995M07,10143,
N,Nye kjøretøy,20,Fossil,Personbiler,Personbiler,1995M08,1995M08,8507,
N,Nye kjøretøy,20,Fossil,Personbiler,Personbiler,1995M09,1995M09,8658,
N,Nye kjøretøy,20,Fossil,Personbiler,Personbiler,1995M10,1995M10,9677,
N,Nye kjøretøy,20,Fossil,Personbiler,Personbiler,1995M11,1995M11,8939,
N,Nye kjøretøy,20,Fossil,Personbiler,Personbiler,1995M12,1995M12,4822,
N,Nye kjøretøy,20,Fossil,Personbiler,Personbiler,1996M01,1996M01,11581,
N,Nye kjøretøy,20,Fossil,Personbiler,Personbiler,1996M02,1996M02,11168,
N,Nye kjøretøy,20,Fossil,Personbiler,Personbiler,1996M03,1996M03,13645,
N,Nye kjøretøy,20,Fossil,Personbiler,Personbiler,1996M04,1996M04,11864,
N,Nye kjøretøy,20,Fossil,Personbiler,Personbiler,1996M05,1996M05,13305,
N,Nye kjøretøy,20,Fossil,Personbiler,Personbiler,1996M06,1996M06,12287,
N,Nye kjøretøy,20,Fossil,Personbiler,Personbiler,1996M07,1996M07,14333,
N,Nye kjøretøy,20,Fossil,Personbiler,Personbiler,1996M08,1996M08,10446,
N,Nye kjøretøy,20,Fossil,Personbiler,Personbiler,1996M09,1996M09,10834,
N,Nye kjøretøy,20,Fossil,Personbiler,Personbiler,1996M10,1996M10,13918,
N,Nye kjøretøy,20,Fossil,Personbiler,Personbiler,1996M11,1996M11,11733,
N,Nye kjøretøy,20,Fossil,Personbiler,Personbiler,1996M12,1996M12,9593,
N,Nye kjøretøy,20,Fossil,Personbiler,Personbiler,1997M01,1997M01,13284,
N,Nye kjøretøy,20,Fossil,Personbiler,Personbiler,1997M02,1997M02,11147,
N,Nye kjøretøy,20,Fossil,Personbiler,Personbiler,1997M03,1997M03,10180,
N,Nye kjøretøy,20,Fossil,Personbiler,Personbiler,1997M04,1997M04,14302,
N,Nye kjøretøy,20,Fossil,Personbiler,Personbiler,1997M05,1997M05,13403,
N,Nye kjøretøy,20,Fossil,Personbiler,Personbiler,1997M06,1997M06,13163,
N,Nye kjøretøy,20,Fossil,Personbiler,Personbiler,1997M07,1997M07,14335,
N,Nye kjøretøy,20,Fossil,Personbiler,Personbiler,1997M08,1997M08,10806,
N,Nye kjøretøy,20,Fossil,Personbiler,Personbiler,1997M09,1997M09,11480,
N,Nye kjøretøy,20,Fossil,Personbiler,Personbiler,1997M10,1997M10,12922,
N,Nye kjøretøy,20,Fossil,Personbiler,Personbiler,1997M11,1997M11,11578,
N,Nye kjøretøy,20,Fossil,Personbiler,Personbiler,1997M12,1997M12,11666,
N,Nye kjøretøy,20,Fossil,Personbiler,Personbiler,1998M01,1998M01,9638,
N,Nye kjøretøy,20,Fossil,Personbiler,Personbiler,1998M02,1998M02,9684,
N,Nye kjøretøy,20,Fossil,Personbiler,Personbiler,1998M03,1998M03,12913,
N,Nye kjøretøy,20,Fossil,Personbiler,Personbiler,1998M04,1998M04,12347,
N,Nye kjøretøy,20,Fossil,Personbiler,Personbiler,1998M05,1998M05,14267,
N,Nye kjøretøy,20,Fossil,Personbiler,Personbiler,1998M06,1998M06,13020,
N,Nye kjøretøy,20,Fossil,Personbiler,Personbiler,1998M07,1998M07,14630,
N,Nye kjøretøy,20,Fossil,Personbiler,Personbiler,1998M08,1998M08,10548,
N,Nye kjøretøy,20,Fossil,Personbiler,Personbiler,1998M09,1998M09,10976,
N,Nye kjøretøy,20,Fossil,Personbiler,Personbiler,1998M10,1998M10,10647,
N,Nye kjøretøy,20,Fossil,Personbiler,Personbiler,1998M11,1998M11,10311,
N,Nye kjøretøy,20,Fossil,Personbiler,Personbiler,1998M12,1998M12,7319,
N,Nye kjøretøy,20,Fossil,Personbiler,Personbiler,1999M01,1999M01,9569,
N,Nye kjøretøy,20,Fossil,Personbiler,Personbiler,1999M02,1999M02,8825,
N,Nye kjøretøy,20,Fossil,Personbiler,Personbiler,1999M03,1999M03,10783,
N,Nye kjøretøy,20,Fossil,Personbiler,Personbiler,1999M04,1999M04,9727,
N,Nye kjøretøy,20,Fossil,Personbiler,Personbiler,1999M05,1999M05,9556,
N,Nye kjøretøy,20,Fossil,Personbiler,Personbiler,1999M06,1999M06,10676,
N,Nye kjøretøy,20,Fossil,Personbiler,Personbiler,1999M07,1999M07,12264,
N,Nye kjøretøy,20,Fossil,Personbiler,Personbiler,1999M08,1999M08,8987,
N,Nye kjøretøy,20,Fossil,Personbiler,Personbiler,1999M09,1999M09,10062,
N,Nye kjøretøy,20,Fossil,Personbiler,Personbiler,1999M10,1999M10,10163,
N,Nye kjøretøy,20,Fossil,Personbiler,Personbiler,1999M11,1999M11,10685,
N,Nye kjøretøy,20,Fossil,Personbiler,Personbiler,1999M12,1999M12,8727,
N,Nye kjøretøy,20,Fossil,Personbiler,Personbiler,2000M01,2000M01,11545,
N,Nye kjøretøy,20,Fossil,Personbiler,Personbiler,2000M02,2000M02,9519,
N,Nye kjøretøy,20,Fossil,Personbiler,Personbiler,2000M03,2000M03,11094,
N,Nye kjøretøy,20,Fossil,Personbiler,Personbiler,2000M04,2000M04,9183,
N,Nye kjøretøy,20,Fossil,Personbiler,Personbiler,2000M05,2000M05,11903,
N,Nye kjøretøy,20,Fossil,Personbiler,Personbiler,2000M06,2000M06,10187,
N,Nye kjøretøy,20,Fossil,Personbiler,Personbiler,2000M07,2000M07,10907,
N,Nye kjøretøy,20,Fossil,Personbiler,Personbiler,2000M08,2000M08,9341,
N,Nye kjøretøy,20,Fossil,Personbiler,Personbiler,2000M09,2000M09,9003,
N,Nye kjøretøy,20,Fossil,Personbiler,Personbiler,2000M10,2000M10,9197,
N,Nye kjøretøy,20,Fossil,Personbiler,Personbiler,2000M11,2000M11,9505,
N,Nye kjøretøy,20,Fossil,Personbiler,Personbiler,2000M12,2000M12,8219,
N,Nye kjøretøy,20,Fossil,Personbiler,Personbiler,2001M01,2001M01,9854,
N,Nye kjøretøy,20,Fossil,Personbiler,Personbiler,2001M02,2001M02,8861,
N,Nye kjøretøy,20,Fossil,Personbiler,Personbiler,2001M03,2001M03,11633,
N,Nye kjøretøy,20,Fossil,Personbiler,Personbiler,2001M04,2001M04,9097,
N,Nye kjøretøy,20,Fossil,Personbiler,Personbiler,2001M05,2001M05,10338,
N,Nye kjøretøy,20,Fossil,Personbiler,Personbiler,2001M06,2001M06,9432,
N,Nye kjøretøy,20,Fossil,Personbiler,Personbiler,2001M07,2001M07,10595,
N,Nye kjøretøy,20,Fossil,Personbiler,Personbiler,2001M08,2001M08,9562,
N,Nye kjøretøy,20,Fossil,Personbiler,Personbiler,2001M09,2001M09,8931,
N,Nye kjøretøy,20,Fossil,Personbiler,Personbiler,2001M10,2001M10,10056,
N,Nye kjøretøy,20,Fossil,Personbiler,Personbiler,2001M11,2001M11,9114,
N,Nye kjøretøy,20,Fossil,Personbiler,Personbiler,2001M12,2001M12,7082,
N,Nye kjøretøy,20,Fossil,Personbiler,Personbiler,2002M01,2002M01,8712,
N,Nye kjøretøy,20,Fossil,Personbiler,Personbiler,2002M02,2002M02,8378,
N,Nye kjøretøy,20,Fossil,Personbiler,Personbiler,2002M03,2002M03,8488,
N,Nye kjøretøy,20,Fossil,Personbiler,Personbiler,2002M04,2002M04,10370,
N,Nye kjøretøy,20,Fossil,Personbiler,Personbiler,2002M05,2002M05,9538,
N,Nye kjøretøy,20,Fossil,Personbiler,Personbiler,2002M06,2002M06,8860,
N,Nye kjøretøy,20,Fossil,Personbiler,Personbiler,2002M07,2002M07,10684,
N,Nye kjøretøy,20,Fossil,Personbiler,Personbiler,2002M08,2002M08,8980,
N,Nye kjøretøy,20,Fossil,Personbiler,Personbiler,2002M09,2002M09,8772,
N,Nye kjøretøy,20,Fossil,Personbiler,Personbiler,2002M10,2002M10,9875,
N,Nye kjøretøy,20,Fossil,Personbiler,Personbiler,2002M11,2002M11,8373,
N,Nye kjøretøy,20,Fossil,Personbiler,Personbiler,2002M12,2002M12,6667,
N,Nye kjøretøy,20,Fossil,Personbiler,Personbiler,2003M01,2003M01,8387,
N,Nye kjøretøy,20,Fossil,Personbiler,Personbiler,2003M02,2003M02,8038,
N,Nye kjøretøy,20,Fossil,Personbiler,Personbiler,2003M03,2003M03,8453,
N,Nye kjøretøy,20,Fossil,Personbiler,Personbiler,2003M04,2003M04,8531,
N,Nye kjøretøy,20,Fossil,Personbiler,Personbiler,2003M05,2003M05,9727,
N,Nye kjøretøy,20,Fossil,Personbiler,Personbiler,2003M06,2003M06,9219,
N,Nye kjøretøy,20,Fossil,Personbiler,Personbiler,2003M07,2003M07,10552,
N,Nye kjøretøy,20,Fossil,Personbiler,Personbiler,2003M08,2003M08,8191,
N,Nye kjøretøy,20,Fossil,Personbiler,Personbiler,2003M09,2003M09,9398,
N,Nye kjøretøy,20,Fossil,Personbiler,Personbiler,2003M10,2003M10,10899,
N,Nye kjøretøy,20,Fossil,Personbiler,Personbiler,2003M11,2003M11,9621,
N,Nye kjøretøy,20,Fossil,Personbiler,Personbiler,2003M12,2003M12,7890,
N,Nye kjøretøy,20,Fossil,Personbiler,Personbiler,2004M01,2004M01,9731,
N,Nye kjøretøy,20,Fossil,Personbiler,Personbiler,2004M02,2004M02,10132,
N,Nye kjøretøy,20,Fossil,Personbiler,Personbiler,2004M03,2004M03,12701,
N,Nye kjøretøy,20,Fossil,Personbiler,Personbiler,2004M04,2004M04,10872,
N,Nye kjøretøy,20,Fossil,Personbiler,Personbiler,2004M05,2004M05,10835,
N,Nye kjøretøy,20,Fossil,Personbiler,Personbiler,2004M06,2004M06,11609,
N,Nye kjøretøy,20,Fossil,Personbiler,Personbiler,2004M07,2004M07,11823,
N,Nye kjøretøy,20,Fossil,Personbiler,Personbiler,2004M08,2004M08,9616,
N,Nye kjøretøy,20,Fossil,Personbiler,Personbiler,2004M09,2004M09,11069,
N,Nye kjøretøy,20,Fossil,Personbiler,Personbiler,2004M10,2004M10,11594,
N,Nye kjøretøy,20,Fossil,Personbiler,Personbiler,2004M11,2004M11,11951,
N,Nye kjøretøy,20,Fossil,Personbiler,Personbiler,2004M12,2004M12,14469,
N,Nye kjøretøy,20,Fossil,Personbiler,Personbiler,2005M01,2005M01,9620,
N,Nye kjøretøy,20,Fossil,Personbiler,Personbiler,2005M02,2005M02,10898,
N,Nye kjøretøy,20,Fossil,Personbiler,Personbiler,2005M03,2005M03,12325,
N,Nye kjøretøy,20,Fossil,Personbiler,Personbiler,2005M04,2005M04,13178,
N,Nye kjøretøy,20,Fossil,Personbiler,Personbiler,2005M05,2005M05,10982,
N,Nye kjøretøy,20,Fossil,Personbiler,Personbiler,2005M06,2005M06,10885,
N,Nye kjøretøy,20,Fossil,Personbiler,Personbiler,2005M07,2005M07,10723,
N,Nye kjøretøy,20,Fossil,Personbiler,Personbiler,2005M08,2005M08,9474,
N,Nye kjøretøy,20,Fossil,Personbiler,Personbiler,2005M09,2005M09,9781,
N,Nye kjøretøy,20,Fossil,Personbiler,Personbiler,2005M10,2005M10,9751,
N,Nye kjøretøy,20,Fossil,Personbiler,Personbiler,2005M11,2005M11,10133,
N,Nye kjøretøy,20,Fossil,Personbiler,Personbiler,2005M12,2005M12,11012,
N,Nye kjøretøy,20,Fossil,Personbiler,Personbiler,2006M01,2006M01,8229,
N,Nye kjøretøy,20,Fossil,Personbiler,Personbiler,2006M02,2006M02,8247,
N,Nye kjøretøy,20,Fossil,Personbiler,Personbiler,2006M03,2006M03,10786,
N,Nye kjøretøy,20,Fossil,Personbiler,Personbiler,2006M04,2006M04,9013,
N,Nye kjøretøy,20,Fossil,Personbiler,Personbiler,2006M05,2006M05,11278,
N,Nye kjøretøy,20,Fossil,Personbiler,Personbiler,2006M06,2006M06,10344,
N,Nye kjøretøy,20,Fossil,Personbiler,Personbiler,2006M07,2006M07,10904,
N,Nye kjøretøy,20,Fossil,Personbiler,Personbiler,2006M08,2006M08,9578,
N,Nye kjøretøy,20,Fossil,Personbiler,Personbiler,2006M09,2006M09,9753,
N,Nye kjøretøy,20,Fossil,Personbiler,Personbiler,2006M10,2006M10,9538,
N,Nye kjøretøy,20,Fossil,Personbiler,Personbiler,2006M11,2006M11,9727,
N,Nye kjøretøy,20,Fossil,Personbiler,Personbiler,2006M12,2006M12,12725,
N,Nye kjøretøy,20,Fossil,Personbiler,Personbiler,2007M01,2007M01,13199,
N,Nye kjøretøy,20,Fossil,Personbiler,Personbiler,2007M02,2007M02,10532,
N,Nye kjøretøy,20,Fossil,Personbiler,Personbiler,2007M03,2007M03,12247,
N,Nye kjøretøy,20,Fossil,Personbiler,Personbiler,2007M04,2007M04,9545,
N,Nye kjøretøy,20,Fossil,Personbiler,Personbiler,2007M05,2007M05,12886,
N,Nye kjøretøy,20,Fossil,Personbiler,Personbiler,2007M06,2007M06,11728,
N,Nye kjøretøy,20,Fossil,Personbiler,Personbiler,2007M07,2007M07,12684,
N,Nye kjøretøy,20,Fossil,Personbiler,Personbiler,2007M08,2007M08,11494,
N,Nye kjøretøy,20,Fossil,Personbiler,Personbiler,2007M09,2007M09,9994,
N,Nye kjøretøy,20,Fossil,Personbiler,Personbiler,2007M10,2007M10,12510,
N,Nye kjøretøy,20,Fossil,Personbiler,Personbiler,2007M11,2007M11,11251,
N,Nye kjøretøy,20,Fossil,Personbiler,Personbiler,2007M12,2007M12,10339,
N,Nye kjøretøy,20,Fossil,Personbiler,Personbiler,2008M01,2008M01,10299,
N,Nye kjøretøy,20,Fossil,Personbiler,Personbiler,2008M02,2008M02,11132,
N,Nye kjøretøy,20,Fossil,Personbiler,Personbiler,2008M03,2008M03,10079,
N,Nye kjøretøy,20,Fossil,Personbiler,Personbiler,2008M04,2008M04,12430,
N,Nye kjøretøy,20,Fossil,Personbiler,Personbiler,2008M05,2008M05,10698,
N,Nye kjøretøy,20,Fossil,Personbiler,Personbiler,2008M06,2008M06,10176,
N,Nye kjøretøy,20,Fossil,Personbiler,Personbiler,2008M07,2008M07,9983,
N,Nye kjøretøy,20,Fossil,Personbiler,Personbiler,2008M08,2008M08,8253,
N,Nye kjøretøy,20,Fossil,Personbiler,Personbiler,2008M09,2008M09,8908,
N,Nye kjøretøy,20,Fossil,Personbiler,Personbiler,2008M10,2008M10,8808,
N,Nye kjøretøy,20,Fossil,Personbiler,Personbiler,2008M11,2008M11,7328,
N,Nye kjøretøy,20,Fossil,Personbiler,Personbiler,2008M12,2008M12,8223,
N,Nye kjøretøy,20,Fossil,Personbiler,Personbiler,2009M01,2009M01,5541,
N,Nye kjøretøy,20,Fossil,Personbiler,Personbiler,2009M02,2009M02,6517,
N,Nye kjøretøy,20,Fossil,Personbiler,Personbiler,2009M03,2009M03,7894,
N,Nye kjøretøy,20,Fossil,Personbiler,Personbiler,2009M04,2009M04,7767,
N,Nye kjøretøy,20,Fossil,Personbiler,Personbiler,2009M05,2009M05,7698,
N,Nye kjøretøy,20,Fossil,Personbiler,Personbiler,2009M06,2009M06,7861,
N,Nye kjøretøy,20,Fossil,Personbiler,Personbiler,2009M07,2009M07,9641,
N,Nye kjøretøy,20,Fossil,Personbiler,Personbiler,2009M08,2009M08,8193,
N,Nye kjøretøy,20,Fossil,Personbiler,Personbiler,2009M09,2009M09,9806,
N,Nye kjøretøy,20,Fossil,Personbiler,Personbiler,2009M10,2009M10,10453,
N,Nye kjøretøy,20,Fossil,Personbiler,Personbiler,2009M11,2009M11,9822,
N,Nye kjøretøy,20,Fossil,Personbiler,Personbiler,2009M12,2009M12,10625,
N,Nye kjøretøy,20,Fossil,Personbiler,Personbiler,2010M01,2010M01,9890,
N,Nye kjøretøy,20,Fossil,Personbiler,Personbiler,2010M02,2010M02,9329,
N,Nye kjøretøy,20,Fossil,Personbiler,Personbiler,2010M03,2010M03,11857,
N,Nye kjøretøy,20,Fossil,Personbiler,Personbiler,2010M04,2010M04,10989,
N,Nye kjøretøy,20,Fossil,Personbiler,Personbiler,2010M05,2010M05,10185,
N,Nye kjøretøy,20,Fossil,Personbiler,Personbiler,2010M06,2010M06,11376,
N,Nye kjøretøy,20,Fossil,Personbiler,Personbiler,2010M07,2010M07,11768,
N,Nye kjøretøy,20,Fossil,Personbiler,Personbiler,2010M08,2010M08,10646,
N,Nye kjøretøy,20,Fossil,Personbiler,Personbiler,2010M09,2010M09,11400,
N,Nye kjøretøy,20,Fossil,Personbiler,Personbiler,2010M10,2010M10,10868,
N,Nye kjøretøy,20,Fossil,Personbiler,Personbiler,2010M11,2010M11,12104,
N,Nye kjøretøy,20,Fossil,Personbiler,Personbiler,2010M12,2010M12,10471,
N,Nye kjøretøy,20,Fossil,Personbiler,Personbiler,2011M01,2011M01,10515,
N,Nye kjøretøy,20,Fossil,Personbiler,Personbiler,2011M02,2011M02,10647,
N,Nye kjøretøy,20,Fossil,Personbiler,Personbiler,2011M03,2011M03,12821,
N,Nye kjøretøy,20,Fossil,Personbiler,Personbiler,2011M04,2011M04,11344,
N,Nye kjøretøy,20,Fossil,Personbiler,Personbiler,2011M05,2011M05,13050,
N,Nye kjøretøy,20,Fossil,Personbiler,Personbiler,2011M06,2011M06,10387,
N,Nye kjøretøy,20,Fossil,Personbiler,Personbiler,2011M07,2011M07,11217,
N,Nye kjøretøy,20,Fossil,Personbiler,Personbiler,2011M08,2011M08,11420,
N,Nye kjøretøy,20,Fossil,Personbiler,Personbiler,2011M09,2011M09,11634,
N,Nye kjøretøy,20,Fossil,Personbiler,Personbiler,2011M10,2011M10,11457,
N,Nye kjøretøy,20,Fossil,Personbiler,Personbiler,2011M11,2011M11,12186,
N,Nye kjøretøy,20,Fossil,Personbiler,Personbiler,2011M12,2011M12,11558,
N,Nye kjøretøy,20,Fossil,Personbiler,Personbiler,2012M01,2012M01,10638,
N,Nye kjøretøy,20,Fossil,Personbiler,Personbiler,2012M02,2012M02,10784,
N,Nye kjøretøy,20,Fossil,Personbiler,Personbiler,2012M03,2012M03,12750,
N,Nye kjøretøy,20,Fossil,Personbiler,Personbiler,2012M04,2012M04,10600,
N,Nye kjøretøy,20,Fossil,Personbiler,Personbiler,2012M05,2012M05,12311,
N,Nye kjøretøy,20,Fossil,Personbiler,Personbiler,2012M06,2012M06,10644,
N,Nye kjøretøy,20,Fossil,Personbiler,Personbiler,2012M07,2012M07,11505,
N,Nye kjøretøy,20,Fossil,Personbiler,Personbiler,2012M08,2012M08,10915,
N,Nye kjøretøy,20,Fossil,Personbiler,Personbiler,2012M09,2012M09,10088,
N,Nye kjøretøy,20,Fossil,Personbiler,Personbiler,2012M10,2012M10,11180,
N,Nye kjøretøy,20,Fossil,Personbiler,Personbiler,2012M11,2012M11,11045,
N,Nye kjøretøy,20,Fossil,Personbiler,Personbiler,2012M12,2012M12,8827,
N,Nye kjøretøy,20,Fossil,Personbiler,Personbiler,2013M01,2013M01,10675,
N,Nye kjøretøy,20,Fossil,Personbiler,Personbiler,2013M02,2013M02,10219,
N,Nye kjøretøy,20,Fossil,Personbiler,Personbiler,2013M03,2013M03,9850,
N,Nye kjøretøy,20,Fossil,Personbiler,Personbiler,2013M04,2013M04,12935,
N,Nye kjøretøy,20,Fossil,Personbiler,Personbiler,2013M05,2013M05,10978,
N,Nye kjøretøy,20,Fossil,Personbiler,Personbiler,2013M06,2013M06,9971,
N,Nye kjøretøy,20,Fossil,Personbiler,Personbiler,2013M07,2013M07,10256,
N,Nye kjøretøy,20,Fossil,Personbiler,Personbiler,2013M08,2013M08,10090,
N,Nye kjøretøy,20,Fossil,Personbiler,Personbiler,2013M09,2013M09,10272,
N,Nye kjøretøy,20,Fossil,Personbiler,Personbiler,2013M10,2013M10,10862,
N,Nye kjøretøy,20,Fossil,Personbiler,Personbiler,2013M11,2013M11,9818,
N,Nye kjøretøy,20,Fossil,Personbiler,Personbiler,2013M12,2013M12,9709,
N,Nye kjøretøy,20,Fossil,Personbiler,Personbiler,2014M01,2014M01,9346,
N,Nye kjøretøy,20,Fossil,Personbiler,Personbiler,2014M02,2014M02,8976,
N,Nye kjøretøy,20,Fossil,Personbiler,Personbiler,2014M03,2014M03,10038,
N,Nye kjøretøy,20,Fossil,Personbiler,Personbiler,2014M04,2014M04,9934,
N,Nye kjøretøy,20,Fossil,Personbiler,Personbiler,2014M05,2014M05,10044,
N,Nye kjøretøy,20,Fossil,Personbiler,Personbiler,2014M06,2014M06,9157,
N,Nye kjøretøy,20,Fossil,Personbiler,Personbiler,2014M07,2014M07,9423,
N,Nye kjøretøy,20,Fossil,Personbiler,Personbiler,2014M08,2014M08,8896,
N,Nye kjøretøy,20,Fossil,Personbiler,Personbiler,2014M09,2014M09,9120,
N,Nye kjøretøy,20,Fossil,Personbiler,Personbiler,2014M10,2014M10,10430,
N,Nye kjøretøy,20,Fossil,Personbiler,Personbiler,2014M11,2014M11,9034,
N,Nye kjøretøy,20,Fossil,Personbiler,Personbiler,2014M12,2014M12,10287,
N,Nye kjøretøy,20,Fossil,Personbiler,Personbiler,2015M01,2015M01,7538,
N,Nye kjøretøy,20,Fossil,Personbiler,Personbiler,2015M02,2015M02,7650,
N,Nye kjøretøy,20,Fossil,Personbiler,Personbiler,2015M03,2015M03,9396,
N,Nye kjøretøy,20,Fossil,Personbiler,Personbiler,2015M04,2015M04,9272,
N,Nye kjøretøy,20,Fossil,Personbiler,Personbiler,2015M05,2015M05,8500,
N,Nye kjøretøy,20,Fossil,Personbiler,Personbiler,2015M06,2015M06,9675,
N,Nye kjøretøy,20,Fossil,Personbiler,Personbiler,2015M07,2015M07,9063,
N,Nye kjøretøy,20,Fossil,Personbiler,Personbiler,2015M08,2015M08,9095,
N,Nye kjøretøy,20,Fossil,Personbiler,Personbiler,2015M09,2015M09,8748,
N,Nye kjøretøy,20,Fossil,Personbiler,Personbiler,2015M10,2015M10,9168,
N,Nye kjøretøy,20,Fossil,Personbiler,Personbiler,2015M11,2015M11,8619,
N,Nye kjøretøy,20,Fossil,Personbiler,Personbiler,2015M12,2015M12,9654,
N,Nye kjøretøy,20,Fossil,Personbiler,Personbiler,2016M01,2016M01,7115,
N,Nye kjøretøy,20,Fossil,Personbiler,Personbiler,2016M02,2016M02,7518,
N,Nye kjøretøy,20,Fossil,Personbiler,Personbiler,2016M03,2016M03,7907,
N,Nye kjøretøy,20,Fossil,Personbiler,Personbiler,2016M04,2016M04,8597,
N,Nye kjøretøy,20,Fossil,Personbiler,Personbiler,2016M05,2016M05,8014,
N,Nye kjøretøy,20,Fossil,Personbiler,Personbiler,2016M06,2016M06,8625,
N,Nye kjøretøy,20,Fossil,Personbiler,Personbiler,2016M07,2016M07,7050,
N,Nye kjøretøy,20,Fossil,Personbiler,Personbiler,2016M08,2016M08,7567,
N,Nye kjøretøy,20,Fossil,Personbiler,Personbiler,2016M09,2016M09,7253,
N,Nye kjøretøy,20,Fossil,Personbiler,Personbiler,2016M10,2016M10,6892,
N,Nye kjøretøy,20,Fossil,Personbiler,Personbiler,2016M11,2016M11,7383,
N,Nye kjøretøy,20,Fossil,Personbiler,Personbiler,2016M12,2016M12,8572,
N,Nye kjøretøy,20,Fossil,Personbiler,Personbiler,2017M01,2017M01,6367,
N,Nye kjøretøy,20,Fossil,Personbiler,Personbiler,2017M02,2017M02,6166,
N,Nye kjøretøy,20,Fossil,Personbiler,Personbiler,2017M03,2017M03,6844,
N,Nye kjøretøy,20,Fossil,Personbiler,Personbiler,2017M04,2017M04,6569,
N,Nye kjøretøy,20,Fossil,Personbiler,Personbiler,2017M05,2017M05,7708,
N,Nye kjøretøy,20,Fossil,Personbiler,Personbiler,2017M06,2017M06,6622,
N,Nye kjøretøy,20,Fossil,Personbiler,Personbiler,2017M07,2017M07,5759,
N,Nye kjøretøy,20,Fossil,Personbiler,Personbiler,2017M08,2017M08,6256,
N,Nye kjøretøy,20,Fossil,Personbiler,Personbiler,2017M09,2017M09,5412,
N,Nye kjøretøy,20,Fossil,Personbiler,Personbiler,2017M10,2017M10,5352,
N,Nye kjøretøy,20,Fossil,Personbiler,Personbiler,2017M11,2017M11,6255,
N,Nye kjøretøy,20,Fossil,Personbiler,Personbiler,2017M12,2017M12,6689,
N,Nye kjøretøy,20,Fossil,Personbiler,Personbiler,2018M01,2018M01,4295,
N,Nye kjøretøy,20,Fossil,Personbiler,Personbiler,2018M02,2018M02,4536,
N,Nye kjøretøy,20,Fossil,Personbiler,Personbiler,2018M03,2018M03,5177,
N,Nye kjøretøy,20,Fossil,Personbiler,Personbiler,2018M04,2018M04,6381,
N,Nye kjøretøy,20,Fossil,Personbiler,Personbiler,2018M05,2018M05,5704,
N,Nye kjøretøy,20,Fossil,Personbiler,Personbiler,2018M06,2018M06,6080,
N,Nye kjøretøy,20,Fossil,Personbiler,Personbiler,2018M07,2018M07,4587,
N,Nye kjøretøy,20,Fossil,Personbiler,Personbiler,2018M08,2018M08,6696,
N,Nye kjøretøy,20,Fossil,Personbiler,Personbiler,2018M09,2018M09,3000,
N,Nye kjøretøy,20,Fossil,Personbiler,Personbiler,2018M10,2018M10,3805,
N,Nye kjøretøy,20,Fossil,Personbiler,Personbiler,2018M11,2018M11,4149,
N,Nye kjøretøy,20,Fossil,Personbiler,Personbiler,2018M12,2018M12,4280,
N,Nye kjøretøy,20,Fossil,Personbiler,Personbiler,2019M01,2019M01,3243,
N,Nye kjøretøy,20,Fossil,Personbiler,Personbiler,2019M02,2019M02,3923,
N,Nye kjøretøy,20,Fossil,Personbiler,Personbiler,2019M03,2019M03,4093,
N,Nye kjøretøy,20,Fossil,Personbiler,Personbiler,2019M04,2019M04,4316,
N,Nye kjøretøy,20,Fossil,Personbiler,Personbiler,2019M05,2019M05,4574,
N,Nye kjøretøy,20,Fossil,Personbiler,Personbiler,2019M06,2019M06,4029,
N,Nye kjøretøy,20,Fossil,Personbiler,Personbiler,2019M07,2019M07,3116,
N,Nye kjøretøy,20,Fossil,Personbiler,Personbiler,2019M08,2019M08,4391,
N,Nye kjøretøy,20,Fossil,Personbiler,Personbiler,2019M09,2019M09,2403,
N,Nye kjøretøy,20,Fossil,Personbiler,Personbiler,2019M10,2019M10,2686,
N,Nye kjøretøy,20,Fossil,Personbiler,Personbiler,2019M11,2019M11,2424,
N,Nye kjøretøy,20,Fossil,Personbiler,Personbiler,2019M12,2019M12,3747,
N,Nye kjøretøy,20,Fossil,Personbiler,Personbiler,2020M01,2020M01,1867,
N,Nye kjøretøy,20,Fossil,Personbiler,Personbiler,2020M02,2020M02,1917,
N,Nye kjøretøy,20,Fossil,Personbiler,Personbiler,2020M03,2020M03,1917,
N,Nye kjøretøy,20,Fossil,Personbiler,Personbiler,2020M04,2020M04,1467,
N,Nye kjøretøy,20,Fossil,Personbiler,Personbiler,2020M05,2020M05,1556,
N,Nye kjøretøy,20,Fossil,Personbiler,Personbiler,2020M06,2020M06,2400,
N,Nye kjøretøy,20,Fossil,Personbiler,Personbiler,2020M07,2020M07,1966,
N,Nye kjøretøy,20,Fossil,Personbiler,Personbiler,2020M08,2020M08,1976,
N,Nye kjøretøy,20,Fossil,Personbiler,Personbiler,2020M09,2020M09,1393,
N,Nye kjøretøy,20,Fossil,Personbiler,Personbiler,2020M10,2020M10,1149,
N,Nye kjøretøy,20,Fossil,Personbiler,Personbiler,2020M11,2020M11,1064,
N,Nye kjøretøy,20,Fossil,Personbiler,Personbiler,2020M12,2020M12,1192,
N,Nye kjøretøy,20,Fossil,Personbiler,Personbiler,2021M01,2021M01,883,
N,Nye kjøretøy,20,Fossil,Personbiler,Personbiler,2021M02,2021M02,1011,
N,Nye kjøretøy,20,Fossil,Personbiler,Personbiler,2021M03,2021M03,977,
N,Nye kjøretøy,20,Fossil,Personbiler,Personbiler,2021M04,2021M04,1049,
N,Nye kjøretøy,20,Fossil,Personbiler,Personbiler,2021M05,2021M05,787,
N,Nye kjøretøy,20,Fossil,Personbiler,Personbiler,2021M06,2021M06,1154,
N,Nye kjøretøy,20,Fossil,Personbiler,Personbiler,2021M07,2021M07,643,
N,Nye kjøretøy,20,Fossil,Personbiler,Personbiler,2021M08,2021M08,963,
N,Nye kjøretøy,20,Fossil,Personbiler,Personbiler,2021M09,2021M09,615,
N,Nye kjøretøy,20,Fossil,Personbiler,Personbiler,2021M10,2021M10,455,
N,Nye kjøretøy,20,Fossil,Personbiler,Personbiler,2021M11,2021M11,551,
N,Nye kjøretøy,20,Fossil,Personbiler,Personbiler,2021M12,2021M12,983,
N,Nye kjøretøy,20,Fossil,Personbiler,Personbiler,2022M01,2022M01,271,
N,Nye kjøretøy,20,Fossil,Personbiler,Personbiler,2022M02,2022M02,532,
N,Nye kjøretøy,20,Fossil,Personbiler,Personbiler,2022M03,2022M03,536,
N,Nye kjøretøy,20,Fossil,Personbiler,Personbiler,2022M04,2022M04,517,
N,Nye kjøretøy,20,Fossil,Personbiler,Personbiler,2022M05,2022M05,548,
N,Nye kjøretøy,20,Fossil,Personbiler,Personbiler,2022M06,2022M06,714,
N,Nye kjøretøy,20,Fossil,Personbiler,Personbiler,2022M07,2022M07,454,
N,Nye kjøretøy,20,Fossil,Personbiler,Personbiler,2022M08,2022M08,596,
N,Nye kjøretøy,20,Fossil,Personbiler,Personbiler,2022M09,2022M09,577,
N,Nye kjøretøy,20,Fossil,Personbiler,Personbiler,2022M10,2022M10,581,
N,Nye kjøretøy,20,Fossil,Personbiler,Personbiler,2022M11,2022M11,510,
N,Nye kjøretøy,20,Fossil,Personbiler,Personbiler,2022M12,2022M12,1219,
N,Nye kjøretøy,20,Fossil,Personbiler,Personbiler,2023M01,2023M01,149,
N,Nye kjøretøy,20,Fossil,Personbiler,Personbiler,2023M02,2023M02,258,
N,Nye kjøretøy,20,Fossil,Personbiler,Personbiler,2023M03,2023M03,431,
N,Nye kjøretøy,20,Fossil,Personbiler,Personbiler,2023M04,2023M04,343,
N,Nye kjøretøy,20,Fossil,Personbiler,Personbiler,2023M05,2023M05,367,
N,Nye kjøretøy,20,Fossil,Personbiler,Personbiler,2023M06,2023M06,455,
N,Nye kjøretøy,20,Fossil,Personbiler,Personbiler,2023M07,2023M07,256,
N,Nye kjøretøy,20,Fossil,Personbiler,Personbiler,2023M08,2023M08,356,
N,Nye kjøretøy,20,Fossil,Personbiler,Personbiler,2023M09,2023M09,216,
N,Nye kjøretøy,20,Fossil,Personbiler,Personbiler,2023M10,2023M10,227,
N,Nye kjøretøy,20,Fossil,Personbiler,Personbiler,2023M11,2023M11,218,
N,Nye kjøretøy,20,Fossil,Personbiler,Personbiler,2023M12,2023M12,424,
N,Nye kjøretøy,20,Fossil,Personbiler,Personbiler,2024M01,2024M01,115,
N,Nye kjøretøy,20,Fossil,Personbiler,Personbiler,2024M02,2024M02,213,
N,Nye kjøretøy,20,Fossil,Personbiler,Personbiler,2024M03,2024M03,225,
N,Nye kjøretøy,20,Fossil,Personbiler,Personbiler,2024M04,2024M04,396,
N,Nye kjøretøy,20,Fossil,Personbiler,Personbiler,2024M05,2024M05,467,
N,Nye kjøretøy,20,Fossil,Personbiler,Personbiler,2024M06,2024M06,350,
N,Nye kjøretøy,20,Fossil,Personbiler,Personbiler,2024M07,2024M07,178,
N,Nye kjøretøy,20,Fossil,Personbiler,Personbiler,2024M08,2024M08,175,
N,Nye kjøretøy,20,Fossil,Personbiler,Personbiler,2024M09,2024M09,146,
N,Nye kjøretøy,20,Fossil,Personbiler,Personbiler,2024M10,2024M10,263,
N,Nye kjøretøy,20,Fossil,Personbiler,Personbiler,2024M11,2024M11,252,
N,Nye kjøretøy,20,Fossil,Personbiler,Personbiler,2024M12,2024M12,318,
N,Nye kjøretøy,20,Fossil,Personbiler,Personbiler,2025M01,2025M01,139,
N,Nye kjøretøy,20,Fossil,Personbiler,Personbiler,2025M02,2025M02,148,
N,Nye kjøretøy,20,Fossil,Personbiler,Personbiler,2025M03,2025M03,242,
N,Nye kjøretøy,20,Fossil,Personbiler,Personbiler,2025M04,2025M04,178,
N,Nye kjøretøy,20,Fossil,Personbiler,Personbiler,2025M05,2025M05,179,
N,Nye kjøretøy,20,Fossil,Personbiler,Personbiler,2025M06,2025M06,169,
N,Nye kjøretøy,20,Fossil,Personbiler,Personbiler,2025M07,2025M07,95,
N,Nye kjøretøy,20,Fossil,Personbiler,Personbiler,2025M08,2025M08,132,
N,Nye kjøretøy,20,Fossil,Personbiler,Personbiler,2025M09,2025M09,109,
N,Nye kjøretøy,20,Fossil,Personbiler,Personbiler,2025M10,2025M10,127,
N,Nye kjøretøy,20,Fossil,Personbiler,Personbiler,2025M11,2025M11,140,
N,Nye kjøretøy,20,Fossil,Personbiler,Personbiler,2025M12,2025M12,181,
N,Nye kjøretøy,20,Fossil,Personbiler,Personbiler,2026M01,2026M01,94,
N,Nye kjøretøy,20,Fossil,Personbiler,Personbiler,2026M02,2026M02,67,
N,Nye kjøretøy,20,Fossil,Personbiler,Personbiler,2026M03,2026M03,135,
N,Nye kjøretøy,20,Fossil,Personbiler,Personbiler,2026M04,2026M04,104,
N,Nye kjøretøy,20,Fossil,Personbiler,Personbiler,2026M05,2026M05,124,
N,Nye kjøretøy,20,Fossil,Personbiler,Personbiler,2026M06,2026M06,163,
N,Nye kjøretøy,20,Fossil,Personbiler,Personbiler,2026M07,2026M07,80,
N,Nye kjøretøy,20,Fossil,VareCampBiler,Vare- og campingbiler,1995M01,1995M01,1927,
N,Nye kjøretøy,20,Fossil,VareCampBiler,Vare- og campingbiler,1995M02,1995M02,1509,
N,Nye kjøretøy,20,Fossil,VareCampBiler,Vare- og campingbiler,1995M03,1995M03,1936,
N,Nye kjøretøy,20,Fossil,VareCampBiler,Vare- og campingbiler,1995M04,1995M04,1288,
N,Nye kjøretøy,20,Fossil,VareCampBiler,Vare- og campingbiler,1995M05,1995M05,1631,
N,Nye kjøretøy,20,Fossil,VareCampBiler,Vare- og campingbiler,1995M06,1995M06,1553,
N,Nye kjøretøy,20,Fossil,VareCampBiler,Vare- og campingbiler,1995M07,1995M07,1476,
N,Nye kjøretøy,20,Fossil,VareCampBiler,Vare- og campingbiler,1995M08,1995M08,1586,
N,Nye kjøretøy,20,Fossil,VareCampBiler,Vare- og campingbiler,1995M09,1995M09,1754,
N,Nye kjøretøy,20,Fossil,VareCampBiler,Vare- og campingbiler,1995M10,1995M10,1874,
N,Nye kjøretøy,20,Fossil,VareCampBiler,Vare- og campingbiler,1995M11,1995M11,2563,
N,Nye kjøretøy,20,Fossil,VareCampBiler,Vare- og campingbiler,1995M12,1995M12,2018,
N,Nye kjøretøy,20,Fossil,VareCampBiler,Vare- og campingbiler,1996M01,1996M01,1706,
N,Nye kjøretøy,20,Fossil,VareCampBiler,Vare- og campingbiler,1996M02,1996M02,1439,
N,Nye kjøretøy,20,Fossil,VareCampBiler,Vare- og campingbiler,1996M03,1996M03,1631,
N,Nye kjøretøy,20,Fossil,VareCampBiler,Vare- og campingbiler,1996M04,1996M04,1438,
N,Nye kjøretøy,20,Fossil,VareCampBiler,Vare- og campingbiler,1996M05,1996M05,1671,
N,Nye kjøretøy,20,Fossil,VareCampBiler,Vare- og campingbiler,1996M06,1996M06,1622,
N,Nye kjøretøy,20,Fossil,VareCampBiler,Vare- og campingbiler,1996M07,1996M07,1649,
N,Nye kjøretøy,20,Fossil,VareCampBiler,Vare- og campingbiler,1996M08,1996M08,1489,
N,Nye kjøretøy,20,Fossil,VareCampBiler,Vare- og campingbiler,1996M09,1996M09,1444,
N,Nye kjøretøy,20,Fossil,VareCampBiler,Vare- og campingbiler,1996M10,1996M10,2071,
N,Nye kjøretøy,20,Fossil,VareCampBiler,Vare- og campingbiler,1996M11,1996M11,1987,
N,Nye kjøretøy,20,Fossil,VareCampBiler,Vare- og campingbiler,1996M12,1996M12,2031,
N,Nye kjøretøy,20,Fossil,VareCampBiler,Vare- og campingbiler,1997M01,1997M01,2083,
N,Nye kjøretøy,20,Fossil,VareCampBiler,Vare- og campingbiler,1997M02,1997M02,1514,
N,Nye kjøretøy,20,Fossil,VareCampBiler,Vare- og campingbiler,1997M03,1997M03,1379,
N,Nye kjøretøy,20,Fossil,VareCampBiler,Vare- og campingbiler,1997M04,1997M04,1745,
N,Nye kjøretøy,20,Fossil,VareCampBiler,Vare- og campingbiler,1997M05,1997M05,1622,
N,Nye kjøretøy,20,Fossil,VareCampBiler,Vare- og campingbiler,1997M06,1997M06,1677,
N,Nye kjøretøy,20,Fossil,VareCampBiler,Vare- og campingbiler,1997M07,1997M07,1730,
N,Nye kjøretøy,20,Fossil,VareCampBiler,Vare- og campingbiler,1997M08,1997M08,1623,
N,Nye kjøretøy,20,Fossil,VareCampBiler,Vare- og campingbiler,1997M09,1997M09,1872,
N,Nye kjøretøy,20,Fossil,VareCampBiler,Vare- og campingbiler,1997M10,1997M10,2012,
N,Nye kjøretøy,20,Fossil,VareCampBiler,Vare- og campingbiler,1997M11,1997M11,2098,
N,Nye kjøretøy,20,Fossil,VareCampBiler,Vare- og campingbiler,1997M12,1997M12,2053,
N,Nye kjøretøy,20,Fossil,VareCampBiler,Vare- og campingbiler,1998M01,1998M01,1982,
N,Nye kjøretøy,20,Fossil,VareCampBiler,Vare- og campingbiler,1998M02,1998M02,1644,
N,Nye kjøretøy,20,Fossil,VareCampBiler,Vare- og campingbiler,1998M03,1998M03,1930,
N,Nye kjøretøy,20,Fossil,VareCampBiler,Vare- og campingbiler,1998M04,1998M04,1758,
N,Nye kjøretøy,20,Fossil,VareCampBiler,Vare- og campingbiler,1998M05,1998M05,1761,
N,Nye kjøretøy,20,Fossil,VareCampBiler,Vare- og campingbiler,1998M06,1998M06,1575,
N,Nye kjøretøy,20,Fossil,VareCampBiler,Vare- og campingbiler,1998M07,1998M07,1742,
N,Nye kjøretøy,20,Fossil,VareCampBiler,Vare- og campingbiler,1998M08,1998M08,1750,
N,Nye kjøretøy,20,Fossil,VareCampBiler,Vare- og campingbiler,1998M09,1998M09,1902,
N,Nye kjøretøy,20,Fossil,VareCampBiler,Vare- og campingbiler,1998M10,1998M10,1832,
N,Nye kjøretøy,20,Fossil,VareCampBiler,Vare- og campingbiler,1998M11,1998M11,1699,
N,Nye kjøretøy,20,Fossil,VareCampBiler,Vare- og campingbiler,1998M12,1998M12,1561,
N,Nye kjøretøy,20,Fossil,VareCampBiler,Vare- og campingbiler,1999M01,1999M01,1765,
N,Nye kjøretøy,20,Fossil,VareCampBiler,Vare- og campingbiler,1999M02,1999M02,1432,
N,Nye kjøretøy,20,Fossil,VareCampBiler,Vare- og campingbiler,1999M03,1999M03,1554,
N,Nye kjøretøy,20,Fossil,VareCampBiler,Vare- og campingbiler,1999M04,1999M04,1431,
N,Nye kjøretøy,20,Fossil,VareCampBiler,Vare- og campingbiler,1999M05,1999M05,1329,
N,Nye kjøretøy,20,Fossil,VareCampBiler,Vare- og campingbiler,1999M06,1999M06,1409,
N,Nye kjøretøy,20,Fossil,VareCampBiler,Vare- og campingbiler,1999M07,1999M07,1451,
N,Nye kjøretøy,20,Fossil,VareCampBiler,Vare- og campingbiler,1999M08,1999M08,1453,
N,Nye kjøretøy,20,Fossil,VareCampBiler,Vare- og campingbiler,1999M09,1999M09,1614,
N,Nye kjøretøy,20,Fossil,VareCampBiler,Vare- og campingbiler,1999M10,1999M10,1761,
N,Nye kjøretøy,20,Fossil,VareCampBiler,Vare- og campingbiler,1999M11,1999M11,1904,
N,Nye kjøretøy,20,Fossil,VareCampBiler,Vare- og campingbiler,1999M12,1999M12,1852,
N,Nye kjøretøy,20,Fossil,VareCampBiler,Vare- og campingbiler,2000M01,2000M01,1897,
N,Nye kjøretøy,20,Fossil,VareCampBiler,Vare- og campingbiler,2000M02,2000M02,1557,
N,Nye kjøretøy,20,Fossil,VareCampBiler,Vare- og campingbiler,2000M03,2000M03,1814,
N,Nye kjøretøy,20,Fossil,VareCampBiler,Vare- og campingbiler,2000M04,2000M04,1377,
N,Nye kjøretøy,20,Fossil,VareCampBiler,Vare- og campingbiler,2000M05,2000M05,1622,
N,Nye kjøretøy,20,Fossil,VareCampBiler,Vare- og campingbiler,2000M06,2000M06,1592,
N,Nye kjøretøy,20,Fossil,VareCampBiler,Vare- og campingbiler,2000M07,2000M07,1512,
N,Nye kjøretøy,20,Fossil,VareCampBiler,Vare- og campingbiler,2000M08,2000M08,1638,
N,Nye kjøretøy,20,Fossil,VareCampBiler,Vare- og campingbiler,2000M09,2000M09,1480,
N,Nye kjøretøy,20,Fossil,VareCampBiler,Vare- og campingbiler,2000M10,2000M10,1716,
N,Nye kjøretøy,20,Fossil,VareCampBiler,Vare- og campingbiler,2000M11,2000M11,1767,
N,Nye kjøretøy,20,Fossil,VareCampBiler,Vare- og campingbiler,2000M12,2000M12,2100,
N,Nye kjøretøy,20,Fossil,VareCampBiler,Vare- og campingbiler,2001M01,2001M01,1689,
N,Nye kjøretøy,20,Fossil,VareCampBiler,Vare- og campingbiler,2001M02,2001M02,1558,
N,Nye kjøretøy,20,Fossil,VareCampBiler,Vare- og campingbiler,2001M03,2001M03,1960,
N,Nye kjøretøy,20,Fossil,VareCampBiler,Vare- og campingbiler,2001M04,2001M04,1399,
N,Nye kjøretøy,20,Fossil,VareCampBiler,Vare- og campingbiler,2001M05,2001M05,1616,
N,Nye kjøretøy,20,Fossil,VareCampBiler,Vare- og campingbiler,2001M06,2001M06,1265,
N,Nye kjøretøy,20,Fossil,VareCampBiler,Vare- og campingbiler,2001M07,2001M07,3437,
N,Nye kjøretøy,20,Fossil,VareCampBiler,Vare- og campingbiler,2001M08,2001M08,2423,
N,Nye kjøretøy,20,Fossil,VareCampBiler,Vare- og campingbiler,2001M09,2001M09,1848,
N,Nye kjøretøy,20,Fossil,VareCampBiler,Vare- og campingbiler,2001M10,2001M10,1651,
N,Nye kjøretøy,20,Fossil,VareCampBiler,Vare- og campingbiler,2001M11,2001M11,1551,
N,Nye kjøretøy,20,Fossil,VareCampBiler,Vare- og campingbiler,2001M12,2001M12,1448,
N,Nye kjøretøy,20,Fossil,VareCampBiler,Vare- og campingbiler,2002M01,2002M01,1544,
N,Nye kjøretøy,20,Fossil,VareCampBiler,Vare- og campingbiler,2002M02,2002M02,1436,
N,Nye kjøretøy,20,Fossil,VareCampBiler,Vare- og campingbiler,2002M03,2002M03,1275,
N,Nye kjøretøy,20,Fossil,VareCampBiler,Vare- og campingbiler,2002M04,2002M04,1618,
N,Nye kjøretøy,20,Fossil,VareCampBiler,Vare- og campingbiler,2002M05,2002M05,1698,
N,Nye kjøretøy,20,Fossil,VareCampBiler,Vare- og campingbiler,2002M06,2002M06,1427,
N,Nye kjøretøy,20,Fossil,VareCampBiler,Vare- og campingbiler,2002M07,2002M07,1343,
N,Nye kjøretøy,20,Fossil,VareCampBiler,Vare- og campingbiler,2002M08,2002M08,1435,
N,Nye kjøretøy,20,Fossil,VareCampBiler,Vare- og campingbiler,2002M09,2002M09,1371,
N,Nye kjøretøy,20,Fossil,VareCampBiler,Vare- og campingbiler,2002M10,2002M10,1871,
N,Nye kjøretøy,20,Fossil,VareCampBiler,Vare- og campingbiler,2002M11,2002M11,1783,
N,Nye kjøretøy,20,Fossil,VareCampBiler,Vare- og campingbiler,2002M12,2002M12,1352,
N,Nye kjøretøy,20,Fossil,VareCampBiler,Vare- og campingbiler,2003M01,2003M01,1614,
N,Nye kjøretøy,20,Fossil,VareCampBiler,Vare- og campingbiler,2003M02,2003M02,1607,
N,Nye kjøretøy,20,Fossil,VareCampBiler,Vare- og campingbiler,2003M03,2003M03,1727,
N,Nye kjøretøy,20,Fossil,VareCampBiler,Vare- og campingbiler,2003M04,2003M04,1563,
N,Nye kjøretøy,20,Fossil,VareCampBiler,Vare- og campingbiler,2003M05,2003M05,1504,
N,Nye kjøretøy,20,Fossil,VareCampBiler,Vare- og campingbiler,2003M06,2003M06,1620,
N,Nye kjøretøy,20,Fossil,VareCampBiler,Vare- og campingbiler,2003M07,2003M07,1484,
N,Nye kjøretøy,20,Fossil,VareCampBiler,Vare- og campingbiler,2003M08,2003M08,1482,
N,Nye kjøretøy,20,Fossil,VareCampBiler,Vare- og campingbiler,2003M09,2003M09,1766,
N,Nye kjøretøy,20,Fossil,VareCampBiler,Vare- og campingbiler,2003M10,2003M10,1750,
N,Nye kjøretøy,20,Fossil,VareCampBiler,Vare- og campingbiler,2003M11,2003M11,1971,
N,Nye kjøretøy,20,Fossil,VareCampBiler,Vare- og campingbiler,2003M12,2003M12,1518,
N,Nye kjøretøy,20,Fossil,VareCampBiler,Vare- og campingbiler,2004M01,2004M01,1595,
N,Nye kjøretøy,20,Fossil,VareCampBiler,Vare- og campingbiler,2004M02,2004M02,1517,
N,Nye kjøretøy,20,Fossil,VareCampBiler,Vare- og campingbiler,2004M03,2004M03,2037,
N,Nye kjøretøy,20,Fossil,VareCampBiler,Vare- og campingbiler,2004M04,2004M04,1897,
N,Nye kjøretøy,20,Fossil,VareCampBiler,Vare- og campingbiler,2004M05,2004M05,1895,
N,Nye kjøretøy,20,Fossil,VareCampBiler,Vare- og campingbiler,2004M06,2004M06,2011,
N,Nye kjøretøy,20,Fossil,VareCampBiler,Vare- og campingbiler,2004M07,2004M07,1932,
N,Nye kjøretøy,20,Fossil,VareCampBiler,Vare- og campingbiler,2004M08,2004M08,2095,
N,Nye kjøretøy,20,Fossil,VareCampBiler,Vare- og campingbiler,2004M09,2004M09,2067,
N,Nye kjøretøy,20,Fossil,VareCampBiler,Vare- og campingbiler,2004M10,2004M10,2138,
N,Nye kjøretøy,20,Fossil,VareCampBiler,Vare- og campingbiler,2004M11,2004M11,2103,
N,Nye kjøretøy,20,Fossil,VareCampBiler,Vare- og campingbiler,2004M12,2004M12,2601,
N,Nye kjøretøy,20,Fossil,VareCampBiler,Vare- og campingbiler,2005M01,2005M01,2035,
N,Nye kjøretøy,20,Fossil,VareCampBiler,Vare- og campingbiler,2005M02,2005M02,2105,
N,Nye kjøretøy,20,Fossil,VareCampBiler,Vare- og campingbiler,2005M03,2005M03,2289,
N,Nye kjøretøy,20,Fossil,VareCampBiler,Vare- og campingbiler,2005M04,2005M04,2618,
N,Nye kjøretøy,20,Fossil,VareCampBiler,Vare- og campingbiler,2005M05,2005M05,2185,
N,Nye kjøretøy,20,Fossil,VareCampBiler,Vare- og campingbiler,2005M06,2005M06,2343,
N,Nye kjøretøy,20,Fossil,VareCampBiler,Vare- og campingbiler,2005M07,2005M07,2011,
N,Nye kjøretøy,20,Fossil,VareCampBiler,Vare- og campingbiler,2005M08,2005M08,2341,
N,Nye kjøretøy,20,Fossil,VareCampBiler,Vare- og campingbiler,2005M09,2005M09,2236,
N,Nye kjøretøy,20,Fossil,VareCampBiler,Vare- og campingbiler,2005M10,2005M10,2209,
N,Nye kjøretøy,20,Fossil,VareCampBiler,Vare- og campingbiler,2005M11,2005M11,2413,
N,Nye kjøretøy,20,Fossil,VareCampBiler,Vare- og campingbiler,2005M12,2005M12,2629,
N,Nye kjøretøy,20,Fossil,VareCampBiler,Vare- og campingbiler,2006M01,2006M01,2543,
N,Nye kjøretøy,20,Fossil,VareCampBiler,Vare- og campingbiler,2006M02,2006M02,2321,
N,Nye kjøretøy,20,Fossil,VareCampBiler,Vare- og campingbiler,2006M03,2006M03,2738,
N,Nye kjøretøy,20,Fossil,VareCampBiler,Vare- og campingbiler,2006M04,2006M04,2081,
N,Nye kjøretøy,20,Fossil,VareCampBiler,Vare- og campingbiler,2006M05,2006M05,2680,
N,Nye kjøretøy,20,Fossil,VareCampBiler,Vare- og campingbiler,2006M06,2006M06,2657,
N,Nye kjøretøy,20,Fossil,VareCampBiler,Vare- og campingbiler,2006M07,2006M07,2179,
N,Nye kjøretøy,20,Fossil,VareCampBiler,Vare- og campingbiler,2006M08,2006M08,2602,
N,Nye kjøretøy,20,Fossil,VareCampBiler,Vare- og campingbiler,2006M09,2006M09,2563,
N,Nye kjøretøy,20,Fossil,VareCampBiler,Vare- og campingbiler,2006M10,2006M10,2488,
N,Nye kjøretøy,20,Fossil,VareCampBiler,Vare- og campingbiler,2006M11,2006M11,3359,
N,Nye kjøretøy,20,Fossil,VareCampBiler,Vare- og campingbiler,2006M12,2006M12,4518,
N,Nye kjøretøy,20,Fossil,VareCampBiler,Vare- og campingbiler,2007M01,2007M01,2585,
N,Nye kjøretøy,20,Fossil,VareCampBiler,Vare- og campingbiler,2007M02,2007M02,2587,
N,Nye kjøretøy,20,Fossil,VareCampBiler,Vare- og campingbiler,2007M03,2007M03,3248,
N,Nye kjøretøy,20,Fossil,VareCampBiler,Vare- og campingbiler,2007M04,2007M04,2487,
N,Nye kjøretøy,20,Fossil,VareCampBiler,Vare- og campingbiler,2007M05,2007M05,3615,
N,Nye kjøretøy,20,Fossil,VareCampBiler,Vare- og campingbiler,2007M06,2007M06,3040,
N,Nye kjøretøy,20,Fossil,VareCampBiler,Vare- og campingbiler,2007M07,2007M07,2418,
N,Nye kjøretøy,20,Fossil,VareCampBiler,Vare- og campingbiler,2007M08,2007M08,3227,
N,Nye kjøretøy,20,Fossil,VareCampBiler,Vare- og campingbiler,2007M09,2007M09,2786,
N,Nye kjøretøy,20,Fossil,VareCampBiler,Vare- og campingbiler,2007M10,2007M10,3058,
N,Nye kjøretøy,20,Fossil,VareCampBiler,Vare- og campingbiler,2007M11,2007M11,3345,
N,Nye kjøretøy,20,Fossil,VareCampBiler,Vare- og campingbiler,2007M12,2007M12,4436,
N,Nye kjøretøy,20,Fossil,VareCampBiler,Vare- og campingbiler,2008M01,2008M01,2062,
N,Nye kjøretøy,20,Fossil,VareCampBiler,Vare- og campingbiler,2008M02,2008M02,2666,
N,Nye kjøretøy,20,Fossil,VareCampBiler,Vare- og campingbiler,2008M03,2008M03,2488,
N,Nye kjøretøy,20,Fossil,VareCampBiler,Vare- og campingbiler,2008M04,2008M04,3343,
N,Nye kjøretøy,20,Fossil,VareCampBiler,Vare- og campingbiler,2008M05,2008M05,2958,
N,Nye kjøretøy,20,Fossil,VareCampBiler,Vare- og campingbiler,2008M06,2008M06,2573,
N,Nye kjøretøy,20,Fossil,VareCampBiler,Vare- og campingbiler,2008M07,2008M07,2112,
N,Nye kjøretøy,20,Fossil,VareCampBiler,Vare- og campingbiler,2008M08,2008M08,2528,
N,Nye kjøretøy,20,Fossil,VareCampBiler,Vare- og campingbiler,2008M09,2008M09,2290,
N,Nye kjøretøy,20,Fossil,VareCampBiler,Vare- og campingbiler,2008M10,2008M10,2215,
N,Nye kjøretøy,20,Fossil,VareCampBiler,Vare- og campingbiler,2008M11,2008M11,1986,
N,Nye kjøretøy,20,Fossil,VareCampBiler,Vare- og campingbiler,2008M12,2008M12,2190,
N,Nye kjøretøy,20,Fossil,VareCampBiler,Vare- og campingbiler,2009M01,2009M01,1431,
N,Nye kjøretøy,20,Fossil,VareCampBiler,Vare- og campingbiler,2009M02,2009M02,1569,
N,Nye kjøretøy,20,Fossil,VareCampBiler,Vare- og campingbiler,2009M03,2009M03,1854,
N,Nye kjøretøy,20,Fossil,VareCampBiler,Vare- og campingbiler,2009M04,2009M04,1619,
N,Nye kjøretøy,20,Fossil,VareCampBiler,Vare- og campingbiler,2009M05,2009M05,1704,
N,Nye kjøretøy,20,Fossil,VareCampBiler,Vare- og campingbiler,2009M06,2009M06,1707,
N,Nye kjøretøy,20,Fossil,VareCampBiler,Vare- og campingbiler,2009M07,2009M07,1483,
N,Nye kjøretøy,20,Fossil,VareCampBiler,Vare- og campingbiler,2009M08,2009M08,1750,
N,Nye kjøretøy,20,Fossil,VareCampBiler,Vare- og campingbiler,2009M09,2009M09,1895,
N,Nye kjøretøy,20,Fossil,VareCampBiler,Vare- og campingbiler,2009M10,2009M10,1894,
N,Nye kjøretøy,20,Fossil,VareCampBiler,Vare- og campingbiler,2009M11,2009M11,1898,
N,Nye kjøretøy,20,Fossil,VareCampBiler,Vare- og campingbiler,2009M12,2009M12,2224,
N,Nye kjøretøy,20,Fossil,VareCampBiler,Vare- og campingbiler,2010M01,2010M01,1755,
N,Nye kjøretøy,20,Fossil,VareCampBiler,Vare- og campingbiler,2010M02,2010M02,1855,
N,Nye kjøretøy,20,Fossil,VareCampBiler,Vare- og campingbiler,2010M03,2010M03,2364,
N,Nye kjøretøy,20,Fossil,VareCampBiler,Vare- og campingbiler,2010M04,2010M04,2507,
N,Nye kjøretøy,20,Fossil,VareCampBiler,Vare- og campingbiler,2010M05,2010M05,2269,
N,Nye kjøretøy,20,Fossil,VareCampBiler,Vare- og campingbiler,2010M06,2010M06,2315,
N,Nye kjøretøy,20,Fossil,VareCampBiler,Vare- og campingbiler,2010M07,2010M07,1956,
N,Nye kjøretøy,20,Fossil,VareCampBiler,Vare- og campingbiler,2010M08,2010M08,2303,
N,Nye kjøretøy,20,Fossil,VareCampBiler,Vare- og campingbiler,2010M09,2010M09,2241,
N,Nye kjøretøy,20,Fossil,VareCampBiler,Vare- og campingbiler,2010M10,2010M10,2070,
N,Nye kjøretøy,20,Fossil,VareCampBiler,Vare- og campingbiler,2010M11,2010M11,2458,
N,Nye kjøretøy,20,Fossil,VareCampBiler,Vare- og campingbiler,2010M12,2010M12,2501,
N,Nye kjøretøy,20,Fossil,VareCampBiler,Vare- og campingbiler,2011M01,2011M01,2317,
N,Nye kjøretøy,20,Fossil,VareCampBiler,Vare- og campingbiler,2011M02,2011M02,2336,
N,Nye kjøretøy,20,Fossil,VareCampBiler,Vare- og campingbiler,2011M03,2011M03,2963,
N,Nye kjøretøy,20,Fossil,VareCampBiler,Vare- og campingbiler,2011M04,2011M04,2470,
N,Nye kjøretøy,20,Fossil,VareCampBiler,Vare- og campingbiler,2011M05,2011M05,3192,
N,Nye kjøretøy,20,Fossil,VareCampBiler,Vare- og campingbiler,2011M06,2011M06,2686,
N,Nye kjøretøy,20,Fossil,VareCampBiler,Vare- og campingbiler,2011M07,2011M07,2282,
N,Nye kjøretøy,20,Fossil,VareCampBiler,Vare- og campingbiler,2011M08,2011M08,2699,
N,Nye kjøretøy,20,Fossil,VareCampBiler,Vare- og campingbiler,2011M09,2011M09,2733,
N,Nye kjøretøy,20,Fossil,VareCampBiler,Vare- og campingbiler,2011M10,2011M10,2731,
N,Nye kjøretøy,20,Fossil,VareCampBiler,Vare- og campingbiler,2011M11,2011M11,3305,
N,Nye kjøretøy,20,Fossil,VareCampBiler,Vare- og campingbiler,2011M12,2011M12,3729,
N,Nye kjøretøy,20,Fossil,VareCampBiler,Vare- og campingbiler,2012M01,2012M01,2090,
N,Nye kjøretøy,20,Fossil,VareCampBiler,Vare- og campingbiler,2012M02,2012M02,2575,
N,Nye kjøretøy,20,Fossil,VareCampBiler,Vare- og campingbiler,2012M03,2012M03,3042,
N,Nye kjøretøy,20,Fossil,VareCampBiler,Vare- og campingbiler,2012M04,2012M04,2501,
N,Nye kjøretøy,20,Fossil,VareCampBiler,Vare- og campingbiler,2012M05,2012M05,2741,
N,Nye kjøretøy,20,Fossil,VareCampBiler,Vare- og campingbiler,2012M06,2012M06,2476,
N,Nye kjøretøy,20,Fossil,VareCampBiler,Vare- og campingbiler,2012M07,2012M07,2161,
N,Nye kjøretøy,20,Fossil,VareCampBiler,Vare- og campingbiler,2012M08,2012M08,2997,
N,Nye kjøretøy,20,Fossil,VareCampBiler,Vare- og campingbiler,2012M09,2012M09,2500,
N,Nye kjøretøy,20,Fossil,VareCampBiler,Vare- og campingbiler,2012M10,2012M10,2826,
N,Nye kjøretøy,20,Fossil,VareCampBiler,Vare- og campingbiler,2012M11,2012M11,2591,
N,Nye kjøretøy,20,Fossil,VareCampBiler,Vare- og campingbiler,2012M12,2012M12,2498,
N,Nye kjøretøy,20,Fossil,VareCampBiler,Vare- og campingbiler,2013M01,2013M01,2574,
N,Nye kjøretøy,20,Fossil,VareCampBiler,Vare- og campingbiler,2013M02,2013M02,2339,
N,Nye kjøretøy,20,Fossil,VareCampBiler,Vare- og campingbiler,2013M03,2013M03,2505,
N,Nye kjøretøy,20,Fossil,VareCampBiler,Vare- og campingbiler,2013M04,2013M04,3289,
N,Nye kjøretøy,20,Fossil,VareCampBiler,Vare- og campingbiler,2013M05,2013M05,2490,
N,Nye kjøretøy,20,Fossil,VareCampBiler,Vare- og campingbiler,2013M06,2013M06,2625,
N,Nye kjøretøy,20,Fossil,VareCampBiler,Vare- og campingbiler,2013M07,2013M07,2173,
N,Nye kjøretøy,20,Fossil,VareCampBiler,Vare- og campingbiler,2013M08,2013M08,2653,
N,Nye kjøretøy,20,Fossil,VareCampBiler,Vare- og campingbiler,2013M09,2013M09,2303,
N,Nye kjøretøy,20,Fossil,VareCampBiler,Vare- og campingbiler,2013M10,2013M10,2597,
N,Nye kjøretøy,20,Fossil,VareCampBiler,Vare- og campingbiler,2013M11,2013M11,2310,
N,Nye kjøretøy,20,Fossil,VareCampBiler,Vare- og campingbiler,2013M12,2013M12,2956,
N,Nye kjøretøy,20,Fossil,VareCampBiler,Vare- og campingbiler,2014M01,2014M01,1928,
N,Nye kjøretøy,20,Fossil,VareCampBiler,Vare- og campingbiler,2014M02,2014M02,2190,
N,Nye kjøretøy,20,Fossil,VareCampBiler,Vare- og campingbiler,2014M03,2014M03,2766,
N,Nye kjøretøy,20,Fossil,VareCampBiler,Vare- og campingbiler,2014M04,2014M04,2642,
N,Nye kjøretøy,20,Fossil,VareCampBiler,Vare- og campingbiler,2014M05,2014M05,2675,
N,Nye kjøretøy,20,Fossil,VareCampBiler,Vare- og campingbiler,2014M06,2014M06,2562,
N,Nye kjøretøy,20,Fossil,VareCampBiler,Vare- og campingbiler,2014M07,2014M07,1955,
N,Nye kjøretøy,20,Fossil,VareCampBiler,Vare- og campingbiler,2014M08,2014M08,2821,
N,Nye kjøretøy,20,Fossil,VareCampBiler,Vare- og campingbiler,2014M09,2014M09,2350,
N,Nye kjøretøy,20,Fossil,VareCampBiler,Vare- og campingbiler,2014M10,2014M10,2741,
N,Nye kjøretøy,20,Fossil,VareCampBiler,Vare- og campingbiler,2014M11,2014M11,2499,
N,Nye kjøretøy,20,Fossil,VareCampBiler,Vare- og campingbiler,2014M12,2014M12,2516,
N,Nye kjøretøy,20,Fossil,VareCampBiler,Vare- og campingbiler,2015M01,2015M01,2241,
N,Nye kjøretøy,20,Fossil,VareCampBiler,Vare- og campingbiler,2015M02,2015M02,2451,
N,Nye kjøretøy,20,Fossil,VareCampBiler,Vare- og campingbiler,2015M03,2015M03,2847,
N,Nye kjøretøy,20,Fossil,VareCampBiler,Vare- og campingbiler,2015M04,2015M04,2946,
N,Nye kjøretøy,20,Fossil,VareCampBiler,Vare- og campingbiler,2015M05,2015M05,2733,
N,Nye kjøretøy,20,Fossil,VareCampBiler,Vare- og campingbiler,2015M06,2015M06,2647,
N,Nye kjøretøy,20,Fossil,VareCampBiler,Vare- og campingbiler,2015M07,2015M07,2159,
N,Nye kjøretøy,20,Fossil,VareCampBiler,Vare- og campingbiler,2015M08,2015M08,2592,
N,Nye kjøretøy,20,Fossil,VareCampBiler,Vare- og campingbiler,2015M09,2015M09,2438,
N,Nye kjøretøy,20,Fossil,VareCampBiler,Vare- og campingbiler,2015M10,2015M10,2891,
N,Nye kjøretøy,20,Fossil,VareCampBiler,Vare- og campingbiler,2015M11,2015M11,2862,
N,Nye kjøretøy,20,Fossil,VareCampBiler,Vare- og campingbiler,2015M12,2015M12,4357,
N,Nye kjøretøy,20,Fossil,VareCampBiler,Vare- og campingbiler,2016M01,2016M01,1836,
N,Nye kjøretøy,20,Fossil,VareCampBiler,Vare- og campingbiler,2016M02,2016M02,2444,
N,Nye kjøretøy,20,Fossil,VareCampBiler,Vare- og campingbiler,2016M03,2016M03,2753,
N,Nye kjøretøy,20,Fossil,VareCampBiler,Vare- og campingbiler,2016M04,2016M04,3176,
N,Nye kjøretøy,20,Fossil,VareCampBiler,Vare- og campingbiler,2016M05,2016M05,2661,
N,Nye kjøretøy,20,Fossil,VareCampBiler,Vare- og campingbiler,2016M06,2016M06,2992,
N,Nye kjøretøy,20,Fossil,VareCampBiler,Vare- og campingbiler,2016M07,2016M07,2262,
N,Nye kjøretøy,20,Fossil,VareCampBiler,Vare- og campingbiler,2016M08,2016M08,3569,
N,Nye kjøretøy,20,Fossil,VareCampBiler,Vare- og campingbiler,2016M09,2016M09,2844,
N,Nye kjøretøy,20,Fossil,VareCampBiler,Vare- og campingbiler,2016M10,2016M10,2839,
N,Nye kjøretøy,20,Fossil,VareCampBiler,Vare- og campingbiler,2016M11,2016M11,3379,
N,Nye kjøretøy,20,Fossil,VareCampBiler,Vare- og campingbiler,2016M12,2016M12,5273,
N,Nye kjøretøy,20,Fossil,VareCampBiler,Vare- og campingbiler,2017M01,2017M01,1839,
N,Nye kjøretøy,20,Fossil,VareCampBiler,Vare- og campingbiler,2017M02,2017M02,2596,
N,Nye kjøretøy,20,Fossil,VareCampBiler,Vare- og campingbiler,2017M03,2017M03,3507,
N,Nye kjøretøy,20,Fossil,VareCampBiler,Vare- og campingbiler,2017M04,2017M04,2841,
N,Nye kjøretøy,20,Fossil,VareCampBiler,Vare- og campingbiler,2017M05,2017M05,3411,
N,Nye kjøretøy,20,Fossil,VareCampBiler,Vare- og campingbiler,2017M06,2017M06,3360,
N,Nye kjøretøy,20,Fossil,VareCampBiler,Vare- og campingbiler,2017M07,2017M07,2587,
N,Nye kjøretøy,20,Fossil,VareCampBiler,Vare- og campingbiler,2017M08,2017M08,3688,
N,Nye kjøretøy,20,Fossil,VareCampBiler,Vare- og campingbiler,2017M09,2017M09,2959,
N,Nye kjøretøy,20,Fossil,VareCampBiler,Vare- og campingbiler,2017M10,2017M10,3180,
N,Nye kjøretøy,20,Fossil,VareCampBiler,Vare- og campingbiler,2017M11,2017M11,3057,
N,Nye kjøretøy,20,Fossil,VareCampBiler,Vare- og campingbiler,2017M12,2017M12,3125,
N,Nye kjøretøy,20,Fossil,VareCampBiler,Vare- og campingbiler,2018M01,2018M01,2717,
N,Nye kjøretøy,20,Fossil,VareCampBiler,Vare- og campingbiler,2018M02,2018M02,2678,
N,Nye kjøretøy,20,Fossil,VareCampBiler,Vare- og campingbiler,2018M03,2018M03,3035,
N,Nye kjøretøy,20,Fossil,VareCampBiler,Vare- og campingbiler,2018M04,2018M04,3580,
N,Nye kjøretøy,20,Fossil,VareCampBiler,Vare- og campingbiler,2018M05,2018M05,3300,
N,Nye kjøretøy,20,Fossil,VareCampBiler,Vare- og campingbiler,2018M06,2018M06,3460,
N,Nye kjøretøy,20,Fossil,VareCampBiler,Vare- og campingbiler,2018M07,2018M07,2304,
N,Nye kjøretøy,20,Fossil,VareCampBiler,Vare- og campingbiler,2018M08,2018M08,3397,
N,Nye kjøretøy,20,Fossil,VareCampBiler,Vare- og campingbiler,2018M09,2018M09,2888,
N,Nye kjøretøy,20,Fossil,VareCampBiler,Vare- og campingbiler,2018M10,2018M10,3642,
N,Nye kjøretøy,20,Fossil,VareCampBiler,Vare- og campingbiler,2018M11,2018M11,3045,
N,Nye kjøretøy,20,Fossil,VareCampBiler,Vare- og campingbiler,2018M12,2018M12,2858,
N,Nye kjøretøy,20,Fossil,VareCampBiler,Vare- og campingbiler,2019M01,2019M01,2573,
N,Nye kjøretøy,20,Fossil,VareCampBiler,Vare- og campingbiler,2019M02,2019M02,2643,
N,Nye kjøretøy,20,Fossil,VareCampBiler,Vare- og campingbiler,2019M03,2019M03,3340,
N,Nye kjøretøy,20,Fossil,VareCampBiler,Vare- og campingbiler,2019M04,2019M04,3523,
N,Nye kjøretøy,20,Fossil,VareCampBiler,Vare- og campingbiler,2019M05,2019M05,3591,
N,Nye kjøretøy,20,Fossil,VareCampBiler,Vare- og campingbiler,2019M06,2019M06,3280,
N,Nye kjøretøy,20,Fossil,VareCampBiler,Vare- og campingbiler,2019M07,2019M07,2559,
N,Nye kjøretøy,20,Fossil,VareCampBiler,Vare- og campingbiler,2019M08,2019M08,4669,
N,Nye kjøretøy,20,Fossil,VareCampBiler,Vare- og campingbiler,2019M09,2019M09,2577,
N,Nye kjøretøy,20,Fossil,VareCampBiler,Vare- og campingbiler,2019M10,2019M10,2599,
N,Nye kjøretøy,20,Fossil,VareCampBiler,Vare- og campingbiler,2019M11,2019M11,2380,
N,Nye kjøretøy,20,Fossil,VareCampBiler,Vare- og campingbiler,2019M12,2019M12,2669,
N,Nye kjøretøy,20,Fossil,VareCampBiler,Vare- og campingbiler,2020M01,2020M01,2470,
N,Nye kjøretøy,20,Fossil,VareCampBiler,Vare- og campingbiler,2020M02,2020M02,2552,
N,Nye kjøretøy,20,Fossil,VareCampBiler,Vare- og campingbiler,2020M03,2020M03,2596,
N,Nye kjøretøy,20,Fossil,VareCampBiler,Vare- og campingbiler,2020M04,2020M04,2144,
N,Nye kjøretøy,20,Fossil,VareCampBiler,Vare- og campingbiler,2020M05,2020M05,2275,
N,Nye kjøretøy,20,Fossil,VareCampBiler,Vare- og campingbiler,2020M06,2020M06,2619,
N,Nye kjøretøy,20,Fossil,VareCampBiler,Vare- og campingbiler,2020M07,2020M07,1880,
N,Nye kjøretøy,20,Fossil,VareCampBiler,Vare- og campingbiler,2020M08,2020M08,3015,
N,Nye kjøretøy,20,Fossil,VareCampBiler,Vare- og campingbiler,2020M09,2020M09,2856,
N,Nye kjøretøy,20,Fossil,VareCampBiler,Vare- og campingbiler,2020M10,2020M10,2680,
N,Nye kjøretøy,20,Fossil,VareCampBiler,Vare- og campingbiler,2020M11,2020M11,2391,
N,Nye kjøretøy,20,Fossil,VareCampBiler,Vare- og campingbiler,2020M12,2020M12,3228,
N,Nye kjøretøy,20,Fossil,VareCampBiler,Vare- og campingbiler,2021M01,2021M01,1896,
N,Nye kjøretøy,20,Fossil,VareCampBiler,Vare- og campingbiler,2021M02,2021M02,2348,
N,Nye kjøretøy,20,Fossil,VareCampBiler,Vare- og campingbiler,2021M03,2021M03,2831,
N,Nye kjøretøy,20,Fossil,VareCampBiler,Vare- og campingbiler,2021M04,2021M04,2899,
N,Nye kjøretøy,20,Fossil,VareCampBiler,Vare- og campingbiler,2021M05,2021M05,2417,
N,Nye kjøretøy,20,Fossil,VareCampBiler,Vare- og campingbiler,2021M06,2021M06,3206,
N,Nye kjøretøy,20,Fossil,VareCampBiler,Vare- og campingbiler,2021M07,2021M07,1828,
N,Nye kjøretøy,20,Fossil,VareCampBiler,Vare- og campingbiler,2021M08,2021M08,2796,
N,Nye kjøretøy,20,Fossil,VareCampBiler,Vare- og campingbiler,2021M09,2021M09,2362,
N,Nye kjøretøy,20,Fossil,VareCampBiler,Vare- og campingbiler,2021M10,2021M10,1966,
N,Nye kjøretøy,20,Fossil,VareCampBiler,Vare- og campingbiler,2021M11,2021M11,1831,
N,Nye kjøretøy,20,Fossil,VareCampBiler,Vare- og campingbiler,2021M12,2021M12,2975,
N,Nye kjøretøy,20,Fossil,VareCampBiler,Vare- og campingbiler,2022M01,2022M01,1146,
N,Nye kjøretøy,20,Fossil,VareCampBiler,Vare- og campingbiler,2022M02,2022M02,1761,
N,Nye kjøretøy,20,Fossil,VareCampBiler,Vare- og campingbiler,2022M03,2022M03,2117,
N,Nye kjøretøy,20,Fossil,VareCampBiler,Vare- og campingbiler,2022M04,2022M04,1868,
N,Nye kjøretøy,20,Fossil,VareCampBiler,Vare- og campingbiler,2022M05,2022M05,1904,
N,Nye kjøretøy,20,Fossil,VareCampBiler,Vare- og campingbiler,2022M06,2022M06,2164,
N,Nye kjøretøy,20,Fossil,VareCampBiler,Vare- og campingbiler,2022M07,2022M07,1313,
N,Nye kjøretøy,20,Fossil,VareCampBiler,Vare- og campingbiler,2022M08,2022M08,2635,
N,Nye kjøretøy,20,Fossil,VareCampBiler,Vare- og campingbiler,2022M09,2022M09,2090,
N,Nye kjøretøy,20,Fossil,VareCampBiler,Vare- og campingbiler,2022M10,2022M10,1766,
N,Nye kjøretøy,20,Fossil,VareCampBiler,Vare- og campingbiler,2022M11,2022M11,1730,
N,Nye kjøretøy,20,Fossil,VareCampBiler,Vare- og campingbiler,2022M12,2022M12,2535,
N,Nye kjøretøy,20,Fossil,VareCampBiler,Vare- og campingbiler,2023M01,2023M01,554,
N,Nye kjøretøy,20,Fossil,VareCampBiler,Vare- og campingbiler,2023M02,2023M02,1276,
N,Nye kjøretøy,20,Fossil,VareCampBiler,Vare- og campingbiler,2023M03,2023M03,1838,
N,Nye kjøretøy,20,Fossil,VareCampBiler,Vare- og campingbiler,2023M04,2023M04,1512,
N,Nye kjøretøy,20,Fossil,VareCampBiler,Vare- og campingbiler,2023M05,2023M05,1723,
N,Nye kjøretøy,20,Fossil,VareCampBiler,Vare- og campingbiler,2023M06,2023M06,2265,
N,Nye kjøretøy,20,Fossil,VareCampBiler,Vare- og campingbiler,2023M07,2023M07,998,
N,Nye kjøretøy,20,Fossil,VareCampBiler,Vare- og campingbiler,2023M08,2023M08,2122,
N,Nye kjøretøy,20,Fossil,VareCampBiler,Vare- og campingbiler,2023M09,2023M09,2016,
N,Nye kjøretøy,20,Fossil,VareCampBiler,Vare- og campingbiler,2023M10,2023M10,1822,
N,Nye kjøretøy,20,Fossil,VareCampBiler,Vare- og campingbiler,2023M11,2023M11,2059,
N,Nye kjøretøy,20,Fossil,VareCampBiler,Vare- og campingbiler,2023M12,2023M12,2927,
N,Nye kjøretøy,20,Fossil,VareCampBiler,Vare- og campingbiler,2024M01,2024M01,901,
N,Nye kjøretøy,20,Fossil,VareCampBiler,Vare- og campingbiler,2024M02,2024M02,1603,
N,Nye kjøretøy,20,Fossil,VareCampBiler,Vare- og campingbiler,2024M03,2024M03,1692,
N,Nye kjøretøy,20,Fossil,VareCampBiler,Vare- og campingbiler,2024M04,2024M04,2483,
N,Nye kjøretøy,20,Fossil,VareCampBiler,Vare- og campingbiler,2024M05,2024M05,2292,
N,Nye kjøretøy,20,Fossil,VareCampBiler,Vare- og campingbiler,2024M06,2024M06,2467,
N,Nye kjøretøy,20,Fossil,VareCampBiler,Vare- og campingbiler,2024M07,2024M07,1263,
N,Nye kjøretøy,20,Fossil,VareCampBiler,Vare- og campingbiler,2024M08,2024M08,2013,
N,Nye kjøretøy,20,Fossil,VareCampBiler,Vare- og campingbiler,2024M09,2024M09,1550,
N,Nye kjøretøy,20,Fossil,VareCampBiler,Vare- og campingbiler,2024M10,2024M10,1669,
N,Nye kjøretøy,20,Fossil,VareCampBiler,Vare- og campingbiler,2024M11,2024M11,1245,
N,Nye kjøretøy,20,Fossil,VareCampBiler,Vare- og campingbiler,2024M12,2024M12,1292,
N,Nye kjøretøy,20,Fossil,VareCampBiler,Vare- og campingbiler,2025M01,2025M01,942,
N,Nye kjøretøy,20,Fossil,VareCampBiler,Vare- og campingbiler,2025M02,2025M02,1106,
N,Nye kjøretøy,20,Fossil,VareCampBiler,Vare- og campingbiler,2025M03,2025M03,1928,
N,Nye kjøretøy,20,Fossil,VareCampBiler,Vare- og campingbiler,2025M04,2025M04,812,
N,Nye kjøretøy,20,Fossil,VareCampBiler,Vare- og campingbiler,2025M05,2025M05,1070,
N,Nye kjøretøy,20,Fossil,VareCampBiler,Vare- og campingbiler,2025M06,2025M06,1427,
N,Nye kjøretøy,20,Fossil,VareCampBiler,Vare- og campingbiler,2025M07,2025M07,865,
N,Nye kjøretøy,20,Fossil,VareCampBiler,Vare- og campingbiler,2025M08,2025M08,1498,
N,Nye kjøretøy,20,Fossil,VareCampBiler,Vare- og campingbiler,2025M09,2025M09,1583,
N,Nye kjøretøy,20,Fossil,VareCampBiler,Vare- og campingbiler,2025M10,2025M10,1487,
N,Nye kjøretøy,20,Fossil,VareCampBiler,Vare- og campingbiler,2025M11,2025M11,1289,
N,Nye kjøretøy,20,Fossil,VareCampBiler,Vare- og campingbiler,2025M12,2025M12,2228,
N,Nye kjøretøy,20,Fossil,VareCampBiler,Vare- og campingbiler,2026M01,2026M01,414,
N,Nye kjøretøy,20,Fossil,VareCampBiler,Vare- og campingbiler,2026M02,2026M02,964,
N,Nye kjøretøy,20,Fossil,VareCampBiler,Vare- og campingbiler,2026M03,2026M03,1015,
N,Nye kjøretøy,20,Fossil,VareCampBiler,Vare- og campingbiler,2026M04,2026M04,855,
N,Nye kjøretøy,20,Fossil,VareCampBiler,Vare- og campingbiler,2026M05,2026M05,955,
N,Nye kjøretøy,20,Fossil,VareCampBiler,Vare- og campingbiler,2026M06,2026M06,1300,
N,Nye kjøretøy,20,Fossil,VareCampBiler,Vare- og campingbiler,2026M07,2026M07,537,
N,Nye kjøretøy,21,Hybrid,Personbiler,Personbiler,1995M01,1995M01,0,
N,Nye kjøretøy,21,Hybrid,Personbiler,Personbiler,1995M02,1995M02,0,
N,Nye kjøretøy,21,Hybrid,Personbiler,Personbiler,1995M03,1995M03,0,
N,Nye kjøretøy,21,Hybrid,Personbiler,Personbiler,1995M04,1995M04,0,
N,Nye kjøretøy,21,Hybrid,Personbiler,Personbiler,1995M05,1995M05,0,
N,Nye kjøretøy,21,Hybrid,Personbiler,Personbiler,1995M06,1995M06,0,
N,Nye kjøretøy,21,Hybrid,Personbiler,Personbiler,1995M07,1995M07,0,
N,Nye kjøretøy,21,Hybrid,Personbiler,Personbiler,1995M08,1995M08,0,
N,Nye kjøretøy,21,Hybrid,Personbiler,Personbiler,1995M09,1995M09,0,
N,Nye kjøretøy,21,Hybrid,Personbiler,Personbiler,1995M10,1995M10,0,
N,Nye kjøretøy,21,Hybrid,Personbiler,Personbiler,1995M11,1995M11,0,
N,Nye kjøretøy,21,Hybrid,Personbiler,Personbiler,1995M12,1995M12,0,
N,Nye kjøretøy,21,Hybrid,Personbiler,Personbiler,1996M01,1996M01,0,
N,Nye kjøretøy,21,Hybrid,Personbiler,Personbiler,1996M02,1996M02,0,
N,Nye kjøretøy,21,Hybrid,Personbiler,Personbiler,1996M03,1996M03,0,
N,Nye kjøretøy,21,Hybrid,Personbiler,Personbiler,1996M04,1996M04,0,
N,Nye kjøretøy,21,Hybrid,Personbiler,Personbiler,1996M05,1996M05,0,
N,Nye kjøretøy,21,Hybrid,Personbiler,Personbiler,1996M06,1996M06,0,
N,Nye kjøretøy,21,Hybrid,Personbiler,Personbiler,1996M07,1996M07,0,
N,Nye kjøretøy,21,Hybrid,Personbiler,Personbiler,1996M08,1996M08,0,
N,Nye kjøretøy,21,Hybrid,Personbiler,Personbiler,1996M09,1996M09,0,
N,Nye kjøretøy,21,Hybrid,Personbiler,Personbiler,1996M10,1996M10,0,
N,Nye kjøretøy,21,Hybrid,Personbiler,Personbiler,1996M11,1996M11,0,
N,Nye kjøretøy,21,Hybrid,Personbiler,Personbiler,1996M12,1996M12,0,
N,Nye kjøretøy,21,Hybrid,Personbiler,Personbiler,1997M01,1997M01,0,
N,Nye kjøretøy,21,Hybrid,Personbiler,Personbiler,1997M02,1997M02,0,
N,Nye kjøretøy,21,Hybrid,Personbiler,Personbiler,1997M03,1997M03,0,
N,Nye kjøretøy,21,Hybrid,Personbiler,Personbiler,1997M04,1997M04,0,
N,Nye kjøretøy,21,Hybrid,Personbiler,Personbiler,1997M05,1997M05,0,
N,Nye kjøretøy,21,Hybrid,Personbiler,Personbiler,1997M06,1997M06,0,
N,Nye kjøretøy,21,Hybrid,Personbiler,Personbiler,1997M07,1997M07,0,
N,Nye kjøretøy,21,Hybrid,Personbiler,Personbiler,1997M08,1997M08,0,
N,Nye kjøretøy,21,Hybrid,Personbiler,Personbiler,1997M09,1997M09,0,
N,Nye kjøretøy,21,Hybrid,Personbiler,Personbiler,1997M10,1997M10,0,
N,Nye kjøretøy,21,Hybrid,Personbiler,Personbiler,1997M11,1997M11,0,
N,Nye kjøretøy,21,Hybrid,Personbiler,Personbiler,1997M12,1997M12,0,
N,Nye kjøretøy,21,Hybrid,Personbiler,Personbiler,1998M01,1998M01,0,
N,Nye kjøretøy,21,Hybrid,Personbiler,Personbiler,1998M02,1998M02,0,
N,Nye kjøretøy,21,Hybrid,Personbiler,Personbiler,1998M03,1998M03,0,
N,Nye kjøretøy,21,Hybrid,Personbiler,Personbiler,1998M04,1998M04,0,
N,Nye kjøretøy,21,Hybrid,Personbiler,Personbiler,1998M05,1998M05,0,
N,Nye kjøretøy,21,Hybrid,Personbiler,Personbiler,1998M06,1998M06,0,
N,Nye kjøretøy,21,Hybrid,Personbiler,Personbiler,1998M07,1998M07,0,
N,Nye kjøretøy,21,Hybrid,Personbiler,Personbiler,1998M08,1998M08,0,
N,Nye kjøretøy,21,Hybrid,Personbiler,Personbiler,1998M09,1998M09,0,
N,Nye kjøretøy,21,Hybrid,Personbiler,Personbiler,1998M10,1998M10,0,
N,Nye kjøretøy,21,Hybrid,Personbiler,Personbiler,1998M11,1998M11,0,
N,Nye kjøretøy,21,Hybrid,Personbiler,Personbiler,1998M12,1998M12,0,
N,Nye kjøretøy,21,Hybrid,Personbiler,Personbiler,1999M01,1999M01,0,
N,Nye kjøretøy,21,Hybrid,Personbiler,Personbiler,1999M02,1999M02,0,
N,Nye kjøretøy,21,Hybrid,Personbiler,Personbiler,1999M03,1999M03,0,
N,Nye kjøretøy,21,Hybrid,Personbiler,Personbiler,1999M04,1999M04,0,
N,Nye kjøretøy,21,Hybrid,Personbiler,Personbiler,1999M05,1999M05,0,
N,Nye kjøretøy,21,Hybrid,Personbiler,Personbiler,1999M06,1999M06,0,
N,Nye kjøretøy,21,Hybrid,Personbiler,Personbiler,1999M07,1999M07,0,
N,Nye kjøretøy,21,Hybrid,Personbiler,Personbiler,1999M08,1999M08,0,
N,Nye kjøretøy,21,Hybrid,Personbiler,Personbiler,1999M09,1999M09,0,
N,Nye kjøretøy,21,Hybrid,Personbiler,Personbiler,1999M10,1999M10,0,
N,Nye kjøretøy,21,Hybrid,Personbiler,Personbiler,1999M11,1999M11,0,
N,Nye kjøretøy,21,Hybrid,Personbiler,Personbiler,1999M12,1999M12,0,
N,Nye kjøretøy,21,Hybrid,Personbiler,Personbiler,2000M01,2000M01,0,
N,Nye kjøretøy,21,Hybrid,Personbiler,Personbiler,2000M02,2000M02,0,
N,Nye kjøretøy,21,Hybrid,Personbiler,Personbiler,2000M03,2000M03,0,
N,Nye kjøretøy,21,Hybrid,Personbiler,Personbiler,2000M04,2000M04,0,
N,Nye kjøretøy,21,Hybrid,Personbiler,Personbiler,2000M05,2000M05,0,
N,Nye kjøretøy,21,Hybrid,Personbiler,Personbiler,2000M06,2000M06,0,
N,Nye kjøretøy,21,Hybrid,Personbiler,Personbiler,2000M07,2000M07,0,
N,Nye kjøretøy,21,Hybrid,Personbiler,Personbiler,2000M08,2000M08,0,
N,Nye kjøretøy,21,Hybrid,Personbiler,Personbiler,2000M09,2000M09,0,
N,Nye kjøretøy,21,Hybrid,Personbiler,Personbiler,2000M10,2000M10,0,
N,Nye kjøretøy,21,Hybrid,Personbiler,Personbiler,2000M11,2000M11,0,
N,Nye kjøretøy,21,Hybrid,Personbiler,Personbiler,2000M12,2000M12,0,
N,Nye kjøretøy,21,Hybrid,Personbiler,Personbiler,2001M01,2001M01,0,
N,Nye kjøretøy,21,Hybrid,Personbiler,Personbiler,2001M02,2001M02,0,
N,Nye kjøretøy,21,Hybrid,Personbiler,Personbiler,2001M03,2001M03,0,
N,Nye kjøretøy,21,Hybrid,Personbiler,Personbiler,2001M04,2001M04,0,
N,Nye kjøretøy,21,Hybrid,Personbiler,Personbiler,2001M05,2001M05,0,
N,Nye kjøretøy,21,Hybrid,Personbiler,Personbiler,2001M06,2001M06,0,
N,Nye kjøretøy,21,Hybrid,Personbiler,Personbiler,2001M07,2001M07,0,
N,Nye kjøretøy,21,Hybrid,Personbiler,Personbiler,2001M08,2001M08,0,
N,Nye kjøretøy,21,Hybrid,Personbiler,Personbiler,2001M09,2001M09,0,
N,Nye kjøretøy,21,Hybrid,Personbiler,Personbiler,2001M10,2001M10,0,
N,Nye kjøretøy,21,Hybrid,Personbiler,Personbiler,2001M11,2001M11,0,
N,Nye kjøretøy,21,Hybrid,Personbiler,Personbiler,2001M12,2001M12,0,
N,Nye kjøretøy,21,Hybrid,Personbiler,Personbiler,2002M01,2002M01,0,
N,Nye kjøretøy,21,Hybrid,Personbiler,Personbiler,2002M02,2002M02,0,
N,Nye kjøretøy,21,Hybrid,Personbiler,Personbiler,2002M03,2002M03,0,
N,Nye kjøretøy,21,Hybrid,Personbiler,Personbiler,2002M04,2002M04,0,
N,Nye kjøretøy,21,Hybrid,Personbiler,Personbiler,2002M05,2002M05,0,
N,Nye kjøretøy,21,Hybrid,Personbiler,Personbiler,2002M06,2002M06,0,
N,Nye kjøretøy,21,Hybrid,Personbiler,Personbiler,2002M07,2002M07,0,
N,Nye kjøretøy,21,Hybrid,Personbiler,Personbiler,2002M08,2002M08,0,
N,Nye kjøretøy,21,Hybrid,Personbiler,Personbiler,2002M09,2002M09,0,
N,Nye kjøretøy,21,Hybrid,Personbiler,Personbiler,2002M10,2002M10,0,
N,Nye kjøretøy,21,Hybrid,Personbiler,Personbiler,2002M11,2002M11,0,
N,Nye kjøretøy,21,Hybrid,Personbiler,Personbiler,2002M12,2002M12,0,
N,Nye kjøretøy,21,Hybrid,Personbiler,Personbiler,2003M01,2003M01,0,
N,Nye kjøretøy,21,Hybrid,Personbiler,Personbiler,2003M02,2003M02,0,
N,Nye kjøretøy,21,Hybrid,Personbiler,Personbiler,2003M03,2003M03,0,
N,Nye kjøretøy,21,Hybrid,Personbiler,Personbiler,2003M04,2003M04,0,
N,Nye kjøretøy,21,Hybrid,Personbiler,Personbiler,2003M05,2003M05,0,
N,Nye kjøretøy,21,Hybrid,Personbiler,Personbiler,2003M06,2003M06,0,
N,Nye kjøretøy,21,Hybrid,Personbiler,Personbiler,2003M07,2003M07,0,
N,Nye kjøretøy,21,Hybrid,Personbiler,Personbiler,2003M08,2003M08,0,
N,Nye kjøretøy,21,Hybrid,Personbiler,Personbiler,2003M09,2003M09,0,
N,Nye kjøretøy,21,Hybrid,Personbiler,Personbiler,2003M10,2003M10,0,
N,Nye kjøretøy,21,Hybrid,Personbiler,Personbiler,2003M11,2003M11,0,
N,Nye kjøretøy,21,Hybrid,Personbiler,Personbiler,2003M12,2003M12,0,
N,Nye kjøretøy,21,Hybrid,Personbiler,Personbiler,2004M01,2004M01,0,
N,Nye kjøretøy,21,Hybrid,Personbiler,Personbiler,2004M02,2004M02,0,
N,Nye kjøretøy,21,Hybrid,Personbiler,Personbiler,2004M03,2004M03,0,
N,Nye kjøretøy,21,Hybrid,Personbiler,Personbiler,2004M04,2004M04,0,
N,Nye kjøretøy,21,Hybrid,Personbiler,Personbiler,2004M05,2004M05,0,
N,Nye kjøretøy,21,Hybrid,Personbiler,Personbiler,2004M06,2004M06,0,
N,Nye kjøretøy,21,Hybrid,Personbiler,Personbiler,2004M07,2004M07,0,
N,Nye kjøretøy,21,Hybrid,Personbiler,Personbiler,2004M08,2004M08,0,
N,Nye kjøretøy,21,Hybrid,Personbiler,Personbiler,2004M09,2004M09,0,
N,Nye kjøretøy,21,Hybrid,Personbiler,Personbiler,2004M10,2004M10,0,
N,Nye kjøretøy,21,Hybrid,Personbiler,Personbiler,2004M11,2004M11,0,
N,Nye kjøretøy,21,Hybrid,Personbiler,Personbiler,2004M12,2004M12,0,
N,Nye kjøretøy,21,Hybrid,Personbiler,Personbiler,2005M01,2005M01,0,
N,Nye kjøretøy,21,Hybrid,Personbiler,Personbiler,2005M02,2005M02,0,
N,Nye kjøretøy,21,Hybrid,Personbiler,Personbiler,2005M03,2005M03,0,
N,Nye kjøretøy,21,Hybrid,Personbiler,Personbiler,2005M04,2005M04,0,
N,Nye kjøretøy,21,Hybrid,Personbiler,Personbiler,2005M05,2005M05,0,
N,Nye kjøretøy,21,Hybrid,Personbiler,Personbiler,2005M06,2005M06,0,
N,Nye kjøretøy,21,Hybrid,Personbiler,Personbiler,2005M07,2005M07,0,
N,Nye kjøretøy,21,Hybrid,Personbiler,Personbiler,2005M08,2005M08,0,
N,Nye kjøretøy,21,Hybrid,Personbiler,Personbiler,2005M09,2005M09,0,
N,Nye kjøretøy,21,Hybrid,Personbiler,Personbiler,2005M10,2005M10,0,
N,Nye kjøretøy,21,Hybrid,Personbiler,Personbiler,2005M11,2005M11,0,
N,Nye kjøretøy,21,Hybrid,Personbiler,Personbiler,2005M12,2005M12,0,
N,Nye kjøretøy,21,Hybrid,Personbiler,Personbiler,2006M01,2006M01,0,
N,Nye kjøretøy,21,Hybrid,Personbiler,Personbiler,2006M02,2006M02,0,
N,Nye kjøretøy,21,Hybrid,Personbiler,Personbiler,2006M03,2006M03,0,
N,Nye kjøretøy,21,Hybrid,Personbiler,Personbiler,2006M04,2006M04,0,
N,Nye kjøretøy,21,Hybrid,Personbiler,Personbiler,2006M05,2006M05,0,
N,Nye kjøretøy,21,Hybrid,Personbiler,Personbiler,2006M06,2006M06,0,
N,Nye kjøretøy,21,Hybrid,Personbiler,Personbiler,2006M07,2006M07,0,
N,Nye kjøretøy,21,Hybrid,Personbiler,Personbiler,2006M08,2006M08,0,
N,Nye kjøretøy,21,Hybrid,Personbiler,Personbiler,2006M09,2006M09,0,
N,Nye kjøretøy,21,Hybrid,Personbiler,Personbiler,2006M10,2006M10,0,
N,Nye kjøretøy,21,Hybrid,Personbiler,Personbiler,2006M11,2006M11,0,
N,Nye kjøretøy,21,Hybrid,Personbiler,Personbiler,2006M12,2006M12,0,
N,Nye kjøretøy,21,Hybrid,Personbiler,Personbiler,2007M01,2007M01,0,
N,Nye kjøretøy,21,Hybrid,Personbiler,Personbiler,2007M02,2007M02,0,
N,Nye kjøretøy,21,Hybrid,Personbiler,Personbiler,2007M03,2007M03,0,
N,Nye kjøretøy,21,Hybrid,Personbiler,Personbiler,2007M04,2007M04,0,
N,Nye kjøretøy,21,Hybrid,Personbiler,Personbiler,2007M05,2007M05,0,
N,Nye kjøretøy,21,Hybrid,Personbiler,Personbiler,2007M06,2007M06,1,
N,Nye kjøretøy,21,Hybrid,Personbiler,Personbiler,2007M07,2007M07,0,
N,Nye kjøretøy,21,Hybrid,Personbiler,Personbiler,2007M08,2007M08,0,
N,Nye kjøretøy,21,Hybrid,Personbiler,Personbiler,2007M09,2007M09,0,
N,Nye kjøretøy,21,Hybrid,Personbiler,Personbiler,2007M10,2007M10,0,
N,Nye kjøretøy,21,Hybrid,Personbiler,Personbiler,2007M11,2007M11,0,
N,Nye kjøretøy,21,Hybrid,Personbiler,Personbiler,2007M12,2007M12,0,
N,Nye kjøretøy,21,Hybrid,Personbiler,Personbiler,2008M01,2008M01,0,
N,Nye kjøretøy,21,Hybrid,Personbiler,Personbiler,2008M02,2008M02,0,
N,Nye kjøretøy,21,Hybrid,Personbiler,Personbiler,2008M03,2008M03,0,
N,Nye kjøretøy,21,Hybrid,Personbiler,Personbiler,2008M04,2008M04,0,
N,Nye kjøretøy,21,Hybrid,Personbiler,Personbiler,2008M05,2008M05,0,
N,Nye kjøretøy,21,Hybrid,Personbiler,Personbiler,2008M06,2008M06,0,
N,Nye kjøretøy,21,Hybrid,Personbiler,Personbiler,2008M07,2008M07,0,
N,Nye kjøretøy,21,Hybrid,Personbiler,Personbiler,2008M08,2008M08,1,
N,Nye kjøretøy,21,Hybrid,Personbiler,Personbiler,2008M09,2008M09,1,
N,Nye kjøretøy,21,Hybrid,Personbiler,Personbiler,2008M10,2008M10,0,
N,Nye kjøretøy,21,Hybrid,Personbiler,Personbiler,2008M11,2008M11,0,
N,Nye kjøretøy,21,Hybrid,Personbiler,Personbiler,2008M12,2008M12,0,
N,Nye kjøretøy,21,Hybrid,Personbiler,Personbiler,2009M01,2009M01,0,
N,Nye kjøretøy,21,Hybrid,Personbiler,Personbiler,2009M02,2009M02,0,
N,Nye kjøretøy,21,Hybrid,Personbiler,Personbiler,2009M03,2009M03,0,
N,Nye kjøretøy,21,Hybrid,Personbiler,Personbiler,2009M04,2009M04,1,
N,Nye kjøretøy,21,Hybrid,Personbiler,Personbiler,2009M05,2009M05,0,
N,Nye kjøretøy,21,Hybrid,Personbiler,Personbiler,2009M06,2009M06,0,
N,Nye kjøretøy,21,Hybrid,Personbiler,Personbiler,2009M07,2009M07,0,
N,Nye kjøretøy,21,Hybrid,Personbiler,Personbiler,2009M08,2009M08,0,
N,Nye kjøretøy,21,Hybrid,Personbiler,Personbiler,2009M09,2009M09,0,
N,Nye kjøretøy,21,Hybrid,Personbiler,Personbiler,2009M10,2009M10,0,
N,Nye kjøretøy,21,Hybrid,Personbiler,Personbiler,2009M11,2009M11,1,
N,Nye kjøretøy,21,Hybrid,Personbiler,Personbiler,2009M12,2009M12,0,
N,Nye kjøretøy,21,Hybrid,Personbiler,Personbiler,2010M01,2010M01,8,
N,Nye kjøretøy,21,Hybrid,Personbiler,Personbiler,2010M02,2010M02,6,
N,Nye kjøretøy,21,Hybrid,Personbiler,Personbiler,2010M03,2010M03,14,
N,Nye kjøretøy,21,Hybrid,Personbiler,Personbiler,2010M04,2010M04,21,
N,Nye kjøretøy,21,Hybrid,Personbiler,Personbiler,2010M05,2010M05,16,
N,Nye kjøretøy,21,Hybrid,Personbiler,Personbiler,2010M06,2010M06,19,
N,Nye kjøretøy,21,Hybrid,Personbiler,Personbiler,2010M07,2010M07,11,
N,Nye kjøretøy,21,Hybrid,Personbiler,Personbiler,2010M08,2010M08,20,
N,Nye kjøretøy,21,Hybrid,Personbiler,Personbiler,2010M09,2010M09,11,
N,Nye kjøretøy,21,Hybrid,Personbiler,Personbiler,2010M10,2010M10,4,
N,Nye kjøretøy,21,Hybrid,Personbiler,Personbiler,2010M11,2010M11,6,
N,Nye kjøretøy,21,Hybrid,Personbiler,Personbiler,2010M12,2010M12,9,
N,Nye kjøretøy,21,Hybrid,Personbiler,Personbiler,2011M01,2011M01,81,
N,Nye kjøretøy,21,Hybrid,Personbiler,Personbiler,2011M02,2011M02,56,
N,Nye kjøretøy,21,Hybrid,Personbiler,Personbiler,2011M03,2011M03,179,
N,Nye kjøretøy,21,Hybrid,Personbiler,Personbiler,2011M04,2011M04,159,
N,Nye kjøretøy,21,Hybrid,Personbiler,Personbiler,2011M05,2011M05,148,
N,Nye kjøretøy,21,Hybrid,Personbiler,Personbiler,2011M06,2011M06,106,
N,Nye kjøretøy,21,Hybrid,Personbiler,Personbiler,2011M07,2011M07,144,
N,Nye kjøretøy,21,Hybrid,Personbiler,Personbiler,2011M08,2011M08,168,
N,Nye kjøretøy,21,Hybrid,Personbiler,Personbiler,2011M09,2011M09,163,
N,Nye kjøretøy,21,Hybrid,Personbiler,Personbiler,2011M10,2011M10,122,
N,Nye kjøretøy,21,Hybrid,Personbiler,Personbiler,2011M11,2011M11,104,
N,Nye kjøretøy,21,Hybrid,Personbiler,Personbiler,2011M12,2011M12,66,
N,Nye kjøretøy,21,Hybrid,Personbiler,Personbiler,2012M01,2012M01,191,
N,Nye kjøretøy,21,Hybrid,Personbiler,Personbiler,2012M02,2012M02,91,
N,Nye kjøretøy,21,Hybrid,Personbiler,Personbiler,2012M03,2012M03,213,
N,Nye kjøretøy,21,Hybrid,Personbiler,Personbiler,2012M04,2012M04,205,
N,Nye kjøretøy,21,Hybrid,Personbiler,Personbiler,2012M05,2012M05,198,
N,Nye kjøretøy,21,Hybrid,Personbiler,Personbiler,2012M06,2012M06,328,
N,Nye kjøretøy,21,Hybrid,Personbiler,Personbiler,2012M07,2012M07,325,
N,Nye kjøretøy,21,Hybrid,Personbiler,Personbiler,2012M08,2012M08,630,
N,Nye kjøretøy,21,Hybrid,Personbiler,Personbiler,2012M09,2012M09,619,
N,Nye kjøretøy,21,Hybrid,Personbiler,Personbiler,2012M10,2012M10,944,
N,Nye kjøretøy,21,Hybrid,Personbiler,Personbiler,2012M11,2012M11,746,
N,Nye kjøretøy,21,Hybrid,Personbiler,Personbiler,2012M12,2012M12,400,
N,Nye kjøretøy,21,Hybrid,Personbiler,Personbiler,2013M01,2013M01,792,
N,Nye kjøretøy,21,Hybrid,Personbiler,Personbiler,2013M02,2013M02,880,
N,Nye kjøretøy,21,Hybrid,Personbiler,Personbiler,2013M03,2013M03,657,
N,Nye kjøretøy,21,Hybrid,Personbiler,Personbiler,2013M04,2013M04,755,
N,Nye kjøretøy,21,Hybrid,Personbiler,Personbiler,2013M05,2013M05,740,
N,Nye kjøretøy,21,Hybrid,Personbiler,Personbiler,2013M06,2013M06,638,
N,Nye kjøretøy,21,Hybrid,Personbiler,Personbiler,2013M07,2013M07,794,
N,Nye kjøretøy,21,Hybrid,Personbiler,Personbiler,2013M08,2013M08,894,
N,Nye kjøretøy,21,Hybrid,Personbiler,Personbiler,2013M09,2013M09,888,
N,Nye kjøretøy,21,Hybrid,Personbiler,Personbiler,2013M10,2013M10,1154,
N,Nye kjøretøy,21,Hybrid,Personbiler,Personbiler,2013M11,2013M11,857,
N,Nye kjøretøy,21,Hybrid,Personbiler,Personbiler,2013M12,2013M12,513,
N,Nye kjøretøy,21,Hybrid,Personbiler,Personbiler,2014M01,2014M01,965,
N,Nye kjøretøy,21,Hybrid,Personbiler,Personbiler,2014M02,2014M02,906,
N,Nye kjøretøy,21,Hybrid,Personbiler,Personbiler,2014M03,2014M03,1044,
N,Nye kjøretøy,21,Hybrid,Personbiler,Personbiler,2014M04,2014M04,933,
N,Nye kjøretøy,21,Hybrid,Personbiler,Personbiler,2014M05,2014M05,972,
N,Nye kjøretøy,21,Hybrid,Personbiler,Personbiler,2014M06,2014M06,862,
N,Nye kjøretøy,21,Hybrid,Personbiler,Personbiler,2014M07,2014M07,924,
N,Nye kjøretøy,21,Hybrid,Personbiler,Personbiler,2014M08,2014M08,827,
N,Nye kjøretøy,21,Hybrid,Personbiler,Personbiler,2014M09,2014M09,1185,
N,Nye kjøretøy,21,Hybrid,Personbiler,Personbiler,2014M10,2014M10,1159,
N,Nye kjøretøy,21,Hybrid,Personbiler,Personbiler,2014M11,2014M11,1053,
N,Nye kjøretøy,21,Hybrid,Personbiler,Personbiler,2014M12,2014M12,853,
N,Nye kjøretøy,21,Hybrid,Personbiler,Personbiler,2015M01,2015M01,1114,
N,Nye kjøretøy,21,Hybrid,Personbiler,Personbiler,2015M02,2015M02,1117,
N,Nye kjøretøy,21,Hybrid,Personbiler,Personbiler,2015M03,2015M03,1406,
N,Nye kjøretøy,21,Hybrid,Personbiler,Personbiler,2015M04,2015M04,1557,
N,Nye kjøretøy,21,Hybrid,Personbiler,Personbiler,2015M05,2015M05,1687,
N,Nye kjøretøy,21,Hybrid,Personbiler,Personbiler,2015M06,2015M06,1937,
N,Nye kjøretøy,21,Hybrid,Personbiler,Personbiler,2015M07,2015M07,1589,
N,Nye kjøretøy,21,Hybrid,Personbiler,Personbiler,2015M08,2015M08,1361,
N,Nye kjøretøy,21,Hybrid,Personbiler,Personbiler,2015M09,2015M09,1568,
N,Nye kjøretøy,21,Hybrid,Personbiler,Personbiler,2015M10,2015M10,2003,
N,Nye kjøretøy,21,Hybrid,Personbiler,Personbiler,2015M11,2015M11,1960,
N,Nye kjøretøy,21,Hybrid,Personbiler,Personbiler,2015M12,2015M12,1457,
N,Nye kjøretøy,21,Hybrid,Personbiler,Personbiler,2016M01,2016M01,1993,
N,Nye kjøretøy,21,Hybrid,Personbiler,Personbiler,2016M02,2016M02,2798,
N,Nye kjøretøy,21,Hybrid,Personbiler,Personbiler,2016M03,2016M03,3393,
N,Nye kjøretøy,21,Hybrid,Personbiler,Personbiler,2016M04,2016M04,3552,
N,Nye kjøretøy,21,Hybrid,Personbiler,Personbiler,2016M05,2016M05,3449,
N,Nye kjøretøy,21,Hybrid,Personbiler,Personbiler,2016M06,2016M06,3177,
N,Nye kjøretøy,21,Hybrid,Personbiler,Personbiler,2016M07,2016M07,2916,
N,Nye kjøretøy,21,Hybrid,Personbiler,Personbiler,2016M08,2016M08,3676,
N,Nye kjøretøy,21,Hybrid,Personbiler,Personbiler,2016M09,2016M09,3991,
N,Nye kjøretøy,21,Hybrid,Personbiler,Personbiler,2016M10,2016M10,3209,
N,Nye kjøretøy,21,Hybrid,Personbiler,Personbiler,2016M11,2016M11,3267,
N,Nye kjøretøy,21,Hybrid,Personbiler,Personbiler,2016M12,2016M12,2735,
N,Nye kjøretøy,21,Hybrid,Personbiler,Personbiler,2017M01,2017M01,4419,
N,Nye kjøretøy,21,Hybrid,Personbiler,Personbiler,2017M02,2017M02,3772,
N,Nye kjøretøy,21,Hybrid,Personbiler,Personbiler,2017M03,2017M03,3729,
N,Nye kjøretøy,21,Hybrid,Personbiler,Personbiler,2017M04,2017M04,3099,
N,Nye kjøretøy,21,Hybrid,Personbiler,Personbiler,2017M05,2017M05,4314,
N,Nye kjøretøy,21,Hybrid,Personbiler,Personbiler,2017M06,2017M06,3673,
N,Nye kjøretøy,21,Hybrid,Personbiler,Personbiler,2017M07,2017M07,3905,
N,Nye kjøretøy,21,Hybrid,Personbiler,Personbiler,2017M08,2017M08,4397,
N,Nye kjøretøy,21,Hybrid,Personbiler,Personbiler,2017M09,2017M09,4238,
N,Nye kjøretøy,21,Hybrid,Personbiler,Personbiler,2017M10,2017M10,4476,
N,Nye kjøretøy,21,Hybrid,Personbiler,Personbiler,2017M11,2017M11,4804,
N,Nye kjøretøy,21,Hybrid,Personbiler,Personbiler,2017M12,2017M12,4966,
N,Nye kjøretøy,21,Hybrid,Personbiler,Personbiler,2018M01,2018M01,2805,
N,Nye kjøretøy,21,Hybrid,Personbiler,Personbiler,2018M02,2018M02,3467,
N,Nye kjøretøy,21,Hybrid,Personbiler,Personbiler,2018M03,2018M03,3863,
N,Nye kjøretøy,21,Hybrid,Personbiler,Personbiler,2018M04,2018M04,4124,
N,Nye kjøretøy,21,Hybrid,Personbiler,Personbiler,2018M05,2018M05,4444,
N,Nye kjøretøy,21,Hybrid,Personbiler,Personbiler,2018M06,2018M06,5809,
N,Nye kjøretøy,21,Hybrid,Personbiler,Personbiler,2018M07,2018M07,2739,
N,Nye kjøretøy,21,Hybrid,Personbiler,Personbiler,2018M08,2018M08,3687,
N,Nye kjøretøy,21,Hybrid,Personbiler,Personbiler,2018M09,2018M09,2820,
N,Nye kjøretøy,21,Hybrid,Personbiler,Personbiler,2018M10,2018M10,3371,
N,Nye kjøretøy,21,Hybrid,Personbiler,Personbiler,2018M11,2018M11,3081,
N,Nye kjøretøy,21,Hybrid,Personbiler,Personbiler,2018M12,2018M12,3054,
N,Nye kjøretøy,21,Hybrid,Personbiler,Personbiler,2019M01,2019M01,2364,
N,Nye kjøretøy,21,Hybrid,Personbiler,Personbiler,2019M02,2019M02,2678,
N,Nye kjøretøy,21,Hybrid,Personbiler,Personbiler,2019M03,2019M03,3568,
N,Nye kjøretøy,21,Hybrid,Personbiler,Personbiler,2019M04,2019M04,2497,
N,Nye kjøretøy,21,Hybrid,Personbiler,Personbiler,2019M05,2019M05,3907,
N,Nye kjøretøy,21,Hybrid,Personbiler,Personbiler,2019M06,2019M06,3283,
N,Nye kjøretøy,21,Hybrid,Personbiler,Personbiler,2019M07,2019M07,2226,
N,Nye kjøretøy,21,Hybrid,Personbiler,Personbiler,2019M08,2019M08,2862,
N,Nye kjøretøy,21,Hybrid,Personbiler,Personbiler,2019M09,2019M09,2653,
N,Nye kjøretøy,21,Hybrid,Personbiler,Personbiler,2019M10,2019M10,4019,
N,Nye kjøretøy,21,Hybrid,Personbiler,Personbiler,2019M11,2019M11,3927,
N,Nye kjøretøy,21,Hybrid,Personbiler,Personbiler,2019M12,2019M12,4095,
N,Nye kjøretøy,21,Hybrid,Personbiler,Personbiler,2020M01,2020M01,3468,
N,Nye kjøretøy,21,Hybrid,Personbiler,Personbiler,2020M02,2020M02,3291,
N,Nye kjøretøy,21,Hybrid,Personbiler,Personbiler,2020M03,2020M03,3574,
N,Nye kjøretøy,21,Hybrid,Personbiler,Personbiler,2020M04,2020M04,2292,
N,Nye kjøretøy,21,Hybrid,Personbiler,Personbiler,2020M05,2020M05,3004,
N,Nye kjøretøy,21,Hybrid,Personbiler,Personbiler,2020M06,2020M06,4030,
N,Nye kjøretøy,21,Hybrid,Personbiler,Personbiler,2020M07,2020M07,3401,
N,Nye kjøretøy,21,Hybrid,Personbiler,Personbiler,2020M08,2020M08,3132,
N,Nye kjøretøy,21,Hybrid,Personbiler,Personbiler,2020M09,2020M09,4603,
N,Nye kjøretøy,21,Hybrid,Personbiler,Personbiler,2020M10,2020M10,3932,
N,Nye kjøretøy,21,Hybrid,Personbiler,Personbiler,2020M11,2020M11,4439,
N,Nye kjøretøy,21,Hybrid,Personbiler,Personbiler,2020M12,2020M12,5672,
N,Nye kjøretøy,21,Hybrid,Personbiler,Personbiler,2021M01,2021M01,3961,
N,Nye kjøretøy,21,Hybrid,Personbiler,Personbiler,2021M02,2021M02,4604,
N,Nye kjøretøy,21,Hybrid,Personbiler,Personbiler,2021M03,2021M03,5730,
N,Nye kjøretøy,21,Hybrid,Personbiler,Personbiler,2021M04,2021M04,4891,
N,Nye kjøretøy,21,Hybrid,Personbiler,Personbiler,2021M05,2021M05,4787,
N,Nye kjøretøy,21,Hybrid,Personbiler,Personbiler,2021M06,2021M06,6060,
N,Nye kjøretøy,21,Hybrid,Personbiler,Personbiler,2021M07,2021M07,3136,
N,Nye kjøretøy,21,Hybrid,Personbiler,Personbiler,2021M08,2021M08,3657,
N,Nye kjøretøy,21,Hybrid,Personbiler,Personbiler,2021M09,2021M09,3441,
N,Nye kjøretøy,21,Hybrid,Personbiler,Personbiler,2021M10,2021M10,3012,
N,Nye kjøretøy,21,Hybrid,Personbiler,Personbiler,2021M11,2021M11,3451,
N,Nye kjøretøy,21,Hybrid,Personbiler,Personbiler,2021M12,2021M12,5779,
N,Nye kjøretøy,21,Hybrid,Personbiler,Personbiler,2022M01,2022M01,1029,
N,Nye kjøretøy,21,Hybrid,Personbiler,Personbiler,2022M02,2022M02,1458,
N,Nye kjøretøy,21,Hybrid,Personbiler,Personbiler,2022M03,2022M03,1720,
N,Nye kjøretøy,21,Hybrid,Personbiler,Personbiler,2022M04,2022M04,2002,
N,Nye kjøretøy,21,Hybrid,Personbiler,Personbiler,2022M05,2022M05,2546,
N,Nye kjøretøy,21,Hybrid,Personbiler,Personbiler,2022M06,2022M06,2467,
N,Nye kjøretøy,21,Hybrid,Personbiler,Personbiler,2022M07,2022M07,1670,
N,Nye kjøretøy,21,Hybrid,Personbiler,Personbiler,2022M08,2022M08,2520,
N,Nye kjøretøy,21,Hybrid,Personbiler,Personbiler,2022M09,2022M09,2686,
N,Nye kjøretøy,21,Hybrid,Personbiler,Personbiler,2022M10,2022M10,2251,
N,Nye kjøretøy,21,Hybrid,Personbiler,Personbiler,2022M11,2022M11,3087,
N,Nye kjøretøy,21,Hybrid,Personbiler,Personbiler,2022M12,2022M12,5566,
N,Nye kjøretøy,21,Hybrid,Personbiler,Personbiler,2023M01,2023M01,475,
N,Nye kjøretøy,21,Hybrid,Personbiler,Personbiler,2023M02,2023M02,1000,
N,Nye kjøretøy,21,Hybrid,Personbiler,Personbiler,2023M03,2023M03,2130,
N,Nye kjøretøy,21,Hybrid,Personbiler,Personbiler,2023M04,2023M04,1163,
N,Nye kjøretøy,21,Hybrid,Personbiler,Personbiler,2023M05,2023M05,2205,
N,Nye kjøretøy,21,Hybrid,Personbiler,Personbiler,2023M06,2023M06,2312,
N,Nye kjøretøy,21,Hybrid,Personbiler,Personbiler,2023M07,2023M07,1123,
N,Nye kjøretøy,21,Hybrid,Personbiler,Personbiler,2023M08,2023M08,1478,
N,Nye kjøretøy,21,Hybrid,Personbiler,Personbiler,2023M09,2023M09,1131,
N,Nye kjøretøy,21,Hybrid,Personbiler,Personbiler,2023M10,2023M10,1186,
N,Nye kjøretøy,21,Hybrid,Personbiler,Personbiler,2023M11,2023M11,1691,
N,Nye kjøretøy,21,Hybrid,Personbiler,Personbiler,2023M12,2023M12,2804,
N,Nye kjøretøy,21,Hybrid,Personbiler,Personbiler,2024M01,2024M01,291,
N,Nye kjøretøy,21,Hybrid,Personbiler,Personbiler,2024M02,2024M02,520,
N,Nye kjøretøy,21,Hybrid,Personbiler,Personbiler,2024M03,2024M03,817,
N,Nye kjøretøy,21,Hybrid,Personbiler,Personbiler,2024M04,2024M04,799,
N,Nye kjøretøy,21,Hybrid,Personbiler,Personbiler,2024M05,2024M05,1896,
N,Nye kjøretøy,21,Hybrid,Personbiler,Personbiler,2024M06,2024M06,3154,
N,Nye kjøretøy,21,Hybrid,Personbiler,Personbiler,2024M07,2024M07,344,
N,Nye kjøretøy,21,Hybrid,Personbiler,Personbiler,2024M08,2024M08,457,
N,Nye kjøretøy,21,Hybrid,Personbiler,Personbiler,2024M09,2024M09,327,
N,Nye kjøretøy,21,Hybrid,Personbiler,Personbiler,2024M10,2024M10,427,
N,Nye kjøretøy,21,Hybrid,Personbiler,Personbiler,2024M11,2024M11,497,
N,Nye kjøretøy,21,Hybrid,Personbiler,Personbiler,2024M12,2024M12,1666,
N,Nye kjøretøy,21,Hybrid,Personbiler,Personbiler,2025M01,2025M01,250,
N,Nye kjøretøy,21,Hybrid,Personbiler,Personbiler,2025M02,2025M02,320,
N,Nye kjøretøy,21,Hybrid,Personbiler,Personbiler,2025M03,2025M03,1869,
N,Nye kjøretøy,21,Hybrid,Personbiler,Personbiler,2025M04,2025M04,162,
N,Nye kjøretøy,21,Hybrid,Personbiler,Personbiler,2025M05,2025M05,692,
N,Nye kjøretøy,21,Hybrid,Personbiler,Personbiler,2025M06,2025M06,407,
N,Nye kjøretøy,21,Hybrid,Personbiler,Personbiler,2025M07,2025M07,175,
N,Nye kjøretøy,21,Hybrid,Personbiler,Personbiler,2025M08,2025M08,270,
N,Nye kjøretøy,21,Hybrid,Personbiler,Personbiler,2025M09,2025M09,135,
N,Nye kjøretøy,21,Hybrid,Personbiler,Personbiler,2025M10,2025M10,162,
N,Nye kjøretøy,21,Hybrid,Personbiler,Personbiler,2025M11,2025M11,333,
N,Nye kjøretøy,21,Hybrid,Personbiler,Personbiler,2025M12,2025M12,664,
N,Nye kjøretøy,21,Hybrid,Personbiler,Personbiler,2026M01,2026M01,39,
N,Nye kjøretøy,21,Hybrid,Personbiler,Personbiler,2026M02,2026M02,78,
N,Nye kjøretøy,21,Hybrid,Personbiler,Personbiler,2026M03,2026M03,144,
N,Nye kjøretøy,21,Hybrid,Personbiler,Personbiler,2026M04,2026M04,48,
N,Nye kjøretøy,21,Hybrid,Personbiler,Personbiler,2026M05,2026M05,223,
N,Nye kjøretøy,21,Hybrid,Personbiler,Personbiler,2026M06,2026M06,522,
N,Nye kjøretøy,21,Hybrid,Personbiler,Personbiler,2026M07,2026M07,153,
N,Nye kjøretøy,21,Hybrid,VareCampBiler,Vare- og campingbiler,1995M01,1995M01,0,
N,Nye kjøretøy,21,Hybrid,VareCampBiler,Vare- og campingbiler,1995M02,1995M02,0,
N,Nye kjøretøy,21,Hybrid,VareCampBiler,Vare- og campingbiler,1995M03,1995M03,0,
N,Nye kjøretøy,21,Hybrid,VareCampBiler,Vare- og campingbiler,1995M04,1995M04,0,
N,Nye kjøretøy,21,Hybrid,VareCampBiler,Vare- og campingbiler,1995M05,1995M05,0,
N,Nye kjøretøy,21,Hybrid,VareCampBiler,Vare- og campingbiler,1995M06,1995M06,0,
N,Nye kjøretøy,21,Hybrid,VareCampBiler,Vare- og campingbiler,1995M07,1995M07,0,
N,Nye kjøretøy,21,Hybrid,VareCampBiler,Vare- og campingbiler,1995M08,1995M08,0,
N,Nye kjøretøy,21,Hybrid,VareCampBiler,Vare- og campingbiler,1995M09,1995M09,0,
N,Nye kjøretøy,21,Hybrid,VareCampBiler,Vare- og campingbiler,1995M10,1995M10,0,
N,Nye kjøretøy,21,Hybrid,VareCampBiler,Vare- og campingbiler,1995M11,1995M11,0,
N,Nye kjøretøy,21,Hybrid,VareCampBiler,Vare- og campingbiler,1995M12,1995M12,0,
N,Nye kjøretøy,21,Hybrid,VareCampBiler,Vare- og campingbiler,1996M01,1996M01,0,
N,Nye kjøretøy,21,Hybrid,VareCampBiler,Vare- og campingbiler,1996M02,1996M02,0,
N,Nye kjøretøy,21,Hybrid,VareCampBiler,Vare- og campingbiler,1996M03,1996M03,0,
N,Nye kjøretøy,21,Hybrid,VareCampBiler,Vare- og campingbiler,1996M04,1996M04,0,
N,Nye kjøretøy,21,Hybrid,VareCampBiler,Vare- og campingbiler,1996M05,1996M05,0,
N,Nye kjøretøy,21,Hybrid,VareCampBiler,Vare- og campingbiler,1996M06,1996M06,0,
N,Nye kjøretøy,21,Hybrid,VareCampBiler,Vare- og campingbiler,1996M07,1996M07,0,
N,Nye kjøretøy,21,Hybrid,VareCampBiler,Vare- og campingbiler,1996M08,1996M08,0,
N,Nye kjøretøy,21,Hybrid,VareCampBiler,Vare- og campingbiler,1996M09,1996M09,0,
N,Nye kjøretøy,21,Hybrid,VareCampBiler,Vare- og campingbiler,1996M10,1996M10,0,
N,Nye kjøretøy,21,Hybrid,VareCampBiler,Vare- og campingbiler,1996M11,1996M11,0,
N,Nye kjøretøy,21,Hybrid,VareCampBiler,Vare- og campingbiler,1996M12,1996M12,0,
N,Nye kjøretøy,21,Hybrid,VareCampBiler,Vare- og campingbiler,1997M01,1997M01,0,
N,Nye kjøretøy,21,Hybrid,VareCampBiler,Vare- og campingbiler,1997M02,1997M02,0,
N,Nye kjøretøy,21,Hybrid,VareCampBiler,Vare- og campingbiler,1997M03,1997M03,0,
N,Nye kjøretøy,21,Hybrid,VareCampBiler,Vare- og campingbiler,1997M04,1997M04,0,
N,Nye kjøretøy,21,Hybrid,VareCampBiler,Vare- og campingbiler,1997M05,1997M05,0,
N,Nye kjøretøy,21,Hybrid,VareCampBiler,Vare- og campingbiler,1997M06,1997M06,0,
N,Nye kjøretøy,21,Hybrid,VareCampBiler,Vare- og campingbiler,1997M07,1997M07,0,
N,Nye kjøretøy,21,Hybrid,VareCampBiler,Vare- og campingbiler,1997M08,1997M08,0,
N,Nye kjøretøy,21,Hybrid,VareCampBiler,Vare- og campingbiler,1997M09,1997M09,0,
N,Nye kjøretøy,21,Hybrid,VareCampBiler,Vare- og campingbiler,1997M10,1997M10,0,
N,Nye kjøretøy,21,Hybrid,VareCampBiler,Vare- og campingbiler,1997M11,1997M11,0,
N,Nye kjøretøy,21,Hybrid,VareCampBiler,Vare- og campingbiler,1997M12,1997M12,0,
N,Nye kjøretøy,21,Hybrid,VareCampBiler,Vare- og campingbiler,1998M01,1998M01,0,
N,Nye kjøretøy,21,Hybrid,VareCampBiler,Vare- og campingbiler,1998M02,1998M02,0,
N,Nye kjøretøy,21,Hybrid,VareCampBiler,Vare- og campingbiler,1998M03,1998M03,0,
N,Nye kjøretøy,21,Hybrid,VareCampBiler,Vare- og campingbiler,1998M04,1998M04,0,
N,Nye kjøretøy,21,Hybrid,VareCampBiler,Vare- og campingbiler,1998M05,1998M05,0,
N,Nye kjøretøy,21,Hybrid,VareCampBiler,Vare- og campingbiler,1998M06,1998M06,0,
N,Nye kjøretøy,21,Hybrid,VareCampBiler,Vare- og campingbiler,1998M07,1998M07,0,
N,Nye kjøretøy,21,Hybrid,VareCampBiler,Vare- og campingbiler,1998M08,1998M08,0,
N,Nye kjøretøy,21,Hybrid,VareCampBiler,Vare- og campingbiler,1998M09,1998M09,0,
N,Nye kjøretøy,21,Hybrid,VareCampBiler,Vare- og campingbiler,1998M10,1998M10,0,
N,Nye kjøretøy,21,Hybrid,VareCampBiler,Vare- og campingbiler,1998M11,1998M11,0,
N,Nye kjøretøy,21,Hybrid,VareCampBiler,Vare- og campingbiler,1998M12,1998M12,0,
N,Nye kjøretøy,21,Hybrid,VareCampBiler,Vare- og campingbiler,1999M01,1999M01,0,
N,Nye kjøretøy,21,Hybrid,VareCampBiler,Vare- og campingbiler,1999M02,1999M02,0,
N,Nye kjøretøy,21,Hybrid,VareCampBiler,Vare- og campingbiler,1999M03,1999M03,0,
N,Nye kjøretøy,21,Hybrid,VareCampBiler,Vare- og campingbiler,1999M04,1999M04,0,
N,Nye kjøretøy,21,Hybrid,VareCampBiler,Vare- og campingbiler,1999M05,1999M05,0,
N,Nye kjøretøy,21,Hybrid,VareCampBiler,Vare- og campingbiler,1999M06,1999M06,0,
N,Nye kjøretøy,21,Hybrid,VareCampBiler,Vare- og campingbiler,1999M07,1999M07,0,
N,Nye kjøretøy,21,Hybrid,VareCampBiler,Vare- og campingbiler,1999M08,1999M08,0,
N,Nye kjøretøy,21,Hybrid,VareCampBiler,Vare- og campingbiler,1999M09,1999M09,0,
N,Nye kjøretøy,21,Hybrid,VareCampBiler,Vare- og campingbiler,1999M10,1999M10,0,
N,Nye kjøretøy,21,Hybrid,VareCampBiler,Vare- og campingbiler,1999M11,1999M11,0,
N,Nye kjøretøy,21,Hybrid,VareCampBiler,Vare- og campingbiler,1999M12,1999M12,0,
N,Nye kjøretøy,21,Hybrid,VareCampBiler,Vare- og campingbiler,2000M01,2000M01,0,
N,Nye kjøretøy,21,Hybrid,VareCampBiler,Vare- og campingbiler,2000M02,2000M02,0,
N,Nye kjøretøy,21,Hybrid,VareCampBiler,Vare- og campingbiler,2000M03,2000M03,0,
N,Nye kjøretøy,21,Hybrid,VareCampBiler,Vare- og campingbiler,2000M04,2000M04,0,
N,Nye kjøretøy,21,Hybrid,VareCampBiler,Vare- og campingbiler,2000M05,2000M05,0,
N,Nye kjøretøy,21,Hybrid,VareCampBiler,Vare- og campingbiler,2000M06,2000M06,0,
N,Nye kjøretøy,21,Hybrid,VareCampBiler,Vare- og campingbiler,2000M07,2000M07,0,
N,Nye kjøretøy,21,Hybrid,VareCampBiler,Vare- og campingbiler,2000M08,2000M08,0,
N,Nye kjøretøy,21,Hybrid,VareCampBiler,Vare- og campingbiler,2000M09,2000M09,0,
N,Nye kjøretøy,21,Hybrid,VareCampBiler,Vare- og campingbiler,2000M10,2000M10,0,
N,Nye kjøretøy,21,Hybrid,VareCampBiler,Vare- og campingbiler,2000M11,2000M11,0,
N,Nye kjøretøy,21,Hybrid,VareCampBiler,Vare- og campingbiler,2000M12,2000M12,0,
N,Nye kjøretøy,21,Hybrid,VareCampBiler,Vare- og campingbiler,2001M01,2001M01,0,
N,Nye kjøretøy,21,Hybrid,VareCampBiler,Vare- og campingbiler,2001M02,2001M02,0,
N,Nye kjøretøy,21,Hybrid,VareCampBiler,Vare- og campingbiler,2001M03,2001M03,0,
N,Nye kjøretøy,21,Hybrid,VareCampBiler,Vare- og campingbiler,2001M04,2001M04,0,
N,Nye kjøretøy,21,Hybrid,VareCampBiler,Vare- og campingbiler,2001M05,2001M05,0,
N,Nye kjøretøy,21,Hybrid,VareCampBiler,Vare- og campingbiler,2001M06,2001M06,0,
N,Nye kjøretøy,21,Hybrid,VareCampBiler,Vare- og campingbiler,2001M07,2001M07,0,
N,Nye kjøretøy,21,Hybrid,VareCampBiler,Vare- og campingbiler,2001M08,2001M08,0,
N,Nye kjøretøy,21,Hybrid,VareCampBiler,Vare- og campingbiler,2001M09,2001M09,0,
N,Nye kjøretøy,21,Hybrid,VareCampBiler,Vare- og campingbiler,2001M10,2001M10,0,
N,Nye kjøretøy,21,Hybrid,VareCampBiler,Vare- og campingbiler,2001M11,2001M11,0,
N,Nye kjøretøy,21,Hybrid,VareCampBiler,Vare- og campingbiler,2001M12,2001M12,0,
N,Nye kjøretøy,21,Hybrid,VareCampBiler,Vare- og campingbiler,2002M01,2002M01,0,
N,Nye kjøretøy,21,Hybrid,VareCampBiler,Vare- og campingbiler,2002M02,2002M02,0,
N,Nye kjøretøy,21,Hybrid,VareCampBiler,Vare- og campingbiler,2002M03,2002M03,0,
N,Nye kjøretøy,21,Hybrid,VareCampBiler,Vare- og campingbiler,2002M04,2002M04,0,
N,Nye kjøretøy,21,Hybrid,VareCampBiler,Vare- og campingbiler,2002M05,2002M05,0,
N,Nye kjøretøy,21,Hybrid,VareCampBiler,Vare- og campingbiler,2002M06,2002M06,0,
N,Nye kjøretøy,21,Hybrid,VareCampBiler,Vare- og campingbiler,2002M07,2002M07,0,
N,Nye kjøretøy,21,Hybrid,VareCampBiler,Vare- og campingbiler,2002M08,2002M08,0,
N,Nye kjøretøy,21,Hybrid,VareCampBiler,Vare- og campingbiler,2002M09,2002M09,0,
N,Nye kjøretøy,21,Hybrid,VareCampBiler,Vare- og campingbiler,2002M10,2002M10,0,
N,Nye kjøretøy,21,Hybrid,VareCampBiler,Vare- og campingbiler,2002M11,2002M11,0,
N,Nye kjøretøy,21,Hybrid,VareCampBiler,Vare- og campingbiler,2002M12,2002M12,0,
N,Nye kjøretøy,21,Hybrid,VareCampBiler,Vare- og campingbiler,2003M01,2003M01,0,
N,Nye kjøretøy,21,Hybrid,VareCampBiler,Vare- og campingbiler,2003M02,2003M02,0,
N,Nye kjøretøy,21,Hybrid,VareCampBiler,Vare- og campingbiler,2003M03,2003M03,0,
N,Nye kjøretøy,21,Hybrid,VareCampBiler,Vare- og campingbiler,2003M04,2003M04,0,
N,Nye kjøretøy,21,Hybrid,VareCampBiler,Vare- og campingbiler,2003M05,2003M05,0,
N,Nye kjøretøy,21,Hybrid,VareCampBiler,Vare- og campingbiler,2003M06,2003M06,0,
N,Nye kjøretøy,21,Hybrid,VareCampBiler,Vare- og campingbiler,2003M07,2003M07,0,
N,Nye kjøretøy,21,Hybrid,VareCampBiler,Vare- og campingbiler,2003M08,2003M08,0,
N,Nye kjøretøy,21,Hybrid,VareCampBiler,Vare- og campingbiler,2003M09,2003M09,0,
N,Nye kjøretøy,21,Hybrid,VareCampBiler,Vare- og campingbiler,2003M10,2003M10,0,
N,Nye kjøretøy,21,Hybrid,VareCampBiler,Vare- og campingbiler,2003M11,2003M11,0,
N,Nye kjøretøy,21,Hybrid,VareCampBiler,Vare- og campingbiler,2003M12,2003M12,0,
N,Nye kjøretøy,21,Hybrid,VareCampBiler,Vare- og campingbiler,2004M01,2004M01,0,
N,Nye kjøretøy,21,Hybrid,VareCampBiler,Vare- og campingbiler,2004M02,2004M02,0,
N,Nye kjøretøy,21,Hybrid,VareCampBiler,Vare- og campingbiler,2004M03,2004M03,0,
N,Nye kjøretøy,21,Hybrid,VareCampBiler,Vare- og campingbiler,2004M04,2004M04,0,
N,Nye kjøretøy,21,Hybrid,VareCampBiler,Vare- og campingbiler,2004M05,2004M05,0,
N,Nye kjøretøy,21,Hybrid,VareCampBiler,Vare- og campingbiler,2004M06,2004M06,0,
N,Nye kjøretøy,21,Hybrid,VareCampBiler,Vare- og campingbiler,2004M07,2004M07,0,
N,Nye kjøretøy,21,Hybrid,VareCampBiler,Vare- og campingbiler,2004M08,2004M08,0,
N,Nye kjøretøy,21,Hybrid,VareCampBiler,Vare- og campingbiler,2004M09,2004M09,0,
N,Nye kjøretøy,21,Hybrid,VareCampBiler,Vare- og campingbiler,2004M10,2004M10,0,
N,Nye kjøretøy,21,Hybrid,VareCampBiler,Vare- og campingbiler,2004M11,2004M11,0,
N,Nye kjøretøy,21,Hybrid,VareCampBiler,Vare- og campingbiler,2004M12,2004M12,0,
N,Nye kjøretøy,21,Hybrid,VareCampBiler,Vare- og campingbiler,2005M01,2005M01,0,
N,Nye kjøretøy,21,Hybrid,VareCampBiler,Vare- og campingbiler,2005M02,2005M02,0,
N,Nye kjøretøy,21,Hybrid,VareCampBiler,Vare- og campingbiler,2005M03,2005M03,0,
N,Nye kjøretøy,21,Hybrid,VareCampBiler,Vare- og campingbiler,2005M04,2005M04,0,
N,Nye kjøretøy,21,Hybrid,VareCampBiler,Vare- og campingbiler,2005M05,2005M05,0,
N,Nye kjøretøy,21,Hybrid,VareCampBiler,Vare- og campingbiler,2005M06,2005M06,0,
N,Nye kjøretøy,21,Hybrid,VareCampBiler,Vare- og campingbiler,2005M07,2005M07,0,
N,Nye kjøretøy,21,Hybrid,VareCampBiler,Vare- og campingbiler,2005M08,2005M08,0,
N,Nye kjøretøy,21,Hybrid,VareCampBiler,Vare- og campingbiler,2005M09,2005M09,0,
N,Nye kjøretøy,21,Hybrid,VareCampBiler,Vare- og campingbiler,2005M10,2005M10,0,
N,Nye kjøretøy,21,Hybrid,VareCampBiler,Vare- og campingbiler,2005M11,2005M11,0,
N,Nye kjøretøy,21,Hybrid,VareCampBiler,Vare- og campingbiler,2005M12,2005M12,0,
N,Nye kjøretøy,21,Hybrid,VareCampBiler,Vare- og campingbiler,2006M01,2006M01,0,
N,Nye kjøretøy,21,Hybrid,VareCampBiler,Vare- og campingbiler,2006M02,2006M02,0,
N,Nye kjøretøy,21,Hybrid,VareCampBiler,Vare- og campingbiler,2006M03,2006M03,0,
N,Nye kjøretøy,21,Hybrid,VareCampBiler,Vare- og campingbiler,2006M04,2006M04,0,
N,Nye kjøretøy,21,Hybrid,VareCampBiler,Vare- og campingbiler,2006M05,2006M05,0,
N,Nye kjøretøy,21,Hybrid,VareCampBiler,Vare- og campingbiler,2006M06,2006M06,0,
N,Nye kjøretøy,21,Hybrid,VareCampBiler,Vare- og campingbiler,2006M07,2006M07,0,
N,Nye kjøretøy,21,Hybrid,VareCampBiler,Vare- og campingbiler,2006M08,2006M08,0,
N,Nye kjøretøy,21,Hybrid,VareCampBiler,Vare- og campingbiler,2006M09,2006M09,0,
N,Nye kjøretøy,21,Hybrid,VareCampBiler,Vare- og campingbiler,2006M10,2006M10,0,
N,Nye kjøretøy,21,Hybrid,VareCampBiler,Vare- og campingbiler,2006M11,2006M11,0,
N,Nye kjøretøy,21,Hybrid,VareCampBiler,Vare- og campingbiler,2006M12,2006M12,0,
N,Nye kjøretøy,21,Hybrid,VareCampBiler,Vare- og campingbiler,2007M01,2007M01,0,
N,Nye kjøretøy,21,Hybrid,VareCampBiler,Vare- og campingbiler,2007M02,2007M02,0,
N,Nye kjøretøy,21,Hybrid,VareCampBiler,Vare- og campingbiler,2007M03,2007M03,0,
N,Nye kjøretøy,21,Hybrid,VareCampBiler,Vare- og campingbiler,2007M04,2007M04,0,
N,Nye kjøretøy,21,Hybrid,VareCampBiler,Vare- og campingbiler,2007M05,2007M05,0,
N,Nye kjøretøy,21,Hybrid,VareCampBiler,Vare- og campingbiler,2007M06,2007M06,0,
N,Nye kjøretøy,21,Hybrid,VareCampBiler,Vare- og campingbiler,2007M07,2007M07,0,
N,Nye kjøretøy,21,Hybrid,VareCampBiler,Vare- og campingbiler,2007M08,2007M08,0,
N,Nye kjøretøy,21,Hybrid,VareCampBiler,Vare- og campingbiler,2007M09,2007M09,0,
N,Nye kjøretøy,21,Hybrid,VareCampBiler,Vare- og campingbiler,2007M10,2007M10,0,
N,Nye kjøretøy,21,Hybrid,VareCampBiler,Vare- og campingbiler,2007M11,2007M11,0,
N,Nye kjøretøy,21,Hybrid,VareCampBiler,Vare- og campingbiler,2007M12,2007M12,0,
N,Nye kjøretøy,21,Hybrid,VareCampBiler,Vare- og campingbiler,2008M01,2008M01,0,
N,Nye kjøretøy,21,Hybrid,VareCampBiler,Vare- og campingbiler,2008M02,2008M02,0,
N,Nye kjøretøy,21,Hybrid,VareCampBiler,Vare- og campingbiler,2008M03,2008M03,0,
N,Nye kjøretøy,21,Hybrid,VareCampBiler,Vare- og campingbiler,2008M04,2008M04,0,
N,Nye kjøretøy,21,Hybrid,VareCampBiler,Vare- og campingbiler,2008M05,2008M05,0,
N,Nye kjøretøy,21,Hybrid,VareCampBiler,Vare- og campingbiler,2008M06,2008M06,0,
N,Nye kjøretøy,21,Hybrid,VareCampBiler,Vare- og campingbiler,2008M07,2008M07,0,
N,Nye kjøretøy,21,Hybrid,VareCampBiler,Vare- og campingbiler,2008M08,2008M08,0,
N,Nye kjøretøy,21,Hybrid,VareCampBiler,Vare- og campingbiler,2008M09,2008M09,0,
N,Nye kjøretøy,21,Hybrid,VareCampBiler,Vare- og campingbiler,2008M10,2008M10,0,
N,Nye kjøretøy,21,Hybrid,VareCampBiler,Vare- og campingbiler,2008M11,2008M11,0,
N,Nye kjøretøy,21,Hybrid,VareCampBiler,Vare- og campingbiler,2008M12,2008M12,0,
N,Nye kjøretøy,21,Hybrid,VareCampBiler,Vare- og campingbiler,2009M01,2009M01,0,
N,Nye kjøretøy,21,Hybrid,VareCampBiler,Vare- og campingbiler,2009M02,2009M02,0,
N,Nye kjøretøy,21,Hybrid,VareCampBiler,Vare- og campingbiler,2009M03,2009M03,0,
N,Nye kjøretøy,21,Hybrid,VareCampBiler,Vare- og campingbiler,2009M04,2009M04,0,
N,Nye kjøretøy,21,Hybrid,VareCampBiler,Vare- og campingbiler,2009M05,2009M05,0,
N,Nye kjøretøy,21,Hybrid,VareCampBiler,Vare- og campingbiler,2009M06,2009M06,0,
N,Nye kjøretøy,21,Hybrid,VareCampBiler,Vare- og campingbiler,2009M07,2009M07,0,
N,Nye kjøretøy,21,Hybrid,VareCampBiler,Vare- og campingbiler,2009M08,2009M08,0,
N,Nye kjøretøy,21,Hybrid,VareCampBiler,Vare- og campingbiler,2009M09,2009M09,0,
N,Nye kjøretøy,21,Hybrid,VareCampBiler,Vare- og campingbiler,2009M10,2009M10,0,
N,Nye kjøretøy,21,Hybrid,VareCampBiler,Vare- og campingbiler,2009M11,2009M11,0,
N,Nye kjøretøy,21,Hybrid,VareCampBiler,Vare- og campingbiler,2009M12,2009M12,0,
N,Nye kjøretøy,21,Hybrid,VareCampBiler,Vare- og campingbiler,2010M01,2010M01,0,
N,Nye kjøretøy,21,Hybrid,VareCampBiler,Vare- og campingbiler,2010M02,2010M02,0,
N,Nye kjøretøy,21,Hybrid,VareCampBiler,Vare- og campingbiler,2010M03,2010M03,0,
N,Nye kjøretøy,21,Hybrid,VareCampBiler,Vare- og campingbiler,2010M04,2010M04,0,
N,Nye kjøretøy,21,Hybrid,VareCampBiler,Vare- og campingbiler,2010M05,2010M05,0,
N,Nye kjøretøy,21,Hybrid,VareCampBiler,Vare- og campingbiler,2010M06,2010M06,0,
N,Nye kjøretøy,21,Hybrid,VareCampBiler,Vare- og campingbiler,2010M07,2010M07,0,
N,Nye kjøretøy,21,Hybrid,VareCampBiler,Vare- og campingbiler,2010M08,2010M08,0,
N,Nye kjøretøy,21,Hybrid,VareCampBiler,Vare- og campingbiler,2010M09,2010M09,0,
N,Nye kjøretøy,21,Hybrid,VareCampBiler,Vare- og campingbiler,2010M10,2010M10,0,
N,Nye kjøretøy,21,Hybrid,VareCampBiler,Vare- og campingbiler,2010M11,2010M11,0,
N,Nye kjøretøy,21,Hybrid,VareCampBiler,Vare- og campingbiler,2010M12,2010M12,0,
N,Nye kjøretøy,21,Hybrid,VareCampBiler,Vare- og campingbiler,2011M01,2011M01,0,
N,Nye kjøretøy,21,Hybrid,VareCampBiler,Vare- og campingbiler,2011M02,2011M02,0,
N,Nye kjøretøy,21,Hybrid,VareCampBiler,Vare- og campingbiler,2011M03,2011M03,0,
N,Nye kjøretøy,21,Hybrid,VareCampBiler,Vare- og campingbiler,2011M04,2011M04,0,
N,Nye kjøretøy,21,Hybrid,VareCampBiler,Vare- og campingbiler,2011M05,2011M05,0,
N,Nye kjøretøy,21,Hybrid,VareCampBiler,Vare- og campingbiler,2011M06,2011M06,0,
N,Nye kjøretøy,21,Hybrid,VareCampBiler,Vare- og campingbiler,2011M07,2011M07,0,
N,Nye kjøretøy,21,Hybrid,VareCampBiler,Vare- og campingbiler,2011M08,2011M08,0,
N,Nye kjøretøy,21,Hybrid,VareCampBiler,Vare- og campingbiler,2011M09,2011M09,0,
N,Nye kjøretøy,21,Hybrid,VareCampBiler,Vare- og campingbiler,2011M10,2011M10,0,
N,Nye kjøretøy,21,Hybrid,VareCampBiler,Vare- og campingbiler,2011M11,2011M11,0,
N,Nye kjøretøy,21,Hybrid,VareCampBiler,Vare- og campingbiler,2011M12,2011M12,0,
N,Nye kjøretøy,21,Hybrid,VareCampBiler,Vare- og campingbiler,2012M01,2012M01,0,
N,Nye kjøretøy,21,Hybrid,VareCampBiler,Vare- og campingbiler,2012M02,2012M02,0,
N,Nye kjøretøy,21,Hybrid,VareCampBiler,Vare- og campingbiler,2012M03,2012M03,0,
N,Nye kjøretøy,21,Hybrid,VareCampBiler,Vare- og campingbiler,2012M04,2012M04,0,
N,Nye kjøretøy,21,Hybrid,VareCampBiler,Vare- og campingbiler,2012M05,2012M05,0,
N,Nye kjøretøy,21,Hybrid,VareCampBiler,Vare- og campingbiler,2012M06,2012M06,0,
N,Nye kjøretøy,21,Hybrid,VareCampBiler,Vare- og campingbiler,2012M07,2012M07,0,
N,Nye kjøretøy,21,Hybrid,VareCampBiler,Vare- og campingbiler,2012M08,2012M08,0,
N,Nye kjøretøy,21,Hybrid,VareCampBiler,Vare- og campingbiler,2012M09,2012M09,0,
N,Nye kjøretøy,21,Hybrid,VareCampBiler,Vare- og campingbiler,2012M10,2012M10,0,
N,Nye kjøretøy,21,Hybrid,VareCampBiler,Vare- og campingbiler,2012M11,2012M11,0,
N,Nye kjøretøy,21,Hybrid,VareCampBiler,Vare- og campingbiler,2012M12,2012M12,0,
N,Nye kjøretøy,21,Hybrid,VareCampBiler,Vare- og campingbiler,2013M01,2013M01,0,
N,Nye kjøretøy,21,Hybrid,VareCampBiler,Vare- og campingbiler,2013M02,2013M02,0,
N,Nye kjøretøy,21,Hybrid,VareCampBiler,Vare- og campingbiler,2013M03,2013M03,0,
N,Nye kjøretøy,21,Hybrid,VareCampBiler,Vare- og campingbiler,2013M04,2013M04,0,
N,Nye kjøretøy,21,Hybrid,VareCampBiler,Vare- og campingbiler,2013M05,2013M05,0,
N,Nye kjøretøy,21,Hybrid,VareCampBiler,Vare- og campingbiler,2013M06,2013M06,0,
N,Nye kjøretøy,21,Hybrid,VareCampBiler,Vare- og campingbiler,2013M07,2013M07,1,
N,Nye kjøretøy,21,Hybrid,VareCampBiler,Vare- og campingbiler,2013M08,2013M08,0,
N,Nye kjøretøy,21,Hybrid,VareCampBiler,Vare- og campingbiler,2013M09,2013M09,0,
N,Nye kjøretøy,21,Hybrid,VareCampBiler,Vare- og campingbiler,2013M10,2013M10,0,
N,Nye kjøretøy,21,Hybrid,VareCampBiler,Vare- og campingbiler,2013M11,2013M11,0,
N,Nye kjøretøy,21,Hybrid,VareCampBiler,Vare- og campingbiler,2013M12,2013M12,0,
N,Nye kjøretøy,21,Hybrid,VareCampBiler,Vare- og campingbiler,2014M01,2014M01,0,
N,Nye kjøretøy,21,Hybrid,VareCampBiler,Vare- og campingbiler,2014M02,2014M02,0,
N,Nye kjøretøy,21,Hybrid,VareCampBiler,Vare- og campingbiler,2014M03,2014M03,0,
N,Nye kjøretøy,21,Hybrid,VareCampBiler,Vare- og campingbiler,2014M04,2014M04,0,
N,Nye kjøretøy,21,Hybrid,VareCampBiler,Vare- og campingbiler,2014M05,2014M05,0,
N,Nye kjøretøy,21,Hybrid,VareCampBiler,Vare- og campingbiler,2014M06,2014M06,0,
N,Nye kjøretøy,21,Hybrid,VareCampBiler,Vare- og campingbiler,2014M07,2014M07,0,
N,Nye kjøretøy,21,Hybrid,VareCampBiler,Vare- og campingbiler,2014M08,2014M08,0,
N,Nye kjøretøy,21,Hybrid,VareCampBiler,Vare- og campingbiler,2014M09,2014M09,0,
N,Nye kjøretøy,21,Hybrid,VareCampBiler,Vare- og campingbiler,2014M10,2014M10,0,
N,Nye kjøretøy,21,Hybrid,VareCampBiler,Vare- og campingbiler,2014M11,2014M11,0,
N,Nye kjøretøy,21,Hybrid,VareCampBiler,Vare- og campingbiler,2014M12,2014M12,0,
N,Nye kjøretøy,21,Hybrid,VareCampBiler,Vare- og campingbiler,2015M01,2015M01,0,
N,Nye kjøretøy,21,Hybrid,VareCampBiler,Vare- og campingbiler,2015M02,2015M02,0,
N,Nye kjøretøy,21,Hybrid,VareCampBiler,Vare- og campingbiler,2015M03,2015M03,0,
N,Nye kjøretøy,21,Hybrid,VareCampBiler,Vare- og campingbiler,2015M04,2015M04,0,
N,Nye kjøretøy,21,Hybrid,VareCampBiler,Vare- og campingbiler,2015M05,2015M05,0,
N,Nye kjøretøy,21,Hybrid,VareCampBiler,Vare- og campingbiler,2015M06,2015M06,0,
N,Nye kjøretøy,21,Hybrid,VareCampBiler,Vare- og campingbiler,2015M07,2015M07,0,
N,Nye kjøretøy,21,Hybrid,VareCampBiler,Vare- og campingbiler,2015M08,2015M08,0,
N,Nye kjøretøy,21,Hybrid,VareCampBiler,Vare- og campingbiler,2015M09,2015M09,0,
N,Nye kjøretøy,21,Hybrid,VareCampBiler,Vare- og campingbiler,2015M10,2015M10,0,
N,Nye kjøretøy,21,Hybrid,VareCampBiler,Vare- og campingbiler,2015M11,2015M11,0,
N,Nye kjøretøy,21,Hybrid,VareCampBiler,Vare- og campingbiler,2015M12,2015M12,0,
N,Nye kjøretøy,21,Hybrid,VareCampBiler,Vare- og campingbiler,2016M01,2016M01,0,
N,Nye kjøretøy,21,Hybrid,VareCampBiler,Vare- og campingbiler,2016M02,2016M02,0,
N,Nye kjøretøy,21,Hybrid,VareCampBiler,Vare- og campingbiler,2016M03,2016M03,0,
N,Nye kjøretøy,21,Hybrid,VareCampBiler,Vare- og campingbiler,2016M04,2016M04,0,
N,Nye kjøretøy,21,Hybrid,VareCampBiler,Vare- og campingbiler,2016M05,2016M05,0,
N,Nye kjøretøy,21,Hybrid,VareCampBiler,Vare- og campingbiler,2016M06,2016M06,0,
N,Nye kjøretøy,21,Hybrid,VareCampBiler,Vare- og campingbiler,2016M07,2016M07,0,
N,Nye kjøretøy,21,Hybrid,VareCampBiler,Vare- og campingbiler,2016M08,2016M08,0,
N,Nye kjøretøy,21,Hybrid,VareCampBiler,Vare- og campingbiler,2016M09,2016M09,0,
N,Nye kjøretøy,21,Hybrid,VareCampBiler,Vare- og campingbiler,2016M10,2016M10,0,
N,Nye kjøretøy,21,Hybrid,VareCampBiler,Vare- og campingbiler,2016M11,2016M11,0,
N,Nye kjøretøy,21,Hybrid,VareCampBiler,Vare- og campingbiler,2016M12,2016M12,0,
N,Nye kjøretøy,21,Hybrid,VareCampBiler,Vare- og campingbiler,2017M01,2017M01,0,
N,Nye kjøretøy,21,Hybrid,VareCampBiler,Vare- og campingbiler,2017M02,2017M02,0,
N,Nye kjøretøy,21,Hybrid,VareCampBiler,Vare- og campingbiler,2017M03,2017M03,0,
N,Nye kjøretøy,21,Hybrid,VareCampBiler,Vare- og campingbiler,2017M04,2017M04,0,
N,Nye kjøretøy,21,Hybrid,VareCampBiler,Vare- og campingbiler,2017M05,2017M05,0,
N,Nye kjøretøy,21,Hybrid,VareCampBiler,Vare- og campingbiler,2017M06,2017M06,0,
N,Nye kjøretøy,21,Hybrid,VareCampBiler,Vare- og campingbiler,2017M07,2017M07,0,
N,Nye kjøretøy,21,Hybrid,VareCampBiler,Vare- og campingbiler,2017M08,2017M08,0,
N,Nye kjøretøy,21,Hybrid,VareCampBiler,Vare- og campingbiler,2017M09,2017M09,0,
N,Nye kjøretøy,21,Hybrid,VareCampBiler,Vare- og campingbiler,2017M10,2017M10,0,
N,Nye kjøretøy,21,Hybrid,VareCampBiler,Vare- og campingbiler,2017M11,2017M11,0,
N,Nye kjøretøy,21,Hybrid,VareCampBiler,Vare- og campingbiler,2017M12,2017M12,0,
N,Nye kjøretøy,21,Hybrid,VareCampBiler,Vare- og campingbiler,2018M01,2018M01,0,
N,Nye kjøretøy,21,Hybrid,VareCampBiler,Vare- og campingbiler,2018M02,2018M02,0,
N,Nye kjøretøy,21,Hybrid,VareCampBiler,Vare- og campingbiler,2018M03,2018M03,0,
N,Nye kjøretøy,21,Hybrid,VareCampBiler,Vare- og campingbiler,2018M04,2018M04,0,
N,Nye kjøretøy,21,Hybrid,VareCampBiler,Vare- og campingbiler,2018M05,2018M05,0,
N,Nye kjøretøy,21,Hybrid,VareCampBiler,Vare- og campingbiler,2018M06,2018M06,0,
N,Nye kjøretøy,21,Hybrid,VareCampBiler,Vare- og campingbiler,2018M07,2018M07,0,
N,Nye kjøretøy,21,Hybrid,VareCampBiler,Vare- og campingbiler,2018M08,2018M08,0,
N,Nye kjøretøy,21,Hybrid,VareCampBiler,Vare- og campingbiler,2018M09,2018M09,0,
N,Nye kjøretøy,21,Hybrid,VareCampBiler,Vare- og campingbiler,2018M10,2018M10,0,
N,Nye kjøretøy,21,Hybrid,VareCampBiler,Vare- og campingbiler,2018M11,2018M11,0,
N,Nye kjøretøy,21,Hybrid,VareCampBiler,Vare- og campingbiler,2018M12,2018M12,0,
N,Nye kjøretøy,21,Hybrid,VareCampBiler,Vare- og campingbiler,2019M01,2019M01,0,
N,Nye kjøretøy,21,Hybrid,VareCampBiler,Vare- og campingbiler,2019M02,2019M02,0,
N,Nye kjøretøy,21,Hybrid,VareCampBiler,Vare- og campingbiler,2019M03,2019M03,0,
N,Nye kjøretøy,21,Hybrid,VareCampBiler,Vare- og campingbiler,2019M04,2019M04,0,
N,Nye kjøretøy,21,Hybrid,VareCampBiler,Vare- og campingbiler,2019M05,2019M05,0,
N,Nye kjøretøy,21,Hybrid,VareCampBiler,Vare- og campingbiler,2019M06,2019M06,0,
N,Nye kjøretøy,21,Hybrid,VareCampBiler,Vare- og campingbiler,2019M07,2019M07,0,
N,Nye kjøretøy,21,Hybrid,VareCampBiler,Vare- og campingbiler,2019M08,2019M08,0,
N,Nye kjøretøy,21,Hybrid,VareCampBiler,Vare- og campingbiler,2019M09,2019M09,0,
N,Nye kjøretøy,21,Hybrid,VareCampBiler,Vare- og campingbiler,2019M10,2019M10,3,
N,Nye kjøretøy,21,Hybrid,VareCampBiler,Vare- og campingbiler,2019M11,2019M11,8,
N,Nye kjøretøy,21,Hybrid,VareCampBiler,Vare- og campingbiler,2019M12,2019M12,14,
N,Nye kjøretøy,21,Hybrid,VareCampBiler,Vare- og campingbiler,2020M01,2020M01,10,
N,Nye kjøretøy,21,Hybrid,VareCampBiler,Vare- og campingbiler,2020M02,2020M02,12,
N,Nye kjøretøy,21,Hybrid,VareCampBiler,Vare- og campingbiler,2020M03,2020M03,10,
N,Nye kjøretøy,21,Hybrid,VareCampBiler,Vare- og campingbiler,2020M04,2020M04,2,
N,Nye kjøretøy,21,Hybrid,VareCampBiler,Vare- og campingbiler,2020M05,2020M05,9,
N,Nye kjøretøy,21,Hybrid,VareCampBiler,Vare- og campingbiler,2020M06,2020M06,7,
N,Nye kjøretøy,21,Hybrid,VareCampBiler,Vare- og campingbiler,2020M07,2020M07,7,
N,Nye kjøretøy,21,Hybrid,VareCampBiler,Vare- og campingbiler,2020M08,2020M08,12,
N,Nye kjøretøy,21,Hybrid,VareCampBiler,Vare- og campingbiler,2020M09,2020M09,4,
N,Nye kjøretøy,21,Hybrid,VareCampBiler,Vare- og campingbiler,2020M10,2020M10,12,
N,Nye kjøretøy,21,Hybrid,VareCampBiler,Vare- og campingbiler,2020M11,2020M11,17,
N,Nye kjøretøy,21,Hybrid,VareCampBiler,Vare- og campingbiler,2020M12,2020M12,16,
N,Nye kjøretøy,21,Hybrid,VareCampBiler,Vare- og campingbiler,2021M01,2021M01,13,
N,Nye kjøretøy,21,Hybrid,VareCampBiler,Vare- og campingbiler,2021M02,2021M02,21,
N,Nye kjøretøy,21,Hybrid,VareCampBiler,Vare- og campingbiler,2021M03,2021M03,72,
N,Nye kjøretøy,21,Hybrid,VareCampBiler,Vare- og campingbiler,2021M04,2021M04,30,
N,Nye kjøretøy,21,Hybrid,VareCampBiler,Vare- og campingbiler,2021M05,2021M05,23,
N,Nye kjøretøy,21,Hybrid,VareCampBiler,Vare- og campingbiler,2021M06,2021M06,61,
N,Nye kjøretøy,21,Hybrid,VareCampBiler,Vare- og campingbiler,2021M07,2021M07,34,
N,Nye kjøretøy,21,Hybrid,VareCampBiler,Vare- og campingbiler,2021M08,2021M08,29,
N,Nye kjøretøy,21,Hybrid,VareCampBiler,Vare- og campingbiler,2021M09,2021M09,56,
N,Nye kjøretøy,21,Hybrid,VareCampBiler,Vare- og campingbiler,2021M10,2021M10,40,
N,Nye kjøretøy,21,Hybrid,VareCampBiler,Vare- og campingbiler,2021M11,2021M11,53,
N,Nye kjøretøy,21,Hybrid,VareCampBiler,Vare- og campingbiler,2021M12,2021M12,66,
N,Nye kjøretøy,21,Hybrid,VareCampBiler,Vare- og campingbiler,2022M01,2022M01,8,
N,Nye kjøretøy,21,Hybrid,VareCampBiler,Vare- og campingbiler,2022M02,2022M02,17,
N,Nye kjøretøy,21,Hybrid,VareCampBiler,Vare- og campingbiler,2022M03,2022M03,19,
N,Nye kjøretøy,21,Hybrid,VareCampBiler,Vare- og campingbiler,2022M04,2022M04,24,
N,Nye kjøretøy,21,Hybrid,VareCampBiler,Vare- og campingbiler,2022M05,2022M05,31,
N,Nye kjøretøy,21,Hybrid,VareCampBiler,Vare- og campingbiler,2022M06,2022M06,66,
N,Nye kjøretøy,21,Hybrid,VareCampBiler,Vare- og campingbiler,2022M07,2022M07,42,
N,Nye kjøretøy,21,Hybrid,VareCampBiler,Vare- og campingbiler,2022M08,2022M08,64,
N,Nye kjøretøy,21,Hybrid,VareCampBiler,Vare- og campingbiler,2022M09,2022M09,36,
N,Nye kjøretøy,21,Hybrid,VareCampBiler,Vare- og campingbiler,2022M10,2022M10,26,
N,Nye kjøretøy,21,Hybrid,VareCampBiler,Vare- og campingbiler,2022M11,2022M11,54,
N,Nye kjøretøy,21,Hybrid,VareCampBiler,Vare- og campingbiler,2022M12,2022M12,85,
N,Nye kjøretøy,21,Hybrid,VareCampBiler,Vare- og campingbiler,2023M01,2023M01,26,
N,Nye kjøretøy,21,Hybrid,VareCampBiler,Vare- og campingbiler,2023M02,2023M02,25,
N,Nye kjøretøy,21,Hybrid,VareCampBiler,Vare- og campingbiler,2023M03,2023M03,30,
N,Nye kjøretøy,21,Hybrid,VareCampBiler,Vare- og campingbiler,2023M04,2023M04,17,
N,Nye kjøretøy,21,Hybrid,VareCampBiler,Vare- og campingbiler,2023M05,2023M05,29,
N,Nye kjøretøy,21,Hybrid,VareCampBiler,Vare- og campingbiler,2023M06,2023M06,40,
N,Nye kjøretøy,21,Hybrid,VareCampBiler,Vare- og campingbiler,2023M07,2023M07,14,
N,Nye kjøretøy,21,Hybrid,VareCampBiler,Vare- og campingbiler,2023M08,2023M08,31,
N,Nye kjøretøy,21,Hybrid,VareCampBiler,Vare- og campingbiler,2023M09,2023M09,18,
N,Nye kjøretøy,21,Hybrid,VareCampBiler,Vare- og campingbiler,2023M10,2023M10,21,
N,Nye kjøretøy,21,Hybrid,VareCampBiler,Vare- og campingbiler,2023M11,2023M11,22,
N,Nye kjøretøy,21,Hybrid,VareCampBiler,Vare- og campingbiler,2023M12,2023M12,28,
N,Nye kjøretøy,21,Hybrid,VareCampBiler,Vare- og campingbiler,2024M01,2024M01,13,
N,Nye kjøretøy,21,Hybrid,VareCampBiler,Vare- og campingbiler,2024M02,2024M02,36,
N,Nye kjøretøy,21,Hybrid,VareCampBiler,Vare- og campingbiler,2024M03,2024M03,22,
N,Nye kjøretøy,21,Hybrid,VareCampBiler,Vare- og campingbiler,2024M04,2024M04,22,
N,Nye kjøretøy,21,Hybrid,VareCampBiler,Vare- og campingbiler,2024M05,2024M05,9,
N,Nye kjøretøy,21,Hybrid,VareCampBiler,Vare- og campingbiler,2024M06,2024M06,25,
N,Nye kjøretøy,21,Hybrid,VareCampBiler,Vare- og campingbiler,2024M07,2024M07,19,
N,Nye kjøretøy,21,Hybrid,VareCampBiler,Vare- og campingbiler,2024M08,2024M08,17,
N,Nye kjøretøy,21,Hybrid,VareCampBiler,Vare- og campingbiler,2024M09,2024M09,24,
N,Nye kjøretøy,21,Hybrid,VareCampBiler,Vare- og campingbiler,2024M10,2024M10,41,
N,Nye kjøretøy,21,Hybrid,VareCampBiler,Vare- og campingbiler,2024M11,2024M11,63,
N,Nye kjøretøy,21,Hybrid,VareCampBiler,Vare- og campingbiler,2024M12,2024M12,147,
N,Nye kjøretøy,21,Hybrid,VareCampBiler,Vare- og campingbiler,2025M01,2025M01,38,
N,Nye kjøretøy,21,Hybrid,VareCampBiler,Vare- og campingbiler,2025M02,2025M02,46,
N,Nye kjøretøy,21,Hybrid,VareCampBiler,Vare- og campingbiler,2025M03,2025M03,92,
N,Nye kjøretøy,21,Hybrid,VareCampBiler,Vare- og campingbiler,2025M04,2025M04,24,
N,Nye kjøretøy,21,Hybrid,VareCampBiler,Vare- og campingbiler,2025M05,2025M05,41,
N,Nye kjøretøy,21,Hybrid,VareCampBiler,Vare- og campingbiler,2025M06,2025M06,78,
N,Nye kjøretøy,21,Hybrid,VareCampBiler,Vare- og campingbiler,2025M07,2025M07,24,
N,Nye kjøretøy,21,Hybrid,VareCampBiler,Vare- og campingbiler,2025M08,2025M08,55,
N,Nye kjøretøy,21,Hybrid,VareCampBiler,Vare- og campingbiler,2025M09,2025M09,127,
N,Nye kjøretøy,21,Hybrid,VareCampBiler,Vare- og campingbiler,2025M10,2025M10,80,
N,Nye kjøretøy,21,Hybrid,VareCampBiler,Vare- og campingbiler,2025M11,2025M11,51,
N,Nye kjøretøy,21,Hybrid,VareCampBiler,Vare- og campingbiler,2025M12,2025M12,455,
N,Nye kjøretøy,21,Hybrid,VareCampBiler,Vare- og campingbiler,2026M01,2026M01,36,
N,Nye kjøretøy,21,Hybrid,VareCampBiler,Vare- og campingbiler,2026M02,2026M02,110,
N,Nye kjøretøy,21,Hybrid,VareCampBiler,Vare- og campingbiler,2026M03,2026M03,137,
N,Nye kjøretøy,21,Hybrid,VareCampBiler,Vare- og campingbiler,2026M04,2026M04,140,
N,Nye kjøretøy,21,Hybrid,VareCampBiler,Vare- og campingbiler,2026M05,2026M05,79,
N,Nye kjøretøy,21,Hybrid,VareCampBiler,Vare- og campingbiler,2026M06,2026M06,78,
N,Nye kjøretøy,21,Hybrid,VareCampBiler,Vare- og campingbiler,2026M07,2026M07,56,
N,Nye kjøretøy,6,Annet drivstoff,Personbiler,Personbiler,1995M01,1995M01,0,
N,Nye kjøretøy,6,Annet drivstoff,Personbiler,Personbiler,1995M02,1995M02,0,
N,Nye kjøretøy,6,Annet drivstoff,Personbiler,Personbiler,1995M03,1995M03,0,
N,Nye kjøretøy,6,Annet drivstoff,Personbiler,Personbiler,1995M04,1995M04,0,
N,Nye kjøretøy,6,Annet drivstoff,Personbiler,Personbiler,1995M05,1995M05,0,
N,Nye kjøretøy,6,Annet drivstoff,Personbiler,Personbiler,1995M06,1995M06,0,
N,Nye kjøretøy,6,Annet drivstoff,Personbiler,Personbiler,1995M07,1995M07,0,
N,Nye kjøretøy,6,Annet drivstoff,Personbiler,Personbiler,1995M08,1995M08,0,
N,Nye kjøretøy,6,Annet drivstoff,Personbiler,Personbiler,1995M09,1995M09,0,
N,Nye kjøretøy,6,Annet drivstoff,Personbiler,Personbiler,1995M10,1995M10,0,
N,Nye kjøretøy,6,Annet drivstoff,Personbiler,Personbiler,1995M11,1995M11,0,
N,Nye kjøretøy,6,Annet drivstoff,Personbiler,Personbiler,1995M12,1995M12,0,
N,Nye kjøretøy,6,Annet drivstoff,Personbiler,Personbiler,1996M01,1996M01,0,
N,Nye kjøretøy,6,Annet drivstoff,Personbiler,Personbiler,1996M02,1996M02,0,
N,Nye kjøretøy,6,Annet drivstoff,Personbiler,Personbiler,1996M03,1996M03,0,
N,Nye kjøretøy,6,Annet drivstoff,Personbiler,Personbiler,1996M04,1996M04,0,
N,Nye kjøretøy,6,Annet drivstoff,Personbiler,Personbiler,1996M05,1996M05,0,
N,Nye kjøretøy,6,Annet drivstoff,Personbiler,Personbiler,1996M06,1996M06,0,
N,Nye kjøretøy,6,Annet drivstoff,Personbiler,Personbiler,1996M07,1996M07,0,
N,Nye kjøretøy,6,Annet drivstoff,Personbiler,Personbiler,1996M08,1996M08,0,
N,Nye kjøretøy,6,Annet drivstoff,Personbiler,Personbiler,1996M09,1996M09,0,
N,Nye kjøretøy,6,Annet drivstoff,Personbiler,Personbiler,1996M10,1996M10,0,
N,Nye kjøretøy,6,Annet drivstoff,Personbiler,Personbiler,1996M11,1996M11,0,
N,Nye kjøretøy,6,Annet drivstoff,Personbiler,Personbiler,1996M12,1996M12,0,
N,Nye kjøretøy,6,Annet drivstoff,Personbiler,Personbiler,1997M01,1997M01,0,
N,Nye kjøretøy,6,Annet drivstoff,Personbiler,Personbiler,1997M02,1997M02,0,
N,Nye kjøretøy,6,Annet drivstoff,Personbiler,Personbiler,1997M03,1997M03,0,
N,Nye kjøretøy,6,Annet drivstoff,Personbiler,Personbiler,1997M04,1997M04,0,
N,Nye kjøretøy,6,Annet drivstoff,Personbiler,Personbiler,1997M05,1997M05,0,
N,Nye kjøretøy,6,Annet drivstoff,Personbiler,Personbiler,1997M06,1997M06,0,
N,Nye kjøretøy,6,Annet drivstoff,Personbiler,Personbiler,1997M07,1997M07,0,
N,Nye kjøretøy,6,Annet drivstoff,Personbiler,Personbiler,1997M08,1997M08,0,
N,Nye kjøretøy,6,Annet drivstoff,Personbiler,Personbiler,1997M09,1997M09,0,
N,Nye kjøretøy,6,Annet drivstoff,Personbiler,Personbiler,1997M10,1997M10,0,
N,Nye kjøretøy,6,Annet drivstoff,Personbiler,Personbiler,1997M11,1997M11,0,
N,Nye kjøretøy,6,Annet drivstoff,Personbiler,Personbiler,1997M12,1997M12,0,
N,Nye kjøretøy,6,Annet drivstoff,Personbiler,Personbiler,1998M01,1998M01,0,
N,Nye kjøretøy,6,Annet drivstoff,Personbiler,Personbiler,1998M02,1998M02,0,
N,Nye kjøretøy,6,Annet drivstoff,Personbiler,Personbiler,1998M03,1998M03,0,
N,Nye kjøretøy,6,Annet drivstoff,Personbiler,Personbiler,1998M04,1998M04,0,
N,Nye kjøretøy,6,Annet drivstoff,Personbiler,Personbiler,1998M05,1998M05,0,
N,Nye kjøretøy,6,Annet drivstoff,Personbiler,Personbiler,1998M06,1998M06,0,
N,Nye kjøretøy,6,Annet drivstoff,Personbiler,Personbiler,1998M07,1998M07,0,
N,Nye kjøretøy,6,Annet drivstoff,Personbiler,Personbiler,1998M08,1998M08,0,
N,Nye kjøretøy,6,Annet drivstoff,Personbiler,Personbiler,1998M09,1998M09,0,
N,Nye kjøretøy,6,Annet drivstoff,Personbiler,Personbiler,1998M10,1998M10,0,
N,Nye kjøretøy,6,Annet drivstoff,Personbiler,Personbiler,1998M11,1998M11,0,
N,Nye kjøretøy,6,Annet drivstoff,Personbiler,Personbiler,1998M12,1998M12,0,
N,Nye kjøretøy,6,Annet drivstoff,Personbiler,Personbiler,1999M01,1999M01,0,
N,Nye kjøretøy,6,Annet drivstoff,Personbiler,Personbiler,1999M02,1999M02,0,
N,Nye kjøretøy,6,Annet drivstoff,Personbiler,Personbiler,1999M03,1999M03,0,
N,Nye kjøretøy,6,Annet drivstoff,Personbiler,Personbiler,1999M04,1999M04,0,
N,Nye kjøretøy,6,Annet drivstoff,Personbiler,Personbiler,1999M05,1999M05,0,
N,Nye kjøretøy,6,Annet drivstoff,Personbiler,Personbiler,1999M06,1999M06,0,
N,Nye kjøretøy,6,Annet drivstoff,Personbiler,Personbiler,1999M07,1999M07,0,
N,Nye kjøretøy,6,Annet drivstoff,Personbiler,Personbiler,1999M08,1999M08,0,
N,Nye kjøretøy,6,Annet drivstoff,Personbiler,Personbiler,1999M09,1999M09,0,
N,Nye kjøretøy,6,Annet drivstoff,Personbiler,Personbiler,1999M10,1999M10,0,
N,Nye kjøretøy,6,Annet drivstoff,Personbiler,Personbiler,1999M11,1999M11,0,
N,Nye kjøretøy,6,Annet drivstoff,Personbiler,Personbiler,1999M12,1999M12,0,
N,Nye kjøretøy,6,Annet drivstoff,Personbiler,Personbiler,2000M01,2000M01,0,
N,Nye kjøretøy,6,Annet drivstoff,Personbiler,Personbiler,2000M02,2000M02,0,
N,Nye kjøretøy,6,Annet drivstoff,Personbiler,Personbiler,2000M03,2000M03,0,
N,Nye kjøretøy,6,Annet drivstoff,Personbiler,Personbiler,2000M04,2000M04,0,
N,Nye kjøretøy,6,Annet drivstoff,Personbiler,Personbiler,2000M05,2000M05,0,
N,Nye kjøretøy,6,Annet drivstoff,Personbiler,Personbiler,2000M06,2000M06,0,
N,Nye kjøretøy,6,Annet drivstoff,Personbiler,Personbiler,2000M07,2000M07,0,
N,Nye kjøretøy,6,Annet drivstoff,Personbiler,Personbiler,2000M08,2000M08,0,
N,Nye kjøretøy,6,Annet drivstoff,Personbiler,Personbiler,2000M09,2000M09,0,
N,Nye kjøretøy,6,Annet drivstoff,Personbiler,Personbiler,2000M10,2000M10,0,
N,Nye kjøretøy,6,Annet drivstoff,Personbiler,Personbiler,2000M11,2000M11,0,
N,Nye kjøretøy,6,Annet drivstoff,Personbiler,Personbiler,2000M12,2000M12,0,
N,Nye kjøretøy,6,Annet drivstoff,Personbiler,Personbiler,2001M01,2001M01,0,
N,Nye kjøretøy,6,Annet drivstoff,Personbiler,Personbiler,2001M02,2001M02,0,
N,Nye kjøretøy,6,Annet drivstoff,Personbiler,Personbiler,2001M03,2001M03,0,
N,Nye kjøretøy,6,Annet drivstoff,Personbiler,Personbiler,2001M04,2001M04,0,
N,Nye kjøretøy,6,Annet drivstoff,Personbiler,Personbiler,2001M05,2001M05,0,
N,Nye kjøretøy,6,Annet drivstoff,Personbiler,Personbiler,2001M06,2001M06,0,
N,Nye kjøretøy,6,Annet drivstoff,Personbiler,Personbiler,2001M07,2001M07,0,
N,Nye kjøretøy,6,Annet drivstoff,Personbiler,Personbiler,2001M08,2001M08,0,
N,Nye kjøretøy,6,Annet drivstoff,Personbiler,Personbiler,2001M09,2001M09,0,
N,Nye kjøretøy,6,Annet drivstoff,Personbiler,Personbiler,2001M10,2001M10,0,
N,Nye kjøretøy,6,Annet drivstoff,Personbiler,Personbiler,2001M11,2001M11,0,
N,Nye kjøretøy,6,Annet drivstoff,Personbiler,Personbiler,2001M12,2001M12,0,
N,Nye kjøretøy,6,Annet drivstoff,Personbiler,Personbiler,2002M01,2002M01,0,
N,Nye kjøretøy,6,Annet drivstoff,Personbiler,Personbiler,2002M02,2002M02,0,
N,Nye kjøretøy,6,Annet drivstoff,Personbiler,Personbiler,2002M03,2002M03,0,
N,Nye kjøretøy,6,Annet drivstoff,Personbiler,Personbiler,2002M04,2002M04,0,
N,Nye kjøretøy,6,Annet drivstoff,Personbiler,Personbiler,2002M05,2002M05,0,
N,Nye kjøretøy,6,Annet drivstoff,Personbiler,Personbiler,2002M06,2002M06,0,
N,Nye kjøretøy,6,Annet drivstoff,Personbiler,Personbiler,2002M07,2002M07,0,
N,Nye kjøretøy,6,Annet drivstoff,Personbiler,Personbiler,2002M08,2002M08,0,
N,Nye kjøretøy,6,Annet drivstoff,Personbiler,Personbiler,2002M09,2002M09,0,
N,Nye kjøretøy,6,Annet drivstoff,Personbiler,Personbiler,2002M10,2002M10,0,
N,Nye kjøretøy,6,Annet drivstoff,Personbiler,Personbiler,2002M11,2002M11,0,
N,Nye kjøretøy,6,Annet drivstoff,Personbiler,Personbiler,2002M12,2002M12,0,
N,Nye kjøretøy,6,Annet drivstoff,Personbiler,Personbiler,2003M01,2003M01,0,
N,Nye kjøretøy,6,Annet drivstoff,Personbiler,Personbiler,2003M02,2003M02,0,
N,Nye kjøretøy,6,Annet drivstoff,Personbiler,Personbiler,2003M03,2003M03,0,
N,Nye kjøretøy,6,Annet drivstoff,Personbiler,Personbiler,2003M04,2003M04,0,
N,Nye kjøretøy,6,Annet drivstoff,Personbiler,Personbiler,2003M05,2003M05,0,
N,Nye kjøretøy,6,Annet drivstoff,Personbiler,Personbiler,2003M06,2003M06,0,
N,Nye kjøretøy,6,Annet drivstoff,Personbiler,Personbiler,2003M07,2003M07,0,
N,Nye kjøretøy,6,Annet drivstoff,Personbiler,Personbiler,2003M08,2003M08,0,
N,Nye kjøretøy,6,Annet drivstoff,Personbiler,Personbiler,2003M09,2003M09,0,
N,Nye kjøretøy,6,Annet drivstoff,Personbiler,Personbiler,2003M10,2003M10,0,
N,Nye kjøretøy,6,Annet drivstoff,Personbiler,Personbiler,2003M11,2003M11,0,
N,Nye kjøretøy,6,Annet drivstoff,Personbiler,Personbiler,2003M12,2003M12,0,
N,Nye kjøretøy,6,Annet drivstoff,Personbiler,Personbiler,2004M01,2004M01,0,
N,Nye kjøretøy,6,Annet drivstoff,Personbiler,Personbiler,2004M02,2004M02,0,
N,Nye kjøretøy,6,Annet drivstoff,Personbiler,Personbiler,2004M03,2004M03,0,
N,Nye kjøretøy,6,Annet drivstoff,Personbiler,Personbiler,2004M04,2004M04,0,
N,Nye kjøretøy,6,Annet drivstoff,Personbiler,Personbiler,2004M05,2004M05,0,
N,Nye kjøretøy,6,Annet drivstoff,Personbiler,Personbiler,2004M06,2004M06,0,
N,Nye kjøretøy,6,Annet drivstoff,Personbiler,Personbiler,2004M07,2004M07,0,
N,Nye kjøretøy,6,Annet drivstoff,Personbiler,Personbiler,2004M08,2004M08,0,
N,Nye kjøretøy,6,Annet drivstoff,Personbiler,Personbiler,2004M09,2004M09,0,
N,Nye kjøretøy,6,Annet drivstoff,Personbiler,Personbiler,2004M10,2004M10,0,
N,Nye kjøretøy,6,Annet drivstoff,Personbiler,Personbiler,2004M11,2004M11,0,
N,Nye kjøretøy,6,Annet drivstoff,Personbiler,Personbiler,2004M12,2004M12,0,
N,Nye kjøretøy,6,Annet drivstoff,Personbiler,Personbiler,2005M01,2005M01,0,
N,Nye kjøretøy,6,Annet drivstoff,Personbiler,Personbiler,2005M02,2005M02,0,
N,Nye kjøretøy,6,Annet drivstoff,Personbiler,Personbiler,2005M03,2005M03,0,
N,Nye kjøretøy,6,Annet drivstoff,Personbiler,Personbiler,2005M04,2005M04,0,
N,Nye kjøretøy,6,Annet drivstoff,Personbiler,Personbiler,2005M05,2005M05,0,
N,Nye kjøretøy,6,Annet drivstoff,Personbiler,Personbiler,2005M06,2005M06,0,
N,Nye kjøretøy,6,Annet drivstoff,Personbiler,Personbiler,2005M07,2005M07,0,
N,Nye kjøretøy,6,Annet drivstoff,Personbiler,Personbiler,2005M08,2005M08,0,
N,Nye kjøretøy,6,Annet drivstoff,Personbiler,Personbiler,2005M09,2005M09,0,
N,Nye kjøretøy,6,Annet drivstoff,Personbiler,Personbiler,2005M10,2005M10,0,
N,Nye kjøretøy,6,Annet drivstoff,Personbiler,Personbiler,2005M11,2005M11,0,
N,Nye kjøretøy,6,Annet drivstoff,Personbiler,Personbiler,2005M12,2005M12,0,
N,Nye kjøretøy,6,Annet drivstoff,Personbiler,Personbiler,2006M01,2006M01,0,
N,Nye kjøretøy,6,Annet drivstoff,Personbiler,Personbiler,2006M02,2006M02,0,
N,Nye kjøretøy,6,Annet drivstoff,Personbiler,Personbiler,2006M03,2006M03,0,
N,Nye kjøretøy,6,Annet drivstoff,Personbiler,Personbiler,2006M04,2006M04,0,
N,Nye kjøretøy,6,Annet drivstoff,Personbiler,Personbiler,2006M05,2006M05,0,
N,Nye kjøretøy,6,Annet drivstoff,Personbiler,Personbiler,2006M06,2006M06,0,
N,Nye kjøretøy,6,Annet drivstoff,Personbiler,Personbiler,2006M07,2006M07,0,
N,Nye kjøretøy,6,Annet drivstoff,Personbiler,Personbiler,2006M08,2006M08,0,
N,Nye kjøretøy,6,Annet drivstoff,Personbiler,Personbiler,2006M09,2006M09,0,
N,Nye kjøretøy,6,Annet drivstoff,Personbiler,Personbiler,2006M10,2006M10,0,
N,Nye kjøretøy,6,Annet drivstoff,Personbiler,Personbiler,2006M11,2006M11,0,
N,Nye kjøretøy,6,Annet drivstoff,Personbiler,Personbiler,2006M12,2006M12,0,
N,Nye kjøretøy,6,Annet drivstoff,Personbiler,Personbiler,2007M01,2007M01,0,
N,Nye kjøretøy,6,Annet drivstoff,Personbiler,Personbiler,2007M02,2007M02,0,
N,Nye kjøretøy,6,Annet drivstoff,Personbiler,Personbiler,2007M03,2007M03,0,
N,Nye kjøretøy,6,Annet drivstoff,Personbiler,Personbiler,2007M04,2007M04,0,
N,Nye kjøretøy,6,Annet drivstoff,Personbiler,Personbiler,2007M05,2007M05,0,
N,Nye kjøretøy,6,Annet drivstoff,Personbiler,Personbiler,2007M06,2007M06,0,
N,Nye kjøretøy,6,Annet drivstoff,Personbiler,Personbiler,2007M07,2007M07,0,
N,Nye kjøretøy,6,Annet drivstoff,Personbiler,Personbiler,2007M08,2007M08,0,
N,Nye kjøretøy,6,Annet drivstoff,Personbiler,Personbiler,2007M09,2007M09,0,
N,Nye kjøretøy,6,Annet drivstoff,Personbiler,Personbiler,2007M10,2007M10,0,
N,Nye kjøretøy,6,Annet drivstoff,Personbiler,Personbiler,2007M11,2007M11,0,
N,Nye kjøretøy,6,Annet drivstoff,Personbiler,Personbiler,2007M12,2007M12,0,
N,Nye kjøretøy,6,Annet drivstoff,Personbiler,Personbiler,2008M01,2008M01,0,
N,Nye kjøretøy,6,Annet drivstoff,Personbiler,Personbiler,2008M02,2008M02,0,
N,Nye kjøretøy,6,Annet drivstoff,Personbiler,Personbiler,2008M03,2008M03,0,
N,Nye kjøretøy,6,Annet drivstoff,Personbiler,Personbiler,2008M04,2008M04,0,
N,Nye kjøretøy,6,Annet drivstoff,Personbiler,Personbiler,2008M05,2008M05,0,
N,Nye kjøretøy,6,Annet drivstoff,Personbiler,Personbiler,2008M06,2008M06,0,
N,Nye kjøretøy,6,Annet drivstoff,Personbiler,Personbiler,2008M07,2008M07,0,
N,Nye kjøretøy,6,Annet drivstoff,Personbiler,Personbiler,2008M08,2008M08,0,
N,Nye kjøretøy,6,Annet drivstoff,Personbiler,Personbiler,2008M09,2008M09,0,
N,Nye kjøretøy,6,Annet drivstoff,Personbiler,Personbiler,2008M10,2008M10,0,
N,Nye kjøretøy,6,Annet drivstoff,Personbiler,Personbiler,2008M11,2008M11,0,
N,Nye kjøretøy,6,Annet drivstoff,Personbiler,Personbiler,2008M12,2008M12,0,
N,Nye kjøretøy,6,Annet drivstoff,Personbiler,Personbiler,2009M01,2009M01,0,
N,Nye kjøretøy,6,Annet drivstoff,Personbiler,Personbiler,2009M02,2009M02,0,
N,Nye kjøretøy,6,Annet drivstoff,Personbiler,Personbiler,2009M03,2009M03,0,
N,Nye kjøretøy,6,Annet drivstoff,Personbiler,Personbiler,2009M04,2009M04,0,
N,Nye kjøretøy,6,Annet drivstoff,Personbiler,Personbiler,2009M05,2009M05,0,
N,Nye kjøretøy,6,Annet drivstoff,Personbiler,Personbiler,2009M06,2009M06,0,
N,Nye kjøretøy,6,Annet drivstoff,Personbiler,Personbiler,2009M07,2009M07,0,
N,Nye kjøretøy,6,Annet drivstoff,Personbiler,Personbiler,2009M08,2009M08,0,
N,Nye kjøretøy,6,Annet drivstoff,Personbiler,Personbiler,2009M09,2009M09,0,
N,Nye kjøretøy,6,Annet drivstoff,Personbiler,Personbiler,2009M10,2009M10,0,
N,Nye kjøretøy,6,Annet drivstoff,Personbiler,Personbiler,2009M11,2009M11,0,
N,Nye kjøretøy,6,Annet drivstoff,Personbiler,Personbiler,2009M12,2009M12,0,
N,Nye kjøretøy,6,Annet drivstoff,Personbiler,Personbiler,2010M01,2010M01,0,
N,Nye kjøretøy,6,Annet drivstoff,Personbiler,Personbiler,2010M02,2010M02,0,
N,Nye kjøretøy,6,Annet drivstoff,Personbiler,Personbiler,2010M03,2010M03,0,
N,Nye kjøretøy,6,Annet drivstoff,Personbiler,Personbiler,2010M04,2010M04,0,
N,Nye kjøretøy,6,Annet drivstoff,Personbiler,Personbiler,2010M05,2010M05,0,
N,Nye kjøretøy,6,Annet drivstoff,Personbiler,Personbiler,2010M06,2010M06,0,
N,Nye kjøretøy,6,Annet drivstoff,Personbiler,Personbiler,2010M07,2010M07,0,
N,Nye kjøretøy,6,Annet drivstoff,Personbiler,Personbiler,2010M08,2010M08,0,
N,Nye kjøretøy,6,Annet drivstoff,Personbiler,Personbiler,2010M09,2010M09,1,
N,Nye kjøretøy,6,Annet drivstoff,Personbiler,Personbiler,2010M10,2010M10,0,
N,Nye kjøretøy,6,Annet drivstoff,Personbiler,Personbiler,2010M11,2010M11,0,
N,Nye kjøretøy,6,Annet drivstoff,Personbiler,Personbiler,2010M12,2010M12,0,
N,Nye kjøretøy,6,Annet drivstoff,Personbiler,Personbiler,2011M01,2011M01,0,
N,Nye kjøretøy,6,Annet drivstoff,Personbiler,Personbiler,2011M02,2011M02,0,
N,Nye kjøretøy,6,Annet drivstoff,Personbiler,Personbiler,2011M03,2011M03,0,
N,Nye kjøretøy,6,Annet drivstoff,Personbiler,Personbiler,2011M04,2011M04,0,
N,Nye kjøretøy,6,Annet drivstoff,Personbiler,Personbiler,2011M05,2011M05,0,
N,Nye kjøretøy,6,Annet drivstoff,Personbiler,Personbiler,2011M06,2011M06,0,
N,Nye kjøretøy,6,Annet drivstoff,Personbiler,Personbiler,2011M07,2011M07,0,
N,Nye kjøretøy,6,Annet drivstoff,Personbiler,Personbiler,2011M08,2011M08,0,
N,Nye kjøretøy,6,Annet drivstoff,Personbiler,Personbiler,2011M09,2011M09,0,
N,Nye kjøretøy,6,Annet drivstoff,Personbiler,Personbiler,2011M10,2011M10,0,
N,Nye kjøretøy,6,Annet drivstoff,Personbiler,Personbiler,2011M11,2011M11,0,
N,Nye kjøretøy,6,Annet drivstoff,Personbiler,Personbiler,2011M12,2011M12,0,
N,Nye kjøretøy,6,Annet drivstoff,Personbiler,Personbiler,2012M01,2012M01,0,
N,Nye kjøretøy,6,Annet drivstoff,Personbiler,Personbiler,2012M02,2012M02,0,
N,Nye kjøretøy,6,Annet drivstoff,Personbiler,Personbiler,2012M03,2012M03,0,
N,Nye kjøretøy,6,Annet drivstoff,Personbiler,Personbiler,2012M04,2012M04,0,
N,Nye kjøretøy,6,Annet drivstoff,Personbiler,Personbiler,2012M05,2012M05,0,
N,Nye kjøretøy,6,Annet drivstoff,Personbiler,Personbiler,2012M06,2012M06,0,
N,Nye kjøretøy,6,Annet drivstoff,Personbiler,Personbiler,2012M07,2012M07,0,
N,Nye kjøretøy,6,Annet drivstoff,Personbiler,Personbiler,2012M08,2012M08,0,
N,Nye kjøretøy,6,Annet drivstoff,Personbiler,Personbiler,2012M09,2012M09,0,
N,Nye kjøretøy,6,Annet drivstoff,Personbiler,Personbiler,2012M10,2012M10,0,
N,Nye kjøretøy,6,Annet drivstoff,Personbiler,Personbiler,2012M11,2012M11,0,
N,Nye kjøretøy,6,Annet drivstoff,Personbiler,Personbiler,2012M12,2012M12,0,
N,Nye kjøretøy,6,Annet drivstoff,Personbiler,Personbiler,2013M01,2013M01,0,
N,Nye kjøretøy,6,Annet drivstoff,Personbiler,Personbiler,2013M02,2013M02,0,
N,Nye kjøretøy,6,Annet drivstoff,Personbiler,Personbiler,2013M03,2013M03,0,
N,Nye kjøretøy,6,Annet drivstoff,Personbiler,Personbiler,2013M04,2013M04,0,
N,Nye kjøretøy,6,Annet drivstoff,Personbiler,Personbiler,2013M05,2013M05,0,
N,Nye kjøretøy,6,Annet drivstoff,Personbiler,Personbiler,2013M06,2013M06,0,
N,Nye kjøretøy,6,Annet drivstoff,Personbiler,Personbiler,2013M07,2013M07,0,
N,Nye kjøretøy,6,Annet drivstoff,Personbiler,Personbiler,2013M08,2013M08,0,
N,Nye kjøretøy,6,Annet drivstoff,Personbiler,Personbiler,2013M09,2013M09,0,
N,Nye kjøretøy,6,Annet drivstoff,Personbiler,Personbiler,2013M10,2013M10,0,
N,Nye kjøretøy,6,Annet drivstoff,Personbiler,Personbiler,2013M11,2013M11,0,
N,Nye kjøretøy,6,Annet drivstoff,Personbiler,Personbiler,2013M12,2013M12,0,
N,Nye kjøretøy,6,Annet drivstoff,Personbiler,Personbiler,2014M01,2014M01,0,
N,Nye kjøretøy,6,Annet drivstoff,Personbiler,Personbiler,2014M02,2014M02,0,
N,Nye kjøretøy,6,Annet drivstoff,Personbiler,Personbiler,2014M03,2014M03,0,
N,Nye kjøretøy,6,Annet drivstoff,Personbiler,Personbiler,2014M04,2014M04,0,
N,Nye kjøretøy,6,Annet drivstoff,Personbiler,Personbiler,2014M05,2014M05,0,
N,Nye kjøretøy,6,Annet drivstoff,Personbiler,Personbiler,2014M06,2014M06,0,
N,Nye kjøretøy,6,Annet drivstoff,Personbiler,Personbiler,2014M07,2014M07,0,
N,Nye kjøretøy,6,Annet drivstoff,Personbiler,Personbiler,2014M08,2014M08,0,
N,Nye kjøretøy,6,Annet drivstoff,Personbiler,Personbiler,2014M09,2014M09,0,
N,Nye kjøretøy,6,Annet drivstoff,Personbiler,Personbiler,2014M10,2014M10,0,
N,Nye kjøretøy,6,Annet drivstoff,Personbiler,Personbiler,2014M11,2014M11,0,
N,Nye kjøretøy,6,Annet drivstoff,Personbiler,Personbiler,2014M12,2014M12,0,
N,Nye kjøretøy,6,Annet drivstoff,Personbiler,Personbiler,2015M01,2015M01,0,
N,Nye kjøretøy,6,Annet drivstoff,Personbiler,Personbiler,2015M02,2015M02,0,
N,Nye kjøretøy,6,Annet drivstoff,Personbiler,Personbiler,2015M03,2015M03,0,
N,Nye kjøretøy,6,Annet drivstoff,Personbiler,Personbiler,2015M04,2015M04,0,
N,Nye kjøretøy,6,Annet drivstoff,Personbiler,Personbiler,2015M05,2015M05,0,
N,Nye kjøretøy,6,Annet drivstoff,Personbiler,Personbiler,2015M06,2015M06,0,
N,Nye kjøretøy,6,Annet drivstoff,Personbiler,Personbiler,2015M07,2015M07,0,
N,Nye kjøretøy,6,Annet drivstoff,Personbiler,Personbiler,2015M08,2015M08,0,
N,Nye kjøretøy,6,Annet drivstoff,Personbiler,Personbiler,2015M09,2015M09,0,
N,Nye kjøretøy,6,Annet drivstoff,Personbiler,Personbiler,2015M10,2015M10,0,
N,Nye kjøretøy,6,Annet drivstoff,Personbiler,Personbiler,2015M11,2015M11,0,
N,Nye kjøretøy,6,Annet drivstoff,Personbiler,Personbiler,2015M12,2015M12,0,
N,Nye kjøretøy,6,Annet drivstoff,Personbiler,Personbiler,2016M01,2016M01,0,
N,Nye kjøretøy,6,Annet drivstoff,Personbiler,Personbiler,2016M02,2016M02,0,
N,Nye kjøretøy,6,Annet drivstoff,Personbiler,Personbiler,2016M03,2016M03,0,
N,Nye kjøretøy,6,Annet drivstoff,Personbiler,Personbiler,2016M04,2016M04,0,
N,Nye kjøretøy,6,Annet drivstoff,Personbiler,Personbiler,2016M05,2016M05,0,
N,Nye kjøretøy,6,Annet drivstoff,Personbiler,Personbiler,2016M06,2016M06,0,
N,Nye kjøretøy,6,Annet drivstoff,Personbiler,Personbiler,2016M07,2016M07,0,
N,Nye kjøretøy,6,Annet drivstoff,Personbiler,Personbiler,2016M08,2016M08,0,
N,Nye kjøretøy,6,Annet drivstoff,Personbiler,Personbiler,2016M09,2016M09,0,
N,Nye kjøretøy,6,Annet drivstoff,Personbiler,Personbiler,2016M10,2016M10,0,
N,Nye kjøretøy,6,Annet drivstoff,Personbiler,Personbiler,2016M11,2016M11,0,
N,Nye kjøretøy,6,Annet drivstoff,Personbiler,Personbiler,2016M12,2016M12,0,
N,Nye kjøretøy,6,Annet drivstoff,Personbiler,Personbiler,2017M01,2017M01,0,
N,Nye kjøretøy,6,Annet drivstoff,Personbiler,Personbiler,2017M02,2017M02,0,
N,Nye kjøretøy,6,Annet drivstoff,Personbiler,Personbiler,2017M03,2017M03,0,
N,Nye kjøretøy,6,Annet drivstoff,Personbiler,Personbiler,2017M04,2017M04,0,
N,Nye kjøretøy,6,Annet drivstoff,Personbiler,Personbiler,2017M05,2017M05,0,
N,Nye kjøretøy,6,Annet drivstoff,Personbiler,Personbiler,2017M06,2017M06,0,
N,Nye kjøretøy,6,Annet drivstoff,Personbiler,Personbiler,2017M07,2017M07,0,
N,Nye kjøretøy,6,Annet drivstoff,Personbiler,Personbiler,2017M08,2017M08,0,
N,Nye kjøretøy,6,Annet drivstoff,Personbiler,Personbiler,2017M09,2017M09,0,
N,Nye kjøretøy,6,Annet drivstoff,Personbiler,Personbiler,2017M10,2017M10,0,
N,Nye kjøretøy,6,Annet drivstoff,Personbiler,Personbiler,2017M11,2017M11,0,
N,Nye kjøretøy,6,Annet drivstoff,Personbiler,Personbiler,2017M12,2017M12,0,
N,Nye kjøretøy,6,Annet drivstoff,Personbiler,Personbiler,2018M01,2018M01,0,
N,Nye kjøretøy,6,Annet drivstoff,Personbiler,Personbiler,2018M02,2018M02,0,
N,Nye kjøretøy,6,Annet drivstoff,Personbiler,Personbiler,2018M03,2018M03,0,
N,Nye kjøretøy,6,Annet drivstoff,Personbiler,Personbiler,2018M04,2018M04,0,
N,Nye kjøretøy,6,Annet drivstoff,Personbiler,Personbiler,2018M05,2018M05,0,
N,Nye kjøretøy,6,Annet drivstoff,Personbiler,Personbiler,2018M06,2018M06,0,
N,Nye kjøretøy,6,Annet drivstoff,Personbiler,Personbiler,2018M07,2018M07,0,
N,Nye kjøretøy,6,Annet drivstoff,Personbiler,Personbiler,2018M08,2018M08,0,
N,Nye kjøretøy,6,Annet drivstoff,Personbiler,Personbiler,2018M09,2018M09,0,
N,Nye kjøretøy,6,Annet drivstoff,Personbiler,Personbiler,2018M10,2018M10,0,
N,Nye kjøretøy,6,Annet drivstoff,Personbiler,Personbiler,2018M11,2018M11,0,
N,Nye kjøretøy,6,Annet drivstoff,Personbiler,Personbiler,2018M12,2018M12,0,
N,Nye kjøretøy,6,Annet drivstoff,Personbiler,Personbiler,2019M01,2019M01,0,
N,Nye kjøretøy,6,Annet drivstoff,Personbiler,Personbiler,2019M02,2019M02,0,
N,Nye kjøretøy,6,Annet drivstoff,Personbiler,Personbiler,2019M03,2019M03,0,
N,Nye kjøretøy,6,Annet drivstoff,Personbiler,Personbiler,2019M04,2019M04,0,
N,Nye kjøretøy,6,Annet drivstoff,Personbiler,Personbiler,2019M05,2019M05,0,
N,Nye kjøretøy,6,Annet drivstoff,Personbiler,Personbiler,2019M06,2019M06,0,
N,Nye kjøretøy,6,Annet drivstoff,Personbiler,Personbiler,2019M07,2019M07,0,
N,Nye kjøretøy,6,Annet drivstoff,Personbiler,Personbiler,2019M08,2019M08,0,
N,Nye kjøretøy,6,Annet drivstoff,Personbiler,Personbiler,2019M09,2019M09,0,
N,Nye kjøretøy,6,Annet drivstoff,Personbiler,Personbiler,2019M10,2019M10,0,
N,Nye kjøretøy,6,Annet drivstoff,Personbiler,Personbiler,2019M11,2019M11,0,
N,Nye kjøretøy,6,Annet drivstoff,Personbiler,Personbiler,2019M12,2019M12,0,
N,Nye kjøretøy,6,Annet drivstoff,Personbiler,Personbiler,2020M01,2020M01,0,
N,Nye kjøretøy,6,Annet drivstoff,Personbiler,Personbiler,2020M02,2020M02,0,
N,Nye kjøretøy,6,Annet drivstoff,Personbiler,Personbiler,2020M03,2020M03,0,
N,Nye kjøretøy,6,Annet drivstoff,Personbiler,Personbiler,2020M04,2020M04,0,
N,Nye kjøretøy,6,Annet drivstoff,Personbiler,Personbiler,2020M05,2020M05,0,
N,Nye kjøretøy,6,Annet drivstoff,Personbiler,Personbiler,2020M06,2020M06,0,
N,Nye kjøretøy,6,Annet drivstoff,Personbiler,Personbiler,2020M07,2020M07,0,
N,Nye kjøretøy,6,Annet drivstoff,Personbiler,Personbiler,2020M08,2020M08,0,
N,Nye kjøretøy,6,Annet drivstoff,Personbiler,Personbiler,2020M09,2020M09,0,
N,Nye kjøretøy,6,Annet drivstoff,Personbiler,Personbiler,2020M10,2020M10,0,
N,Nye kjøretøy,6,Annet drivstoff,Personbiler,Personbiler,2020M11,2020M11,0,
N,Nye kjøretøy,6,Annet drivstoff,Personbiler,Personbiler,2020M12,2020M12,0,
N,Nye kjøretøy,6,Annet drivstoff,Personbiler,Personbiler,2021M01,2021M01,0,
N,Nye kjøretøy,6,Annet drivstoff,Personbiler,Personbiler,2021M02,2021M02,0,
N,Nye kjøretøy,6,Annet drivstoff,Personbiler,Personbiler,2021M03,2021M03,0,
N,Nye kjøretøy,6,Annet drivstoff,Personbiler,Personbiler,2021M04,2021M04,0,
N,Nye kjøretøy,6,Annet drivstoff,Personbiler,Personbiler,2021M05,2021M05,0,
N,Nye kjøretøy,6,Annet drivstoff,Personbiler,Personbiler,2021M06,2021M06,0,
N,Nye kjøretøy,6,Annet drivstoff,Personbiler,Personbiler,2021M07,2021M07,0,
N,Nye kjøretøy,6,Annet drivstoff,Personbiler,Personbiler,2021M08,2021M08,0,
N,Nye kjøretøy,6,Annet drivstoff,Personbiler,Personbiler,2021M09,2021M09,0,
N,Nye kjøretøy,6,Annet drivstoff,Personbiler,Personbiler,2021M10,2021M10,0,
N,Nye kjøretøy,6,Annet drivstoff,Personbiler,Personbiler,2021M11,2021M11,0,
N,Nye kjøretøy,6,Annet drivstoff,Personbiler,Personbiler,2021M12,2021M12,0,
N,Nye kjøretøy,6,Annet drivstoff,Personbiler,Personbiler,2022M01,2022M01,0,
N,Nye kjøretøy,6,Annet drivstoff,Personbiler,Personbiler,2022M02,2022M02,0,
N,Nye kjøretøy,6,Annet drivstoff,Personbiler,Personbiler,2022M03,2022M03,0,
N,Nye kjøretøy,6,Annet drivstoff,Personbiler,Personbiler,2022M04,2022M04,0,
N,Nye kjøretøy,6,Annet drivstoff,Personbiler,Personbiler,2022M05,2022M05,0,
N,Nye kjøretøy,6,Annet drivstoff,Personbiler,Personbiler,2022M06,2022M06,0,
N,Nye kjøretøy,6,Annet drivstoff,Personbiler,Personbiler,2022M07,2022M07,0,
N,Nye kjøretøy,6,Annet drivstoff,Personbiler,Personbiler,2022M08,2022M08,0,
N,Nye kjøretøy,6,Annet drivstoff,Personbiler,Personbiler,2022M09,2022M09,0,
N,Nye kjøretøy,6,Annet drivstoff,Personbiler,Personbiler,2022M10,2022M10,0,
N,Nye kjøretøy,6,Annet drivstoff,Personbiler,Personbiler,2022M11,2022M11,0,
N,Nye kjøretøy,6,Annet drivstoff,Personbiler,Personbiler,2022M12,2022M12,0,
N,Nye kjøretøy,6,Annet drivstoff,Personbiler,Personbiler,2023M01,2023M01,0,
N,Nye kjøretøy,6,Annet drivstoff,Personbiler,Personbiler,2023M02,2023M02,0,
N,Nye kjøretøy,6,Annet drivstoff,Personbiler,Personbiler,2023M03,2023M03,0,
N,Nye kjøretøy,6,Annet drivstoff,Personbiler,Personbiler,2023M04,2023M04,0,
N,Nye kjøretøy,6,Annet drivstoff,Personbiler,Personbiler,2023M05,2023M05,0,
N,Nye kjøretøy,6,Annet drivstoff,Personbiler,Personbiler,2023M06,2023M06,0,
N,Nye kjøretøy,6,Annet drivstoff,Personbiler,Personbiler,2023M07,2023M07,0,
N,Nye kjøretøy,6,Annet drivstoff,Personbiler,Personbiler,2023M08,2023M08,0,
N,Nye kjøretøy,6,Annet drivstoff,Personbiler,Personbiler,2023M09,2023M09,0,
N,Nye kjøretøy,6,Annet drivstoff,Personbiler,Personbiler,2023M10,2023M10,0,
N,Nye kjøretøy,6,Annet drivstoff,Personbiler,Personbiler,2023M11,2023M11,0,
N,Nye kjøretøy,6,Annet drivstoff,Personbiler,Personbiler,2023M12,2023M12,0,
N,Nye kjøretøy,6,Annet drivstoff,Personbiler,Personbiler,2024M01,2024M01,0,
N,Nye kjøretøy,6,Annet drivstoff,Personbiler,Personbiler,2024M02,2024M02,0,
N,Nye kjøretøy,6,Annet drivstoff,Personbiler,Personbiler,2024M03,2024M03,0,
N,Nye kjøretøy,6,Annet drivstoff,Personbiler,Personbiler,2024M04,2024M04,0,
N,Nye kjøretøy,6,Annet drivstoff,Personbiler,Personbiler,2024M05,2024M05,0,
N,Nye kjøretøy,6,Annet drivstoff,Personbiler,Personbiler,2024M06,2024M06,0,
N,Nye kjøretøy,6,Annet drivstoff,Personbiler,Personbiler,2024M07,2024M07,0,
N,Nye kjøretøy,6,Annet drivstoff,Personbiler,Personbiler,2024M08,2024M08,0,
N,Nye kjøretøy,6,Annet drivstoff,Personbiler,Personbiler,2024M09,2024M09,0,
N,Nye kjøretøy,6,Annet drivstoff,Personbiler,Personbiler,2024M10,2024M10,0,
N,Nye kjøretøy,6,Annet drivstoff,Personbiler,Personbiler,2024M11,2024M11,0,
N,Nye kjøretøy,6,Annet drivstoff,Personbiler,Personbiler,2024M12,2024M12,0,
N,Nye kjøretøy,6,Annet drivstoff,Personbiler,Personbiler,2025M01,2025M01,0,
N,Nye kjøretøy,6,Annet drivstoff,Personbiler,Personbiler,2025M02,2025M02,0,
N,Nye kjøretøy,6,Annet drivstoff,Personbiler,Personbiler,2025M03,2025M03,0,
N,Nye kjøretøy,6,Annet drivstoff,Personbiler,Personbiler,2025M04,2025M04,0,
N,Nye kjøretøy,6,Annet drivstoff,Personbiler,Personbiler,2025M05,2025M05,0,
N,Nye kjøretøy,6,Annet drivstoff,Personbiler,Personbiler,2025M06,2025M06,0,
N,Nye kjøretøy,6,Annet drivstoff,Personbiler,Personbiler,2025M07,2025M07,0,
N,Nye kjøretøy,6,Annet drivstoff,Personbiler,Personbiler,2025M08,2025M08,0,
N,Nye kjøretøy,6,Annet drivstoff,Personbiler,Personbiler,2025M09,2025M09,0,
N,Nye kjøretøy,6,Annet drivstoff,Personbiler,Personbiler,2025M10,2025M10,0,
N,Nye kjøretøy,6,Annet drivstoff,Personbiler,Personbiler,2025M11,2025M11,0,
N,Nye kjøretøy,6,Annet drivstoff,Personbiler,Personbiler,2025M12,2025M12,0,
N,Nye kjøretøy,6,Annet drivstoff,Personbiler,Personbiler,2026M01,2026M01,0,
N,Nye kjøretøy,6,Annet drivstoff,Personbiler,Personbiler,2026M02,2026M02,0,
N,Nye kjøretøy,6,Annet drivstoff,Personbiler,Personbiler,2026M03,2026M03,0,
N,Nye kjøretøy,6,Annet drivstoff,Personbiler,Personbiler,2026M04,2026M04,0,
N,Nye kjøretøy,6,Annet drivstoff,Personbiler,Personbiler,2026M05,2026M05,0,
N,Nye kjøretøy,6,Annet drivstoff,Personbiler,Personbiler,2026M06,2026M06,0,
N,Nye kjøretøy,6,Annet drivstoff,Personbiler,Personbiler,2026M07,2026M07,0,
N,Nye kjøretøy,6,Annet drivstoff,VareCampBiler,Vare- og campingbiler,1995M01,1995M01,0,
N,Nye kjøretøy,6,Annet drivstoff,VareCampBiler,Vare- og campingbiler,1995M02,1995M02,0,
N,Nye kjøretøy,6,Annet drivstoff,VareCampBiler,Vare- og campingbiler,1995M03,1995M03,0,
N,Nye kjøretøy,6,Annet drivstoff,VareCampBiler,Vare- og campingbiler,1995M04,1995M04,0,
N,Nye kjøretøy,6,Annet drivstoff,VareCampBiler,Vare- og campingbiler,1995M05,1995M05,0,
N,Nye kjøretøy,6,Annet drivstoff,VareCampBiler,Vare- og campingbiler,1995M06,1995M06,0,
N,Nye kjøretøy,6,Annet drivstoff,VareCampBiler,Vare- og campingbiler,1995M07,1995M07,0,
N,Nye kjøretøy,6,Annet drivstoff,VareCampBiler,Vare- og campingbiler,1995M08,1995M08,0,
N,Nye kjøretøy,6,Annet drivstoff,VareCampBiler,Vare- og campingbiler,1995M09,1995M09,0,
N,Nye kjøretøy,6,Annet drivstoff,VareCampBiler,Vare- og campingbiler,1995M10,1995M10,0,
N,Nye kjøretøy,6,Annet drivstoff,VareCampBiler,Vare- og campingbiler,1995M11,1995M11,0,
N,Nye kjøretøy,6,Annet drivstoff,VareCampBiler,Vare- og campingbiler,1995M12,1995M12,0,
N,Nye kjøretøy,6,Annet drivstoff,VareCampBiler,Vare- og campingbiler,1996M01,1996M01,0,
N,Nye kjøretøy,6,Annet drivstoff,VareCampBiler,Vare- og campingbiler,1996M02,1996M02,0,
N,Nye kjøretøy,6,Annet drivstoff,VareCampBiler,Vare- og campingbiler,1996M03,1996M03,0,
N,Nye kjøretøy,6,Annet drivstoff,VareCampBiler,Vare- og campingbiler,1996M04,1996M04,0,
N,Nye kjøretøy,6,Annet drivstoff,VareCampBiler,Vare- og campingbiler,1996M05,1996M05,0,
N,Nye kjøretøy,6,Annet drivstoff,VareCampBiler,Vare- og campingbiler,1996M06,1996M06,0,
N,Nye kjøretøy,6,Annet drivstoff,VareCampBiler,Vare- og campingbiler,1996M07,1996M07,0,
N,Nye kjøretøy,6,Annet drivstoff,VareCampBiler,Vare- og campingbiler,1996M08,1996M08,0,
N,Nye kjøretøy,6,Annet drivstoff,VareCampBiler,Vare- og campingbiler,1996M09,1996M09,0,
N,Nye kjøretøy,6,Annet drivstoff,VareCampBiler,Vare- og campingbiler,1996M10,1996M10,0,
N,Nye kjøretøy,6,Annet drivstoff,VareCampBiler,Vare- og campingbiler,1996M11,1996M11,0,
N,Nye kjøretøy,6,Annet drivstoff,VareCampBiler,Vare- og campingbiler,1996M12,1996M12,0,
N,Nye kjøretøy,6,Annet drivstoff,VareCampBiler,Vare- og campingbiler,1997M01,1997M01,0,
N,Nye kjøretøy,6,Annet drivstoff,VareCampBiler,Vare- og campingbiler,1997M02,1997M02,0,
N,Nye kjøretøy,6,Annet drivstoff,VareCampBiler,Vare- og campingbiler,1997M03,1997M03,0,
N,Nye kjøretøy,6,Annet drivstoff,VareCampBiler,Vare- og campingbiler,1997M04,1997M04,0,
N,Nye kjøretøy,6,Annet drivstoff,VareCampBiler,Vare- og campingbiler,1997M05,1997M05,0,
N,Nye kjøretøy,6,Annet drivstoff,VareCampBiler,Vare- og campingbiler,1997M06,1997M06,0,
N,Nye kjøretøy,6,Annet drivstoff,VareCampBiler,Vare- og campingbiler,1997M07,1997M07,0,
N,Nye kjøretøy,6,Annet drivstoff,VareCampBiler,Vare- og campingbiler,1997M08,1997M08,0,
N,Nye kjøretøy,6,Annet drivstoff,VareCampBiler,Vare- og campingbiler,1997M09,1997M09,0,
N,Nye kjøretøy,6,Annet drivstoff,VareCampBiler,Vare- og campingbiler,1997M10,1997M10,0,
N,Nye kjøretøy,6,Annet drivstoff,VareCampBiler,Vare- og campingbiler,1997M11,1997M11,0,
N,Nye kjøretøy,6,Annet drivstoff,VareCampBiler,Vare- og campingbiler,1997M12,1997M12,0,
N,Nye kjøretøy,6,Annet drivstoff,VareCampBiler,Vare- og campingbiler,1998M01,1998M01,0,
N,Nye kjøretøy,6,Annet drivstoff,VareCampBiler,Vare- og campingbiler,1998M02,1998M02,0,
N,Nye kjøretøy,6,Annet drivstoff,VareCampBiler,Vare- og campingbiler,1998M03,1998M03,0,
N,Nye kjøretøy,6,Annet drivstoff,VareCampBiler,Vare- og campingbiler,1998M04,1998M04,0,
N,Nye kjøretøy,6,Annet drivstoff,VareCampBiler,Vare- og campingbiler,1998M05,1998M05,0,
N,Nye kjøretøy,6,Annet drivstoff,VareCampBiler,Vare- og campingbiler,1998M06,1998M06,0,
N,Nye kjøretøy,6,Annet drivstoff,VareCampBiler,Vare- og campingbiler,1998M07,1998M07,0,
N,Nye kjøretøy,6,Annet drivstoff,VareCampBiler,Vare- og campingbiler,1998M08,1998M08,0,
N,Nye kjøretøy,6,Annet drivstoff,VareCampBiler,Vare- og campingbiler,1998M09,1998M09,0,
N,Nye kjøretøy,6,Annet drivstoff,VareCampBiler,Vare- og campingbiler,1998M10,1998M10,0,
N,Nye kjøretøy,6,Annet drivstoff,VareCampBiler,Vare- og campingbiler,1998M11,1998M11,0,
N,Nye kjøretøy,6,Annet drivstoff,VareCampBiler,Vare- og campingbiler,1998M12,1998M12,0,
N,Nye kjøretøy,6,Annet drivstoff,VareCampBiler,Vare- og campingbiler,1999M01,1999M01,0,
N,Nye kjøretøy,6,Annet drivstoff,VareCampBiler,Vare- og campingbiler,1999M02,1999M02,0,
N,Nye kjøretøy,6,Annet drivstoff,VareCampBiler,Vare- og campingbiler,1999M03,1999M03,0,
N,Nye kjøretøy,6,Annet drivstoff,VareCampBiler,Vare- og campingbiler,1999M04,1999M04,0,
N,Nye kjøretøy,6,Annet drivstoff,VareCampBiler,Vare- og campingbiler,1999M05,1999M05,0,
N,Nye kjøretøy,6,Annet drivstoff,VareCampBiler,Vare- og campingbiler,1999M06,1999M06,0,
N,Nye kjøretøy,6,Annet drivstoff,VareCampBiler,Vare- og campingbiler,1999M07,1999M07,0,
N,Nye kjøretøy,6,Annet drivstoff,VareCampBiler,Vare- og campingbiler,1999M08,1999M08,0,
N,Nye kjøretøy,6,Annet drivstoff,VareCampBiler,Vare- og campingbiler,1999M09,1999M09,0,
N,Nye kjøretøy,6,Annet drivstoff,VareCampBiler,Vare- og campingbiler,1999M10,1999M10,0,
N,Nye kjøretøy,6,Annet drivstoff,VareCampBiler,Vare- og campingbiler,1999M11,1999M11,0,
N,Nye kjøretøy,6,Annet drivstoff,VareCampBiler,Vare- og campingbiler,1999M12,1999M12,0,
N,Nye kjøretøy,6,Annet drivstoff,VareCampBiler,Vare- og campingbiler,2000M01,2000M01,0,
N,Nye kjøretøy,6,Annet drivstoff,VareCampBiler,Vare- og campingbiler,2000M02,2000M02,0,
N,Nye kjøretøy,6,Annet drivstoff,VareCampBiler,Vare- og campingbiler,2000M03,2000M03,0,
N,Nye kjøretøy,6,Annet drivstoff,VareCampBiler,Vare- og campingbiler,2000M04,2000M04,0,
N,Nye kjøretøy,6,Annet drivstoff,VareCampBiler,Vare- og campingbiler,2000M05,2000M05,0,
N,Nye kjøretøy,6,Annet drivstoff,VareCampBiler,Vare- og campingbiler,2000M06,2000M06,0,
N,Nye kjøretøy,6,Annet drivstoff,VareCampBiler,Vare- og campingbiler,2000M07,2000M07,0,
N,Nye kjøretøy,6,Annet drivstoff,VareCampBiler,Vare- og campingbiler,2000M08,2000M08,0,
N,Nye kjøretøy,6,Annet drivstoff,VareCampBiler,Vare- og campingbiler,2000M09,2000M09,0,
N,Nye kjøretøy,6,Annet drivstoff,VareCampBiler,Vare- og campingbiler,2000M10,2000M10,0,
N,Nye kjøretøy,6,Annet drivstoff,VareCampBiler,Vare- og campingbiler,2000M11,2000M11,0,
N,Nye kjøretøy,6,Annet drivstoff,VareCampBiler,Vare- og campingbiler,2000M12,2000M12,0,
N,Nye kjøretøy,6,Annet drivstoff,VareCampBiler,Vare- og campingbiler,2001M01,2001M01,0,
N,Nye kjøretøy,6,Annet drivstoff,VareCampBiler,Vare- og campingbiler,2001M02,2001M02,0,
N,Nye kjøretøy,6,Annet drivstoff,VareCampBiler,Vare- og campingbiler,2001M03,2001M03,0,
N,Nye kjøretøy,6,Annet drivstoff,VareCampBiler,Vare- og campingbiler,2001M04,2001M04,0,
N,Nye kjøretøy,6,Annet drivstoff,VareCampBiler,Vare- og campingbiler,2001M05,2001M05,0,
N,Nye kjøretøy,6,Annet drivstoff,VareCampBiler,Vare- og campingbiler,2001M06,2001M06,0,
N,Nye kjøretøy,6,Annet drivstoff,VareCampBiler,Vare- og campingbiler,2001M07,2001M07,0,
N,Nye kjøretøy,6,Annet drivstoff,VareCampBiler,Vare- og campingbiler,2001M08,2001M08,0,
N,Nye kjøretøy,6,Annet drivstoff,VareCampBiler,Vare- og campingbiler,2001M09,2001M09,0,
N,Nye kjøretøy,6,Annet drivstoff,VareCampBiler,Vare- og campingbiler,2001M10,2001M10,0,
N,Nye kjøretøy,6,Annet drivstoff,VareCampBiler,Vare- og campingbiler,2001M11,2001M11,0,
N,Nye kjøretøy,6,Annet drivstoff,VareCampBiler,Vare- og campingbiler,2001M12,2001M12,0,
N,Nye kjøretøy,6,Annet drivstoff,VareCampBiler,Vare- og campingbiler,2002M01,2002M01,0,
N,Nye kjøretøy,6,Annet drivstoff,VareCampBiler,Vare- og campingbiler,2002M02,2002M02,0,
N,Nye kjøretøy,6,Annet drivstoff,VareCampBiler,Vare- og campingbiler,2002M03,2002M03,0,
N,Nye kjøretøy,6,Annet drivstoff,VareCampBiler,Vare- og campingbiler,2002M04,2002M04,0,
N,Nye kjøretøy,6,Annet drivstoff,VareCampBiler,Vare- og campingbiler,2002M05,2002M05,0,
N,Nye kjøretøy,6,Annet drivstoff,VareCampBiler,Vare- og campingbiler,2002M06,2002M06,0,
N,Nye kjøretøy,6,Annet drivstoff,VareCampBiler,Vare- og campingbiler,2002M07,2002M07,0,
N,Nye kjøretøy,6,Annet drivstoff,VareCampBiler,Vare- og campingbiler,2002M08,2002M08,0,
N,Nye kjøretøy,6,Annet drivstoff,VareCampBiler,Vare- og campingbiler,2002M09,2002M09,0,
N,Nye kjøretøy,6,Annet drivstoff,VareCampBiler,Vare- og campingbiler,2002M10,2002M10,0,
N,Nye kjøretøy,6,Annet drivstoff,VareCampBiler,Vare- og campingbiler,2002M11,2002M11,0,
N,Nye kjøretøy,6,Annet drivstoff,VareCampBiler,Vare- og campingbiler,2002M12,2002M12,0,
N,Nye kjøretøy,6,Annet drivstoff,VareCampBiler,Vare- og campingbiler,2003M01,2003M01,0,
N,Nye kjøretøy,6,Annet drivstoff,VareCampBiler,Vare- og campingbiler,2003M02,2003M02,0,
N,Nye kjøretøy,6,Annet drivstoff,VareCampBiler,Vare- og campingbiler,2003M03,2003M03,0,
N,Nye kjøretøy,6,Annet drivstoff,VareCampBiler,Vare- og campingbiler,2003M04,2003M04,0,
N,Nye kjøretøy,6,Annet drivstoff,VareCampBiler,Vare- og campingbiler,2003M05,2003M05,0,
N,Nye kjøretøy,6,Annet drivstoff,VareCampBiler,Vare- og campingbiler,2003M06,2003M06,0,
N,Nye kjøretøy,6,Annet drivstoff,VareCampBiler,Vare- og campingbiler,2003M07,2003M07,0,
N,Nye kjøretøy,6,Annet drivstoff,VareCampBiler,Vare- og campingbiler,2003M08,2003M08,0,
N,Nye kjøretøy,6,Annet drivstoff,VareCampBiler,Vare- og campingbiler,2003M09,2003M09,0,
N,Nye kjøretøy,6,Annet drivstoff,VareCampBiler,Vare- og campingbiler,2003M10,2003M10,0,
N,Nye kjøretøy,6,Annet drivstoff,VareCampBiler,Vare- og campingbiler,2003M11,2003M11,0,
N,Nye kjøretøy,6,Annet drivstoff,VareCampBiler,Vare- og campingbiler,2003M12,2003M12,0,
N,Nye kjøretøy,6,Annet drivstoff,VareCampBiler,Vare- og campingbiler,2004M01,2004M01,0,
N,Nye kjøretøy,6,Annet drivstoff,VareCampBiler,Vare- og campingbiler,2004M02,2004M02,0,
N,Nye kjøretøy,6,Annet drivstoff,VareCampBiler,Vare- og campingbiler,2004M03,2004M03,0,
N,Nye kjøretøy,6,Annet drivstoff,VareCampBiler,Vare- og campingbiler,2004M04,2004M04,0,
N,Nye kjøretøy,6,Annet drivstoff,VareCampBiler,Vare- og campingbiler,2004M05,2004M05,0,
N,Nye kjøretøy,6,Annet drivstoff,VareCampBiler,Vare- og campingbiler,2004M06,2004M06,0,
N,Nye kjøretøy,6,Annet drivstoff,VareCampBiler,Vare- og campingbiler,2004M07,2004M07,0,
N,Nye kjøretøy,6,Annet drivstoff,VareCampBiler,Vare- og campingbiler,2004M08,2004M08,0,
N,Nye kjøretøy,6,Annet drivstoff,VareCampBiler,Vare- og campingbiler,2004M09,2004M09,0,
N,Nye kjøretøy,6,Annet drivstoff,VareCampBiler,Vare- og campingbiler,2004M10,2004M10,0,
N,Nye kjøretøy,6,Annet drivstoff,VareCampBiler,Vare- og campingbiler,2004M11,2004M11,0,
N,Nye kjøretøy,6,Annet drivstoff,VareCampBiler,Vare- og campingbiler,2004M12,2004M12,0,
N,Nye kjøretøy,6,Annet drivstoff,VareCampBiler,Vare- og campingbiler,2005M01,2005M01,0,
N,Nye kjøretøy,6,Annet drivstoff,VareCampBiler,Vare- og campingbiler,2005M02,2005M02,0,
N,Nye kjøretøy,6,Annet drivstoff,VareCampBiler,Vare- og campingbiler,2005M03,2005M03,0,
N,Nye kjøretøy,6,Annet drivstoff,VareCampBiler,Vare- og campingbiler,2005M04,2005M04,0,
N,Nye kjøretøy,6,Annet drivstoff,VareCampBiler,Vare- og campingbiler,2005M05,2005M05,0,
N,Nye kjøretøy,6,Annet drivstoff,VareCampBiler,Vare- og campingbiler,2005M06,2005M06,0,
N,Nye kjøretøy,6,Annet drivstoff,VareCampBiler,Vare- og campingbiler,2005M07,2005M07,0,
N,Nye kjøretøy,6,Annet drivstoff,VareCampBiler,Vare- og campingbiler,2005M08,2005M08,0,
N,Nye kjøretøy,6,Annet drivstoff,VareCampBiler,Vare- og campingbiler,2005M09,2005M09,0,
N,Nye kjøretøy,6,Annet drivstoff,VareCampBiler,Vare- og campingbiler,2005M10,2005M10,0,
N,Nye kjøretøy,6,Annet drivstoff,VareCampBiler,Vare- og campingbiler,2005M11,2005M11,0,
N,Nye kjøretøy,6,Annet drivstoff,VareCampBiler,Vare- og campingbiler,2005M12,2005M12,0,
N,Nye kjøretøy,6,Annet drivstoff,VareCampBiler,Vare- og campingbiler,2006M01,2006M01,0,
N,Nye kjøretøy,6,Annet drivstoff,VareCampBiler,Vare- og campingbiler,2006M02,2006M02,0,
N,Nye kjøretøy,6,Annet drivstoff,VareCampBiler,Vare- og campingbiler,2006M03,2006M03,0,
N,Nye kjøretøy,6,Annet drivstoff,VareCampBiler,Vare- og campingbiler,2006M04,2006M04,0,
N,Nye kjøretøy,6,Annet drivstoff,VareCampBiler,Vare- og campingbiler,2006M05,2006M05,0,
N,Nye kjøretøy,6,Annet drivstoff,VareCampBiler,Vare- og campingbiler,2006M06,2006M06,0,
N,Nye kjøretøy,6,Annet drivstoff,VareCampBiler,Vare- og campingbiler,2006M07,2006M07,0,
N,Nye kjøretøy,6,Annet drivstoff,VareCampBiler,Vare- og campingbiler,2006M08,2006M08,0,
N,Nye kjøretøy,6,Annet drivstoff,VareCampBiler,Vare- og campingbiler,2006M09,2006M09,0,
N,Nye kjøretøy,6,Annet drivstoff,VareCampBiler,Vare- og campingbiler,2006M10,2006M10,0,
N,Nye kjøretøy,6,Annet drivstoff,VareCampBiler,Vare- og campingbiler,2006M11,2006M11,0,
N,Nye kjøretøy,6,Annet drivstoff,VareCampBiler,Vare- og campingbiler,2006M12,2006M12,0,
N,Nye kjøretøy,6,Annet drivstoff,VareCampBiler,Vare- og campingbiler,2007M01,2007M01,0,
N,Nye kjøretøy,6,Annet drivstoff,VareCampBiler,Vare- og campingbiler,2007M02,2007M02,0,
N,Nye kjøretøy,6,Annet drivstoff,VareCampBiler,Vare- og campingbiler,2007M03,2007M03,0,
N,Nye kjøretøy,6,Annet drivstoff,VareCampBiler,Vare- og campingbiler,2007M04,2007M04,0,
N,Nye kjøretøy,6,Annet drivstoff,VareCampBiler,Vare- og campingbiler,2007M05,2007M05,0,
N,Nye kjøretøy,6,Annet drivstoff,VareCampBiler,Vare- og campingbiler,2007M06,2007M06,0,
N,Nye kjøretøy,6,Annet drivstoff,VareCampBiler,Vare- og campingbiler,2007M07,2007M07,0,
N,Nye kjøretøy,6,Annet drivstoff,VareCampBiler,Vare- og campingbiler,2007M08,2007M08,0,
N,Nye kjøretøy,6,Annet drivstoff,VareCampBiler,Vare- og campingbiler,2007M09,2007M09,0,
N,Nye kjøretøy,6,Annet drivstoff,VareCampBiler,Vare- og campingbiler,2007M10,2007M10,0,
N,Nye kjøretøy,6,Annet drivstoff,VareCampBiler,Vare- og campingbiler,2007M11,2007M11,0,
N,Nye kjøretøy,6,Annet drivstoff,VareCampBiler,Vare- og campingbiler,2007M12,2007M12,0,
N,Nye kjøretøy,6,Annet drivstoff,VareCampBiler,Vare- og campingbiler,2008M01,2008M01,0,
N,Nye kjøretøy,6,Annet drivstoff,VareCampBiler,Vare- og campingbiler,2008M02,2008M02,0,
N,Nye kjøretøy,6,Annet drivstoff,VareCampBiler,Vare- og campingbiler,2008M03,2008M03,0,
N,Nye kjøretøy,6,Annet drivstoff,VareCampBiler,Vare- og campingbiler,2008M04,2008M04,0,
N,Nye kjøretøy,6,Annet drivstoff,VareCampBiler,Vare- og campingbiler,2008M05,2008M05,0,
N,Nye kjøretøy,6,Annet drivstoff,VareCampBiler,Vare- og campingbiler,2008M06,2008M06,0,
N,Nye kjøretøy,6,Annet drivstoff,VareCampBiler,Vare- og campingbiler,2008M07,2008M07,0,
N,Nye kjøretøy,6,Annet drivstoff,VareCampBiler,Vare- og campingbiler,2008M08,2008M08,0,
N,Nye kjøretøy,6,Annet drivstoff,VareCampBiler,Vare- og campingbiler,2008M09,2008M09,0,
N,Nye kjøretøy,6,Annet drivstoff,VareCampBiler,Vare- og campingbiler,2008M10,2008M10,0,
N,Nye kjøretøy,6,Annet drivstoff,VareCampBiler,Vare- og campingbiler,2008M11,2008M11,0,
N,Nye kjøretøy,6,Annet drivstoff,VareCampBiler,Vare- og campingbiler,2008M12,2008M12,0,
N,Nye kjøretøy,6,Annet drivstoff,VareCampBiler,Vare- og campingbiler,2009M01,2009M01,0,
N,Nye kjøretøy,6,Annet drivstoff,VareCampBiler,Vare- og campingbiler,2009M02,2009M02,0,
N,Nye kjøretøy,6,Annet drivstoff,VareCampBiler,Vare- og campingbiler,2009M03,2009M03,0,
N,Nye kjøretøy,6,Annet drivstoff,VareCampBiler,Vare- og campingbiler,2009M04,2009M04,0,
N,Nye kjøretøy,6,Annet drivstoff,VareCampBiler,Vare- og campingbiler,2009M05,2009M05,0,
N,Nye kjøretøy,6,Annet drivstoff,VareCampBiler,Vare- og campingbiler,2009M06,2009M06,0,
N,Nye kjøretøy,6,Annet drivstoff,VareCampBiler,Vare- og campingbiler,2009M07,2009M07,0,
N,Nye kjøretøy,6,Annet drivstoff,VareCampBiler,Vare- og campingbiler,2009M08,2009M08,0,
N,Nye kjøretøy,6,Annet drivstoff,VareCampBiler,Vare- og campingbiler,2009M09,2009M09,0,
N,Nye kjøretøy,6,Annet drivstoff,VareCampBiler,Vare- og campingbiler,2009M10,2009M10,0,
N,Nye kjøretøy,6,Annet drivstoff,VareCampBiler,Vare- og campingbiler,2009M11,2009M11,0,
N,Nye kjøretøy,6,Annet drivstoff,VareCampBiler,Vare- og campingbiler,2009M12,2009M12,0,
N,Nye kjøretøy,6,Annet drivstoff,VareCampBiler,Vare- og campingbiler,2010M01,2010M01,0,
N,Nye kjøretøy,6,Annet drivstoff,VareCampBiler,Vare- og campingbiler,2010M02,2010M02,0,
N,Nye kjøretøy,6,Annet drivstoff,VareCampBiler,Vare- og campingbiler,2010M03,2010M03,0,
N,Nye kjøretøy,6,Annet drivstoff,VareCampBiler,Vare- og campingbiler,2010M04,2010M04,0,
N,Nye kjøretøy,6,Annet drivstoff,VareCampBiler,Vare- og campingbiler,2010M05,2010M05,0,
N,Nye kjøretøy,6,Annet drivstoff,VareCampBiler,Vare- og campingbiler,2010M06,2010M06,0,
N,Nye kjøretøy,6,Annet drivstoff,VareCampBiler,Vare- og campingbiler,2010M07,2010M07,0,
N,Nye kjøretøy,6,Annet drivstoff,VareCampBiler,Vare- og campingbiler,2010M08,2010M08,0,
N,Nye kjøretøy,6,Annet drivstoff,VareCampBiler,Vare- og campingbiler,2010M09,2010M09,0,
N,Nye kjøretøy,6,Annet drivstoff,VareCampBiler,Vare- og campingbiler,2010M10,2010M10,0,
N,Nye kjøretøy,6,Annet drivstoff,VareCampBiler,Vare- og campingbiler,2010M11,2010M11,0,
N,Nye kjøretøy,6,Annet drivstoff,VareCampBiler,Vare- og campingbiler,2010M12,2010M12,0,
N,Nye kjøretøy,6,Annet drivstoff,VareCampBiler,Vare- og campingbiler,2011M01,2011M01,0,
N,Nye kjøretøy,6,Annet drivstoff,VareCampBiler,Vare- og campingbiler,2011M02,2011M02,0,
N,Nye kjøretøy,6,Annet drivstoff,VareCampBiler,Vare- og campingbiler,2011M03,2011M03,0,
N,Nye kjøretøy,6,Annet drivstoff,VareCampBiler,Vare- og campingbiler,2011M04,2011M04,0,
N,Nye kjøretøy,6,Annet drivstoff,VareCampBiler,Vare- og campingbiler,2011M05,2011M05,0,
N,Nye kjøretøy,6,Annet drivstoff,VareCampBiler,Vare- og campingbiler,2011M06,2011M06,0,
N,Nye kjøretøy,6,Annet drivstoff,VareCampBiler,Vare- og campingbiler,2011M07,2011M07,0,
N,Nye kjøretøy,6,Annet drivstoff,VareCampBiler,Vare- og campingbiler,2011M08,2011M08,0,
N,Nye kjøretøy,6,Annet drivstoff,VareCampBiler,Vare- og campingbiler,2011M09,2011M09,0,
N,Nye kjøretøy,6,Annet drivstoff,VareCampBiler,Vare- og campingbiler,2011M10,2011M10,0,
N,Nye kjøretøy,6,Annet drivstoff,VareCampBiler,Vare- og campingbiler,2011M11,2011M11,0,
N,Nye kjøretøy,6,Annet drivstoff,VareCampBiler,Vare- og campingbiler,2011M12,2011M12,0,
N,Nye kjøretøy,6,Annet drivstoff,VareCampBiler,Vare- og campingbiler,2012M01,2012M01,0,
N,Nye kjøretøy,6,Annet drivstoff,VareCampBiler,Vare- og campingbiler,2012M02,2012M02,0,
N,Nye kjøretøy,6,Annet drivstoff,VareCampBiler,Vare- og campingbiler,2012M03,2012M03,0,
N,Nye kjøretøy,6,Annet drivstoff,VareCampBiler,Vare- og campingbiler,2012M04,2012M04,0,
N,Nye kjøretøy,6,Annet drivstoff,VareCampBiler,Vare- og campingbiler,2012M05,2012M05,0,
N,Nye kjøretøy,6,Annet drivstoff,VareCampBiler,Vare- og campingbiler,2012M06,2012M06,0,
N,Nye kjøretøy,6,Annet drivstoff,VareCampBiler,Vare- og campingbiler,2012M07,2012M07,0,
N,Nye kjøretøy,6,Annet drivstoff,VareCampBiler,Vare- og campingbiler,2012M08,2012M08,0,
N,Nye kjøretøy,6,Annet drivstoff,VareCampBiler,Vare- og campingbiler,2012M09,2012M09,0,
N,Nye kjøretøy,6,Annet drivstoff,VareCampBiler,Vare- og campingbiler,2012M10,2012M10,0,
N,Nye kjøretøy,6,Annet drivstoff,VareCampBiler,Vare- og campingbiler,2012M11,2012M11,0,
N,Nye kjøretøy,6,Annet drivstoff,VareCampBiler,Vare- og campingbiler,2012M12,2012M12,0,
N,Nye kjøretøy,6,Annet drivstoff,VareCampBiler,Vare- og campingbiler,2013M01,2013M01,0,
N,Nye kjøretøy,6,Annet drivstoff,VareCampBiler,Vare- og campingbiler,2013M02,2013M02,0,
N,Nye kjøretøy,6,Annet drivstoff,VareCampBiler,Vare- og campingbiler,2013M03,2013M03,0,
N,Nye kjøretøy,6,Annet drivstoff,VareCampBiler,Vare- og campingbiler,2013M04,2013M04,0,
N,Nye kjøretøy,6,Annet drivstoff,VareCampBiler,Vare- og campingbiler,2013M05,2013M05,0,
N,Nye kjøretøy,6,Annet drivstoff,VareCampBiler,Vare- og campingbiler,2013M06,2013M06,0,
N,Nye kjøretøy,6,Annet drivstoff,VareCampBiler,Vare- og campingbiler,2013M07,2013M07,0,
N,Nye kjøretøy,6,Annet drivstoff,VareCampBiler,Vare- og campingbiler,2013M08,2013M08,0,
N,Nye kjøretøy,6,Annet drivstoff,VareCampBiler,Vare- og campingbiler,2013M09,2013M09,0,
N,Nye kjøretøy,6,Annet drivstoff,VareCampBiler,Vare- og campingbiler,2013M10,2013M10,0,
N,Nye kjøretøy,6,Annet drivstoff,VareCampBiler,Vare- og campingbiler,2013M11,2013M11,0,
N,Nye kjøretøy,6,Annet drivstoff,VareCampBiler,Vare- og campingbiler,2013M12,2013M12,0,
N,Nye kjøretøy,6,Annet drivstoff,VareCampBiler,Vare- og campingbiler,2014M01,2014M01,0,
N,Nye kjøretøy,6,Annet drivstoff,VareCampBiler,Vare- og campingbiler,2014M02,2014M02,0,
N,Nye kjøretøy,6,Annet drivstoff,VareCampBiler,Vare- og campingbiler,2014M03,2014M03,0,
N,Nye kjøretøy,6,Annet drivstoff,VareCampBiler,Vare- og campingbiler,2014M04,2014M04,0,
N,Nye kjøretøy,6,Annet drivstoff,VareCampBiler,Vare- og campingbiler,2014M05,2014M05,0,
N,Nye kjøretøy,6,Annet drivstoff,VareCampBiler,Vare- og campingbiler,2014M06,2014M06,0,
N,Nye kjøretøy,6,Annet drivstoff,VareCampBiler,Vare- og campingbiler,2014M07,2014M07,0,
N,Nye kjøretøy,6,Annet drivstoff,VareCampBiler,Vare- og campingbiler,2014M08,2014M08,0,
N,Nye kjøretøy,6,Annet drivstoff,VareCampBiler,Vare- og campingbiler,2014M09,2014M09,0,
N,Nye kjøretøy,6,Annet drivstoff,VareCampBiler,Vare- og campingbiler,2014M10,2014M10,0,
N,Nye kjøretøy,6,Annet drivstoff,VareCampBiler,Vare- og campingbiler,2014M11,2014M11,0,
N,Nye kjøretøy,6,Annet drivstoff,VareCampBiler,Vare- og campingbiler,2014M12,2014M12,0,
N,Nye kjøretøy,6,Annet drivstoff,VareCampBiler,Vare- og campingbiler,2015M01,2015M01,0,
N,Nye kjøretøy,6,Annet drivstoff,VareCampBiler,Vare- og campingbiler,2015M02,2015M02,0,
N,Nye kjøretøy,6,Annet drivstoff,VareCampBiler,Vare- og campingbiler,2015M03,2015M03,0,
N,Nye kjøretøy,6,Annet drivstoff,VareCampBiler,Vare- og campingbiler,2015M04,2015M04,0,
N,Nye kjøretøy,6,Annet drivstoff,VareCampBiler,Vare- og campingbiler,2015M05,2015M05,0,
N,Nye kjøretøy,6,Annet drivstoff,VareCampBiler,Vare- og campingbiler,2015M06,2015M06,0,
N,Nye kjøretøy,6,Annet drivstoff,VareCampBiler,Vare- og campingbiler,2015M07,2015M07,0,
N,Nye kjøretøy,6,Annet drivstoff,VareCampBiler,Vare- og campingbiler,2015M08,2015M08,0,
N,Nye kjøretøy,6,Annet drivstoff,VareCampBiler,Vare- og campingbiler,2015M09,2015M09,0,
N,Nye kjøretøy,6,Annet drivstoff,VareCampBiler,Vare- og campingbiler,2015M10,2015M10,0,
N,Nye kjøretøy,6,Annet drivstoff,VareCampBiler,Vare- og campingbiler,2015M11,2015M11,0,
N,Nye kjøretøy,6,Annet drivstoff,VareCampBiler,Vare- og campingbiler,2015M12,2015M12,0,
N,Nye kjøretøy,6,Annet drivstoff,VareCampBiler,Vare- og campingbiler,2016M01,2016M01,0,
N,Nye kjøretøy,6,Annet drivstoff,VareCampBiler,Vare- og campingbiler,2016M02,2016M02,0,
N,Nye kjøretøy,6,Annet drivstoff,VareCampBiler,Vare- og campingbiler,2016M03,2016M03,0,
N,Nye kjøretøy,6,Annet drivstoff,VareCampBiler,Vare- og campingbiler,2016M04,2016M04,0,
N,Nye kjøretøy,6,Annet drivstoff,VareCampBiler,Vare- og campingbiler,2016M05,2016M05,0,
N,Nye kjøretøy,6,Annet drivstoff,VareCampBiler,Vare- og campingbiler,2016M06,2016M06,0,
N,Nye kjøretøy,6,Annet drivstoff,VareCampBiler,Vare- og campingbiler,2016M07,2016M07,0,
N,Nye kjøretøy,6,Annet drivstoff,VareCampBiler,Vare- og campingbiler,2016M08,2016M08,0,
N,Nye kjøretøy,6,Annet drivstoff,VareCampBiler,Vare- og campingbiler,2016M09,2016M09,0,
N,Nye kjøretøy,6,Annet drivstoff,VareCampBiler,Vare- og campingbiler,2016M10,2016M10,0,
N,Nye kjøretøy,6,Annet drivstoff,VareCampBiler,Vare- og campingbiler,2016M11,2016M11,0,
N,Nye kjøretøy,6,Annet drivstoff,VareCampBiler,Vare- og campingbiler,2016M12,2016M12,0,
N,Nye kjøretøy,6,Annet drivstoff,VareCampBiler,Vare- og campingbiler,2017M01,2017M01,0,
N,Nye kjøretøy,6,Annet drivstoff,VareCampBiler,Vare- og campingbiler,2017M02,2017M02,0,
N,Nye kjøretøy,6,Annet drivstoff,VareCampBiler,Vare- og campingbiler,2017M03,2017M03,0,
N,Nye kjøretøy,6,Annet drivstoff,VareCampBiler,Vare- og campingbiler,2017M04,2017M04,0,
N,Nye kjøretøy,6,Annet drivstoff,VareCampBiler,Vare- og campingbiler,2017M05,2017M05,0,
N,Nye kjøretøy,6,Annet drivstoff,VareCampBiler,Vare- og campingbiler,2017M06,2017M06,0,
N,Nye kjøretøy,6,Annet drivstoff,VareCampBiler,Vare- og campingbiler,2017M07,2017M07,0,
N,Nye kjøretøy,6,Annet drivstoff,VareCampBiler,Vare- og campingbiler,2017M08,2017M08,0,
N,Nye kjøretøy,6,Annet drivstoff,VareCampBiler,Vare- og campingbiler,2017M09,2017M09,0,
N,Nye kjøretøy,6,Annet drivstoff,VareCampBiler,Vare- og campingbiler,2017M10,2017M10,0,
N,Nye kjøretøy,6,Annet drivstoff,VareCampBiler,Vare- og campingbiler,2017M11,2017M11,0,
N,Nye kjøretøy,6,Annet drivstoff,VareCampBiler,Vare- og campingbiler,2017M12,2017M12,0,
N,Nye kjøretøy,6,Annet drivstoff,VareCampBiler,Vare- og campingbiler,2018M01,2018M01,0,
N,Nye kjøretøy,6,Annet drivstoff,VareCampBiler,Vare- og campingbiler,2018M02,2018M02,0,
N,Nye kjøretøy,6,Annet drivstoff,VareCampBiler,Vare- og campingbiler,2018M03,2018M03,0,
N,Nye kjøretøy,6,Annet drivstoff,VareCampBiler,Vare- og campingbiler,2018M04,2018M04,0,
N,Nye kjøretøy,6,Annet drivstoff,VareCampBiler,Vare- og campingbiler,2018M05,2018M05,0,
N,Nye kjøretøy,6,Annet drivstoff,VareCampBiler,Vare- og campingbiler,2018M06,2018M06,0,
N,Nye kjøretøy,6,Annet drivstoff,VareCampBiler,Vare- og campingbiler,2018M07,2018M07,0,
N,Nye kjøretøy,6,Annet drivstoff,VareCampBiler,Vare- og campingbiler,2018M08,2018M08,0,
N,Nye kjøretøy,6,Annet drivstoff,VareCampBiler,Vare- og campingbiler,2018M09,2018M09,0,
N,Nye kjøretøy,6,Annet drivstoff,VareCampBiler,Vare- og campingbiler,2018M10,2018M10,0,
N,Nye kjøretøy,6,Annet drivstoff,VareCampBiler,Vare- og campingbiler,2018M11,2018M11,0,
N,Nye kjøretøy,6,Annet drivstoff,VareCampBiler,Vare- og campingbiler,2018M12,2018M12,0,
N,Nye kjøretøy,6,Annet drivstoff,VareCampBiler,Vare- og campingbiler,2019M01,2019M01,0,
N,Nye kjøretøy,6,Annet drivstoff,VareCampBiler,Vare- og campingbiler,2019M02,2019M02,0,
N,Nye kjøretøy,6,Annet drivstoff,VareCampBiler,Vare- og campingbiler,2019M03,2019M03,0,
N,Nye kjøretøy,6,Annet drivstoff,VareCampBiler,Vare- og campingbiler,2019M04,2019M04,0,
N,Nye kjøretøy,6,Annet drivstoff,VareCampBiler,Vare- og campingbiler,2019M05,2019M05,0,
N,Nye kjøretøy,6,Annet drivstoff,VareCampBiler,Vare- og campingbiler,2019M06,2019M06,0,
N,Nye kjøretøy,6,Annet drivstoff,VareCampBiler,Vare- og campingbiler,2019M07,2019M07,0,
N,Nye kjøretøy,6,Annet drivstoff,VareCampBiler,Vare- og campingbiler,2019M08,2019M08,0,
N,Nye kjøretøy,6,Annet drivstoff,VareCampBiler,Vare- og campingbiler,2019M09,2019M09,0,
N,Nye kjøretøy,6,Annet drivstoff,VareCampBiler,Vare- og campingbiler,2019M10,2019M10,0,
N,Nye kjøretøy,6,Annet drivstoff,VareCampBiler,Vare- og campingbiler,2019M11,2019M11,0,
N,Nye kjøretøy,6,Annet drivstoff,VareCampBiler,Vare- og campingbiler,2019M12,2019M12,0,
N,Nye kjøretøy,6,Annet drivstoff,VareCampBiler,Vare- og campingbiler,2020M01,2020M01,0,
N,Nye kjøretøy,6,Annet drivstoff,VareCampBiler,Vare- og campingbiler,2020M02,2020M02,0,
N,Nye kjøretøy,6,Annet drivstoff,VareCampBiler,Vare- og campingbiler,2020M03,2020M03,0,
N,Nye kjøretøy,6,Annet drivstoff,VareCampBiler,Vare- og campingbiler,2020M04,2020M04,0,
N,Nye kjøretøy,6,Annet drivstoff,VareCampBiler,Vare- og campingbiler,2020M05,2020M05,0,
N,Nye kjøretøy,6,Annet drivstoff,VareCampBiler,Vare- og campingbiler,2020M06,2020M06,0,
N,Nye kjøretøy,6,Annet drivstoff,VareCampBiler,Vare- og campingbiler,2020M07,2020M07,0,
N,Nye kjøretøy,6,Annet drivstoff,VareCampBiler,Vare- og campingbiler,2020M08,2020M08,0,
N,Nye kjøretøy,6,Annet drivstoff,VareCampBiler,Vare- og campingbiler,2020M09,2020M09,0,
N,Nye kjøretøy,6,Annet drivstoff,VareCampBiler,Vare- og campingbiler,2020M10,2020M10,0,
N,Nye kjøretøy,6,Annet drivstoff,VareCampBiler,Vare- og campingbiler,2020M11,2020M11,0,
N,Nye kjøretøy,6,Annet drivstoff,VareCampBiler,Vare- og campingbiler,2020M12,2020M12,0,
N,Nye kjøretøy,6,Annet drivstoff,VareCampBiler,Vare- og campingbiler,2021M01,2021M01,0,
N,Nye kjøretøy,6,Annet drivstoff,VareCampBiler,Vare- og campingbiler,2021M02,2021M02,0,
N,Nye kjøretøy,6,Annet drivstoff,VareCampBiler,Vare- og campingbiler,2021M03,2021M03,0,
N,Nye kjøretøy,6,Annet drivstoff,VareCampBiler,Vare- og campingbiler,2021M04,2021M04,0,
N,Nye kjøretøy,6,Annet drivstoff,VareCampBiler,Vare- og campingbiler,2021M05,2021M05,0,
N,Nye kjøretøy,6,Annet drivstoff,VareCampBiler,Vare- og campingbiler,2021M06,2021M06,0,
N,Nye kjøretøy,6,Annet drivstoff,VareCampBiler,Vare- og campingbiler,2021M07,2021M07,0,
N,Nye kjøretøy,6,Annet drivstoff,VareCampBiler,Vare- og campingbiler,2021M08,2021M08,0,
N,Nye kjøretøy,6,Annet drivstoff,VareCampBiler,Vare- og campingbiler,2021M09,2021M09,0,
N,Nye kjøretøy,6,Annet drivstoff,VareCampBiler,Vare- og campingbiler,2021M10,2021M10,0,
N,Nye kjøretøy,6,Annet drivstoff,VareCampBiler,Vare- og campingbiler,2021M11,2021M11,0,
N,Nye kjøretøy,6,Annet drivstoff,VareCampBiler,Vare- og campingbiler,2021M12,2021M12,0,
N,Nye kjøretøy,6,Annet drivstoff,VareCampBiler,Vare- og campingbiler,2022M01,2022M01,0,
N,Nye kjøretøy,6,Annet drivstoff,VareCampBiler,Vare- og campingbiler,2022M02,2022M02,0,
N,Nye kjøretøy,6,Annet drivstoff,VareCampBiler,Vare- og campingbiler,2022M03,2022M03,0,
N,Nye kjøretøy,6,Annet drivstoff,VareCampBiler,Vare- og campingbiler,2022M04,2022M04,0,
N,Nye kjøretøy,6,Annet drivstoff,VareCampBiler,Vare- og campingbiler,2022M05,2022M05,0,
N,Nye kjøretøy,6,Annet drivstoff,VareCampBiler,Vare- og campingbiler,2022M06,2022M06,0,
N,Nye kjøretøy,6,Annet drivstoff,VareCampBiler,Vare- og campingbiler,2022M07,2022M07,0,
N,Nye kjøretøy,6,Annet drivstoff,VareCampBiler,Vare- og campingbiler,2022M08,2022M08,0,
N,Nye kjøretøy,6,Annet drivstoff,VareCampBiler,Vare- og campingbiler,2022M09,2022M09,0,
N,Nye kjøretøy,6,Annet drivstoff,VareCampBiler,Vare- og campingbiler,2022M10,2022M10,0,
N,Nye kjøretøy,6,Annet drivstoff,VareCampBiler,Vare- og campingbiler,2022M11,2022M11,0,
N,Nye kjøretøy,6,Annet drivstoff,VareCampBiler,Vare- og campingbiler,2022M12,2022M12,0,
N,Nye kjøretøy,6,Annet drivstoff,VareCampBiler,Vare- og campingbiler,2023M01,2023M01,0,
N,Nye kjøretøy,6,Annet drivstoff,VareCampBiler,Vare- og campingbiler,2023M02,2023M02,0,
N,Nye kjøretøy,6,Annet drivstoff,VareCampBiler,Vare- og campingbiler,2023M03,2023M03,0,
N,Nye kjøretøy,6,Annet drivstoff,VareCampBiler,Vare- og campingbiler,2023M04,2023M04,0,
N,Nye kjøretøy,6,Annet drivstoff,VareCampBiler,Vare- og campingbiler,2023M05,2023M05,0,
N,Nye kjøretøy,6,Annet drivstoff,VareCampBiler,Vare- og campingbiler,2023M06,2023M06,0,
N,Nye kjøretøy,6,Annet drivstoff,VareCampBiler,Vare- og campingbiler,2023M07,2023M07,0,
N,Nye kjøretøy,6,Annet drivstoff,VareCampBiler,Vare- og campingbiler,2023M08,2023M08,0,
N,Nye kjøretøy,6,Annet drivstoff,VareCampBiler,Vare- og campingbiler,2023M09,2023M09,0,
N,Nye kjøretøy,6,Annet drivstoff,VareCampBiler,Vare- og campingbiler,2023M10,2023M10,0,
N,Nye kjøretøy,6,Annet drivstoff,VareCampBiler,Vare- og campingbiler,2023M11,2023M11,0,
N,Nye kjøretøy,6,Annet drivstoff,VareCampBiler,Vare- og campingbiler,2023M12,2023M12,0,
N,Nye kjøretøy,6,Annet drivstoff,VareCampBiler,Vare- og campingbiler,2024M01,2024M01,0,
N,Nye kjøretøy,6,Annet drivstoff,VareCampBiler,Vare- og campingbiler,2024M02,2024M02,0,
N,Nye kjøretøy,6,Annet drivstoff,VareCampBiler,Vare- og campingbiler,2024M03,2024M03,0,
N,Nye kjøretøy,6,Annet drivstoff,VareCampBiler,Vare- og campingbiler,2024M04,2024M04,0,
N,Nye kjøretøy,6,Annet drivstoff,VareCampBiler,Vare- og campingbiler,2024M05,2024M05,0,
N,Nye kjøretøy,6,Annet drivstoff,VareCampBiler,Vare- og campingbiler,2024M06,2024M06,0,
N,Nye kjøretøy,6,Annet drivstoff,VareCampBiler,Vare- og campingbiler,2024M07,2024M07,0,
N,Nye kjøretøy,6,Annet drivstoff,VareCampBiler,Vare- og campingbiler,2024M08,2024M08,0,
N,Nye kjøretøy,6,Annet drivstoff,VareCampBiler,Vare- og campingbiler,2024M09,2024M09,0,
N,Nye kjøretøy,6,Annet drivstoff,VareCampBiler,Vare- og campingbiler,2024M10,2024M10,0,
N,Nye kjøretøy,6,Annet drivstoff,VareCampBiler,Vare- og campingbiler,2024M11,2024M11,0,
N,Nye kjøretøy,6,Annet drivstoff,VareCampBiler,Vare- og campingbiler,2024M12,2024M12,0,
N,Nye kjøretøy,6,Annet drivstoff,VareCampBiler,Vare- og campingbiler,2025M01,2025M01,0,
N,Nye kjøretøy,6,Annet drivstoff,VareCampBiler,Vare- og campingbiler,2025M02,2025M02,0,
N,Nye kjøretøy,6,Annet drivstoff,VareCampBiler,Vare- og campingbiler,2025M03,2025M03,0,
N,Nye kjøretøy,6,Annet drivstoff,VareCampBiler,Vare- og campingbiler,2025M04,2025M04,0,
N,Nye kjøretøy,6,Annet drivstoff,VareCampBiler,Vare- og campingbiler,2025M05,2025M05,0,
N,Nye kjøretøy,6,Annet drivstoff,VareCampBiler,Vare- og campingbiler,2025M06,2025M06,0,
N,Nye kjøretøy,6,Annet drivstoff,VareCampBiler,Vare- og campingbiler,2025M07,2025M07,0,
N,Nye kjøretøy,6,Annet drivstoff,VareCampBiler,Vare- og campingbiler,2025M08,2025M08,0,
N,Nye kjøretøy,6,Annet drivstoff,VareCampBiler,Vare- og campingbiler,2025M09,2025M09,0,
N,Nye kjøretøy,6,Annet drivstoff,VareCampBiler,Vare- og campingbiler,2025M10,2025M10,0,
N,Nye kjøretøy,6,Annet drivstoff,VareCampBiler,Vare- og campingbiler,2025M11,2025M11,0,
N,Nye kjøretøy,6,Annet drivstoff,VareCampBiler,Vare- og campingbiler,2025M12,2025M12,0,
N,Nye kjøretøy,6,Annet drivstoff,VareCampBiler,Vare- og campingbiler,2026M01,2026M01,0,
N,Nye kjøretøy,6,Annet drivstoff,VareCampBiler,Vare- og campingbiler,2026M02,2026M02,0,
N,Nye kjøretøy,6,Annet drivstoff,VareCampBiler,Vare- og campingbiler,2026M03,2026M03,0,
N,Nye kjøretøy,6,Annet drivstoff,VareCampBiler,Vare- og campingbiler,2026M04,2026M04,0,
N,Nye kjøretøy,6,Annet drivstoff,VareCampBiler,Vare- og campingbiler,2026M05,2026M05,0,
N,Nye kjøretøy,6,Annet drivstoff,VareCampBiler,Vare- og campingbiler,2026M06,2026M06,0,
N,Nye kjøretøy,6,Annet drivstoff,VareCampBiler,Vare- og campingbiler,2026M07,2026M07,0,
B,Bruktimporterte kjøretøy,19,Elektrisk/nullutslipp,Personbiler,Personbiler,1995M01,1995M01,0,
B,Bruktimporterte kjøretøy,19,Elektrisk/nullutslipp,Personbiler,Personbiler,1995M02,1995M02,0,
B,Bruktimporterte kjøretøy,19,Elektrisk/nullutslipp,Personbiler,Personbiler,1995M03,1995M03,0,
B,Bruktimporterte kjøretøy,19,Elektrisk/nullutslipp,Personbiler,Personbiler,1995M04,1995M04,0,
B,Bruktimporterte kjøretøy,19,Elektrisk/nullutslipp,Personbiler,Personbiler,1995M05,1995M05,0,
B,Bruktimporterte kjøretøy,19,Elektrisk/nullutslipp,Personbiler,Personbiler,1995M06,1995M06,0,
B,Bruktimporterte kjøretøy,19,Elektrisk/nullutslipp,Personbiler,Personbiler,1995M07,1995M07,0,
B,Bruktimporterte kjøretøy,19,Elektrisk/nullutslipp,Personbiler,Personbiler,1995M08,1995M08,0,
B,Bruktimporterte kjøretøy,19,Elektrisk/nullutslipp,Personbiler,Personbiler,1995M09,1995M09,0,
B,Bruktimporterte kjøretøy,19,Elektrisk/nullutslipp,Personbiler,Personbiler,1995M10,1995M10,0,
B,Bruktimporterte kjøretøy,19,Elektrisk/nullutslipp,Personbiler,Personbiler,1995M11,1995M11,0,
B,Bruktimporterte kjøretøy,19,Elektrisk/nullutslipp,Personbiler,Personbiler,1995M12,1995M12,0,
B,Bruktimporterte kjøretøy,19,Elektrisk/nullutslipp,Personbiler,Personbiler,1996M01,1996M01,0,
B,Bruktimporterte kjøretøy,19,Elektrisk/nullutslipp,Personbiler,Personbiler,1996M02,1996M02,0,
B,Bruktimporterte kjøretøy,19,Elektrisk/nullutslipp,Personbiler,Personbiler,1996M03,1996M03,0,
B,Bruktimporterte kjøretøy,19,Elektrisk/nullutslipp,Personbiler,Personbiler,1996M04,1996M04,0,
B,Bruktimporterte kjøretøy,19,Elektrisk/nullutslipp,Personbiler,Personbiler,1996M05,1996M05,0,
B,Bruktimporterte kjøretøy,19,Elektrisk/nullutslipp,Personbiler,Personbiler,1996M06,1996M06,0,
B,Bruktimporterte kjøretøy,19,Elektrisk/nullutslipp,Personbiler,Personbiler,1996M07,1996M07,0,
B,Bruktimporterte kjøretøy,19,Elektrisk/nullutslipp,Personbiler,Personbiler,1996M08,1996M08,0,
B,Bruktimporterte kjøretøy,19,Elektrisk/nullutslipp,Personbiler,Personbiler,1996M09,1996M09,0,
B,Bruktimporterte kjøretøy,19,Elektrisk/nullutslipp,Personbiler,Personbiler,1996M10,1996M10,0,
B,Bruktimporterte kjøretøy,19,Elektrisk/nullutslipp,Personbiler,Personbiler,1996M11,1996M11,0,
B,Bruktimporterte kjøretøy,19,Elektrisk/nullutslipp,Personbiler,Personbiler,1996M12,1996M12,0,
B,Bruktimporterte kjøretøy,19,Elektrisk/nullutslipp,Personbiler,Personbiler,1997M01,1997M01,0,
B,Bruktimporterte kjøretøy,19,Elektrisk/nullutslipp,Personbiler,Personbiler,1997M02,1997M02,0,
B,Bruktimporterte kjøretøy,19,Elektrisk/nullutslipp,Personbiler,Personbiler,1997M03,1997M03,0,
B,Bruktimporterte kjøretøy,19,Elektrisk/nullutslipp,Personbiler,Personbiler,1997M04,1997M04,0,
B,Bruktimporterte kjøretøy,19,Elektrisk/nullutslipp,Personbiler,Personbiler,1997M05,1997M05,0,
B,Bruktimporterte kjøretøy,19,Elektrisk/nullutslipp,Personbiler,Personbiler,1997M06,1997M06,0,
B,Bruktimporterte kjøretøy,19,Elektrisk/nullutslipp,Personbiler,Personbiler,1997M07,1997M07,0,
B,Bruktimporterte kjøretøy,19,Elektrisk/nullutslipp,Personbiler,Personbiler,1997M08,1997M08,0,
B,Bruktimporterte kjøretøy,19,Elektrisk/nullutslipp,Personbiler,Personbiler,1997M09,1997M09,0,
B,Bruktimporterte kjøretøy,19,Elektrisk/nullutslipp,Personbiler,Personbiler,1997M10,1997M10,0,
B,Bruktimporterte kjøretøy,19,Elektrisk/nullutslipp,Personbiler,Personbiler,1997M11,1997M11,0,
B,Bruktimporterte kjøretøy,19,Elektrisk/nullutslipp,Personbiler,Personbiler,1997M12,1997M12,0,
B,Bruktimporterte kjøretøy,19,Elektrisk/nullutslipp,Personbiler,Personbiler,1998M01,1998M01,0,
B,Bruktimporterte kjøretøy,19,Elektrisk/nullutslipp,Personbiler,Personbiler,1998M02,1998M02,0,
B,Bruktimporterte kjøretøy,19,Elektrisk/nullutslipp,Personbiler,Personbiler,1998M03,1998M03,0,
B,Bruktimporterte kjøretøy,19,Elektrisk/nullutslipp,Personbiler,Personbiler,1998M04,1998M04,0,
B,Bruktimporterte kjøretøy,19,Elektrisk/nullutslipp,Personbiler,Personbiler,1998M05,1998M05,0,
B,Bruktimporterte kjøretøy,19,Elektrisk/nullutslipp,Personbiler,Personbiler,1998M06,1998M06,0,
B,Bruktimporterte kjøretøy,19,Elektrisk/nullutslipp,Personbiler,Personbiler,1998M07,1998M07,0,
B,Bruktimporterte kjøretøy,19,Elektrisk/nullutslipp,Personbiler,Personbiler,1998M08,1998M08,0,
B,Bruktimporterte kjøretøy,19,Elektrisk/nullutslipp,Personbiler,Personbiler,1998M09,1998M09,0,
B,Bruktimporterte kjøretøy,19,Elektrisk/nullutslipp,Personbiler,Personbiler,1998M10,1998M10,0,
B,Bruktimporterte kjøretøy,19,Elektrisk/nullutslipp,Personbiler,Personbiler,1998M11,1998M11,0,
B,Bruktimporterte kjøretøy,19,Elektrisk/nullutslipp,Personbiler,Personbiler,1998M12,1998M12,0,
B,Bruktimporterte kjøretøy,19,Elektrisk/nullutslipp,Personbiler,Personbiler,1999M01,1999M01,0,
B,Bruktimporterte kjøretøy,19,Elektrisk/nullutslipp,Personbiler,Personbiler,1999M02,1999M02,0,
B,Bruktimporterte kjøretøy,19,Elektrisk/nullutslipp,Personbiler,Personbiler,1999M03,1999M03,0,
B,Bruktimporterte kjøretøy,19,Elektrisk/nullutslipp,Personbiler,Personbiler,1999M04,1999M04,0,
B,Bruktimporterte kjøretøy,19,Elektrisk/nullutslipp,Personbiler,Personbiler,1999M05,1999M05,0,
B,Bruktimporterte kjøretøy,19,Elektrisk/nullutslipp,Personbiler,Personbiler,1999M06,1999M06,0,
B,Bruktimporterte kjøretøy,19,Elektrisk/nullutslipp,Personbiler,Personbiler,1999M07,1999M07,0,
B,Bruktimporterte kjøretøy,19,Elektrisk/nullutslipp,Personbiler,Personbiler,1999M08,1999M08,0,
B,Bruktimporterte kjøretøy,19,Elektrisk/nullutslipp,Personbiler,Personbiler,1999M09,1999M09,0,
B,Bruktimporterte kjøretøy,19,Elektrisk/nullutslipp,Personbiler,Personbiler,1999M10,1999M10,0,
B,Bruktimporterte kjøretøy,19,Elektrisk/nullutslipp,Personbiler,Personbiler,1999M11,1999M11,0,
B,Bruktimporterte kjøretøy,19,Elektrisk/nullutslipp,Personbiler,Personbiler,1999M12,1999M12,0,
B,Bruktimporterte kjøretøy,19,Elektrisk/nullutslipp,Personbiler,Personbiler,2000M01,2000M01,0,
B,Bruktimporterte kjøretøy,19,Elektrisk/nullutslipp,Personbiler,Personbiler,2000M02,2000M02,0,
B,Bruktimporterte kjøretøy,19,Elektrisk/nullutslipp,Personbiler,Personbiler,2000M03,2000M03,0,
B,Bruktimporterte kjøretøy,19,Elektrisk/nullutslipp,Personbiler,Personbiler,2000M04,2000M04,0,
B,Bruktimporterte kjøretøy,19,Elektrisk/nullutslipp,Personbiler,Personbiler,2000M05,2000M05,0,
B,Bruktimporterte kjøretøy,19,Elektrisk/nullutslipp,Personbiler,Personbiler,2000M06,2000M06,0,
B,Bruktimporterte kjøretøy,19,Elektrisk/nullutslipp,Personbiler,Personbiler,2000M07,2000M07,0,
B,Bruktimporterte kjøretøy,19,Elektrisk/nullutslipp,Personbiler,Personbiler,2000M08,2000M08,0,
B,Bruktimporterte kjøretøy,19,Elektrisk/nullutslipp,Personbiler,Personbiler,2000M09,2000M09,0,
B,Bruktimporterte kjøretøy,19,Elektrisk/nullutslipp,Personbiler,Personbiler,2000M10,2000M10,0,
B,Bruktimporterte kjøretøy,19,Elektrisk/nullutslipp,Personbiler,Personbiler,2000M11,2000M11,0,
B,Bruktimporterte kjøretøy,19,Elektrisk/nullutslipp,Personbiler,Personbiler,2000M12,2000M12,0,
B,Bruktimporterte kjøretøy,19,Elektrisk/nullutslipp,Personbiler,Personbiler,2001M01,2001M01,0,
B,Bruktimporterte kjøretøy,19,Elektrisk/nullutslipp,Personbiler,Personbiler,2001M02,2001M02,0,
B,Bruktimporterte kjøretøy,19,Elektrisk/nullutslipp,Personbiler,Personbiler,2001M03,2001M03,0,
B,Bruktimporterte kjøretøy,19,Elektrisk/nullutslipp,Personbiler,Personbiler,2001M04,2001M04,0,
B,Bruktimporterte kjøretøy,19,Elektrisk/nullutslipp,Personbiler,Personbiler,2001M05,2001M05,0,
B,Bruktimporterte kjøretøy,19,Elektrisk/nullutslipp,Personbiler,Personbiler,2001M06,2001M06,0,
B,Bruktimporterte kjøretøy,19,Elektrisk/nullutslipp,Personbiler,Personbiler,2001M07,2001M07,2,
B,Bruktimporterte kjøretøy,19,Elektrisk/nullutslipp,Personbiler,Personbiler,2001M08,2001M08,0,
B,Bruktimporterte kjøretøy,19,Elektrisk/nullutslipp,Personbiler,Personbiler,2001M09,2001M09,3,
B,Bruktimporterte kjøretøy,19,Elektrisk/nullutslipp,Personbiler,Personbiler,2001M10,2001M10,2,
B,Bruktimporterte kjøretøy,19,Elektrisk/nullutslipp,Personbiler,Personbiler,2001M11,2001M11,1,
B,Bruktimporterte kjøretøy,19,Elektrisk/nullutslipp,Personbiler,Personbiler,2001M12,2001M12,0,
B,Bruktimporterte kjøretøy,19,Elektrisk/nullutslipp,Personbiler,Personbiler,2002M01,2002M01,1,
B,Bruktimporterte kjøretøy,19,Elektrisk/nullutslipp,Personbiler,Personbiler,2002M02,2002M02,5,
B,Bruktimporterte kjøretøy,19,Elektrisk/nullutslipp,Personbiler,Personbiler,2002M03,2002M03,1,
B,Bruktimporterte kjøretøy,19,Elektrisk/nullutslipp,Personbiler,Personbiler,2002M04,2002M04,0,
B,Bruktimporterte kjøretøy,19,Elektrisk/nullutslipp,Personbiler,Personbiler,2002M05,2002M05,2,
B,Bruktimporterte kjøretøy,19,Elektrisk/nullutslipp,Personbiler,Personbiler,2002M06,2002M06,1,
B,Bruktimporterte kjøretøy,19,Elektrisk/nullutslipp,Personbiler,Personbiler,2002M07,2002M07,0,
B,Bruktimporterte kjøretøy,19,Elektrisk/nullutslipp,Personbiler,Personbiler,2002M08,2002M08,7,
B,Bruktimporterte kjøretøy,19,Elektrisk/nullutslipp,Personbiler,Personbiler,2002M09,2002M09,4,
B,Bruktimporterte kjøretøy,19,Elektrisk/nullutslipp,Personbiler,Personbiler,2002M10,2002M10,2,
B,Bruktimporterte kjøretøy,19,Elektrisk/nullutslipp,Personbiler,Personbiler,2002M11,2002M11,10,
B,Bruktimporterte kjøretøy,19,Elektrisk/nullutslipp,Personbiler,Personbiler,2002M12,2002M12,1,
B,Bruktimporterte kjøretøy,19,Elektrisk/nullutslipp,Personbiler,Personbiler,2003M01,2003M01,2,
B,Bruktimporterte kjøretøy,19,Elektrisk/nullutslipp,Personbiler,Personbiler,2003M02,2003M02,1,
B,Bruktimporterte kjøretøy,19,Elektrisk/nullutslipp,Personbiler,Personbiler,2003M03,2003M03,3,
B,Bruktimporterte kjøretøy,19,Elektrisk/nullutslipp,Personbiler,Personbiler,2003M04,2003M04,8,
B,Bruktimporterte kjøretøy,19,Elektrisk/nullutslipp,Personbiler,Personbiler,2003M05,2003M05,7,
B,Bruktimporterte kjøretøy,19,Elektrisk/nullutslipp,Personbiler,Personbiler,2003M06,2003M06,9,
B,Bruktimporterte kjøretøy,19,Elektrisk/nullutslipp,Personbiler,Personbiler,2003M07,2003M07,16,
B,Bruktimporterte kjøretøy,19,Elektrisk/nullutslipp,Personbiler,Personbiler,2003M08,2003M08,20,
B,Bruktimporterte kjøretøy,19,Elektrisk/nullutslipp,Personbiler,Personbiler,2003M09,2003M09,28,
B,Bruktimporterte kjøretøy,19,Elektrisk/nullutslipp,Personbiler,Personbiler,2003M10,2003M10,12,
B,Bruktimporterte kjøretøy,19,Elektrisk/nullutslipp,Personbiler,Personbiler,2003M11,2003M11,5,
B,Bruktimporterte kjøretøy,19,Elektrisk/nullutslipp,Personbiler,Personbiler,2003M12,2003M12,8,
B,Bruktimporterte kjøretøy,19,Elektrisk/nullutslipp,Personbiler,Personbiler,2004M01,2004M01,0,
B,Bruktimporterte kjøretøy,19,Elektrisk/nullutslipp,Personbiler,Personbiler,2004M02,2004M02,2,
B,Bruktimporterte kjøretøy,19,Elektrisk/nullutslipp,Personbiler,Personbiler,2004M03,2004M03,2,
B,Bruktimporterte kjøretøy,19,Elektrisk/nullutslipp,Personbiler,Personbiler,2004M04,2004M04,2,
B,Bruktimporterte kjøretøy,19,Elektrisk/nullutslipp,Personbiler,Personbiler,2004M05,2004M05,2,
B,Bruktimporterte kjøretøy,19,Elektrisk/nullutslipp,Personbiler,Personbiler,2004M06,2004M06,9,
B,Bruktimporterte kjøretøy,19,Elektrisk/nullutslipp,Personbiler,Personbiler,2004M07,2004M07,1,
B,Bruktimporterte kjøretøy,19,Elektrisk/nullutslipp,Personbiler,Personbiler,2004M08,2004M08,9,
B,Bruktimporterte kjøretøy,19,Elektrisk/nullutslipp,Personbiler,Personbiler,2004M09,2004M09,7,
B,Bruktimporterte kjøretøy,19,Elektrisk/nullutslipp,Personbiler,Personbiler,2004M10,2004M10,5,
B,Bruktimporterte kjøretøy,19,Elektrisk/nullutslipp,Personbiler,Personbiler,2004M11,2004M11,7,
B,Bruktimporterte kjøretøy,19,Elektrisk/nullutslipp,Personbiler,Personbiler,2004M12,2004M12,8,
B,Bruktimporterte kjøretøy,19,Elektrisk/nullutslipp,Personbiler,Personbiler,2005M01,2005M01,1,
B,Bruktimporterte kjøretøy,19,Elektrisk/nullutslipp,Personbiler,Personbiler,2005M02,2005M02,0,
B,Bruktimporterte kjøretøy,19,Elektrisk/nullutslipp,Personbiler,Personbiler,2005M03,2005M03,2,
B,Bruktimporterte kjøretøy,19,Elektrisk/nullutslipp,Personbiler,Personbiler,2005M04,2005M04,2,
B,Bruktimporterte kjøretøy,19,Elektrisk/nullutslipp,Personbiler,Personbiler,2005M05,2005M05,10,
B,Bruktimporterte kjøretøy,19,Elektrisk/nullutslipp,Personbiler,Personbiler,2005M06,2005M06,18,
B,Bruktimporterte kjøretøy,19,Elektrisk/nullutslipp,Personbiler,Personbiler,2005M07,2005M07,11,
B,Bruktimporterte kjøretøy,19,Elektrisk/nullutslipp,Personbiler,Personbiler,2005M08,2005M08,23,
B,Bruktimporterte kjøretøy,19,Elektrisk/nullutslipp,Personbiler,Personbiler,2005M09,2005M09,15,
B,Bruktimporterte kjøretøy,19,Elektrisk/nullutslipp,Personbiler,Personbiler,2005M10,2005M10,6,
B,Bruktimporterte kjøretøy,19,Elektrisk/nullutslipp,Personbiler,Personbiler,2005M11,2005M11,11,
B,Bruktimporterte kjøretøy,19,Elektrisk/nullutslipp,Personbiler,Personbiler,2005M12,2005M12,8,
B,Bruktimporterte kjøretøy,19,Elektrisk/nullutslipp,Personbiler,Personbiler,2006M01,2006M01,17,
B,Bruktimporterte kjøretøy,19,Elektrisk/nullutslipp,Personbiler,Personbiler,2006M02,2006M02,15,
B,Bruktimporterte kjøretøy,19,Elektrisk/nullutslipp,Personbiler,Personbiler,2006M03,2006M03,33,
B,Bruktimporterte kjøretøy,19,Elektrisk/nullutslipp,Personbiler,Personbiler,2006M04,2006M04,11,
B,Bruktimporterte kjøretøy,19,Elektrisk/nullutslipp,Personbiler,Personbiler,2006M05,2006M05,15,
B,Bruktimporterte kjøretøy,19,Elektrisk/nullutslipp,Personbiler,Personbiler,2006M06,2006M06,22,
B,Bruktimporterte kjøretøy,19,Elektrisk/nullutslipp,Personbiler,Personbiler,2006M07,2006M07,2,
B,Bruktimporterte kjøretøy,19,Elektrisk/nullutslipp,Personbiler,Personbiler,2006M08,2006M08,17,
B,Bruktimporterte kjøretøy,19,Elektrisk/nullutslipp,Personbiler,Personbiler,2006M09,2006M09,12,
B,Bruktimporterte kjøretøy,19,Elektrisk/nullutslipp,Personbiler,Personbiler,2006M10,2006M10,18,
B,Bruktimporterte kjøretøy,19,Elektrisk/nullutslipp,Personbiler,Personbiler,2006M11,2006M11,26,
B,Bruktimporterte kjøretøy,19,Elektrisk/nullutslipp,Personbiler,Personbiler,2006M12,2006M12,7,
B,Bruktimporterte kjøretøy,19,Elektrisk/nullutslipp,Personbiler,Personbiler,2007M01,2007M01,11,
B,Bruktimporterte kjøretøy,19,Elektrisk/nullutslipp,Personbiler,Personbiler,2007M02,2007M02,5,
B,Bruktimporterte kjøretøy,19,Elektrisk/nullutslipp,Personbiler,Personbiler,2007M03,2007M03,11,
B,Bruktimporterte kjøretøy,19,Elektrisk/nullutslipp,Personbiler,Personbiler,2007M04,2007M04,7,
B,Bruktimporterte kjøretøy,19,Elektrisk/nullutslipp,Personbiler,Personbiler,2007M05,2007M05,17,
B,Bruktimporterte kjøretøy,19,Elektrisk/nullutslipp,Personbiler,Personbiler,2007M06,2007M06,15,
B,Bruktimporterte kjøretøy,19,Elektrisk/nullutslipp,Personbiler,Personbiler,2007M07,2007M07,6,
B,Bruktimporterte kjøretøy,19,Elektrisk/nullutslipp,Personbiler,Personbiler,2007M08,2007M08,10,
B,Bruktimporterte kjøretøy,19,Elektrisk/nullutslipp,Personbiler,Personbiler,2007M09,2007M09,3,
B,Bruktimporterte kjøretøy,19,Elektrisk/nullutslipp,Personbiler,Personbiler,2007M10,2007M10,0,
B,Bruktimporterte kjøretøy,19,Elektrisk/nullutslipp,Personbiler,Personbiler,2007M11,2007M11,5,
B,Bruktimporterte kjøretøy,19,Elektrisk/nullutslipp,Personbiler,Personbiler,2007M12,2007M12,5,
B,Bruktimporterte kjøretøy,19,Elektrisk/nullutslipp,Personbiler,Personbiler,2008M01,2008M01,3,
B,Bruktimporterte kjøretøy,19,Elektrisk/nullutslipp,Personbiler,Personbiler,2008M02,2008M02,8,
B,Bruktimporterte kjøretøy,19,Elektrisk/nullutslipp,Personbiler,Personbiler,2008M03,2008M03,5,
B,Bruktimporterte kjøretøy,19,Elektrisk/nullutslipp,Personbiler,Personbiler,2008M04,2008M04,4,
B,Bruktimporterte kjøretøy,19,Elektrisk/nullutslipp,Personbiler,Personbiler,2008M05,2008M05,6,
B,Bruktimporterte kjøretøy,19,Elektrisk/nullutslipp,Personbiler,Personbiler,2008M06,2008M06,14,
B,Bruktimporterte kjøretøy,19,Elektrisk/nullutslipp,Personbiler,Personbiler,2008M07,2008M07,12,
B,Bruktimporterte kjøretøy,19,Elektrisk/nullutslipp,Personbiler,Personbiler,2008M08,2008M08,9,
B,Bruktimporterte kjøretøy,19,Elektrisk/nullutslipp,Personbiler,Personbiler,2008M09,2008M09,7,
B,Bruktimporterte kjøretøy,19,Elektrisk/nullutslipp,Personbiler,Personbiler,2008M10,2008M10,19,
B,Bruktimporterte kjøretøy,19,Elektrisk/nullutslipp,Personbiler,Personbiler,2008M11,2008M11,6,
B,Bruktimporterte kjøretøy,19,Elektrisk/nullutslipp,Personbiler,Personbiler,2008M12,2008M12,4,
B,Bruktimporterte kjøretøy,19,Elektrisk/nullutslipp,Personbiler,Personbiler,2009M01,2009M01,5,
B,Bruktimporterte kjøretøy,19,Elektrisk/nullutslipp,Personbiler,Personbiler,2009M02,2009M02,1,
B,Bruktimporterte kjøretøy,19,Elektrisk/nullutslipp,Personbiler,Personbiler,2009M03,2009M03,5,
B,Bruktimporterte kjøretøy,19,Elektrisk/nullutslipp,Personbiler,Personbiler,2009M04,2009M04,5,
B,Bruktimporterte kjøretøy,19,Elektrisk/nullutslipp,Personbiler,Personbiler,2009M05,2009M05,4,
B,Bruktimporterte kjøretøy,19,Elektrisk/nullutslipp,Personbiler,Personbiler,2009M06,2009M06,5,
B,Bruktimporterte kjøretøy,19,Elektrisk/nullutslipp,Personbiler,Personbiler,2009M07,2009M07,3,
B,Bruktimporterte kjøretøy,19,Elektrisk/nullutslipp,Personbiler,Personbiler,2009M08,2009M08,7,
B,Bruktimporterte kjøretøy,19,Elektrisk/nullutslipp,Personbiler,Personbiler,2009M09,2009M09,6,
B,Bruktimporterte kjøretøy,19,Elektrisk/nullutslipp,Personbiler,Personbiler,2009M10,2009M10,14,
B,Bruktimporterte kjøretøy,19,Elektrisk/nullutslipp,Personbiler,Personbiler,2009M11,2009M11,4,
B,Bruktimporterte kjøretøy,19,Elektrisk/nullutslipp,Personbiler,Personbiler,2009M12,2009M12,4,
B,Bruktimporterte kjøretøy,19,Elektrisk/nullutslipp,Personbiler,Personbiler,2010M01,2010M01,10,
B,Bruktimporterte kjøretøy,19,Elektrisk/nullutslipp,Personbiler,Personbiler,2010M02,2010M02,8,
B,Bruktimporterte kjøretøy,19,Elektrisk/nullutslipp,Personbiler,Personbiler,2010M03,2010M03,6,
B,Bruktimporterte kjøretøy,19,Elektrisk/nullutslipp,Personbiler,Personbiler,2010M04,2010M04,6,
B,Bruktimporterte kjøretøy,19,Elektrisk/nullutslipp,Personbiler,Personbiler,2010M05,2010M05,2,
B,Bruktimporterte kjøretøy,19,Elektrisk/nullutslipp,Personbiler,Personbiler,2010M06,2010M06,2,
B,Bruktimporterte kjøretøy,19,Elektrisk/nullutslipp,Personbiler,Personbiler,2010M07,2010M07,3,
B,Bruktimporterte kjøretøy,19,Elektrisk/nullutslipp,Personbiler,Personbiler,2010M08,2010M08,3,
B,Bruktimporterte kjøretøy,19,Elektrisk/nullutslipp,Personbiler,Personbiler,2010M09,2010M09,3,
B,Bruktimporterte kjøretøy,19,Elektrisk/nullutslipp,Personbiler,Personbiler,2010M10,2010M10,1,
B,Bruktimporterte kjøretøy,19,Elektrisk/nullutslipp,Personbiler,Personbiler,2010M11,2010M11,1,
B,Bruktimporterte kjøretøy,19,Elektrisk/nullutslipp,Personbiler,Personbiler,2010M12,2010M12,5,
B,Bruktimporterte kjøretøy,19,Elektrisk/nullutslipp,Personbiler,Personbiler,2011M01,2011M01,1,
B,Bruktimporterte kjøretøy,19,Elektrisk/nullutslipp,Personbiler,Personbiler,2011M02,2011M02,1,
B,Bruktimporterte kjøretøy,19,Elektrisk/nullutslipp,Personbiler,Personbiler,2011M03,2011M03,0,
B,Bruktimporterte kjøretøy,19,Elektrisk/nullutslipp,Personbiler,Personbiler,2011M04,2011M04,0,
B,Bruktimporterte kjøretøy,19,Elektrisk/nullutslipp,Personbiler,Personbiler,2011M05,2011M05,2,
B,Bruktimporterte kjøretøy,19,Elektrisk/nullutslipp,Personbiler,Personbiler,2011M06,2011M06,5,
B,Bruktimporterte kjøretøy,19,Elektrisk/nullutslipp,Personbiler,Personbiler,2011M07,2011M07,2,
B,Bruktimporterte kjøretøy,19,Elektrisk/nullutslipp,Personbiler,Personbiler,2011M08,2011M08,4,
B,Bruktimporterte kjøretøy,19,Elektrisk/nullutslipp,Personbiler,Personbiler,2011M09,2011M09,5,
B,Bruktimporterte kjøretøy,19,Elektrisk/nullutslipp,Personbiler,Personbiler,2011M10,2011M10,5,
B,Bruktimporterte kjøretøy,19,Elektrisk/nullutslipp,Personbiler,Personbiler,2011M11,2011M11,5,
B,Bruktimporterte kjøretøy,19,Elektrisk/nullutslipp,Personbiler,Personbiler,2011M12,2011M12,3,
B,Bruktimporterte kjøretøy,19,Elektrisk/nullutslipp,Personbiler,Personbiler,2012M01,2012M01,2,
B,Bruktimporterte kjøretøy,19,Elektrisk/nullutslipp,Personbiler,Personbiler,2012M02,2012M02,6,
B,Bruktimporterte kjøretøy,19,Elektrisk/nullutslipp,Personbiler,Personbiler,2012M03,2012M03,13,
B,Bruktimporterte kjøretøy,19,Elektrisk/nullutslipp,Personbiler,Personbiler,2012M04,2012M04,13,
B,Bruktimporterte kjøretøy,19,Elektrisk/nullutslipp,Personbiler,Personbiler,2012M05,2012M05,11,
B,Bruktimporterte kjøretøy,19,Elektrisk/nullutslipp,Personbiler,Personbiler,2012M06,2012M06,15,
B,Bruktimporterte kjøretøy,19,Elektrisk/nullutslipp,Personbiler,Personbiler,2012M07,2012M07,16,
B,Bruktimporterte kjøretøy,19,Elektrisk/nullutslipp,Personbiler,Personbiler,2012M08,2012M08,22,
B,Bruktimporterte kjøretøy,19,Elektrisk/nullutslipp,Personbiler,Personbiler,2012M09,2012M09,33,
B,Bruktimporterte kjøretøy,19,Elektrisk/nullutslipp,Personbiler,Personbiler,2012M10,2012M10,49,
B,Bruktimporterte kjøretøy,19,Elektrisk/nullutslipp,Personbiler,Personbiler,2012M11,2012M11,58,
B,Bruktimporterte kjøretøy,19,Elektrisk/nullutslipp,Personbiler,Personbiler,2012M12,2012M12,71,
B,Bruktimporterte kjøretøy,19,Elektrisk/nullutslipp,Personbiler,Personbiler,2013M01,2013M01,95,
B,Bruktimporterte kjøretøy,19,Elektrisk/nullutslipp,Personbiler,Personbiler,2013M02,2013M02,83,
B,Bruktimporterte kjøretøy,19,Elektrisk/nullutslipp,Personbiler,Personbiler,2013M03,2013M03,89,
B,Bruktimporterte kjøretøy,19,Elektrisk/nullutslipp,Personbiler,Personbiler,2013M04,2013M04,106,
B,Bruktimporterte kjøretøy,19,Elektrisk/nullutslipp,Personbiler,Personbiler,2013M05,2013M05,138,
B,Bruktimporterte kjøretøy,19,Elektrisk/nullutslipp,Personbiler,Personbiler,2013M06,2013M06,156,
B,Bruktimporterte kjøretøy,19,Elektrisk/nullutslipp,Personbiler,Personbiler,2013M07,2013M07,148,
B,Bruktimporterte kjøretøy,19,Elektrisk/nullutslipp,Personbiler,Personbiler,2013M08,2013M08,243,
B,Bruktimporterte kjøretøy,19,Elektrisk/nullutslipp,Personbiler,Personbiler,2013M09,2013M09,288,
B,Bruktimporterte kjøretøy,19,Elektrisk/nullutslipp,Personbiler,Personbiler,2013M10,2013M10,310,
B,Bruktimporterte kjøretøy,19,Elektrisk/nullutslipp,Personbiler,Personbiler,2013M11,2013M11,249,
B,Bruktimporterte kjøretøy,19,Elektrisk/nullutslipp,Personbiler,Personbiler,2013M12,2013M12,181,
B,Bruktimporterte kjøretøy,19,Elektrisk/nullutslipp,Personbiler,Personbiler,2014M01,2014M01,203,
B,Bruktimporterte kjøretøy,19,Elektrisk/nullutslipp,Personbiler,Personbiler,2014M02,2014M02,212,
B,Bruktimporterte kjøretøy,19,Elektrisk/nullutslipp,Personbiler,Personbiler,2014M03,2014M03,197,
B,Bruktimporterte kjøretøy,19,Elektrisk/nullutslipp,Personbiler,Personbiler,2014M04,2014M04,229,
B,Bruktimporterte kjøretøy,19,Elektrisk/nullutslipp,Personbiler,Personbiler,2014M05,2014M05,208,
B,Bruktimporterte kjøretøy,19,Elektrisk/nullutslipp,Personbiler,Personbiler,2014M06,2014M06,197,
B,Bruktimporterte kjøretøy,19,Elektrisk/nullutslipp,Personbiler,Personbiler,2014M07,2014M07,231,
B,Bruktimporterte kjøretøy,19,Elektrisk/nullutslipp,Personbiler,Personbiler,2014M08,2014M08,292,
B,Bruktimporterte kjøretøy,19,Elektrisk/nullutslipp,Personbiler,Personbiler,2014M09,2014M09,348,
B,Bruktimporterte kjøretøy,19,Elektrisk/nullutslipp,Personbiler,Personbiler,2014M10,2014M10,413,
B,Bruktimporterte kjøretøy,19,Elektrisk/nullutslipp,Personbiler,Personbiler,2014M11,2014M11,295,
B,Bruktimporterte kjøretøy,19,Elektrisk/nullutslipp,Personbiler,Personbiler,2014M12,2014M12,237,
B,Bruktimporterte kjøretøy,19,Elektrisk/nullutslipp,Personbiler,Personbiler,2015M01,2015M01,266,
B,Bruktimporterte kjøretøy,19,Elektrisk/nullutslipp,Personbiler,Personbiler,2015M02,2015M02,277,
B,Bruktimporterte kjøretøy,19,Elektrisk/nullutslipp,Personbiler,Personbiler,2015M03,2015M03,320,
B,Bruktimporterte kjøretøy,19,Elektrisk/nullutslipp,Personbiler,Personbiler,2015M04,2015M04,282,
B,Bruktimporterte kjøretøy,19,Elektrisk/nullutslipp,Personbiler,Personbiler,2015M05,2015M05,260,
B,Bruktimporterte kjøretøy,19,Elektrisk/nullutslipp,Personbiler,Personbiler,2015M06,2015M06,286,
B,Bruktimporterte kjøretøy,19,Elektrisk/nullutslipp,Personbiler,Personbiler,2015M07,2015M07,368,
B,Bruktimporterte kjøretøy,19,Elektrisk/nullutslipp,Personbiler,Personbiler,2015M08,2015M08,572,
B,Bruktimporterte kjøretøy,19,Elektrisk/nullutslipp,Personbiler,Personbiler,2015M09,2015M09,570,
B,Bruktimporterte kjøretøy,19,Elektrisk/nullutslipp,Personbiler,Personbiler,2015M10,2015M10,745,
B,Bruktimporterte kjøretøy,19,Elektrisk/nullutslipp,Personbiler,Personbiler,2015M11,2015M11,661,
B,Bruktimporterte kjøretøy,19,Elektrisk/nullutslipp,Personbiler,Personbiler,2015M12,2015M12,513,
B,Bruktimporterte kjøretøy,19,Elektrisk/nullutslipp,Personbiler,Personbiler,2016M01,2016M01,404,
B,Bruktimporterte kjøretøy,19,Elektrisk/nullutslipp,Personbiler,Personbiler,2016M02,2016M02,371,
B,Bruktimporterte kjøretøy,19,Elektrisk/nullutslipp,Personbiler,Personbiler,2016M03,2016M03,465,
B,Bruktimporterte kjøretøy,19,Elektrisk/nullutslipp,Personbiler,Personbiler,2016M04,2016M04,433,
B,Bruktimporterte kjøretøy,19,Elektrisk/nullutslipp,Personbiler,Personbiler,2016M05,2016M05,466,
B,Bruktimporterte kjøretøy,19,Elektrisk/nullutslipp,Personbiler,Personbiler,2016M06,2016M06,439,
B,Bruktimporterte kjøretøy,19,Elektrisk/nullutslipp,Personbiler,Personbiler,2016M07,2016M07,342,
B,Bruktimporterte kjøretøy,19,Elektrisk/nullutslipp,Personbiler,Personbiler,2016M08,2016M08,493,
B,Bruktimporterte kjøretøy,19,Elektrisk/nullutslipp,Personbiler,Personbiler,2016M09,2016M09,517,
B,Bruktimporterte kjøretøy,19,Elektrisk/nullutslipp,Personbiler,Personbiler,2016M10,2016M10,486,
B,Bruktimporterte kjøretøy,19,Elektrisk/nullutslipp,Personbiler,Personbiler,2016M11,2016M11,498,
B,Bruktimporterte kjøretøy,19,Elektrisk/nullutslipp,Personbiler,Personbiler,2016M12,2016M12,361,
B,Bruktimporterte kjøretøy,19,Elektrisk/nullutslipp,Personbiler,Personbiler,2017M01,2017M01,494,
B,Bruktimporterte kjøretøy,19,Elektrisk/nullutslipp,Personbiler,Personbiler,2017M02,2017M02,503,
B,Bruktimporterte kjøretøy,19,Elektrisk/nullutslipp,Personbiler,Personbiler,2017M03,2017M03,573,
B,Bruktimporterte kjøretøy,19,Elektrisk/nullutslipp,Personbiler,Personbiler,2017M04,2017M04,403,
B,Bruktimporterte kjøretøy,19,Elektrisk/nullutslipp,Personbiler,Personbiler,2017M05,2017M05,504,
B,Bruktimporterte kjøretøy,19,Elektrisk/nullutslipp,Personbiler,Personbiler,2017M06,2017M06,579,
B,Bruktimporterte kjøretøy,19,Elektrisk/nullutslipp,Personbiler,Personbiler,2017M07,2017M07,522,
B,Bruktimporterte kjøretøy,19,Elektrisk/nullutslipp,Personbiler,Personbiler,2017M08,2017M08,1024,
B,Bruktimporterte kjøretøy,19,Elektrisk/nullutslipp,Personbiler,Personbiler,2017M09,2017M09,1053,
B,Bruktimporterte kjøretøy,19,Elektrisk/nullutslipp,Personbiler,Personbiler,2017M10,2017M10,1003,
B,Bruktimporterte kjøretøy,19,Elektrisk/nullutslipp,Personbiler,Personbiler,2017M11,2017M11,1128,
B,Bruktimporterte kjøretøy,19,Elektrisk/nullutslipp,Personbiler,Personbiler,2017M12,2017M12,769,
B,Bruktimporterte kjøretøy,19,Elektrisk/nullutslipp,Personbiler,Personbiler,2018M01,2018M01,890,
B,Bruktimporterte kjøretøy,19,Elektrisk/nullutslipp,Personbiler,Personbiler,2018M02,2018M02,873,
B,Bruktimporterte kjøretøy,19,Elektrisk/nullutslipp,Personbiler,Personbiler,2018M03,2018M03,830,
B,Bruktimporterte kjøretøy,19,Elektrisk/nullutslipp,Personbiler,Personbiler,2018M04,2018M04,974,
B,Bruktimporterte kjøretøy,19,Elektrisk/nullutslipp,Personbiler,Personbiler,2018M05,2018M05,1027,
B,Bruktimporterte kjøretøy,19,Elektrisk/nullutslipp,Personbiler,Personbiler,2018M06,2018M06,1073,
B,Bruktimporterte kjøretøy,19,Elektrisk/nullutslipp,Personbiler,Personbiler,2018M07,2018M07,808,
B,Bruktimporterte kjøretøy,19,Elektrisk/nullutslipp,Personbiler,Personbiler,2018M08,2018M08,1398,
B,Bruktimporterte kjøretøy,19,Elektrisk/nullutslipp,Personbiler,Personbiler,2018M09,2018M09,1252,
B,Bruktimporterte kjøretøy,19,Elektrisk/nullutslipp,Personbiler,Personbiler,2018M10,2018M10,1094,
B,Bruktimporterte kjøretøy,19,Elektrisk/nullutslipp,Personbiler,Personbiler,2018M11,2018M11,1105,
B,Bruktimporterte kjøretøy,19,Elektrisk/nullutslipp,Personbiler,Personbiler,2018M12,2018M12,571,
B,Bruktimporterte kjøretøy,19,Elektrisk/nullutslipp,Personbiler,Personbiler,2019M01,2019M01,807,
B,Bruktimporterte kjøretøy,19,Elektrisk/nullutslipp,Personbiler,Personbiler,2019M02,2019M02,586,
B,Bruktimporterte kjøretøy,19,Elektrisk/nullutslipp,Personbiler,Personbiler,2019M03,2019M03,638,
B,Bruktimporterte kjøretøy,19,Elektrisk/nullutslipp,Personbiler,Personbiler,2019M04,2019M04,540,
B,Bruktimporterte kjøretøy,19,Elektrisk/nullutslipp,Personbiler,Personbiler,2019M05,2019M05,639,
B,Bruktimporterte kjøretøy,19,Elektrisk/nullutslipp,Personbiler,Personbiler,2019M06,2019M06,556,
B,Bruktimporterte kjøretøy,19,Elektrisk/nullutslipp,Personbiler,Personbiler,2019M07,2019M07,513,
B,Bruktimporterte kjøretøy,19,Elektrisk/nullutslipp,Personbiler,Personbiler,2019M08,2019M08,649,
B,Bruktimporterte kjøretøy,19,Elektrisk/nullutslipp,Personbiler,Personbiler,2019M09,2019M09,581,
B,Bruktimporterte kjøretøy,19,Elektrisk/nullutslipp,Personbiler,Personbiler,2019M10,2019M10,597,
B,Bruktimporterte kjøretøy,19,Elektrisk/nullutslipp,Personbiler,Personbiler,2019M11,2019M11,437,
B,Bruktimporterte kjøretøy,19,Elektrisk/nullutslipp,Personbiler,Personbiler,2019M12,2019M12,277,
B,Bruktimporterte kjøretøy,19,Elektrisk/nullutslipp,Personbiler,Personbiler,2020M01,2020M01,344,
B,Bruktimporterte kjøretøy,19,Elektrisk/nullutslipp,Personbiler,Personbiler,2020M02,2020M02,338,
B,Bruktimporterte kjøretøy,19,Elektrisk/nullutslipp,Personbiler,Personbiler,2020M03,2020M03,270,
B,Bruktimporterte kjøretøy,19,Elektrisk/nullutslipp,Personbiler,Personbiler,2020M04,2020M04,230,
B,Bruktimporterte kjøretøy,19,Elektrisk/nullutslipp,Personbiler,Personbiler,2020M05,2020M05,267,
B,Bruktimporterte kjøretøy,19,Elektrisk/nullutslipp,Personbiler,Personbiler,2020M06,2020M06,394,
B,Bruktimporterte kjøretøy,19,Elektrisk/nullutslipp,Personbiler,Personbiler,2020M07,2020M07,536,
B,Bruktimporterte kjøretøy,19,Elektrisk/nullutslipp,Personbiler,Personbiler,2020M08,2020M08,745,
B,Bruktimporterte kjøretøy,19,Elektrisk/nullutslipp,Personbiler,Personbiler,2020M09,2020M09,752,
B,Bruktimporterte kjøretøy,19,Elektrisk/nullutslipp,Personbiler,Personbiler,2020M10,2020M10,671,
B,Bruktimporterte kjøretøy,19,Elektrisk/nullutslipp,Personbiler,Personbiler,2020M11,2020M11,507,
B,Bruktimporterte kjøretøy,19,Elektrisk/nullutslipp,Personbiler,Personbiler,2020M12,2020M12,404,
B,Bruktimporterte kjøretøy,19,Elektrisk/nullutslipp,Personbiler,Personbiler,2021M01,2021M01,472,
B,Bruktimporterte kjøretøy,19,Elektrisk/nullutslipp,Personbiler,Personbiler,2021M02,2021M02,632,
B,Bruktimporterte kjøretøy,19,Elektrisk/nullutslipp,Personbiler,Personbiler,2021M03,2021M03,752,
B,Bruktimporterte kjøretøy,19,Elektrisk/nullutslipp,Personbiler,Personbiler,2021M04,2021M04,738,
B,Bruktimporterte kjøretøy,19,Elektrisk/nullutslipp,Personbiler,Personbiler,2021M05,2021M05,742,
B,Bruktimporterte kjøretøy,19,Elektrisk/nullutslipp,Personbiler,Personbiler,2021M06,2021M06,956,
B,Bruktimporterte kjøretøy,19,Elektrisk/nullutslipp,Personbiler,Personbiler,2021M07,2021M07,992,
B,Bruktimporterte kjøretøy,19,Elektrisk/nullutslipp,Personbiler,Personbiler,2021M08,2021M08,1073,
B,Bruktimporterte kjøretøy,19,Elektrisk/nullutslipp,Personbiler,Personbiler,2021M09,2021M09,1083,
B,Bruktimporterte kjøretøy,19,Elektrisk/nullutslipp,Personbiler,Personbiler,2021M10,2021M10,1091,
B,Bruktimporterte kjøretøy,19,Elektrisk/nullutslipp,Personbiler,Personbiler,2021M11,2021M11,1119,
B,Bruktimporterte kjøretøy,19,Elektrisk/nullutslipp,Personbiler,Personbiler,2021M12,2021M12,828,
B,Bruktimporterte kjøretøy,19,Elektrisk/nullutslipp,Personbiler,Personbiler,2022M01,2022M01,784,
B,Bruktimporterte kjøretøy,19,Elektrisk/nullutslipp,Personbiler,Personbiler,2022M02,2022M02,795,
B,Bruktimporterte kjøretøy,19,Elektrisk/nullutslipp,Personbiler,Personbiler,2022M03,2022M03,1337,
B,Bruktimporterte kjøretøy,19,Elektrisk/nullutslipp,Personbiler,Personbiler,2022M04,2022M04,1101,
B,Bruktimporterte kjøretøy,19,Elektrisk/nullutslipp,Personbiler,Personbiler,2022M05,2022M05,1183,
B,Bruktimporterte kjøretøy,19,Elektrisk/nullutslipp,Personbiler,Personbiler,2022M06,2022M06,1208,
B,Bruktimporterte kjøretøy,19,Elektrisk/nullutslipp,Personbiler,Personbiler,2022M07,2022M07,793,
B,Bruktimporterte kjøretøy,19,Elektrisk/nullutslipp,Personbiler,Personbiler,2022M08,2022M08,903,
B,Bruktimporterte kjøretøy,19,Elektrisk/nullutslipp,Personbiler,Personbiler,2022M09,2022M09,888,
B,Bruktimporterte kjøretøy,19,Elektrisk/nullutslipp,Personbiler,Personbiler,2022M10,2022M10,948,
B,Bruktimporterte kjøretøy,19,Elektrisk/nullutslipp,Personbiler,Personbiler,2022M11,2022M11,988,
B,Bruktimporterte kjøretøy,19,Elektrisk/nullutslipp,Personbiler,Personbiler,2022M12,2022M12,3572,
B,Bruktimporterte kjøretøy,19,Elektrisk/nullutslipp,Personbiler,Personbiler,2023M01,2023M01,112,
B,Bruktimporterte kjøretøy,19,Elektrisk/nullutslipp,Personbiler,Personbiler,2023M02,2023M02,115,
B,Bruktimporterte kjøretøy,19,Elektrisk/nullutslipp,Personbiler,Personbiler,2023M03,2023M03,131,
B,Bruktimporterte kjøretøy,19,Elektrisk/nullutslipp,Personbiler,Personbiler,2023M04,2023M04,125,
B,Bruktimporterte kjøretøy,19,Elektrisk/nullutslipp,Personbiler,Personbiler,2023M05,2023M05,110,
B,Bruktimporterte kjøretøy,19,Elektrisk/nullutslipp,Personbiler,Personbiler,2023M06,2023M06,147,
B,Bruktimporterte kjøretøy,19,Elektrisk/nullutslipp,Personbiler,Personbiler,2023M07,2023M07,144,
B,Bruktimporterte kjøretøy,19,Elektrisk/nullutslipp,Personbiler,Personbiler,2023M08,2023M08,193,
B,Bruktimporterte kjøretøy,19,Elektrisk/nullutslipp,Personbiler,Personbiler,2023M09,2023M09,208,
B,Bruktimporterte kjøretøy,19,Elektrisk/nullutslipp,Personbiler,Personbiler,2023M10,2023M10,181,
B,Bruktimporterte kjøretøy,19,Elektrisk/nullutslipp,Personbiler,Personbiler,2023M11,2023M11,163,
B,Bruktimporterte kjøretøy,19,Elektrisk/nullutslipp,Personbiler,Personbiler,2023M12,2023M12,120,
B,Bruktimporterte kjøretøy,19,Elektrisk/nullutslipp,Personbiler,Personbiler,2024M01,2024M01,148,
B,Bruktimporterte kjøretøy,19,Elektrisk/nullutslipp,Personbiler,Personbiler,2024M02,2024M02,218,
B,Bruktimporterte kjøretøy,19,Elektrisk/nullutslipp,Personbiler,Personbiler,2024M03,2024M03,284,
B,Bruktimporterte kjøretøy,19,Elektrisk/nullutslipp,Personbiler,Personbiler,2024M04,2024M04,301,
B,Bruktimporterte kjøretøy,19,Elektrisk/nullutslipp,Personbiler,Personbiler,2024M05,2024M05,288,
B,Bruktimporterte kjøretøy,19,Elektrisk/nullutslipp,Personbiler,Personbiler,2024M06,2024M06,393,
B,Bruktimporterte kjøretøy,19,Elektrisk/nullutslipp,Personbiler,Personbiler,2024M07,2024M07,410,
B,Bruktimporterte kjøretøy,19,Elektrisk/nullutslipp,Personbiler,Personbiler,2024M08,2024M08,453,
B,Bruktimporterte kjøretøy,19,Elektrisk/nullutslipp,Personbiler,Personbiler,2024M09,2024M09,346,
B,Bruktimporterte kjøretøy,19,Elektrisk/nullutslipp,Personbiler,Personbiler,2024M10,2024M10,364,
B,Bruktimporterte kjøretøy,19,Elektrisk/nullutslipp,Personbiler,Personbiler,2024M11,2024M11,297,
B,Bruktimporterte kjøretøy,19,Elektrisk/nullutslipp,Personbiler,Personbiler,2024M12,2024M12,280,
B,Bruktimporterte kjøretøy,19,Elektrisk/nullutslipp,Personbiler,Personbiler,2025M01,2025M01,254,
B,Bruktimporterte kjøretøy,19,Elektrisk/nullutslipp,Personbiler,Personbiler,2025M02,2025M02,324,
B,Bruktimporterte kjøretøy,19,Elektrisk/nullutslipp,Personbiler,Personbiler,2025M03,2025M03,313,
B,Bruktimporterte kjøretøy,19,Elektrisk/nullutslipp,Personbiler,Personbiler,2025M04,2025M04,286,
B,Bruktimporterte kjøretøy,19,Elektrisk/nullutslipp,Personbiler,Personbiler,2025M05,2025M05,335,
B,Bruktimporterte kjøretøy,19,Elektrisk/nullutslipp,Personbiler,Personbiler,2025M06,2025M06,381,
B,Bruktimporterte kjøretøy,19,Elektrisk/nullutslipp,Personbiler,Personbiler,2025M07,2025M07,448,
B,Bruktimporterte kjøretøy,19,Elektrisk/nullutslipp,Personbiler,Personbiler,2025M08,2025M08,346,
B,Bruktimporterte kjøretøy,19,Elektrisk/nullutslipp,Personbiler,Personbiler,2025M09,2025M09,420,
B,Bruktimporterte kjøretøy,19,Elektrisk/nullutslipp,Personbiler,Personbiler,2025M10,2025M10,542,
B,Bruktimporterte kjøretøy,19,Elektrisk/nullutslipp,Personbiler,Personbiler,2025M11,2025M11,574,
B,Bruktimporterte kjøretøy,19,Elektrisk/nullutslipp,Personbiler,Personbiler,2025M12,2025M12,1130,
B,Bruktimporterte kjøretøy,19,Elektrisk/nullutslipp,Personbiler,Personbiler,2026M01,2026M01,177,
B,Bruktimporterte kjøretøy,19,Elektrisk/nullutslipp,Personbiler,Personbiler,2026M02,2026M02,179,
B,Bruktimporterte kjøretøy,19,Elektrisk/nullutslipp,Personbiler,Personbiler,2026M03,2026M03,276,
B,Bruktimporterte kjøretøy,19,Elektrisk/nullutslipp,Personbiler,Personbiler,2026M04,2026M04,304,
B,Bruktimporterte kjøretøy,19,Elektrisk/nullutslipp,Personbiler,Personbiler,2026M05,2026M05,334,
B,Bruktimporterte kjøretøy,19,Elektrisk/nullutslipp,Personbiler,Personbiler,2026M06,2026M06,395,
B,Bruktimporterte kjøretøy,19,Elektrisk/nullutslipp,Personbiler,Personbiler,2026M07,2026M07,341,
B,Bruktimporterte kjøretøy,19,Elektrisk/nullutslipp,VareCampBiler,Vare- og campingbiler,1995M01,1995M01,0,
B,Bruktimporterte kjøretøy,19,Elektrisk/nullutslipp,VareCampBiler,Vare- og campingbiler,1995M02,1995M02,0,
B,Bruktimporterte kjøretøy,19,Elektrisk/nullutslipp,VareCampBiler,Vare- og campingbiler,1995M03,1995M03,0,
B,Bruktimporterte kjøretøy,19,Elektrisk/nullutslipp,VareCampBiler,Vare- og campingbiler,1995M04,1995M04,0,
B,Bruktimporterte kjøretøy,19,Elektrisk/nullutslipp,VareCampBiler,Vare- og campingbiler,1995M05,1995M05,0,
B,Bruktimporterte kjøretøy,19,Elektrisk/nullutslipp,VareCampBiler,Vare- og campingbiler,1995M06,1995M06,0,
B,Bruktimporterte kjøretøy,19,Elektrisk/nullutslipp,VareCampBiler,Vare- og campingbiler,1995M07,1995M07,0,
B,Bruktimporterte kjøretøy,19,Elektrisk/nullutslipp,VareCampBiler,Vare- og campingbiler,1995M08,1995M08,0,
B,Bruktimporterte kjøretøy,19,Elektrisk/nullutslipp,VareCampBiler,Vare- og campingbiler,1995M09,1995M09,0,
B,Bruktimporterte kjøretøy,19,Elektrisk/nullutslipp,VareCampBiler,Vare- og campingbiler,1995M10,1995M10,0,
B,Bruktimporterte kjøretøy,19,Elektrisk/nullutslipp,VareCampBiler,Vare- og campingbiler,1995M11,1995M11,0,
B,Bruktimporterte kjøretøy,19,Elektrisk/nullutslipp,VareCampBiler,Vare- og campingbiler,1995M12,1995M12,0,
B,Bruktimporterte kjøretøy,19,Elektrisk/nullutslipp,VareCampBiler,Vare- og campingbiler,1996M01,1996M01,0,
B,Bruktimporterte kjøretøy,19,Elektrisk/nullutslipp,VareCampBiler,Vare- og campingbiler,1996M02,1996M02,0,
B,Bruktimporterte kjøretøy,19,Elektrisk/nullutslipp,VareCampBiler,Vare- og campingbiler,1996M03,1996M03,0,
B,Bruktimporterte kjøretøy,19,Elektrisk/nullutslipp,VareCampBiler,Vare- og campingbiler,1996M04,1996M04,0,
B,Bruktimporterte kjøretøy,19,Elektrisk/nullutslipp,VareCampBiler,Vare- og campingbiler,1996M05,1996M05,0,
B,Bruktimporterte kjøretøy,19,Elektrisk/nullutslipp,VareCampBiler,Vare- og campingbiler,1996M06,1996M06,0,
B,Bruktimporterte kjøretøy,19,Elektrisk/nullutslipp,VareCampBiler,Vare- og campingbiler,1996M07,1996M07,0,
B,Bruktimporterte kjøretøy,19,Elektrisk/nullutslipp,VareCampBiler,Vare- og campingbiler,1996M08,1996M08,0,
B,Bruktimporterte kjøretøy,19,Elektrisk/nullutslipp,VareCampBiler,Vare- og campingbiler,1996M09,1996M09,0,
B,Bruktimporterte kjøretøy,19,Elektrisk/nullutslipp,VareCampBiler,Vare- og campingbiler,1996M10,1996M10,0,
B,Bruktimporterte kjøretøy,19,Elektrisk/nullutslipp,VareCampBiler,Vare- og campingbiler,1996M11,1996M11,0,
B,Bruktimporterte kjøretøy,19,Elektrisk/nullutslipp,VareCampBiler,Vare- og campingbiler,1996M12,1996M12,0,
B,Bruktimporterte kjøretøy,19,Elektrisk/nullutslipp,VareCampBiler,Vare- og campingbiler,1997M01,1997M01,0,
B,Bruktimporterte kjøretøy,19,Elektrisk/nullutslipp,VareCampBiler,Vare- og campingbiler,1997M02,1997M02,0,
B,Bruktimporterte kjøretøy,19,Elektrisk/nullutslipp,VareCampBiler,Vare- og campingbiler,1997M03,1997M03,0,
B,Bruktimporterte kjøretøy,19,Elektrisk/nullutslipp,VareCampBiler,Vare- og campingbiler,1997M04,1997M04,0,
B,Bruktimporterte kjøretøy,19,Elektrisk/nullutslipp,VareCampBiler,Vare- og campingbiler,1997M05,1997M05,0,
B,Bruktimporterte kjøretøy,19,Elektrisk/nullutslipp,VareCampBiler,Vare- og campingbiler,1997M06,1997M06,0,
B,Bruktimporterte kjøretøy,19,Elektrisk/nullutslipp,VareCampBiler,Vare- og campingbiler,1997M07,1997M07,0,
B,Bruktimporterte kjøretøy,19,Elektrisk/nullutslipp,VareCampBiler,Vare- og campingbiler,1997M08,1997M08,0,
B,Bruktimporterte kjøretøy,19,Elektrisk/nullutslipp,VareCampBiler,Vare- og campingbiler,1997M09,1997M09,0,
B,Bruktimporterte kjøretøy,19,Elektrisk/nullutslipp,VareCampBiler,Vare- og campingbiler,1997M10,1997M10,0,
B,Bruktimporterte kjøretøy,19,Elektrisk/nullutslipp,VareCampBiler,Vare- og campingbiler,1997M11,1997M11,0,
B,Bruktimporterte kjøretøy,19,Elektrisk/nullutslipp,VareCampBiler,Vare- og campingbiler,1997M12,1997M12,0,
B,Bruktimporterte kjøretøy,19,Elektrisk/nullutslipp,VareCampBiler,Vare- og campingbiler,1998M01,1998M01,0,
B,Bruktimporterte kjøretøy,19,Elektrisk/nullutslipp,VareCampBiler,Vare- og campingbiler,1998M02,1998M02,0,
B,Bruktimporterte kjøretøy,19,Elektrisk/nullutslipp,VareCampBiler,Vare- og campingbiler,1998M03,1998M03,0,
B,Bruktimporterte kjøretøy,19,Elektrisk/nullutslipp,VareCampBiler,Vare- og campingbiler,1998M04,1998M04,0,
B,Bruktimporterte kjøretøy,19,Elektrisk/nullutslipp,VareCampBiler,Vare- og campingbiler,1998M05,1998M05,0,
B,Bruktimporterte kjøretøy,19,Elektrisk/nullutslipp,VareCampBiler,Vare- og campingbiler,1998M06,1998M06,0,
B,Bruktimporterte kjøretøy,19,Elektrisk/nullutslipp,VareCampBiler,Vare- og campingbiler,1998M07,1998M07,0,
B,Bruktimporterte kjøretøy,19,Elektrisk/nullutslipp,VareCampBiler,Vare- og campingbiler,1998M08,1998M08,0,
B,Bruktimporterte kjøretøy,19,Elektrisk/nullutslipp,VareCampBiler,Vare- og campingbiler,1998M09,1998M09,0,
B,Bruktimporterte kjøretøy,19,Elektrisk/nullutslipp,VareCampBiler,Vare- og campingbiler,1998M10,1998M10,0,
B,Bruktimporterte kjøretøy,19,Elektrisk/nullutslipp,VareCampBiler,Vare- og campingbiler,1998M11,1998M11,0,
B,Bruktimporterte kjøretøy,19,Elektrisk/nullutslipp,VareCampBiler,Vare- og campingbiler,1998M12,1998M12,0,
B,Bruktimporterte kjøretøy,19,Elektrisk/nullutslipp,VareCampBiler,Vare- og campingbiler,1999M01,1999M01,0,
B,Bruktimporterte kjøretøy,19,Elektrisk/nullutslipp,VareCampBiler,Vare- og campingbiler,1999M02,1999M02,0,
B,Bruktimporterte kjøretøy,19,Elektrisk/nullutslipp,VareCampBiler,Vare- og campingbiler,1999M03,1999M03,0,
B,Bruktimporterte kjøretøy,19,Elektrisk/nullutslipp,VareCampBiler,Vare- og campingbiler,1999M04,1999M04,0,
B,Bruktimporterte kjøretøy,19,Elektrisk/nullutslipp,VareCampBiler,Vare- og campingbiler,1999M05,1999M05,0,
B,Bruktimporterte kjøretøy,19,Elektrisk/nullutslipp,VareCampBiler,Vare- og campingbiler,1999M06,1999M06,0,
B,Bruktimporterte kjøretøy,19,Elektrisk/nullutslipp,VareCampBiler,Vare- og campingbiler,1999M07,1999M07,0,
B,Bruktimporterte kjøretøy,19,Elektrisk/nullutslipp,VareCampBiler,Vare- og campingbiler,1999M08,1999M08,0,
B,Bruktimporterte kjøretøy,19,Elektrisk/nullutslipp,VareCampBiler,Vare- og campingbiler,1999M09,1999M09,0,
B,Bruktimporterte kjøretøy,19,Elektrisk/nullutslipp,VareCampBiler,Vare- og campingbiler,1999M10,1999M10,0,
B,Bruktimporterte kjøretøy,19,Elektrisk/nullutslipp,VareCampBiler,Vare- og campingbiler,1999M11,1999M11,0,
B,Bruktimporterte kjøretøy,19,Elektrisk/nullutslipp,VareCampBiler,Vare- og campingbiler,1999M12,1999M12,0,
B,Bruktimporterte kjøretøy,19,Elektrisk/nullutslipp,VareCampBiler,Vare- og campingbiler,2000M01,2000M01,0,
B,Bruktimporterte kjøretøy,19,Elektrisk/nullutslipp,VareCampBiler,Vare- og campingbiler,2000M02,2000M02,0,
B,Bruktimporterte kjøretøy,19,Elektrisk/nullutslipp,VareCampBiler,Vare- og campingbiler,2000M03,2000M03,0,
B,Bruktimporterte kjøretøy,19,Elektrisk/nullutslipp,VareCampBiler,Vare- og campingbiler,2000M04,2000M04,0,
B,Bruktimporterte kjøretøy,19,Elektrisk/nullutslipp,VareCampBiler,Vare- og campingbiler,2000M05,2000M05,0,
B,Bruktimporterte kjøretøy,19,Elektrisk/nullutslipp,VareCampBiler,Vare- og campingbiler,2000M06,2000M06,0,
B,Bruktimporterte kjøretøy,19,Elektrisk/nullutslipp,VareCampBiler,Vare- og campingbiler,2000M07,2000M07,0,
B,Bruktimporterte kjøretøy,19,Elektrisk/nullutslipp,VareCampBiler,Vare- og campingbiler,2000M08,2000M08,0,
B,Bruktimporterte kjøretøy,19,Elektrisk/nullutslipp,VareCampBiler,Vare- og campingbiler,2000M09,2000M09,0,
B,Bruktimporterte kjøretøy,19,Elektrisk/nullutslipp,VareCampBiler,Vare- og campingbiler,2000M10,2000M10,0,
B,Bruktimporterte kjøretøy,19,Elektrisk/nullutslipp,VareCampBiler,Vare- og campingbiler,2000M11,2000M11,0,
B,Bruktimporterte kjøretøy,19,Elektrisk/nullutslipp,VareCampBiler,Vare- og campingbiler,2000M12,2000M12,0,
B,Bruktimporterte kjøretøy,19,Elektrisk/nullutslipp,VareCampBiler,Vare- og campingbiler,2001M01,2001M01,0,
B,Bruktimporterte kjøretøy,19,Elektrisk/nullutslipp,VareCampBiler,Vare- og campingbiler,2001M02,2001M02,0,
B,Bruktimporterte kjøretøy,19,Elektrisk/nullutslipp,VareCampBiler,Vare- og campingbiler,2001M03,2001M03,0,
B,Bruktimporterte kjøretøy,19,Elektrisk/nullutslipp,VareCampBiler,Vare- og campingbiler,2001M04,2001M04,0,
B,Bruktimporterte kjøretøy,19,Elektrisk/nullutslipp,VareCampBiler,Vare- og campingbiler,2001M05,2001M05,0,
B,Bruktimporterte kjøretøy,19,Elektrisk/nullutslipp,VareCampBiler,Vare- og campingbiler,2001M06,2001M06,0,
B,Bruktimporterte kjøretøy,19,Elektrisk/nullutslipp,VareCampBiler,Vare- og campingbiler,2001M07,2001M07,0,
B,Bruktimporterte kjøretøy,19,Elektrisk/nullutslipp,VareCampBiler,Vare- og campingbiler,2001M08,2001M08,0,
B,Bruktimporterte kjøretøy,19,Elektrisk/nullutslipp,VareCampBiler,Vare- og campingbiler,2001M09,2001M09,0,
B,Bruktimporterte kjøretøy,19,Elektrisk/nullutslipp,VareCampBiler,Vare- og campingbiler,2001M10,2001M10,0,
B,Bruktimporterte kjøretøy,19,Elektrisk/nullutslipp,VareCampBiler,Vare- og campingbiler,2001M11,2001M11,0,
B,Bruktimporterte kjøretøy,19,Elektrisk/nullutslipp,VareCampBiler,Vare- og campingbiler,2001M12,2001M12,0,
B,Bruktimporterte kjøretøy,19,Elektrisk/nullutslipp,VareCampBiler,Vare- og campingbiler,2002M01,2002M01,0,
B,Bruktimporterte kjøretøy,19,Elektrisk/nullutslipp,VareCampBiler,Vare- og campingbiler,2002M02,2002M02,0,
B,Bruktimporterte kjøretøy,19,Elektrisk/nullutslipp,VareCampBiler,Vare- og campingbiler,2002M03,2002M03,0,
B,Bruktimporterte kjøretøy,19,Elektrisk/nullutslipp,VareCampBiler,Vare- og campingbiler,2002M04,2002M04,0,
B,Bruktimporterte kjøretøy,19,Elektrisk/nullutslipp,VareCampBiler,Vare- og campingbiler,2002M05,2002M05,0,
B,Bruktimporterte kjøretøy,19,Elektrisk/nullutslipp,VareCampBiler,Vare- og campingbiler,2002M06,2002M06,0,
B,Bruktimporterte kjøretøy,19,Elektrisk/nullutslipp,VareCampBiler,Vare- og campingbiler,2002M07,2002M07,0,
B,Bruktimporterte kjøretøy,19,Elektrisk/nullutslipp,VareCampBiler,Vare- og campingbiler,2002M08,2002M08,0,
B,Bruktimporterte kjøretøy,19,Elektrisk/nullutslipp,VareCampBiler,Vare- og campingbiler,2002M09,2002M09,1,
B,Bruktimporterte kjøretøy,19,Elektrisk/nullutslipp,VareCampBiler,Vare- og campingbiler,2002M10,2002M10,0,
B,Bruktimporterte kjøretøy,19,Elektrisk/nullutslipp,VareCampBiler,Vare- og campingbiler,2002M11,2002M11,0,
B,Bruktimporterte kjøretøy,19,Elektrisk/nullutslipp,VareCampBiler,Vare- og campingbiler,2002M12,2002M12,0,
B,Bruktimporterte kjøretøy,19,Elektrisk/nullutslipp,VareCampBiler,Vare- og campingbiler,2003M01,2003M01,0,
B,Bruktimporterte kjøretøy,19,Elektrisk/nullutslipp,VareCampBiler,Vare- og campingbiler,2003M02,2003M02,0,
B,Bruktimporterte kjøretøy,19,Elektrisk/nullutslipp,VareCampBiler,Vare- og campingbiler,2003M03,2003M03,1,
B,Bruktimporterte kjøretøy,19,Elektrisk/nullutslipp,VareCampBiler,Vare- og campingbiler,2003M04,2003M04,0,
B,Bruktimporterte kjøretøy,19,Elektrisk/nullutslipp,VareCampBiler,Vare- og campingbiler,2003M05,2003M05,0,
B,Bruktimporterte kjøretøy,19,Elektrisk/nullutslipp,VareCampBiler,Vare- og campingbiler,2003M06,2003M06,0,
B,Bruktimporterte kjøretøy,19,Elektrisk/nullutslipp,VareCampBiler,Vare- og campingbiler,2003M07,2003M07,0,
B,Bruktimporterte kjøretøy,19,Elektrisk/nullutslipp,VareCampBiler,Vare- og campingbiler,2003M08,2003M08,0,
B,Bruktimporterte kjøretøy,19,Elektrisk/nullutslipp,VareCampBiler,Vare- og campingbiler,2003M09,2003M09,0,
B,Bruktimporterte kjøretøy,19,Elektrisk/nullutslipp,VareCampBiler,Vare- og campingbiler,2003M10,2003M10,0,
B,Bruktimporterte kjøretøy,19,Elektrisk/nullutslipp,VareCampBiler,Vare- og campingbiler,2003M11,2003M11,0,
B,Bruktimporterte kjøretøy,19,Elektrisk/nullutslipp,VareCampBiler,Vare- og campingbiler,2003M12,2003M12,0,
B,Bruktimporterte kjøretøy,19,Elektrisk/nullutslipp,VareCampBiler,Vare- og campingbiler,2004M01,2004M01,1,
B,Bruktimporterte kjøretøy,19,Elektrisk/nullutslipp,VareCampBiler,Vare- og campingbiler,2004M02,2004M02,0,
B,Bruktimporterte kjøretøy,19,Elektrisk/nullutslipp,VareCampBiler,Vare- og campingbiler,2004M03,2004M03,0,
B,Bruktimporterte kjøretøy,19,Elektrisk/nullutslipp,VareCampBiler,Vare- og campingbiler,2004M04,2004M04,0,
B,Bruktimporterte kjøretøy,19,Elektrisk/nullutslipp,VareCampBiler,Vare- og campingbiler,2004M05,2004M05,0,
B,Bruktimporterte kjøretøy,19,Elektrisk/nullutslipp,VareCampBiler,Vare- og campingbiler,2004M06,2004M06,0,
B,Bruktimporterte kjøretøy,19,Elektrisk/nullutslipp,VareCampBiler,Vare- og campingbiler,2004M07,2004M07,1,
B,Bruktimporterte kjøretøy,19,Elektrisk/nullutslipp,VareCampBiler,Vare- og campingbiler,2004M08,2004M08,0,
B,Bruktimporterte kjøretøy,19,Elektrisk/nullutslipp,VareCampBiler,Vare- og campingbiler,2004M09,2004M09,0,
B,Bruktimporterte kjøretøy,19,Elektrisk/nullutslipp,VareCampBiler,Vare- og campingbiler,2004M10,2004M10,0,
B,Bruktimporterte kjøretøy,19,Elektrisk/nullutslipp,VareCampBiler,Vare- og campingbiler,2004M11,2004M11,1,
B,Bruktimporterte kjøretøy,19,Elektrisk/nullutslipp,VareCampBiler,Vare- og campingbiler,2004M12,2004M12,0,
B,Bruktimporterte kjøretøy,19,Elektrisk/nullutslipp,VareCampBiler,Vare- og campingbiler,2005M01,2005M01,0,
B,Bruktimporterte kjøretøy,19,Elektrisk/nullutslipp,VareCampBiler,Vare- og campingbiler,2005M02,2005M02,0,
B,Bruktimporterte kjøretøy,19,Elektrisk/nullutslipp,VareCampBiler,Vare- og campingbiler,2005M03,2005M03,0,
B,Bruktimporterte kjøretøy,19,Elektrisk/nullutslipp,VareCampBiler,Vare- og campingbiler,2005M04,2005M04,0,
B,Bruktimporterte kjøretøy,19,Elektrisk/nullutslipp,VareCampBiler,Vare- og campingbiler,2005M05,2005M05,0,
B,Bruktimporterte kjøretøy,19,Elektrisk/nullutslipp,VareCampBiler,Vare- og campingbiler,2005M06,2005M06,0,
B,Bruktimporterte kjøretøy,19,Elektrisk/nullutslipp,VareCampBiler,Vare- og campingbiler,2005M07,2005M07,0,
B,Bruktimporterte kjøretøy,19,Elektrisk/nullutslipp,VareCampBiler,Vare- og campingbiler,2005M08,2005M08,0,
B,Bruktimporterte kjøretøy,19,Elektrisk/nullutslipp,VareCampBiler,Vare- og campingbiler,2005M09,2005M09,1,
B,Bruktimporterte kjøretøy,19,Elektrisk/nullutslipp,VareCampBiler,Vare- og campingbiler,2005M10,2005M10,1,
B,Bruktimporterte kjøretøy,19,Elektrisk/nullutslipp,VareCampBiler,Vare- og campingbiler,2005M11,2005M11,0,
B,Bruktimporterte kjøretøy,19,Elektrisk/nullutslipp,VareCampBiler,Vare- og campingbiler,2005M12,2005M12,0,
B,Bruktimporterte kjøretøy,19,Elektrisk/nullutslipp,VareCampBiler,Vare- og campingbiler,2006M01,2006M01,1,
B,Bruktimporterte kjøretøy,19,Elektrisk/nullutslipp,VareCampBiler,Vare- og campingbiler,2006M02,2006M02,0,
B,Bruktimporterte kjøretøy,19,Elektrisk/nullutslipp,VareCampBiler,Vare- og campingbiler,2006M03,2006M03,0,
B,Bruktimporterte kjøretøy,19,Elektrisk/nullutslipp,VareCampBiler,Vare- og campingbiler,2006M04,2006M04,0,
B,Bruktimporterte kjøretøy,19,Elektrisk/nullutslipp,VareCampBiler,Vare- og campingbiler,2006M05,2006M05,0,
B,Bruktimporterte kjøretøy,19,Elektrisk/nullutslipp,VareCampBiler,Vare- og campingbiler,2006M06,2006M06,0,
B,Bruktimporterte kjøretøy,19,Elektrisk/nullutslipp,VareCampBiler,Vare- og campingbiler,2006M07,2006M07,0,
B,Bruktimporterte kjøretøy,19,Elektrisk/nullutslipp,VareCampBiler,Vare- og campingbiler,2006M08,2006M08,1,
B,Bruktimporterte kjøretøy,19,Elektrisk/nullutslipp,VareCampBiler,Vare- og campingbiler,2006M09,2006M09,0,
B,Bruktimporterte kjøretøy,19,Elektrisk/nullutslipp,VareCampBiler,Vare- og campingbiler,2006M10,2006M10,0,
B,Bruktimporterte kjøretøy,19,Elektrisk/nullutslipp,VareCampBiler,Vare- og campingbiler,2006M11,2006M11,0,
B,Bruktimporterte kjøretøy,19,Elektrisk/nullutslipp,VareCampBiler,Vare- og campingbiler,2006M12,2006M12,0,
B,Bruktimporterte kjøretøy,19,Elektrisk/nullutslipp,VareCampBiler,Vare- og campingbiler,2007M01,2007M01,0,
B,Bruktimporterte kjøretøy,19,Elektrisk/nullutslipp,VareCampBiler,Vare- og campingbiler,2007M02,2007M02,0,
B,Bruktimporterte kjøretøy,19,Elektrisk/nullutslipp,VareCampBiler,Vare- og campingbiler,2007M03,2007M03,0,
B,Bruktimporterte kjøretøy,19,Elektrisk/nullutslipp,VareCampBiler,Vare- og campingbiler,2007M04,2007M04,1,
B,Bruktimporterte kjøretøy,19,Elektrisk/nullutslipp,VareCampBiler,Vare- og campingbiler,2007M05,2007M05,0,
B,Bruktimporterte kjøretøy,19,Elektrisk/nullutslipp,VareCampBiler,Vare- og campingbiler,2007M06,2007M06,0,
B,Bruktimporterte kjøretøy,19,Elektrisk/nullutslipp,VareCampBiler,Vare- og campingbiler,2007M07,2007M07,0,
B,Bruktimporterte kjøretøy,19,Elektrisk/nullutslipp,VareCampBiler,Vare- og campingbiler,2007M08,2007M08,2,
B,Bruktimporterte kjøretøy,19,Elektrisk/nullutslipp,VareCampBiler,Vare- og campingbiler,2007M09,2007M09,0,
B,Bruktimporterte kjøretøy,19,Elektrisk/nullutslipp,VareCampBiler,Vare- og campingbiler,2007M10,2007M10,0,
B,Bruktimporterte kjøretøy,19,Elektrisk/nullutslipp,VareCampBiler,Vare- og campingbiler,2007M11,2007M11,0,
B,Bruktimporterte kjøretøy,19,Elektrisk/nullutslipp,VareCampBiler,Vare- og campingbiler,2007M12,2007M12,1,
B,Bruktimporterte kjøretøy,19,Elektrisk/nullutslipp,VareCampBiler,Vare- og campingbiler,2008M01,2008M01,0,
B,Bruktimporterte kjøretøy,19,Elektrisk/nullutslipp,VareCampBiler,Vare- og campingbiler,2008M02,2008M02,1,
B,Bruktimporterte kjøretøy,19,Elektrisk/nullutslipp,VareCampBiler,Vare- og campingbiler,2008M03,2008M03,0,
B,Bruktimporterte kjøretøy,19,Elektrisk/nullutslipp,VareCampBiler,Vare- og campingbiler,2008M04,2008M04,3,
B,Bruktimporterte kjøretøy,19,Elektrisk/nullutslipp,VareCampBiler,Vare- og campingbiler,2008M05,2008M05,0,
B,Bruktimporterte kjøretøy,19,Elektrisk/nullutslipp,VareCampBiler,Vare- og campingbiler,2008M06,2008M06,0,
B,Bruktimporterte kjøretøy,19,Elektrisk/nullutslipp,VareCampBiler,Vare- og campingbiler,2008M07,2008M07,0,
B,Bruktimporterte kjøretøy,19,Elektrisk/nullutslipp,VareCampBiler,Vare- og campingbiler,2008M08,2008M08,0,
B,Bruktimporterte kjøretøy,19,Elektrisk/nullutslipp,VareCampBiler,Vare- og campingbiler,2008M09,2008M09,2,
B,Bruktimporterte kjøretøy,19,Elektrisk/nullutslipp,VareCampBiler,Vare- og campingbiler,2008M10,2008M10,0,
B,Bruktimporterte kjøretøy,19,Elektrisk/nullutslipp,VareCampBiler,Vare- og campingbiler,2008M11,2008M11,0,
B,Bruktimporterte kjøretøy,19,Elektrisk/nullutslipp,VareCampBiler,Vare- og campingbiler,2008M12,2008M12,0,
B,Bruktimporterte kjøretøy,19,Elektrisk/nullutslipp,VareCampBiler,Vare- og campingbiler,2009M01,2009M01,0,
B,Bruktimporterte kjøretøy,19,Elektrisk/nullutslipp,VareCampBiler,Vare- og campingbiler,2009M02,2009M02,0,
B,Bruktimporterte kjøretøy,19,Elektrisk/nullutslipp,VareCampBiler,Vare- og campingbiler,2009M03,2009M03,0,
B,Bruktimporterte kjøretøy,19,Elektrisk/nullutslipp,VareCampBiler,Vare- og campingbiler,2009M04,2009M04,1,
B,Bruktimporterte kjøretøy,19,Elektrisk/nullutslipp,VareCampBiler,Vare- og campingbiler,2009M05,2009M05,0,
B,Bruktimporterte kjøretøy,19,Elektrisk/nullutslipp,VareCampBiler,Vare- og campingbiler,2009M06,2009M06,1,
B,Bruktimporterte kjøretøy,19,Elektrisk/nullutslipp,VareCampBiler,Vare- og campingbiler,2009M07,2009M07,0,
B,Bruktimporterte kjøretøy,19,Elektrisk/nullutslipp,VareCampBiler,Vare- og campingbiler,2009M08,2009M08,2,
B,Bruktimporterte kjøretøy,19,Elektrisk/nullutslipp,VareCampBiler,Vare- og campingbiler,2009M09,2009M09,0,
B,Bruktimporterte kjøretøy,19,Elektrisk/nullutslipp,VareCampBiler,Vare- og campingbiler,2009M10,2009M10,0,
B,Bruktimporterte kjøretøy,19,Elektrisk/nullutslipp,VareCampBiler,Vare- og campingbiler,2009M11,2009M11,0,
B,Bruktimporterte kjøretøy,19,Elektrisk/nullutslipp,VareCampBiler,Vare- og campingbiler,2009M12,2009M12,0,
B,Bruktimporterte kjøretøy,19,Elektrisk/nullutslipp,VareCampBiler,Vare- og campingbiler,2010M01,2010M01,0,
B,Bruktimporterte kjøretøy,19,Elektrisk/nullutslipp,VareCampBiler,Vare- og campingbiler,2010M02,2010M02,0,
B,Bruktimporterte kjøretøy,19,Elektrisk/nullutslipp,VareCampBiler,Vare- og campingbiler,2010M03,2010M03,0,
B,Bruktimporterte kjøretøy,19,Elektrisk/nullutslipp,VareCampBiler,Vare- og campingbiler,2010M04,2010M04,0,
B,Bruktimporterte kjøretøy,19,Elektrisk/nullutslipp,VareCampBiler,Vare- og campingbiler,2010M05,2010M05,2,
B,Bruktimporterte kjøretøy,19,Elektrisk/nullutslipp,VareCampBiler,Vare- og campingbiler,2010M06,2010M06,0,
B,Bruktimporterte kjøretøy,19,Elektrisk/nullutslipp,VareCampBiler,Vare- og campingbiler,2010M07,2010M07,2,
B,Bruktimporterte kjøretøy,19,Elektrisk/nullutslipp,VareCampBiler,Vare- og campingbiler,2010M08,2010M08,1,
B,Bruktimporterte kjøretøy,19,Elektrisk/nullutslipp,VareCampBiler,Vare- og campingbiler,2010M09,2010M09,0,
B,Bruktimporterte kjøretøy,19,Elektrisk/nullutslipp,VareCampBiler,Vare- og campingbiler,2010M10,2010M10,0,
B,Bruktimporterte kjøretøy,19,Elektrisk/nullutslipp,VareCampBiler,Vare- og campingbiler,2010M11,2010M11,0,
B,Bruktimporterte kjøretøy,19,Elektrisk/nullutslipp,VareCampBiler,Vare- og campingbiler,2010M12,2010M12,0,
B,Bruktimporterte kjøretøy,19,Elektrisk/nullutslipp,VareCampBiler,Vare- og campingbiler,2011M01,2011M01,0,
B,Bruktimporterte kjøretøy,19,Elektrisk/nullutslipp,VareCampBiler,Vare- og campingbiler,2011M02,2011M02,0,
B,Bruktimporterte kjøretøy,19,Elektrisk/nullutslipp,VareCampBiler,Vare- og campingbiler,2011M03,2011M03,1,
B,Bruktimporterte kjøretøy,19,Elektrisk/nullutslipp,VareCampBiler,Vare- og campingbiler,2011M04,2011M04,0,
B,Bruktimporterte kjøretøy,19,Elektrisk/nullutslipp,VareCampBiler,Vare- og campingbiler,2011M05,2011M05,0,
B,Bruktimporterte kjøretøy,19,Elektrisk/nullutslipp,VareCampBiler,Vare- og campingbiler,2011M06,2011M06,0,
B,Bruktimporterte kjøretøy,19,Elektrisk/nullutslipp,VareCampBiler,Vare- og campingbiler,2011M07,2011M07,0,
B,Bruktimporterte kjøretøy,19,Elektrisk/nullutslipp,VareCampBiler,Vare- og campingbiler,2011M08,2011M08,0,
B,Bruktimporterte kjøretøy,19,Elektrisk/nullutslipp,VareCampBiler,Vare- og campingbiler,2011M09,2011M09,1,
B,Bruktimporterte kjøretøy,19,Elektrisk/nullutslipp,VareCampBiler,Vare- og campingbiler,2011M10,2011M10,1,
B,Bruktimporterte kjøretøy,19,Elektrisk/nullutslipp,VareCampBiler,Vare- og campingbiler,2011M11,2011M11,0,
B,Bruktimporterte kjøretøy,19,Elektrisk/nullutslipp,VareCampBiler,Vare- og campingbiler,2011M12,2011M12,0,
B,Bruktimporterte kjøretøy,19,Elektrisk/nullutslipp,VareCampBiler,Vare- og campingbiler,2012M01,2012M01,1,
B,Bruktimporterte kjøretøy,19,Elektrisk/nullutslipp,VareCampBiler,Vare- og campingbiler,2012M02,2012M02,0,
B,Bruktimporterte kjøretøy,19,Elektrisk/nullutslipp,VareCampBiler,Vare- og campingbiler,2012M03,2012M03,0,
B,Bruktimporterte kjøretøy,19,Elektrisk/nullutslipp,VareCampBiler,Vare- og campingbiler,2012M04,2012M04,0,
B,Bruktimporterte kjøretøy,19,Elektrisk/nullutslipp,VareCampBiler,Vare- og campingbiler,2012M05,2012M05,0,
B,Bruktimporterte kjøretøy,19,Elektrisk/nullutslipp,VareCampBiler,Vare- og campingbiler,2012M06,2012M06,1,
B,Bruktimporterte kjøretøy,19,Elektrisk/nullutslipp,VareCampBiler,Vare- og campingbiler,2012M07,2012M07,1,
B,Bruktimporterte kjøretøy,19,Elektrisk/nullutslipp,VareCampBiler,Vare- og campingbiler,2012M08,2012M08,1,
B,Bruktimporterte kjøretøy,19,Elektrisk/nullutslipp,VareCampBiler,Vare- og campingbiler,2012M09,2012M09,0,
B,Bruktimporterte kjøretøy,19,Elektrisk/nullutslipp,VareCampBiler,Vare- og campingbiler,2012M10,2012M10,0,
B,Bruktimporterte kjøretøy,19,Elektrisk/nullutslipp,VareCampBiler,Vare- og campingbiler,2012M11,2012M11,1,
B,Bruktimporterte kjøretøy,19,Elektrisk/nullutslipp,VareCampBiler,Vare- og campingbiler,2012M12,2012M12,0,
B,Bruktimporterte kjøretøy,19,Elektrisk/nullutslipp,VareCampBiler,Vare- og campingbiler,2013M01,2013M01,0,
B,Bruktimporterte kjøretøy,19,Elektrisk/nullutslipp,VareCampBiler,Vare- og campingbiler,2013M02,2013M02,0,
B,Bruktimporterte kjøretøy,19,Elektrisk/nullutslipp,VareCampBiler,Vare- og campingbiler,2013M03,2013M03,2,
B,Bruktimporterte kjøretøy,19,Elektrisk/nullutslipp,VareCampBiler,Vare- og campingbiler,2013M04,2013M04,0,
B,Bruktimporterte kjøretøy,19,Elektrisk/nullutslipp,VareCampBiler,Vare- og campingbiler,2013M05,2013M05,3,
B,Bruktimporterte kjøretøy,19,Elektrisk/nullutslipp,VareCampBiler,Vare- og campingbiler,2013M06,2013M06,0,
B,Bruktimporterte kjøretøy,19,Elektrisk/nullutslipp,VareCampBiler,Vare- og campingbiler,2013M07,2013M07,4,
B,Bruktimporterte kjøretøy,19,Elektrisk/nullutslipp,VareCampBiler,Vare- og campingbiler,2013M08,2013M08,2,
B,Bruktimporterte kjøretøy,19,Elektrisk/nullutslipp,VareCampBiler,Vare- og campingbiler,2013M09,2013M09,3,
B,Bruktimporterte kjøretøy,19,Elektrisk/nullutslipp,VareCampBiler,Vare- og campingbiler,2013M10,2013M10,6,
B,Bruktimporterte kjøretøy,19,Elektrisk/nullutslipp,VareCampBiler,Vare- og campingbiler,2013M11,2013M11,5,
B,Bruktimporterte kjøretøy,19,Elektrisk/nullutslipp,VareCampBiler,Vare- og campingbiler,2013M12,2013M12,1,
B,Bruktimporterte kjøretøy,19,Elektrisk/nullutslipp,VareCampBiler,Vare- og campingbiler,2014M01,2014M01,0,
B,Bruktimporterte kjøretøy,19,Elektrisk/nullutslipp,VareCampBiler,Vare- og campingbiler,2014M02,2014M02,2,
B,Bruktimporterte kjøretøy,19,Elektrisk/nullutslipp,VareCampBiler,Vare- og campingbiler,2014M03,2014M03,0,
B,Bruktimporterte kjøretøy,19,Elektrisk/nullutslipp,VareCampBiler,Vare- og campingbiler,2014M04,2014M04,1,
B,Bruktimporterte kjøretøy,19,Elektrisk/nullutslipp,VareCampBiler,Vare- og campingbiler,2014M05,2014M05,2,
B,Bruktimporterte kjøretøy,19,Elektrisk/nullutslipp,VareCampBiler,Vare- og campingbiler,2014M06,2014M06,2,
B,Bruktimporterte kjøretøy,19,Elektrisk/nullutslipp,VareCampBiler,Vare- og campingbiler,2014M07,2014M07,3,
B,Bruktimporterte kjøretøy,19,Elektrisk/nullutslipp,VareCampBiler,Vare- og campingbiler,2014M08,2014M08,3,
B,Bruktimporterte kjøretøy,19,Elektrisk/nullutslipp,VareCampBiler,Vare- og campingbiler,2014M09,2014M09,1,
B,Bruktimporterte kjøretøy,19,Elektrisk/nullutslipp,VareCampBiler,Vare- og campingbiler,2014M10,2014M10,1,
B,Bruktimporterte kjøretøy,19,Elektrisk/nullutslipp,VareCampBiler,Vare- og campingbiler,2014M11,2014M11,3,
B,Bruktimporterte kjøretøy,19,Elektrisk/nullutslipp,VareCampBiler,Vare- og campingbiler,2014M12,2014M12,4,
B,Bruktimporterte kjøretøy,19,Elektrisk/nullutslipp,VareCampBiler,Vare- og campingbiler,2015M01,2015M01,3,
B,Bruktimporterte kjøretøy,19,Elektrisk/nullutslipp,VareCampBiler,Vare- og campingbiler,2015M02,2015M02,3,
B,Bruktimporterte kjøretøy,19,Elektrisk/nullutslipp,VareCampBiler,Vare- og campingbiler,2015M03,2015M03,1,
B,Bruktimporterte kjøretøy,19,Elektrisk/nullutslipp,VareCampBiler,Vare- og campingbiler,2015M04,2015M04,2,
B,Bruktimporterte kjøretøy,19,Elektrisk/nullutslipp,VareCampBiler,Vare- og campingbiler,2015M05,2015M05,8,
B,Bruktimporterte kjøretøy,19,Elektrisk/nullutslipp,VareCampBiler,Vare- og campingbiler,2015M06,2015M06,3,
B,Bruktimporterte kjøretøy,19,Elektrisk/nullutslipp,VareCampBiler,Vare- og campingbiler,2015M07,2015M07,4,
B,Bruktimporterte kjøretøy,19,Elektrisk/nullutslipp,VareCampBiler,Vare- og campingbiler,2015M08,2015M08,3,
B,Bruktimporterte kjøretøy,19,Elektrisk/nullutslipp,VareCampBiler,Vare- og campingbiler,2015M09,2015M09,4,
B,Bruktimporterte kjøretøy,19,Elektrisk/nullutslipp,VareCampBiler,Vare- og campingbiler,2015M10,2015M10,10,
B,Bruktimporterte kjøretøy,19,Elektrisk/nullutslipp,VareCampBiler,Vare- og campingbiler,2015M11,2015M11,10,
B,Bruktimporterte kjøretøy,19,Elektrisk/nullutslipp,VareCampBiler,Vare- og campingbiler,2015M12,2015M12,4,
B,Bruktimporterte kjøretøy,19,Elektrisk/nullutslipp,VareCampBiler,Vare- og campingbiler,2016M01,2016M01,6,
B,Bruktimporterte kjøretøy,19,Elektrisk/nullutslipp,VareCampBiler,Vare- og campingbiler,2016M02,2016M02,10,
B,Bruktimporterte kjøretøy,19,Elektrisk/nullutslipp,VareCampBiler,Vare- og campingbiler,2016M03,2016M03,4,
B,Bruktimporterte kjøretøy,19,Elektrisk/nullutslipp,VareCampBiler,Vare- og campingbiler,2016M04,2016M04,6,
B,Bruktimporterte kjøretøy,19,Elektrisk/nullutslipp,VareCampBiler,Vare- og campingbiler,2016M05,2016M05,9,
B,Bruktimporterte kjøretøy,19,Elektrisk/nullutslipp,VareCampBiler,Vare- og campingbiler,2016M06,2016M06,7,
B,Bruktimporterte kjøretøy,19,Elektrisk/nullutslipp,VareCampBiler,Vare- og campingbiler,2016M07,2016M07,9,
B,Bruktimporterte kjøretøy,19,Elektrisk/nullutslipp,VareCampBiler,Vare- og campingbiler,2016M08,2016M08,16,
B,Bruktimporterte kjøretøy,19,Elektrisk/nullutslipp,VareCampBiler,Vare- og campingbiler,2016M09,2016M09,25,
B,Bruktimporterte kjøretøy,19,Elektrisk/nullutslipp,VareCampBiler,Vare- og campingbiler,2016M10,2016M10,10,
B,Bruktimporterte kjøretøy,19,Elektrisk/nullutslipp,VareCampBiler,Vare- og campingbiler,2016M11,2016M11,9,
B,Bruktimporterte kjøretøy,19,Elektrisk/nullutslipp,VareCampBiler,Vare- og campingbiler,2016M12,2016M12,9,
B,Bruktimporterte kjøretøy,19,Elektrisk/nullutslipp,VareCampBiler,Vare- og campingbiler,2017M01,2017M01,12,
B,Bruktimporterte kjøretøy,19,Elektrisk/nullutslipp,VareCampBiler,Vare- og campingbiler,2017M02,2017M02,11,
B,Bruktimporterte kjøretøy,19,Elektrisk/nullutslipp,VareCampBiler,Vare- og campingbiler,2017M03,2017M03,10,
B,Bruktimporterte kjøretøy,19,Elektrisk/nullutslipp,VareCampBiler,Vare- og campingbiler,2017M04,2017M04,3,
B,Bruktimporterte kjøretøy,19,Elektrisk/nullutslipp,VareCampBiler,Vare- og campingbiler,2017M05,2017M05,7,
B,Bruktimporterte kjøretøy,19,Elektrisk/nullutslipp,VareCampBiler,Vare- og campingbiler,2017M06,2017M06,11,
B,Bruktimporterte kjøretøy,19,Elektrisk/nullutslipp,VareCampBiler,Vare- og campingbiler,2017M07,2017M07,7,
B,Bruktimporterte kjøretøy,19,Elektrisk/nullutslipp,VareCampBiler,Vare- og campingbiler,2017M08,2017M08,20,
B,Bruktimporterte kjøretøy,19,Elektrisk/nullutslipp,VareCampBiler,Vare- og campingbiler,2017M09,2017M09,18,
B,Bruktimporterte kjøretøy,19,Elektrisk/nullutslipp,VareCampBiler,Vare- og campingbiler,2017M10,2017M10,41,
B,Bruktimporterte kjøretøy,19,Elektrisk/nullutslipp,VareCampBiler,Vare- og campingbiler,2017M11,2017M11,27,
B,Bruktimporterte kjøretøy,19,Elektrisk/nullutslipp,VareCampBiler,Vare- og campingbiler,2017M12,2017M12,14,
B,Bruktimporterte kjøretøy,19,Elektrisk/nullutslipp,VareCampBiler,Vare- og campingbiler,2018M01,2018M01,29,
B,Bruktimporterte kjøretøy,19,Elektrisk/nullutslipp,VareCampBiler,Vare- og campingbiler,2018M02,2018M02,8,
B,Bruktimporterte kjøretøy,19,Elektrisk/nullutslipp,VareCampBiler,Vare- og campingbiler,2018M03,2018M03,11,
B,Bruktimporterte kjøretøy,19,Elektrisk/nullutslipp,VareCampBiler,Vare- og campingbiler,2018M04,2018M04,19,
B,Bruktimporterte kjøretøy,19,Elektrisk/nullutslipp,VareCampBiler,Vare- og campingbiler,2018M05,2018M05,12,
B,Bruktimporterte kjøretøy,19,Elektrisk/nullutslipp,VareCampBiler,Vare- og campingbiler,2018M06,2018M06,14,
B,Bruktimporterte kjøretøy,19,Elektrisk/nullutslipp,VareCampBiler,Vare- og campingbiler,2018M07,2018M07,8,
B,Bruktimporterte kjøretøy,19,Elektrisk/nullutslipp,VareCampBiler,Vare- og campingbiler,2018M08,2018M08,9,
B,Bruktimporterte kjøretøy,19,Elektrisk/nullutslipp,VareCampBiler,Vare- og campingbiler,2018M09,2018M09,14,
B,Bruktimporterte kjøretøy,19,Elektrisk/nullutslipp,VareCampBiler,Vare- og campingbiler,2018M10,2018M10,17,
B,Bruktimporterte kjøretøy,19,Elektrisk/nullutslipp,VareCampBiler,Vare- og campingbiler,2018M11,2018M11,11,
B,Bruktimporterte kjøretøy,19,Elektrisk/nullutslipp,VareCampBiler,Vare- og campingbiler,2018M12,2018M12,7,
B,Bruktimporterte kjøretøy,19,Elektrisk/nullutslipp,VareCampBiler,Vare- og campingbiler,2019M01,2019M01,16,
B,Bruktimporterte kjøretøy,19,Elektrisk/nullutslipp,VareCampBiler,Vare- og campingbiler,2019M02,2019M02,8,
B,Bruktimporterte kjøretøy,19,Elektrisk/nullutslipp,VareCampBiler,Vare- og campingbiler,2019M03,2019M03,9,
B,Bruktimporterte kjøretøy,19,Elektrisk/nullutslipp,VareCampBiler,Vare- og campingbiler,2019M04,2019M04,8,
B,Bruktimporterte kjøretøy,19,Elektrisk/nullutslipp,VareCampBiler,Vare- og campingbiler,2019M05,2019M05,7,
B,Bruktimporterte kjøretøy,19,Elektrisk/nullutslipp,VareCampBiler,Vare- og campingbiler,2019M06,2019M06,15,
B,Bruktimporterte kjøretøy,19,Elektrisk/nullutslipp,VareCampBiler,Vare- og campingbiler,2019M07,2019M07,9,
B,Bruktimporterte kjøretøy,19,Elektrisk/nullutslipp,VareCampBiler,Vare- og campingbiler,2019M08,2019M08,7,
B,Bruktimporterte kjøretøy,19,Elektrisk/nullutslipp,VareCampBiler,Vare- og campingbiler,2019M09,2019M09,7,
B,Bruktimporterte kjøretøy,19,Elektrisk/nullutslipp,VareCampBiler,Vare- og campingbiler,2019M10,2019M10,6,
B,Bruktimporterte kjøretøy,19,Elektrisk/nullutslipp,VareCampBiler,Vare- og campingbiler,2019M11,2019M11,11,
B,Bruktimporterte kjøretøy,19,Elektrisk/nullutslipp,VareCampBiler,Vare- og campingbiler,2019M12,2019M12,4,
B,Bruktimporterte kjøretøy,19,Elektrisk/nullutslipp,VareCampBiler,Vare- og campingbiler,2020M01,2020M01,0,
B,Bruktimporterte kjøretøy,19,Elektrisk/nullutslipp,VareCampBiler,Vare- og campingbiler,2020M02,2020M02,3,
B,Bruktimporterte kjøretøy,19,Elektrisk/nullutslipp,VareCampBiler,Vare- og campingbiler,2020M03,2020M03,4,
B,Bruktimporterte kjøretøy,19,Elektrisk/nullutslipp,VareCampBiler,Vare- og campingbiler,2020M04,2020M04,3,
B,Bruktimporterte kjøretøy,19,Elektrisk/nullutslipp,VareCampBiler,Vare- og campingbiler,2020M05,2020M05,3,
B,Bruktimporterte kjøretøy,19,Elektrisk/nullutslipp,VareCampBiler,Vare- og campingbiler,2020M06,2020M06,2,
B,Bruktimporterte kjøretøy,19,Elektrisk/nullutslipp,VareCampBiler,Vare- og campingbiler,2020M07,2020M07,4,
B,Bruktimporterte kjøretøy,19,Elektrisk/nullutslipp,VareCampBiler,Vare- og campingbiler,2020M08,2020M08,1,
B,Bruktimporterte kjøretøy,19,Elektrisk/nullutslipp,VareCampBiler,Vare- og campingbiler,2020M09,2020M09,2,
B,Bruktimporterte kjøretøy,19,Elektrisk/nullutslipp,VareCampBiler,Vare- og campingbiler,2020M10,2020M10,0,
B,Bruktimporterte kjøretøy,19,Elektrisk/nullutslipp,VareCampBiler,Vare- og campingbiler,2020M11,2020M11,4,
B,Bruktimporterte kjøretøy,19,Elektrisk/nullutslipp,VareCampBiler,Vare- og campingbiler,2020M12,2020M12,1,
B,Bruktimporterte kjøretøy,19,Elektrisk/nullutslipp,VareCampBiler,Vare- og campingbiler,2021M01,2021M01,1,
B,Bruktimporterte kjøretøy,19,Elektrisk/nullutslipp,VareCampBiler,Vare- og campingbiler,2021M02,2021M02,1,
B,Bruktimporterte kjøretøy,19,Elektrisk/nullutslipp,VareCampBiler,Vare- og campingbiler,2021M03,2021M03,1,
B,Bruktimporterte kjøretøy,19,Elektrisk/nullutslipp,VareCampBiler,Vare- og campingbiler,2021M04,2021M04,4,
B,Bruktimporterte kjøretøy,19,Elektrisk/nullutslipp,VareCampBiler,Vare- og campingbiler,2021M05,2021M05,1,
B,Bruktimporterte kjøretøy,19,Elektrisk/nullutslipp,VareCampBiler,Vare- og campingbiler,2021M06,2021M06,2,
B,Bruktimporterte kjøretøy,19,Elektrisk/nullutslipp,VareCampBiler,Vare- og campingbiler,2021M07,2021M07,1,
B,Bruktimporterte kjøretøy,19,Elektrisk/nullutslipp,VareCampBiler,Vare- og campingbiler,2021M08,2021M08,6,
B,Bruktimporterte kjøretøy,19,Elektrisk/nullutslipp,VareCampBiler,Vare- og campingbiler,2021M09,2021M09,15,
B,Bruktimporterte kjøretøy,19,Elektrisk/nullutslipp,VareCampBiler,Vare- og campingbiler,2021M10,2021M10,11,
B,Bruktimporterte kjøretøy,19,Elektrisk/nullutslipp,VareCampBiler,Vare- og campingbiler,2021M11,2021M11,13,
B,Bruktimporterte kjøretøy,19,Elektrisk/nullutslipp,VareCampBiler,Vare- og campingbiler,2021M12,2021M12,9,
B,Bruktimporterte kjøretøy,19,Elektrisk/nullutslipp,VareCampBiler,Vare- og campingbiler,2022M01,2022M01,10,
B,Bruktimporterte kjøretøy,19,Elektrisk/nullutslipp,VareCampBiler,Vare- og campingbiler,2022M02,2022M02,15,
B,Bruktimporterte kjøretøy,19,Elektrisk/nullutslipp,VareCampBiler,Vare- og campingbiler,2022M03,2022M03,10,
B,Bruktimporterte kjøretøy,19,Elektrisk/nullutslipp,VareCampBiler,Vare- og campingbiler,2022M04,2022M04,13,
B,Bruktimporterte kjøretøy,19,Elektrisk/nullutslipp,VareCampBiler,Vare- og campingbiler,2022M05,2022M05,13,
B,Bruktimporterte kjøretøy,19,Elektrisk/nullutslipp,VareCampBiler,Vare- og campingbiler,2022M06,2022M06,3,
B,Bruktimporterte kjøretøy,19,Elektrisk/nullutslipp,VareCampBiler,Vare- og campingbiler,2022M07,2022M07,3,
B,Bruktimporterte kjøretøy,19,Elektrisk/nullutslipp,VareCampBiler,Vare- og campingbiler,2022M08,2022M08,12,
B,Bruktimporterte kjøretøy,19,Elektrisk/nullutslipp,VareCampBiler,Vare- og campingbiler,2022M09,2022M09,15,
B,Bruktimporterte kjøretøy,19,Elektrisk/nullutslipp,VareCampBiler,Vare- og campingbiler,2022M10,2022M10,10,
B,Bruktimporterte kjøretøy,19,Elektrisk/nullutslipp,VareCampBiler,Vare- og campingbiler,2022M11,2022M11,8,
B,Bruktimporterte kjøretøy,19,Elektrisk/nullutslipp,VareCampBiler,Vare- og campingbiler,2022M12,2022M12,20,
B,Bruktimporterte kjøretøy,19,Elektrisk/nullutslipp,VareCampBiler,Vare- og campingbiler,2023M01,2023M01,4,
B,Bruktimporterte kjøretøy,19,Elektrisk/nullutslipp,VareCampBiler,Vare- og campingbiler,2023M02,2023M02,2,
B,Bruktimporterte kjøretøy,19,Elektrisk/nullutslipp,VareCampBiler,Vare- og campingbiler,2023M03,2023M03,0,
B,Bruktimporterte kjøretøy,19,Elektrisk/nullutslipp,VareCampBiler,Vare- og campingbiler,2023M04,2023M04,1,
B,Bruktimporterte kjøretøy,19,Elektrisk/nullutslipp,VareCampBiler,Vare- og campingbiler,2023M05,2023M05,3,
B,Bruktimporterte kjøretøy,19,Elektrisk/nullutslipp,VareCampBiler,Vare- og campingbiler,2023M06,2023M06,3,
B,Bruktimporterte kjøretøy,19,Elektrisk/nullutslipp,VareCampBiler,Vare- og campingbiler,2023M07,2023M07,2,
B,Bruktimporterte kjøretøy,19,Elektrisk/nullutslipp,VareCampBiler,Vare- og campingbiler,2023M08,2023M08,3,
B,Bruktimporterte kjøretøy,19,Elektrisk/nullutslipp,VareCampBiler,Vare- og campingbiler,2023M09,2023M09,4,
B,Bruktimporterte kjøretøy,19,Elektrisk/nullutslipp,VareCampBiler,Vare- og campingbiler,2023M10,2023M10,4,
B,Bruktimporterte kjøretøy,19,Elektrisk/nullutslipp,VareCampBiler,Vare- og campingbiler,2023M11,2023M11,0,
B,Bruktimporterte kjøretøy,19,Elektrisk/nullutslipp,VareCampBiler,Vare- og campingbiler,2023M12,2023M12,3,
B,Bruktimporterte kjøretøy,19,Elektrisk/nullutslipp,VareCampBiler,Vare- og campingbiler,2024M01,2024M01,2,
B,Bruktimporterte kjøretøy,19,Elektrisk/nullutslipp,VareCampBiler,Vare- og campingbiler,2024M02,2024M02,4,
B,Bruktimporterte kjøretøy,19,Elektrisk/nullutslipp,VareCampBiler,Vare- og campingbiler,2024M03,2024M03,8,
B,Bruktimporterte kjøretøy,19,Elektrisk/nullutslipp,VareCampBiler,Vare- og campingbiler,2024M04,2024M04,7,
B,Bruktimporterte kjøretøy,19,Elektrisk/nullutslipp,VareCampBiler,Vare- og campingbiler,2024M05,2024M05,7,
B,Bruktimporterte kjøretøy,19,Elektrisk/nullutslipp,VareCampBiler,Vare- og campingbiler,2024M06,2024M06,7,
B,Bruktimporterte kjøretøy,19,Elektrisk/nullutslipp,VareCampBiler,Vare- og campingbiler,2024M07,2024M07,10,
B,Bruktimporterte kjøretøy,19,Elektrisk/nullutslipp,VareCampBiler,Vare- og campingbiler,2024M08,2024M08,9,
B,Bruktimporterte kjøretøy,19,Elektrisk/nullutslipp,VareCampBiler,Vare- og campingbiler,2024M09,2024M09,7,
B,Bruktimporterte kjøretøy,19,Elektrisk/nullutslipp,VareCampBiler,Vare- og campingbiler,2024M10,2024M10,8,
B,Bruktimporterte kjøretøy,19,Elektrisk/nullutslipp,VareCampBiler,Vare- og campingbiler,2024M11,2024M11,11,
B,Bruktimporterte kjøretøy,19,Elektrisk/nullutslipp,VareCampBiler,Vare- og campingbiler,2024M12,2024M12,8,
B,Bruktimporterte kjøretøy,19,Elektrisk/nullutslipp,VareCampBiler,Vare- og campingbiler,2025M01,2025M01,11,
B,Bruktimporterte kjøretøy,19,Elektrisk/nullutslipp,VareCampBiler,Vare- og campingbiler,2025M02,2025M02,9,
B,Bruktimporterte kjøretøy,19,Elektrisk/nullutslipp,VareCampBiler,Vare- og campingbiler,2025M03,2025M03,7,
B,Bruktimporterte kjøretøy,19,Elektrisk/nullutslipp,VareCampBiler,Vare- og campingbiler,2025M04,2025M04,5,
B,Bruktimporterte kjøretøy,19,Elektrisk/nullutslipp,VareCampBiler,Vare- og campingbiler,2025M05,2025M05,5,
B,Bruktimporterte kjøretøy,19,Elektrisk/nullutslipp,VareCampBiler,Vare- og campingbiler,2025M06,2025M06,12,
B,Bruktimporterte kjøretøy,19,Elektrisk/nullutslipp,VareCampBiler,Vare- og campingbiler,2025M07,2025M07,3,
B,Bruktimporterte kjøretøy,19,Elektrisk/nullutslipp,VareCampBiler,Vare- og campingbiler,2025M08,2025M08,15,
B,Bruktimporterte kjøretøy,19,Elektrisk/nullutslipp,VareCampBiler,Vare- og campingbiler,2025M09,2025M09,12,
B,Bruktimporterte kjøretøy,19,Elektrisk/nullutslipp,VareCampBiler,Vare- og campingbiler,2025M10,2025M10,20,
B,Bruktimporterte kjøretøy,19,Elektrisk/nullutslipp,VareCampBiler,Vare- og campingbiler,2025M11,2025M11,10,
B,Bruktimporterte kjøretøy,19,Elektrisk/nullutslipp,VareCampBiler,Vare- og campingbiler,2025M12,2025M12,33,
B,Bruktimporterte kjøretøy,19,Elektrisk/nullutslipp,VareCampBiler,Vare- og campingbiler,2026M01,2026M01,36,
B,Bruktimporterte kjøretøy,19,Elektrisk/nullutslipp,VareCampBiler,Vare- og campingbiler,2026M02,2026M02,17,
B,Bruktimporterte kjøretøy,19,Elektrisk/nullutslipp,VareCampBiler,Vare- og campingbiler,2026M03,2026M03,25,
B,Bruktimporterte kjøretøy,19,Elektrisk/nullutslipp,VareCampBiler,Vare- og campingbiler,2026M04,2026M04,22,
B,Bruktimporterte kjøretøy,19,Elektrisk/nullutslipp,VareCampBiler,Vare- og campingbiler,2026M05,2026M05,16,
B,Bruktimporterte kjøretøy,19,Elektrisk/nullutslipp,VareCampBiler,Vare- og campingbiler,2026M06,2026M06,24,
B,Bruktimporterte kjøretøy,19,Elektrisk/nullutslipp,VareCampBiler,Vare- og campingbiler,2026M07,2026M07,26,
B,Bruktimporterte kjøretøy,20,Fossil,Personbiler,Personbiler,1995M01,1995M01,345,
B,Bruktimporterte kjøretøy,20,Fossil,Personbiler,Personbiler,1995M02,1995M02,358,
B,Bruktimporterte kjøretøy,20,Fossil,Personbiler,Personbiler,1995M03,1995M03,423,
B,Bruktimporterte kjøretøy,20,Fossil,Personbiler,Personbiler,1995M04,1995M04,374,
B,Bruktimporterte kjøretøy,20,Fossil,Personbiler,Personbiler,1995M05,1995M05,495,
B,Bruktimporterte kjøretøy,20,Fossil,Personbiler,Personbiler,1995M06,1995M06,473,
B,Bruktimporterte kjøretøy,20,Fossil,Personbiler,Personbiler,1995M07,1995M07,514,
B,Bruktimporterte kjøretøy,20,Fossil,Personbiler,Personbiler,1995M08,1995M08,428,
B,Bruktimporterte kjøretøy,20,Fossil,Personbiler,Personbiler,1995M09,1995M09,425,
B,Bruktimporterte kjøretøy,20,Fossil,Personbiler,Personbiler,1995M10,1995M10,414,
B,Bruktimporterte kjøretøy,20,Fossil,Personbiler,Personbiler,1995M11,1995M11,464,
B,Bruktimporterte kjøretøy,20,Fossil,Personbiler,Personbiler,1995M12,1995M12,278,
B,Bruktimporterte kjøretøy,20,Fossil,Personbiler,Personbiler,1996M01,1996M01,521,
B,Bruktimporterte kjøretøy,20,Fossil,Personbiler,Personbiler,1996M02,1996M02,644,
B,Bruktimporterte kjøretøy,20,Fossil,Personbiler,Personbiler,1996M03,1996M03,895,
B,Bruktimporterte kjøretøy,20,Fossil,Personbiler,Personbiler,1996M04,1996M04,967,
B,Bruktimporterte kjøretøy,20,Fossil,Personbiler,Personbiler,1996M05,1996M05,1269,
B,Bruktimporterte kjøretøy,20,Fossil,Personbiler,Personbiler,1996M06,1996M06,1193,
B,Bruktimporterte kjøretøy,20,Fossil,Personbiler,Personbiler,1996M07,1996M07,1730,
B,Bruktimporterte kjøretøy,20,Fossil,Personbiler,Personbiler,1996M08,1996M08,1444,
B,Bruktimporterte kjøretøy,20,Fossil,Personbiler,Personbiler,1996M09,1996M09,1426,
B,Bruktimporterte kjøretøy,20,Fossil,Personbiler,Personbiler,1996M10,1996M10,1587,
B,Bruktimporterte kjøretøy,20,Fossil,Personbiler,Personbiler,1996M11,1996M11,1412,
B,Bruktimporterte kjøretøy,20,Fossil,Personbiler,Personbiler,1996M12,1996M12,1118,
B,Bruktimporterte kjøretøy,20,Fossil,Personbiler,Personbiler,1997M01,1997M01,1376,
B,Bruktimporterte kjøretøy,20,Fossil,Personbiler,Personbiler,1997M02,1997M02,1287,
B,Bruktimporterte kjøretøy,20,Fossil,Personbiler,Personbiler,1997M03,1997M03,1422,
B,Bruktimporterte kjøretøy,20,Fossil,Personbiler,Personbiler,1997M04,1997M04,1763,
B,Bruktimporterte kjøretøy,20,Fossil,Personbiler,Personbiler,1997M05,1997M05,1677,
B,Bruktimporterte kjøretøy,20,Fossil,Personbiler,Personbiler,1997M06,1997M06,1466,
B,Bruktimporterte kjøretøy,20,Fossil,Personbiler,Personbiler,1997M07,1997M07,1890,
B,Bruktimporterte kjøretøy,20,Fossil,Personbiler,Personbiler,1997M08,1997M08,1409,
B,Bruktimporterte kjøretøy,20,Fossil,Personbiler,Personbiler,1997M09,1997M09,1457,
B,Bruktimporterte kjøretøy,20,Fossil,Personbiler,Personbiler,1997M10,1997M10,1498,
B,Bruktimporterte kjøretøy,20,Fossil,Personbiler,Personbiler,1997M11,1997M11,1205,
B,Bruktimporterte kjøretøy,20,Fossil,Personbiler,Personbiler,1997M12,1997M12,1010,
B,Bruktimporterte kjøretøy,20,Fossil,Personbiler,Personbiler,1998M01,1998M01,1130,
B,Bruktimporterte kjøretøy,20,Fossil,Personbiler,Personbiler,1998M02,1998M02,1066,
B,Bruktimporterte kjøretøy,20,Fossil,Personbiler,Personbiler,1998M03,1998M03,1332,
B,Bruktimporterte kjøretøy,20,Fossil,Personbiler,Personbiler,1998M04,1998M04,1427,
B,Bruktimporterte kjøretøy,20,Fossil,Personbiler,Personbiler,1998M05,1998M05,1490,
B,Bruktimporterte kjøretøy,20,Fossil,Personbiler,Personbiler,1998M06,1998M06,1279,
B,Bruktimporterte kjøretøy,20,Fossil,Personbiler,Personbiler,1998M07,1998M07,1963,
B,Bruktimporterte kjøretøy,20,Fossil,Personbiler,Personbiler,1998M08,1998M08,1323,
B,Bruktimporterte kjøretøy,20,Fossil,Personbiler,Personbiler,1998M09,1998M09,1234,
B,Bruktimporterte kjøretøy,20,Fossil,Personbiler,Personbiler,1998M10,1998M10,1093,
B,Bruktimporterte kjøretøy,20,Fossil,Personbiler,Personbiler,1998M11,1998M11,930,
B,Bruktimporterte kjøretøy,20,Fossil,Personbiler,Personbiler,1998M12,1998M12,673,
B,Bruktimporterte kjøretøy,20,Fossil,Personbiler,Personbiler,1999M01,1999M01,808,
B,Bruktimporterte kjøretøy,20,Fossil,Personbiler,Personbiler,1999M02,1999M02,784,
B,Bruktimporterte kjøretøy,20,Fossil,Personbiler,Personbiler,1999M03,1999M03,982,
B,Bruktimporterte kjøretøy,20,Fossil,Personbiler,Personbiler,1999M04,1999M04,976,
B,Bruktimporterte kjøretøy,20,Fossil,Personbiler,Personbiler,1999M05,1999M05,1123,
B,Bruktimporterte kjøretøy,20,Fossil,Personbiler,Personbiler,1999M06,1999M06,1261,
B,Bruktimporterte kjøretøy,20,Fossil,Personbiler,Personbiler,1999M07,1999M07,1722,
B,Bruktimporterte kjøretøy,20,Fossil,Personbiler,Personbiler,1999M08,1999M08,1448,
B,Bruktimporterte kjøretøy,20,Fossil,Personbiler,Personbiler,1999M09,1999M09,1563,
B,Bruktimporterte kjøretøy,20,Fossil,Personbiler,Personbiler,1999M10,1999M10,1547,
B,Bruktimporterte kjøretøy,20,Fossil,Personbiler,Personbiler,1999M11,1999M11,1381,
B,Bruktimporterte kjøretøy,20,Fossil,Personbiler,Personbiler,1999M12,1999M12,1003,
B,Bruktimporterte kjøretøy,20,Fossil,Personbiler,Personbiler,2000M01,2000M01,1217,
B,Bruktimporterte kjøretøy,20,Fossil,Personbiler,Personbiler,2000M02,2000M02,1266,
B,Bruktimporterte kjøretøy,20,Fossil,Personbiler,Personbiler,2000M03,2000M03,1588,
B,Bruktimporterte kjøretøy,20,Fossil,Personbiler,Personbiler,2000M04,2000M04,1289,
B,Bruktimporterte kjøretøy,20,Fossil,Personbiler,Personbiler,2000M05,2000M05,1815,
B,Bruktimporterte kjøretøy,20,Fossil,Personbiler,Personbiler,2000M06,2000M06,1539,
B,Bruktimporterte kjøretøy,20,Fossil,Personbiler,Personbiler,2000M07,2000M07,2100,
B,Bruktimporterte kjøretøy,20,Fossil,Personbiler,Personbiler,2000M08,2000M08,1727,
B,Bruktimporterte kjøretøy,20,Fossil,Personbiler,Personbiler,2000M09,2000M09,1689,
B,Bruktimporterte kjøretøy,20,Fossil,Personbiler,Personbiler,2000M10,2000M10,1782,
B,Bruktimporterte kjøretøy,20,Fossil,Personbiler,Personbiler,2000M11,2000M11,1668,
B,Bruktimporterte kjøretøy,20,Fossil,Personbiler,Personbiler,2000M12,2000M12,1267,
B,Bruktimporterte kjøretøy,20,Fossil,Personbiler,Personbiler,2001M01,2001M01,1407,
B,Bruktimporterte kjøretøy,20,Fossil,Personbiler,Personbiler,2001M02,2001M02,1341,
B,Bruktimporterte kjøretøy,20,Fossil,Personbiler,Personbiler,2001M03,2001M03,1726,
B,Bruktimporterte kjøretøy,20,Fossil,Personbiler,Personbiler,2001M04,2001M04,1505,
B,Bruktimporterte kjøretøy,20,Fossil,Personbiler,Personbiler,2001M05,2001M05,1689,
B,Bruktimporterte kjøretøy,20,Fossil,Personbiler,Personbiler,2001M06,2001M06,1517,
B,Bruktimporterte kjøretøy,20,Fossil,Personbiler,Personbiler,2001M07,2001M07,2121,
B,Bruktimporterte kjøretøy,20,Fossil,Personbiler,Personbiler,2001M08,2001M08,1919,
B,Bruktimporterte kjøretøy,20,Fossil,Personbiler,Personbiler,2001M09,2001M09,1572,
B,Bruktimporterte kjøretøy,20,Fossil,Personbiler,Personbiler,2001M10,2001M10,1688,
B,Bruktimporterte kjøretøy,20,Fossil,Personbiler,Personbiler,2001M11,2001M11,1519,
B,Bruktimporterte kjøretøy,20,Fossil,Personbiler,Personbiler,2001M12,2001M12,1057,
B,Bruktimporterte kjøretøy,20,Fossil,Personbiler,Personbiler,2002M01,2002M01,1345,
B,Bruktimporterte kjøretøy,20,Fossil,Personbiler,Personbiler,2002M02,2002M02,1361,
B,Bruktimporterte kjøretøy,20,Fossil,Personbiler,Personbiler,2002M03,2002M03,1543,
B,Bruktimporterte kjøretøy,20,Fossil,Personbiler,Personbiler,2002M04,2002M04,1805,
B,Bruktimporterte kjøretøy,20,Fossil,Personbiler,Personbiler,2002M05,2002M05,1947,
B,Bruktimporterte kjøretøy,20,Fossil,Personbiler,Personbiler,2002M06,2002M06,1755,
B,Bruktimporterte kjøretøy,20,Fossil,Personbiler,Personbiler,2002M07,2002M07,2636,
B,Bruktimporterte kjøretøy,20,Fossil,Personbiler,Personbiler,2002M08,2002M08,2031,
B,Bruktimporterte kjøretøy,20,Fossil,Personbiler,Personbiler,2002M09,2002M09,2012,
B,Bruktimporterte kjøretøy,20,Fossil,Personbiler,Personbiler,2002M10,2002M10,2203,
B,Bruktimporterte kjøretøy,20,Fossil,Personbiler,Personbiler,2002M11,2002M11,1843,
B,Bruktimporterte kjøretøy,20,Fossil,Personbiler,Personbiler,2002M12,2002M12,1389,
B,Bruktimporterte kjøretøy,20,Fossil,Personbiler,Personbiler,2003M01,2003M01,1515,
B,Bruktimporterte kjøretøy,20,Fossil,Personbiler,Personbiler,2003M02,2003M02,1564,
B,Bruktimporterte kjøretøy,20,Fossil,Personbiler,Personbiler,2003M03,2003M03,1763,
B,Bruktimporterte kjøretøy,20,Fossil,Personbiler,Personbiler,2003M04,2003M04,1765,
B,Bruktimporterte kjøretøy,20,Fossil,Personbiler,Personbiler,2003M05,2003M05,1845,
B,Bruktimporterte kjøretøy,20,Fossil,Personbiler,Personbiler,2003M06,2003M06,1582,
B,Bruktimporterte kjøretøy,20,Fossil,Personbiler,Personbiler,2003M07,2003M07,2153,
B,Bruktimporterte kjøretøy,20,Fossil,Personbiler,Personbiler,2003M08,2003M08,1504,
B,Bruktimporterte kjøretøy,20,Fossil,Personbiler,Personbiler,2003M09,2003M09,1621,
B,Bruktimporterte kjøretøy,20,Fossil,Personbiler,Personbiler,2003M10,2003M10,1740,
B,Bruktimporterte kjøretøy,20,Fossil,Personbiler,Personbiler,2003M11,2003M11,1386,
B,Bruktimporterte kjøretøy,20,Fossil,Personbiler,Personbiler,2003M12,2003M12,1244,
B,Bruktimporterte kjøretøy,20,Fossil,Personbiler,Personbiler,2004M01,2004M01,1164,
B,Bruktimporterte kjøretøy,20,Fossil,Personbiler,Personbiler,2004M02,2004M02,1228,
B,Bruktimporterte kjøretøy,20,Fossil,Personbiler,Personbiler,2004M03,2004M03,1436,
B,Bruktimporterte kjøretøy,20,Fossil,Personbiler,Personbiler,2004M04,2004M04,1472,
B,Bruktimporterte kjøretøy,20,Fossil,Personbiler,Personbiler,2004M05,2004M05,1533,
B,Bruktimporterte kjøretøy,20,Fossil,Personbiler,Personbiler,2004M06,2004M06,1798,
B,Bruktimporterte kjøretøy,20,Fossil,Personbiler,Personbiler,2004M07,2004M07,2093,
B,Bruktimporterte kjøretøy,20,Fossil,Personbiler,Personbiler,2004M08,2004M08,1494,
B,Bruktimporterte kjøretøy,20,Fossil,Personbiler,Personbiler,2004M09,2004M09,1610,
B,Bruktimporterte kjøretøy,20,Fossil,Personbiler,Personbiler,2004M10,2004M10,1588,
B,Bruktimporterte kjøretøy,20,Fossil,Personbiler,Personbiler,2004M11,2004M11,1516,
B,Bruktimporterte kjøretøy,20,Fossil,Personbiler,Personbiler,2004M12,2004M12,1660,
B,Bruktimporterte kjøretøy,20,Fossil,Personbiler,Personbiler,2005M01,2005M01,145,
B,Bruktimporterte kjøretøy,20,Fossil,Personbiler,Personbiler,2005M02,2005M02,101,
B,Bruktimporterte kjøretøy,20,Fossil,Personbiler,Personbiler,2005M03,2005M03,83,
B,Bruktimporterte kjøretøy,20,Fossil,Personbiler,Personbiler,2005M04,2005M04,127,
B,Bruktimporterte kjøretøy,20,Fossil,Personbiler,Personbiler,2005M05,2005M05,2005,
B,Bruktimporterte kjøretøy,20,Fossil,Personbiler,Personbiler,2005M06,2005M06,2389,
B,Bruktimporterte kjøretøy,20,Fossil,Personbiler,Personbiler,2005M07,2005M07,3503,
B,Bruktimporterte kjøretøy,20,Fossil,Personbiler,Personbiler,2005M08,2005M08,2990,
B,Bruktimporterte kjøretøy,20,Fossil,Personbiler,Personbiler,2005M09,2005M09,2936,
B,Bruktimporterte kjøretøy,20,Fossil,Personbiler,Personbiler,2005M10,2005M10,2703,
B,Bruktimporterte kjøretøy,20,Fossil,Personbiler,Personbiler,2005M11,2005M11,2630,
B,Bruktimporterte kjøretøy,20,Fossil,Personbiler,Personbiler,2005M12,2005M12,2390,
B,Bruktimporterte kjøretøy,20,Fossil,Personbiler,Personbiler,2006M01,2006M01,2079,
B,Bruktimporterte kjøretøy,20,Fossil,Personbiler,Personbiler,2006M02,2006M02,2155,
B,Bruktimporterte kjøretøy,20,Fossil,Personbiler,Personbiler,2006M03,2006M03,2677,
B,Bruktimporterte kjøretøy,20,Fossil,Personbiler,Personbiler,2006M04,2006M04,2414,
B,Bruktimporterte kjøretøy,20,Fossil,Personbiler,Personbiler,2006M05,2006M05,2966,
B,Bruktimporterte kjøretøy,20,Fossil,Personbiler,Personbiler,2006M06,2006M06,3076,
B,Bruktimporterte kjøretøy,20,Fossil,Personbiler,Personbiler,2006M07,2006M07,3688,
B,Bruktimporterte kjøretøy,20,Fossil,Personbiler,Personbiler,2006M08,2006M08,3203,
B,Bruktimporterte kjøretøy,20,Fossil,Personbiler,Personbiler,2006M09,2006M09,3009,
B,Bruktimporterte kjøretøy,20,Fossil,Personbiler,Personbiler,2006M10,2006M10,2632,
B,Bruktimporterte kjøretøy,20,Fossil,Personbiler,Personbiler,2006M11,2006M11,2465,
B,Bruktimporterte kjøretøy,20,Fossil,Personbiler,Personbiler,2006M12,2006M12,3520,
B,Bruktimporterte kjøretøy,20,Fossil,Personbiler,Personbiler,2007M01,2007M01,2300,
B,Bruktimporterte kjøretøy,20,Fossil,Personbiler,Personbiler,2007M02,2007M02,2057,
B,Bruktimporterte kjøretøy,20,Fossil,Personbiler,Personbiler,2007M03,2007M03,2697,
B,Bruktimporterte kjøretøy,20,Fossil,Personbiler,Personbiler,2007M04,2007M04,2263,
B,Bruktimporterte kjøretøy,20,Fossil,Personbiler,Personbiler,2007M05,2007M05,2923,
B,Bruktimporterte kjøretøy,20,Fossil,Personbiler,Personbiler,2007M06,2007M06,3086,
B,Bruktimporterte kjøretøy,20,Fossil,Personbiler,Personbiler,2007M07,2007M07,3827,
B,Bruktimporterte kjøretøy,20,Fossil,Personbiler,Personbiler,2007M08,2007M08,3457,
B,Bruktimporterte kjøretøy,20,Fossil,Personbiler,Personbiler,2007M09,2007M09,2962,
B,Bruktimporterte kjøretøy,20,Fossil,Personbiler,Personbiler,2007M10,2007M10,3261,
B,Bruktimporterte kjøretøy,20,Fossil,Personbiler,Personbiler,2007M11,2007M11,3086,
B,Bruktimporterte kjøretøy,20,Fossil,Personbiler,Personbiler,2007M12,2007M12,2258,
B,Bruktimporterte kjøretøy,20,Fossil,Personbiler,Personbiler,2008M01,2008M01,2334,
B,Bruktimporterte kjøretøy,20,Fossil,Personbiler,Personbiler,2008M02,2008M02,2679,
B,Bruktimporterte kjøretøy,20,Fossil,Personbiler,Personbiler,2008M03,2008M03,2319,
B,Bruktimporterte kjøretøy,20,Fossil,Personbiler,Personbiler,2008M04,2008M04,3001,
B,Bruktimporterte kjøretøy,20,Fossil,Personbiler,Personbiler,2008M05,2008M05,2823,
B,Bruktimporterte kjøretøy,20,Fossil,Personbiler,Personbiler,2008M06,2008M06,2577,
B,Bruktimporterte kjøretøy,20,Fossil,Personbiler,Personbiler,2008M07,2008M07,3075,
B,Bruktimporterte kjøretøy,20,Fossil,Personbiler,Personbiler,2008M08,2008M08,2398,
B,Bruktimporterte kjøretøy,20,Fossil,Personbiler,Personbiler,2008M09,2008M09,2440,
B,Bruktimporterte kjøretøy,20,Fossil,Personbiler,Personbiler,2008M10,2008M10,1882,
B,Bruktimporterte kjøretøy,20,Fossil,Personbiler,Personbiler,2008M11,2008M11,1194,
B,Bruktimporterte kjøretøy,20,Fossil,Personbiler,Personbiler,2008M12,2008M12,1099,
B,Bruktimporterte kjøretøy,20,Fossil,Personbiler,Personbiler,2009M01,2009M01,1085,
B,Bruktimporterte kjøretøy,20,Fossil,Personbiler,Personbiler,2009M02,2009M02,1216,
B,Bruktimporterte kjøretøy,20,Fossil,Personbiler,Personbiler,2009M03,2009M03,1674,
B,Bruktimporterte kjøretøy,20,Fossil,Personbiler,Personbiler,2009M04,2009M04,1993,
B,Bruktimporterte kjøretøy,20,Fossil,Personbiler,Personbiler,2009M05,2009M05,2030,
B,Bruktimporterte kjøretøy,20,Fossil,Personbiler,Personbiler,2009M06,2009M06,2185,
B,Bruktimporterte kjøretøy,20,Fossil,Personbiler,Personbiler,2009M07,2009M07,2886,
B,Bruktimporterte kjøretøy,20,Fossil,Personbiler,Personbiler,2009M08,2009M08,2302,
B,Bruktimporterte kjøretøy,20,Fossil,Personbiler,Personbiler,2009M09,2009M09,2626,
B,Bruktimporterte kjøretøy,20,Fossil,Personbiler,Personbiler,2009M10,2009M10,2678,
B,Bruktimporterte kjøretøy,20,Fossil,Personbiler,Personbiler,2009M11,2009M11,2496,
B,Bruktimporterte kjøretøy,20,Fossil,Personbiler,Personbiler,2009M12,2009M12,2489,
B,Bruktimporterte kjøretøy,20,Fossil,Personbiler,Personbiler,2010M01,2010M01,1747,
B,Bruktimporterte kjøretøy,20,Fossil,Personbiler,Personbiler,2010M02,2010M02,2010,
B,Bruktimporterte kjøretøy,20,Fossil,Personbiler,Personbiler,2010M03,2010M03,2590,
B,Bruktimporterte kjøretøy,20,Fossil,Personbiler,Personbiler,2010M04,2010M04,2589,
B,Bruktimporterte kjøretøy,20,Fossil,Personbiler,Personbiler,2010M05,2010M05,2528,
B,Bruktimporterte kjøretøy,20,Fossil,Personbiler,Personbiler,2010M06,2010M06,2713,
B,Bruktimporterte kjøretøy,20,Fossil,Personbiler,Personbiler,2010M07,2010M07,3230,
B,Bruktimporterte kjøretøy,20,Fossil,Personbiler,Personbiler,2010M08,2010M08,2703,
B,Bruktimporterte kjøretøy,20,Fossil,Personbiler,Personbiler,2010M09,2010M09,2762,
B,Bruktimporterte kjøretøy,20,Fossil,Personbiler,Personbiler,2010M10,2010M10,2523,
B,Bruktimporterte kjøretøy,20,Fossil,Personbiler,Personbiler,2010M11,2010M11,2307,
B,Bruktimporterte kjøretøy,20,Fossil,Personbiler,Personbiler,2010M12,2010M12,1807,
B,Bruktimporterte kjøretøy,20,Fossil,Personbiler,Personbiler,2011M01,2011M01,1795,
B,Bruktimporterte kjøretøy,20,Fossil,Personbiler,Personbiler,2011M02,2011M02,1981,
B,Bruktimporterte kjøretøy,20,Fossil,Personbiler,Personbiler,2011M03,2011M03,2298,
B,Bruktimporterte kjøretøy,20,Fossil,Personbiler,Personbiler,2011M04,2011M04,2206,
B,Bruktimporterte kjøretøy,20,Fossil,Personbiler,Personbiler,2011M05,2011M05,2470,
B,Bruktimporterte kjøretøy,20,Fossil,Personbiler,Personbiler,2011M06,2011M06,2252,
B,Bruktimporterte kjøretøy,20,Fossil,Personbiler,Personbiler,2011M07,2011M07,2751,
B,Bruktimporterte kjøretøy,20,Fossil,Personbiler,Personbiler,2011M08,2011M08,2588,
B,Bruktimporterte kjøretøy,20,Fossil,Personbiler,Personbiler,2011M09,2011M09,2689,
B,Bruktimporterte kjøretøy,20,Fossil,Personbiler,Personbiler,2011M10,2011M10,2390,
B,Bruktimporterte kjøretøy,20,Fossil,Personbiler,Personbiler,2011M11,2011M11,2365,
B,Bruktimporterte kjøretøy,20,Fossil,Personbiler,Personbiler,2011M12,2011M12,1775,
B,Bruktimporterte kjøretøy,20,Fossil,Personbiler,Personbiler,2012M01,2012M01,2012,
B,Bruktimporterte kjøretøy,20,Fossil,Personbiler,Personbiler,2012M02,2012M02,2140,
B,Bruktimporterte kjøretøy,20,Fossil,Personbiler,Personbiler,2012M03,2012M03,2676,
B,Bruktimporterte kjøretøy,20,Fossil,Personbiler,Personbiler,2012M04,2012M04,2301,
B,Bruktimporterte kjøretøy,20,Fossil,Personbiler,Personbiler,2012M05,2012M05,2609,
B,Bruktimporterte kjøretøy,20,Fossil,Personbiler,Personbiler,2012M06,2012M06,2533,
B,Bruktimporterte kjøretøy,20,Fossil,Personbiler,Personbiler,2012M07,2012M07,3087,
B,Bruktimporterte kjøretøy,20,Fossil,Personbiler,Personbiler,2012M08,2012M08,2957,
B,Bruktimporterte kjøretøy,20,Fossil,Personbiler,Personbiler,2012M09,2012M09,2757,
B,Bruktimporterte kjøretøy,20,Fossil,Personbiler,Personbiler,2012M10,2012M10,3099,
B,Bruktimporterte kjøretøy,20,Fossil,Personbiler,Personbiler,2012M11,2012M11,2660,
B,Bruktimporterte kjøretøy,20,Fossil,Personbiler,Personbiler,2012M12,2012M12,1813,
B,Bruktimporterte kjøretøy,20,Fossil,Personbiler,Personbiler,2013M01,2013M01,2431,
B,Bruktimporterte kjøretøy,20,Fossil,Personbiler,Personbiler,2013M02,2013M02,2324,
B,Bruktimporterte kjøretøy,20,Fossil,Personbiler,Personbiler,2013M03,2013M03,2443,
B,Bruktimporterte kjøretøy,20,Fossil,Personbiler,Personbiler,2013M04,2013M04,2756,
B,Bruktimporterte kjøretøy,20,Fossil,Personbiler,Personbiler,2013M05,2013M05,2687,
B,Bruktimporterte kjøretøy,20,Fossil,Personbiler,Personbiler,2013M06,2013M06,2442,
B,Bruktimporterte kjøretøy,20,Fossil,Personbiler,Personbiler,2013M07,2013M07,2882,
B,Bruktimporterte kjøretøy,20,Fossil,Personbiler,Personbiler,2013M08,2013M08,2567,
B,Bruktimporterte kjøretøy,20,Fossil,Personbiler,Personbiler,2013M09,2013M09,2266,
B,Bruktimporterte kjøretøy,20,Fossil,Personbiler,Personbiler,2013M10,2013M10,2195,
B,Bruktimporterte kjøretøy,20,Fossil,Personbiler,Personbiler,2013M11,2013M11,1685,
B,Bruktimporterte kjøretøy,20,Fossil,Personbiler,Personbiler,2013M12,2013M12,1200,
B,Bruktimporterte kjøretøy,20,Fossil,Personbiler,Personbiler,2014M01,2014M01,1571,
B,Bruktimporterte kjøretøy,20,Fossil,Personbiler,Personbiler,2014M02,2014M02,1473,
B,Bruktimporterte kjøretøy,20,Fossil,Personbiler,Personbiler,2014M03,2014M03,1645,
B,Bruktimporterte kjøretøy,20,Fossil,Personbiler,Personbiler,2014M04,2014M04,1716,
B,Bruktimporterte kjøretøy,20,Fossil,Personbiler,Personbiler,2014M05,2014M05,1843,
B,Bruktimporterte kjøretøy,20,Fossil,Personbiler,Personbiler,2014M06,2014M06,1782,
B,Bruktimporterte kjøretøy,20,Fossil,Personbiler,Personbiler,2014M07,2014M07,2314,
B,Bruktimporterte kjøretøy,20,Fossil,Personbiler,Personbiler,2014M08,2014M08,1833,
B,Bruktimporterte kjøretøy,20,Fossil,Personbiler,Personbiler,2014M09,2014M09,2034,
B,Bruktimporterte kjøretøy,20,Fossil,Personbiler,Personbiler,2014M10,2014M10,1979,
B,Bruktimporterte kjøretøy,20,Fossil,Personbiler,Personbiler,2014M11,2014M11,1490,
B,Bruktimporterte kjøretøy,20,Fossil,Personbiler,Personbiler,2014M12,2014M12,1206,
B,Bruktimporterte kjøretøy,20,Fossil,Personbiler,Personbiler,2015M01,2015M01,1253,
B,Bruktimporterte kjøretøy,20,Fossil,Personbiler,Personbiler,2015M02,2015M02,1190,
B,Bruktimporterte kjøretøy,20,Fossil,Personbiler,Personbiler,2015M03,2015M03,1495,
B,Bruktimporterte kjøretøy,20,Fossil,Personbiler,Personbiler,2015M04,2015M04,1338,
B,Bruktimporterte kjøretøy,20,Fossil,Personbiler,Personbiler,2015M05,2015M05,1366,
B,Bruktimporterte kjøretøy,20,Fossil,Personbiler,Personbiler,2015M06,2015M06,1442,
B,Bruktimporterte kjøretøy,20,Fossil,Personbiler,Personbiler,2015M07,2015M07,1573,
B,Bruktimporterte kjøretøy,20,Fossil,Personbiler,Personbiler,2015M08,2015M08,1151,
B,Bruktimporterte kjøretøy,20,Fossil,Personbiler,Personbiler,2015M09,2015M09,1093,
B,Bruktimporterte kjøretøy,20,Fossil,Personbiler,Personbiler,2015M10,2015M10,826,
B,Bruktimporterte kjøretøy,20,Fossil,Personbiler,Personbiler,2015M11,2015M11,668,
B,Bruktimporterte kjøretøy,20,Fossil,Personbiler,Personbiler,2015M12,2015M12,560,
B,Bruktimporterte kjøretøy,20,Fossil,Personbiler,Personbiler,2016M01,2016M01,617,
B,Bruktimporterte kjøretøy,20,Fossil,Personbiler,Personbiler,2016M02,2016M02,640,
B,Bruktimporterte kjøretøy,20,Fossil,Personbiler,Personbiler,2016M03,2016M03,590,
B,Bruktimporterte kjøretøy,20,Fossil,Personbiler,Personbiler,2016M04,2016M04,843,
B,Bruktimporterte kjøretøy,20,Fossil,Personbiler,Personbiler,2016M05,2016M05,799,
B,Bruktimporterte kjøretøy,20,Fossil,Personbiler,Personbiler,2016M06,2016M06,863,
B,Bruktimporterte kjøretøy,20,Fossil,Personbiler,Personbiler,2016M07,2016M07,815,
B,Bruktimporterte kjøretøy,20,Fossil,Personbiler,Personbiler,2016M08,2016M08,747,
B,Bruktimporterte kjøretøy,20,Fossil,Personbiler,Personbiler,2016M09,2016M09,751,
B,Bruktimporterte kjøretøy,20,Fossil,Personbiler,Personbiler,2016M10,2016M10,629,
B,Bruktimporterte kjøretøy,20,Fossil,Personbiler,Personbiler,2016M11,2016M11,557,
B,Bruktimporterte kjøretøy,20,Fossil,Personbiler,Personbiler,2016M12,2016M12,597,
B,Bruktimporterte kjøretøy,20,Fossil,Personbiler,Personbiler,2017M01,2017M01,660,
B,Bruktimporterte kjøretøy,20,Fossil,Personbiler,Personbiler,2017M02,2017M02,561,
B,Bruktimporterte kjøretøy,20,Fossil,Personbiler,Personbiler,2017M03,2017M03,748,
B,Bruktimporterte kjøretøy,20,Fossil,Personbiler,Personbiler,2017M04,2017M04,645,
B,Bruktimporterte kjøretøy,20,Fossil,Personbiler,Personbiler,2017M05,2017M05,788,
B,Bruktimporterte kjøretøy,20,Fossil,Personbiler,Personbiler,2017M06,2017M06,821,
B,Bruktimporterte kjøretøy,20,Fossil,Personbiler,Personbiler,2017M07,2017M07,759,
B,Bruktimporterte kjøretøy,20,Fossil,Personbiler,Personbiler,2017M08,2017M08,736,
B,Bruktimporterte kjøretøy,20,Fossil,Personbiler,Personbiler,2017M09,2017M09,601,
B,Bruktimporterte kjøretøy,20,Fossil,Personbiler,Personbiler,2017M10,2017M10,512,
B,Bruktimporterte kjøretøy,20,Fossil,Personbiler,Personbiler,2017M11,2017M11,454,
B,Bruktimporterte kjøretøy,20,Fossil,Personbiler,Personbiler,2017M12,2017M12,351,
B,Bruktimporterte kjøretøy,20,Fossil,Personbiler,Personbiler,2018M01,2018M01,315,
B,Bruktimporterte kjøretøy,20,Fossil,Personbiler,Personbiler,2018M02,2018M02,296,
B,Bruktimporterte kjøretøy,20,Fossil,Personbiler,Personbiler,2018M03,2018M03,342,
B,Bruktimporterte kjøretøy,20,Fossil,Personbiler,Personbiler,2018M04,2018M04,492,
B,Bruktimporterte kjøretøy,20,Fossil,Personbiler,Personbiler,2018M05,2018M05,640,
B,Bruktimporterte kjøretøy,20,Fossil,Personbiler,Personbiler,2018M06,2018M06,692,
B,Bruktimporterte kjøretøy,20,Fossil,Personbiler,Personbiler,2018M07,2018M07,635,
B,Bruktimporterte kjøretøy,20,Fossil,Personbiler,Personbiler,2018M08,2018M08,637,
B,Bruktimporterte kjøretøy,20,Fossil,Personbiler,Personbiler,2018M09,2018M09,524,
B,Bruktimporterte kjøretøy,20,Fossil,Personbiler,Personbiler,2018M10,2018M10,526,
B,Bruktimporterte kjøretøy,20,Fossil,Personbiler,Personbiler,2018M11,2018M11,492,
B,Bruktimporterte kjøretøy,20,Fossil,Personbiler,Personbiler,2018M12,2018M12,340,
B,Bruktimporterte kjøretøy,20,Fossil,Personbiler,Personbiler,2019M01,2019M01,335,
B,Bruktimporterte kjøretøy,20,Fossil,Personbiler,Personbiler,2019M02,2019M02,365,
B,Bruktimporterte kjøretøy,20,Fossil,Personbiler,Personbiler,2019M03,2019M03,441,
B,Bruktimporterte kjøretøy,20,Fossil,Personbiler,Personbiler,2019M04,2019M04,508,
B,Bruktimporterte kjøretøy,20,Fossil,Personbiler,Personbiler,2019M05,2019M05,675,
B,Bruktimporterte kjøretøy,20,Fossil,Personbiler,Personbiler,2019M06,2019M06,536,
B,Bruktimporterte kjøretøy,20,Fossil,Personbiler,Personbiler,2019M07,2019M07,771,
B,Bruktimporterte kjøretøy,20,Fossil,Personbiler,Personbiler,2019M08,2019M08,699,
B,Bruktimporterte kjøretøy,20,Fossil,Personbiler,Personbiler,2019M09,2019M09,562,
B,Bruktimporterte kjøretøy,20,Fossil,Personbiler,Personbiler,2019M10,2019M10,449,
B,Bruktimporterte kjøretøy,20,Fossil,Personbiler,Personbiler,2019M11,2019M11,332,
B,Bruktimporterte kjøretøy,20,Fossil,Personbiler,Personbiler,2019M12,2019M12,273,
B,Bruktimporterte kjøretøy,20,Fossil,Personbiler,Personbiler,2020M01,2020M01,343,
B,Bruktimporterte kjøretøy,20,Fossil,Personbiler,Personbiler,2020M02,2020M02,377,
B,Bruktimporterte kjøretøy,20,Fossil,Personbiler,Personbiler,2020M03,2020M03,262,
B,Bruktimporterte kjøretøy,20,Fossil,Personbiler,Personbiler,2020M04,2020M04,299,
B,Bruktimporterte kjøretøy,20,Fossil,Personbiler,Personbiler,2020M05,2020M05,590,
B,Bruktimporterte kjøretøy,20,Fossil,Personbiler,Personbiler,2020M06,2020M06,540,
B,Bruktimporterte kjøretøy,20,Fossil,Personbiler,Personbiler,2020M07,2020M07,627,
B,Bruktimporterte kjøretøy,20,Fossil,Personbiler,Personbiler,2020M08,2020M08,533,
B,Bruktimporterte kjøretøy,20,Fossil,Personbiler,Personbiler,2020M09,2020M09,498,
B,Bruktimporterte kjøretøy,20,Fossil,Personbiler,Personbiler,2020M10,2020M10,412,
B,Bruktimporterte kjøretøy,20,Fossil,Personbiler,Personbiler,2020M11,2020M11,346,
B,Bruktimporterte kjøretøy,20,Fossil,Personbiler,Personbiler,2020M12,2020M12,323,
B,Bruktimporterte kjøretøy,20,Fossil,Personbiler,Personbiler,2021M01,2021M01,253,
B,Bruktimporterte kjøretøy,20,Fossil,Personbiler,Personbiler,2021M02,2021M02,286,
B,Bruktimporterte kjøretøy,20,Fossil,Personbiler,Personbiler,2021M03,2021M03,468,
B,Bruktimporterte kjøretøy,20,Fossil,Personbiler,Personbiler,2021M04,2021M04,604,
B,Bruktimporterte kjøretøy,20,Fossil,Personbiler,Personbiler,2021M05,2021M05,598,
B,Bruktimporterte kjøretøy,20,Fossil,Personbiler,Personbiler,2021M06,2021M06,674,
B,Bruktimporterte kjøretøy,20,Fossil,Personbiler,Personbiler,2021M07,2021M07,563,
B,Bruktimporterte kjøretøy,20,Fossil,Personbiler,Personbiler,2021M08,2021M08,511,
B,Bruktimporterte kjøretøy,20,Fossil,Personbiler,Personbiler,2021M09,2021M09,476,
B,Bruktimporterte kjøretøy,20,Fossil,Personbiler,Personbiler,2021M10,2021M10,351,
B,Bruktimporterte kjøretøy,20,Fossil,Personbiler,Personbiler,2021M11,2021M11,323,
B,Bruktimporterte kjøretøy,20,Fossil,Personbiler,Personbiler,2021M12,2021M12,311,
B,Bruktimporterte kjøretøy,20,Fossil,Personbiler,Personbiler,2022M01,2022M01,195,
B,Bruktimporterte kjøretøy,20,Fossil,Personbiler,Personbiler,2022M02,2022M02,205,
B,Bruktimporterte kjøretøy,20,Fossil,Personbiler,Personbiler,2022M03,2022M03,323,
B,Bruktimporterte kjøretøy,20,Fossil,Personbiler,Personbiler,2022M04,2022M04,382,
B,Bruktimporterte kjøretøy,20,Fossil,Personbiler,Personbiler,2022M05,2022M05,474,
B,Bruktimporterte kjøretøy,20,Fossil,Personbiler,Personbiler,2022M06,2022M06,443,
B,Bruktimporterte kjøretøy,20,Fossil,Personbiler,Personbiler,2022M07,2022M07,310,
B,Bruktimporterte kjøretøy,20,Fossil,Personbiler,Personbiler,2022M08,2022M08,326,
B,Bruktimporterte kjøretøy,20,Fossil,Personbiler,Personbiler,2022M09,2022M09,346,
B,Bruktimporterte kjøretøy,20,Fossil,Personbiler,Personbiler,2022M10,2022M10,251,
B,Bruktimporterte kjøretøy,20,Fossil,Personbiler,Personbiler,2022M11,2022M11,235,
B,Bruktimporterte kjøretøy,20,Fossil,Personbiler,Personbiler,2022M12,2022M12,235,
B,Bruktimporterte kjøretøy,20,Fossil,Personbiler,Personbiler,2023M01,2023M01,140,
B,Bruktimporterte kjøretøy,20,Fossil,Personbiler,Personbiler,2023M02,2023M02,116,
B,Bruktimporterte kjøretøy,20,Fossil,Personbiler,Personbiler,2023M03,2023M03,162,
B,Bruktimporterte kjøretøy,20,Fossil,Personbiler,Personbiler,2023M04,2023M04,225,
B,Bruktimporterte kjøretøy,20,Fossil,Personbiler,Personbiler,2023M05,2023M05,238,
B,Bruktimporterte kjøretøy,20,Fossil,Personbiler,Personbiler,2023M06,2023M06,307,
B,Bruktimporterte kjøretøy,20,Fossil,Personbiler,Personbiler,2023M07,2023M07,225,
B,Bruktimporterte kjøretøy,20,Fossil,Personbiler,Personbiler,2023M08,2023M08,219,
B,Bruktimporterte kjøretøy,20,Fossil,Personbiler,Personbiler,2023M09,2023M09,196,
B,Bruktimporterte kjøretøy,20,Fossil,Personbiler,Personbiler,2023M10,2023M10,194,
B,Bruktimporterte kjøretøy,20,Fossil,Personbiler,Personbiler,2023M11,2023M11,122,
B,Bruktimporterte kjøretøy,20,Fossil,Personbiler,Personbiler,2023M12,2023M12,106,
B,Bruktimporterte kjøretøy,20,Fossil,Personbiler,Personbiler,2024M01,2024M01,95,
B,Bruktimporterte kjøretøy,20,Fossil,Personbiler,Personbiler,2024M02,2024M02,93,
B,Bruktimporterte kjøretøy,20,Fossil,Personbiler,Personbiler,2024M03,2024M03,116,
B,Bruktimporterte kjøretøy,20,Fossil,Personbiler,Personbiler,2024M04,2024M04,210,
B,Bruktimporterte kjøretøy,20,Fossil,Personbiler,Personbiler,2024M05,2024M05,234,
B,Bruktimporterte kjøretøy,20,Fossil,Personbiler,Personbiler,2024M06,2024M06,271,
B,Bruktimporterte kjøretøy,20,Fossil,Personbiler,Personbiler,2024M07,2024M07,203,
B,Bruktimporterte kjøretøy,20,Fossil,Personbiler,Personbiler,2024M08,2024M08,234,
B,Bruktimporterte kjøretøy,20,Fossil,Personbiler,Personbiler,2024M09,2024M09,221,
B,Bruktimporterte kjøretøy,20,Fossil,Personbiler,Personbiler,2024M10,2024M10,175,
B,Bruktimporterte kjøretøy,20,Fossil,Personbiler,Personbiler,2024M11,2024M11,143,
B,Bruktimporterte kjøretøy,20,Fossil,Personbiler,Personbiler,2024M12,2024M12,114,
B,Bruktimporterte kjøretøy,20,Fossil,Personbiler,Personbiler,2025M01,2025M01,107,
B,Bruktimporterte kjøretøy,20,Fossil,Personbiler,Personbiler,2025M02,2025M02,119,
B,Bruktimporterte kjøretøy,20,Fossil,Personbiler,Personbiler,2025M03,2025M03,212,
B,Bruktimporterte kjøretøy,20,Fossil,Personbiler,Personbiler,2025M04,2025M04,220,
B,Bruktimporterte kjøretøy,20,Fossil,Personbiler,Personbiler,2025M05,2025M05,250,
B,Bruktimporterte kjøretøy,20,Fossil,Personbiler,Personbiler,2025M06,2025M06,255,
B,Bruktimporterte kjøretøy,20,Fossil,Personbiler,Personbiler,2025M07,2025M07,223,
B,Bruktimporterte kjøretøy,20,Fossil,Personbiler,Personbiler,2025M08,2025M08,221,
B,Bruktimporterte kjøretøy,20,Fossil,Personbiler,Personbiler,2025M09,2025M09,220,
B,Bruktimporterte kjøretøy,20,Fossil,Personbiler,Personbiler,2025M10,2025M10,241,
B,Bruktimporterte kjøretøy,20,Fossil,Personbiler,Personbiler,2025M11,2025M11,166,
B,Bruktimporterte kjøretøy,20,Fossil,Personbiler,Personbiler,2025M12,2025M12,145,
B,Bruktimporterte kjøretøy,20,Fossil,Personbiler,Personbiler,2026M01,2026M01,127,
B,Bruktimporterte kjøretøy,20,Fossil,Personbiler,Personbiler,2026M02,2026M02,110,
B,Bruktimporterte kjøretøy,20,Fossil,Personbiler,Personbiler,2026M03,2026M03,190,
B,Bruktimporterte kjøretøy,20,Fossil,Personbiler,Personbiler,2026M04,2026M04,271,
B,Bruktimporterte kjøretøy,20,Fossil,Personbiler,Personbiler,2026M05,2026M05,310,
B,Bruktimporterte kjøretøy,20,Fossil,Personbiler,Personbiler,2026M06,2026M06,355,
B,Bruktimporterte kjøretøy,20,Fossil,Personbiler,Personbiler,2026M07,2026M07,309,
B,Bruktimporterte kjøretøy,20,Fossil,VareCampBiler,Vare- og campingbiler,1995M01,1995M01,22,
B,Bruktimporterte kjøretøy,20,Fossil,VareCampBiler,Vare- og campingbiler,1995M02,1995M02,19,
B,Bruktimporterte kjøretøy,20,Fossil,VareCampBiler,Vare- og campingbiler,1995M03,1995M03,23,
B,Bruktimporterte kjøretøy,20,Fossil,VareCampBiler,Vare- og campingbiler,1995M04,1995M04,15,
B,Bruktimporterte kjøretøy,20,Fossil,VareCampBiler,Vare- og campingbiler,1995M05,1995M05,30,
B,Bruktimporterte kjøretøy,20,Fossil,VareCampBiler,Vare- og campingbiler,1995M06,1995M06,34,
B,Bruktimporterte kjøretøy,20,Fossil,VareCampBiler,Vare- og campingbiler,1995M07,1995M07,35,
B,Bruktimporterte kjøretøy,20,Fossil,VareCampBiler,Vare- og campingbiler,1995M08,1995M08,27,
B,Bruktimporterte kjøretøy,20,Fossil,VareCampBiler,Vare- og campingbiler,1995M09,1995M09,25,
B,Bruktimporterte kjøretøy,20,Fossil,VareCampBiler,Vare- og campingbiler,1995M10,1995M10,33,
B,Bruktimporterte kjøretøy,20,Fossil,VareCampBiler,Vare- og campingbiler,1995M11,1995M11,29,
B,Bruktimporterte kjøretøy,20,Fossil,VareCampBiler,Vare- og campingbiler,1995M12,1995M12,46,
B,Bruktimporterte kjøretøy,20,Fossil,VareCampBiler,Vare- og campingbiler,1996M01,1996M01,38,
B,Bruktimporterte kjøretøy,20,Fossil,VareCampBiler,Vare- og campingbiler,1996M02,1996M02,27,
B,Bruktimporterte kjøretøy,20,Fossil,VareCampBiler,Vare- og campingbiler,1996M03,1996M03,27,
B,Bruktimporterte kjøretøy,20,Fossil,VareCampBiler,Vare- og campingbiler,1996M04,1996M04,21,
B,Bruktimporterte kjøretøy,20,Fossil,VareCampBiler,Vare- og campingbiler,1996M05,1996M05,18,
B,Bruktimporterte kjøretøy,20,Fossil,VareCampBiler,Vare- og campingbiler,1996M06,1996M06,22,
B,Bruktimporterte kjøretøy,20,Fossil,VareCampBiler,Vare- og campingbiler,1996M07,1996M07,22,
B,Bruktimporterte kjøretøy,20,Fossil,VareCampBiler,Vare- og campingbiler,1996M08,1996M08,18,
B,Bruktimporterte kjøretøy,20,Fossil,VareCampBiler,Vare- og campingbiler,1996M09,1996M09,17,
B,Bruktimporterte kjøretøy,20,Fossil,VareCampBiler,Vare- og campingbiler,1996M10,1996M10,28,
B,Bruktimporterte kjøretøy,20,Fossil,VareCampBiler,Vare- og campingbiler,1996M11,1996M11,16,
B,Bruktimporterte kjøretøy,20,Fossil,VareCampBiler,Vare- og campingbiler,1996M12,1996M12,32,
B,Bruktimporterte kjøretøy,20,Fossil,VareCampBiler,Vare- og campingbiler,1997M01,1997M01,30,
B,Bruktimporterte kjøretøy,20,Fossil,VareCampBiler,Vare- og campingbiler,1997M02,1997M02,20,
B,Bruktimporterte kjøretøy,20,Fossil,VareCampBiler,Vare- og campingbiler,1997M03,1997M03,29,
B,Bruktimporterte kjøretøy,20,Fossil,VareCampBiler,Vare- og campingbiler,1997M04,1997M04,20,
B,Bruktimporterte kjøretøy,20,Fossil,VareCampBiler,Vare- og campingbiler,1997M05,1997M05,28,
B,Bruktimporterte kjøretøy,20,Fossil,VareCampBiler,Vare- og campingbiler,1997M06,1997M06,29,
B,Bruktimporterte kjøretøy,20,Fossil,VareCampBiler,Vare- og campingbiler,1997M07,1997M07,29,
B,Bruktimporterte kjøretøy,20,Fossil,VareCampBiler,Vare- og campingbiler,1997M08,1997M08,36,
B,Bruktimporterte kjøretøy,20,Fossil,VareCampBiler,Vare- og campingbiler,1997M09,1997M09,30,
B,Bruktimporterte kjøretøy,20,Fossil,VareCampBiler,Vare- og campingbiler,1997M10,1997M10,21,
B,Bruktimporterte kjøretøy,20,Fossil,VareCampBiler,Vare- og campingbiler,1997M11,1997M11,36,
B,Bruktimporterte kjøretøy,20,Fossil,VareCampBiler,Vare- og campingbiler,1997M12,1997M12,35,
B,Bruktimporterte kjøretøy,20,Fossil,VareCampBiler,Vare- og campingbiler,1998M01,1998M01,25,
B,Bruktimporterte kjøretøy,20,Fossil,VareCampBiler,Vare- og campingbiler,1998M02,1998M02,41,
B,Bruktimporterte kjøretøy,20,Fossil,VareCampBiler,Vare- og campingbiler,1998M03,1998M03,29,
B,Bruktimporterte kjøretøy,20,Fossil,VareCampBiler,Vare- og campingbiler,1998M04,1998M04,30,
B,Bruktimporterte kjøretøy,20,Fossil,VareCampBiler,Vare- og campingbiler,1998M05,1998M05,25,
B,Bruktimporterte kjøretøy,20,Fossil,VareCampBiler,Vare- og campingbiler,1998M06,1998M06,28,
B,Bruktimporterte kjøretøy,20,Fossil,VareCampBiler,Vare- og campingbiler,1998M07,1998M07,38,
B,Bruktimporterte kjøretøy,20,Fossil,VareCampBiler,Vare- og campingbiler,1998M08,1998M08,29,
B,Bruktimporterte kjøretøy,20,Fossil,VareCampBiler,Vare- og campingbiler,1998M09,1998M09,23,
B,Bruktimporterte kjøretøy,20,Fossil,VareCampBiler,Vare- og campingbiler,1998M10,1998M10,35,
B,Bruktimporterte kjøretøy,20,Fossil,VareCampBiler,Vare- og campingbiler,1998M11,1998M11,29,
B,Bruktimporterte kjøretøy,20,Fossil,VareCampBiler,Vare- og campingbiler,1998M12,1998M12,23,
B,Bruktimporterte kjøretøy,20,Fossil,VareCampBiler,Vare- og campingbiler,1999M01,1999M01,22,
B,Bruktimporterte kjøretøy,20,Fossil,VareCampBiler,Vare- og campingbiler,1999M02,1999M02,21,
B,Bruktimporterte kjøretøy,20,Fossil,VareCampBiler,Vare- og campingbiler,1999M03,1999M03,24,
B,Bruktimporterte kjøretøy,20,Fossil,VareCampBiler,Vare- og campingbiler,1999M04,1999M04,24,
B,Bruktimporterte kjøretøy,20,Fossil,VareCampBiler,Vare- og campingbiler,1999M05,1999M05,21,
B,Bruktimporterte kjøretøy,20,Fossil,VareCampBiler,Vare- og campingbiler,1999M06,1999M06,29,
B,Bruktimporterte kjøretøy,20,Fossil,VareCampBiler,Vare- og campingbiler,1999M07,1999M07,39,
B,Bruktimporterte kjøretøy,20,Fossil,VareCampBiler,Vare- og campingbiler,1999M08,1999M08,27,
B,Bruktimporterte kjøretøy,20,Fossil,VareCampBiler,Vare- og campingbiler,1999M09,1999M09,40,
B,Bruktimporterte kjøretøy,20,Fossil,VareCampBiler,Vare- og campingbiler,1999M10,1999M10,38,
B,Bruktimporterte kjøretøy,20,Fossil,VareCampBiler,Vare- og campingbiler,1999M11,1999M11,41,
B,Bruktimporterte kjøretøy,20,Fossil,VareCampBiler,Vare- og campingbiler,1999M12,1999M12,30,
B,Bruktimporterte kjøretøy,20,Fossil,VareCampBiler,Vare- og campingbiler,2000M01,2000M01,44,
B,Bruktimporterte kjøretøy,20,Fossil,VareCampBiler,Vare- og campingbiler,2000M02,2000M02,43,
B,Bruktimporterte kjøretøy,20,Fossil,VareCampBiler,Vare- og campingbiler,2000M03,2000M03,55,
B,Bruktimporterte kjøretøy,20,Fossil,VareCampBiler,Vare- og campingbiler,2000M04,2000M04,43,
B,Bruktimporterte kjøretøy,20,Fossil,VareCampBiler,Vare- og campingbiler,2000M05,2000M05,49,
B,Bruktimporterte kjøretøy,20,Fossil,VareCampBiler,Vare- og campingbiler,2000M06,2000M06,52,
B,Bruktimporterte kjøretøy,20,Fossil,VareCampBiler,Vare- og campingbiler,2000M07,2000M07,58,
B,Bruktimporterte kjøretøy,20,Fossil,VareCampBiler,Vare- og campingbiler,2000M08,2000M08,59,
B,Bruktimporterte kjøretøy,20,Fossil,VareCampBiler,Vare- og campingbiler,2000M09,2000M09,56,
B,Bruktimporterte kjøretøy,20,Fossil,VareCampBiler,Vare- og campingbiler,2000M10,2000M10,57,
B,Bruktimporterte kjøretøy,20,Fossil,VareCampBiler,Vare- og campingbiler,2000M11,2000M11,67,
B,Bruktimporterte kjøretøy,20,Fossil,VareCampBiler,Vare- og campingbiler,2000M12,2000M12,55,
B,Bruktimporterte kjøretøy,20,Fossil,VareCampBiler,Vare- og campingbiler,2001M01,2001M01,68,
B,Bruktimporterte kjøretøy,20,Fossil,VareCampBiler,Vare- og campingbiler,2001M02,2001M02,73,
B,Bruktimporterte kjøretøy,20,Fossil,VareCampBiler,Vare- og campingbiler,2001M03,2001M03,119,
B,Bruktimporterte kjøretøy,20,Fossil,VareCampBiler,Vare- og campingbiler,2001M04,2001M04,74,
B,Bruktimporterte kjøretøy,20,Fossil,VareCampBiler,Vare- og campingbiler,2001M05,2001M05,56,
B,Bruktimporterte kjøretøy,20,Fossil,VareCampBiler,Vare- og campingbiler,2001M06,2001M06,51,
B,Bruktimporterte kjøretøy,20,Fossil,VareCampBiler,Vare- og campingbiler,2001M07,2001M07,57,
B,Bruktimporterte kjøretøy,20,Fossil,VareCampBiler,Vare- og campingbiler,2001M08,2001M08,46,
B,Bruktimporterte kjøretøy,20,Fossil,VareCampBiler,Vare- og campingbiler,2001M09,2001M09,49,
B,Bruktimporterte kjøretøy,20,Fossil,VareCampBiler,Vare- og campingbiler,2001M10,2001M10,27,
B,Bruktimporterte kjøretøy,20,Fossil,VareCampBiler,Vare- og campingbiler,2001M11,2001M11,48,
B,Bruktimporterte kjøretøy,20,Fossil,VareCampBiler,Vare- og campingbiler,2001M12,2001M12,28,
B,Bruktimporterte kjøretøy,20,Fossil,VareCampBiler,Vare- og campingbiler,2002M01,2002M01,35,
B,Bruktimporterte kjøretøy,20,Fossil,VareCampBiler,Vare- og campingbiler,2002M02,2002M02,43,
B,Bruktimporterte kjøretøy,20,Fossil,VareCampBiler,Vare- og campingbiler,2002M03,2002M03,61,
B,Bruktimporterte kjøretøy,20,Fossil,VareCampBiler,Vare- og campingbiler,2002M04,2002M04,50,
B,Bruktimporterte kjøretøy,20,Fossil,VareCampBiler,Vare- og campingbiler,2002M05,2002M05,83,
B,Bruktimporterte kjøretøy,20,Fossil,VareCampBiler,Vare- og campingbiler,2002M06,2002M06,61,
B,Bruktimporterte kjøretøy,20,Fossil,VareCampBiler,Vare- og campingbiler,2002M07,2002M07,93,
B,Bruktimporterte kjøretøy,20,Fossil,VareCampBiler,Vare- og campingbiler,2002M08,2002M08,64,
B,Bruktimporterte kjøretøy,20,Fossil,VareCampBiler,Vare- og campingbiler,2002M09,2002M09,81,
B,Bruktimporterte kjøretøy,20,Fossil,VareCampBiler,Vare- og campingbiler,2002M10,2002M10,71,
B,Bruktimporterte kjøretøy,20,Fossil,VareCampBiler,Vare- og campingbiler,2002M11,2002M11,75,
B,Bruktimporterte kjøretøy,20,Fossil,VareCampBiler,Vare- og campingbiler,2002M12,2002M12,54,
B,Bruktimporterte kjøretøy,20,Fossil,VareCampBiler,Vare- og campingbiler,2003M01,2003M01,78,
B,Bruktimporterte kjøretøy,20,Fossil,VareCampBiler,Vare- og campingbiler,2003M02,2003M02,81,
B,Bruktimporterte kjøretøy,20,Fossil,VareCampBiler,Vare- og campingbiler,2003M03,2003M03,90,
B,Bruktimporterte kjøretøy,20,Fossil,VareCampBiler,Vare- og campingbiler,2003M04,2003M04,117,
B,Bruktimporterte kjøretøy,20,Fossil,VareCampBiler,Vare- og campingbiler,2003M05,2003M05,92,
B,Bruktimporterte kjøretøy,20,Fossil,VareCampBiler,Vare- og campingbiler,2003M06,2003M06,92,
B,Bruktimporterte kjøretøy,20,Fossil,VareCampBiler,Vare- og campingbiler,2003M07,2003M07,109,
B,Bruktimporterte kjøretøy,20,Fossil,VareCampBiler,Vare- og campingbiler,2003M08,2003M08,60,
B,Bruktimporterte kjøretøy,20,Fossil,VareCampBiler,Vare- og campingbiler,2003M09,2003M09,73,
B,Bruktimporterte kjøretøy,20,Fossil,VareCampBiler,Vare- og campingbiler,2003M10,2003M10,65,
B,Bruktimporterte kjøretøy,20,Fossil,VareCampBiler,Vare- og campingbiler,2003M11,2003M11,57,
B,Bruktimporterte kjøretøy,20,Fossil,VareCampBiler,Vare- og campingbiler,2003M12,2003M12,49,
B,Bruktimporterte kjøretøy,20,Fossil,VareCampBiler,Vare- og campingbiler,2004M01,2004M01,66,
B,Bruktimporterte kjøretøy,20,Fossil,VareCampBiler,Vare- og campingbiler,2004M02,2004M02,59,
B,Bruktimporterte kjøretøy,20,Fossil,VareCampBiler,Vare- og campingbiler,2004M03,2004M03,70,
B,Bruktimporterte kjøretøy,20,Fossil,VareCampBiler,Vare- og campingbiler,2004M04,2004M04,88,
B,Bruktimporterte kjøretøy,20,Fossil,VareCampBiler,Vare- og campingbiler,2004M05,2004M05,85,
B,Bruktimporterte kjøretøy,20,Fossil,VareCampBiler,Vare- og campingbiler,2004M06,2004M06,103,
B,Bruktimporterte kjøretøy,20,Fossil,VareCampBiler,Vare- og campingbiler,2004M07,2004M07,127,
B,Bruktimporterte kjøretøy,20,Fossil,VareCampBiler,Vare- og campingbiler,2004M08,2004M08,60,
B,Bruktimporterte kjøretøy,20,Fossil,VareCampBiler,Vare- og campingbiler,2004M09,2004M09,65,
B,Bruktimporterte kjøretøy,20,Fossil,VareCampBiler,Vare- og campingbiler,2004M10,2004M10,52,
B,Bruktimporterte kjøretøy,20,Fossil,VareCampBiler,Vare- og campingbiler,2004M11,2004M11,72,
B,Bruktimporterte kjøretøy,20,Fossil,VareCampBiler,Vare- og campingbiler,2004M12,2004M12,64,
B,Bruktimporterte kjøretøy,20,Fossil,VareCampBiler,Vare- og campingbiler,2005M01,2005M01,6,
B,Bruktimporterte kjøretøy,20,Fossil,VareCampBiler,Vare- og campingbiler,2005M02,2005M02,6,
B,Bruktimporterte kjøretøy,20,Fossil,VareCampBiler,Vare- og campingbiler,2005M03,2005M03,3,
B,Bruktimporterte kjøretøy,20,Fossil,VareCampBiler,Vare- og campingbiler,2005M04,2005M04,6,
B,Bruktimporterte kjøretøy,20,Fossil,VareCampBiler,Vare- og campingbiler,2005M05,2005M05,158,
B,Bruktimporterte kjøretøy,20,Fossil,VareCampBiler,Vare- og campingbiler,2005M06,2005M06,164,
B,Bruktimporterte kjøretøy,20,Fossil,VareCampBiler,Vare- og campingbiler,2005M07,2005M07,211,
B,Bruktimporterte kjøretøy,20,Fossil,VareCampBiler,Vare- og campingbiler,2005M08,2005M08,170,
B,Bruktimporterte kjøretøy,20,Fossil,VareCampBiler,Vare- og campingbiler,2005M09,2005M09,162,
B,Bruktimporterte kjøretøy,20,Fossil,VareCampBiler,Vare- og campingbiler,2005M10,2005M10,183,
B,Bruktimporterte kjøretøy,20,Fossil,VareCampBiler,Vare- og campingbiler,2005M11,2005M11,196,
B,Bruktimporterte kjøretøy,20,Fossil,VareCampBiler,Vare- og campingbiler,2005M12,2005M12,162,
B,Bruktimporterte kjøretøy,20,Fossil,VareCampBiler,Vare- og campingbiler,2006M01,2006M01,162,
B,Bruktimporterte kjøretøy,20,Fossil,VareCampBiler,Vare- og campingbiler,2006M02,2006M02,176,
B,Bruktimporterte kjøretøy,20,Fossil,VareCampBiler,Vare- og campingbiler,2006M03,2006M03,228,
B,Bruktimporterte kjøretøy,20,Fossil,VareCampBiler,Vare- og campingbiler,2006M04,2006M04,155,
B,Bruktimporterte kjøretøy,20,Fossil,VareCampBiler,Vare- og campingbiler,2006M05,2006M05,241,
B,Bruktimporterte kjøretøy,20,Fossil,VareCampBiler,Vare- og campingbiler,2006M06,2006M06,254,
B,Bruktimporterte kjøretøy,20,Fossil,VareCampBiler,Vare- og campingbiler,2006M07,2006M07,229,
B,Bruktimporterte kjøretøy,20,Fossil,VareCampBiler,Vare- og campingbiler,2006M08,2006M08,194,
B,Bruktimporterte kjøretøy,20,Fossil,VareCampBiler,Vare- og campingbiler,2006M09,2006M09,179,
B,Bruktimporterte kjøretøy,20,Fossil,VareCampBiler,Vare- og campingbiler,2006M10,2006M10,169,
B,Bruktimporterte kjøretøy,20,Fossil,VareCampBiler,Vare- og campingbiler,2006M11,2006M11,234,
B,Bruktimporterte kjøretøy,20,Fossil,VareCampBiler,Vare- og campingbiler,2006M12,2006M12,384,
B,Bruktimporterte kjøretøy,20,Fossil,VareCampBiler,Vare- og campingbiler,2007M01,2007M01,82,
B,Bruktimporterte kjøretøy,20,Fossil,VareCampBiler,Vare- og campingbiler,2007M02,2007M02,103,
B,Bruktimporterte kjøretøy,20,Fossil,VareCampBiler,Vare- og campingbiler,2007M03,2007M03,119,
B,Bruktimporterte kjøretøy,20,Fossil,VareCampBiler,Vare- og campingbiler,2007M04,2007M04,125,
B,Bruktimporterte kjøretøy,20,Fossil,VareCampBiler,Vare- og campingbiler,2007M05,2007M05,157,
B,Bruktimporterte kjøretøy,20,Fossil,VareCampBiler,Vare- og campingbiler,2007M06,2007M06,151,
B,Bruktimporterte kjøretøy,20,Fossil,VareCampBiler,Vare- og campingbiler,2007M07,2007M07,144,
B,Bruktimporterte kjøretøy,20,Fossil,VareCampBiler,Vare- og campingbiler,2007M08,2007M08,144,
B,Bruktimporterte kjøretøy,20,Fossil,VareCampBiler,Vare- og campingbiler,2007M09,2007M09,151,
B,Bruktimporterte kjøretøy,20,Fossil,VareCampBiler,Vare- og campingbiler,2007M10,2007M10,170,
B,Bruktimporterte kjøretøy,20,Fossil,VareCampBiler,Vare- og campingbiler,2007M11,2007M11,146,
B,Bruktimporterte kjøretøy,20,Fossil,VareCampBiler,Vare- og campingbiler,2007M12,2007M12,175,
B,Bruktimporterte kjøretøy,20,Fossil,VareCampBiler,Vare- og campingbiler,2008M01,2008M01,118,
B,Bruktimporterte kjøretøy,20,Fossil,VareCampBiler,Vare- og campingbiler,2008M02,2008M02,130,
B,Bruktimporterte kjøretøy,20,Fossil,VareCampBiler,Vare- og campingbiler,2008M03,2008M03,151,
B,Bruktimporterte kjøretøy,20,Fossil,VareCampBiler,Vare- og campingbiler,2008M04,2008M04,147,
B,Bruktimporterte kjøretøy,20,Fossil,VareCampBiler,Vare- og campingbiler,2008M05,2008M05,177,
B,Bruktimporterte kjøretøy,20,Fossil,VareCampBiler,Vare- og campingbiler,2008M06,2008M06,157,
B,Bruktimporterte kjøretøy,20,Fossil,VareCampBiler,Vare- og campingbiler,2008M07,2008M07,155,
B,Bruktimporterte kjøretøy,20,Fossil,VareCampBiler,Vare- og campingbiler,2008M08,2008M08,116,
B,Bruktimporterte kjøretøy,20,Fossil,VareCampBiler,Vare- og campingbiler,2008M09,2008M09,124,
B,Bruktimporterte kjøretøy,20,Fossil,VareCampBiler,Vare- og campingbiler,2008M10,2008M10,117,
B,Bruktimporterte kjøretøy,20,Fossil,VareCampBiler,Vare- og campingbiler,2008M11,2008M11,91,
B,Bruktimporterte kjøretøy,20,Fossil,VareCampBiler,Vare- og campingbiler,2008M12,2008M12,79,
B,Bruktimporterte kjøretøy,20,Fossil,VareCampBiler,Vare- og campingbiler,2009M01,2009M01,52,
B,Bruktimporterte kjøretøy,20,Fossil,VareCampBiler,Vare- og campingbiler,2009M02,2009M02,63,
B,Bruktimporterte kjøretøy,20,Fossil,VareCampBiler,Vare- og campingbiler,2009M03,2009M03,84,
B,Bruktimporterte kjøretøy,20,Fossil,VareCampBiler,Vare- og campingbiler,2009M04,2009M04,80,
B,Bruktimporterte kjøretøy,20,Fossil,VareCampBiler,Vare- og campingbiler,2009M05,2009M05,119,
B,Bruktimporterte kjøretøy,20,Fossil,VareCampBiler,Vare- og campingbiler,2009M06,2009M06,106,
B,Bruktimporterte kjøretøy,20,Fossil,VareCampBiler,Vare- og campingbiler,2009M07,2009M07,134,
B,Bruktimporterte kjøretøy,20,Fossil,VareCampBiler,Vare- og campingbiler,2009M08,2009M08,75,
B,Bruktimporterte kjøretøy,20,Fossil,VareCampBiler,Vare- og campingbiler,2009M09,2009M09,100,
B,Bruktimporterte kjøretøy,20,Fossil,VareCampBiler,Vare- og campingbiler,2009M10,2009M10,121,
B,Bruktimporterte kjøretøy,20,Fossil,VareCampBiler,Vare- og campingbiler,2009M11,2009M11,129,
B,Bruktimporterte kjøretøy,20,Fossil,VareCampBiler,Vare- og campingbiler,2009M12,2009M12,109,
B,Bruktimporterte kjøretøy,20,Fossil,VareCampBiler,Vare- og campingbiler,2010M01,2010M01,71,
B,Bruktimporterte kjøretøy,20,Fossil,VareCampBiler,Vare- og campingbiler,2010M02,2010M02,74,
B,Bruktimporterte kjøretøy,20,Fossil,VareCampBiler,Vare- og campingbiler,2010M03,2010M03,121,
B,Bruktimporterte kjøretøy,20,Fossil,VareCampBiler,Vare- og campingbiler,2010M04,2010M04,126,
B,Bruktimporterte kjøretøy,20,Fossil,VareCampBiler,Vare- og campingbiler,2010M05,2010M05,129,
B,Bruktimporterte kjøretøy,20,Fossil,VareCampBiler,Vare- og campingbiler,2010M06,2010M06,162,
B,Bruktimporterte kjøretøy,20,Fossil,VareCampBiler,Vare- og campingbiler,2010M07,2010M07,149,
B,Bruktimporterte kjøretøy,20,Fossil,VareCampBiler,Vare- og campingbiler,2010M08,2010M08,97,
B,Bruktimporterte kjøretøy,20,Fossil,VareCampBiler,Vare- og campingbiler,2010M09,2010M09,117,
B,Bruktimporterte kjøretøy,20,Fossil,VareCampBiler,Vare- og campingbiler,2010M10,2010M10,106,
B,Bruktimporterte kjøretøy,20,Fossil,VareCampBiler,Vare- og campingbiler,2010M11,2010M11,111,
B,Bruktimporterte kjøretøy,20,Fossil,VareCampBiler,Vare- og campingbiler,2010M12,2010M12,101,
B,Bruktimporterte kjøretøy,20,Fossil,VareCampBiler,Vare- og campingbiler,2011M01,2011M01,91,
B,Bruktimporterte kjøretøy,20,Fossil,VareCampBiler,Vare- og campingbiler,2011M02,2011M02,93,
B,Bruktimporterte kjøretøy,20,Fossil,VareCampBiler,Vare- og campingbiler,2011M03,2011M03,162,
B,Bruktimporterte kjøretøy,20,Fossil,VareCampBiler,Vare- og campingbiler,2011M04,2011M04,133,
B,Bruktimporterte kjøretøy,20,Fossil,VareCampBiler,Vare- og campingbiler,2011M05,2011M05,135,
B,Bruktimporterte kjøretøy,20,Fossil,VareCampBiler,Vare- og campingbiler,2011M06,2011M06,136,
B,Bruktimporterte kjøretøy,20,Fossil,VareCampBiler,Vare- og campingbiler,2011M07,2011M07,140,
B,Bruktimporterte kjøretøy,20,Fossil,VareCampBiler,Vare- og campingbiler,2011M08,2011M08,125,
B,Bruktimporterte kjøretøy,20,Fossil,VareCampBiler,Vare- og campingbiler,2011M09,2011M09,148,
B,Bruktimporterte kjøretøy,20,Fossil,VareCampBiler,Vare- og campingbiler,2011M10,2011M10,129,
B,Bruktimporterte kjøretøy,20,Fossil,VareCampBiler,Vare- og campingbiler,2011M11,2011M11,135,
B,Bruktimporterte kjøretøy,20,Fossil,VareCampBiler,Vare- og campingbiler,2011M12,2011M12,128,
B,Bruktimporterte kjøretøy,20,Fossil,VareCampBiler,Vare- og campingbiler,2012M01,2012M01,108,
B,Bruktimporterte kjøretøy,20,Fossil,VareCampBiler,Vare- og campingbiler,2012M02,2012M02,118,
B,Bruktimporterte kjøretøy,20,Fossil,VareCampBiler,Vare- og campingbiler,2012M03,2012M03,150,
B,Bruktimporterte kjøretøy,20,Fossil,VareCampBiler,Vare- og campingbiler,2012M04,2012M04,135,
B,Bruktimporterte kjøretøy,20,Fossil,VareCampBiler,Vare- og campingbiler,2012M05,2012M05,164,
B,Bruktimporterte kjøretøy,20,Fossil,VareCampBiler,Vare- og campingbiler,2012M06,2012M06,190,
B,Bruktimporterte kjøretøy,20,Fossil,VareCampBiler,Vare- og campingbiler,2012M07,2012M07,163,
B,Bruktimporterte kjøretøy,20,Fossil,VareCampBiler,Vare- og campingbiler,2012M08,2012M08,151,
B,Bruktimporterte kjøretøy,20,Fossil,VareCampBiler,Vare- og campingbiler,2012M09,2012M09,160,
B,Bruktimporterte kjøretøy,20,Fossil,VareCampBiler,Vare- og campingbiler,2012M10,2012M10,182,
B,Bruktimporterte kjøretøy,20,Fossil,VareCampBiler,Vare- og campingbiler,2012M11,2012M11,183,
B,Bruktimporterte kjøretøy,20,Fossil,VareCampBiler,Vare- og campingbiler,2012M12,2012M12,157,
B,Bruktimporterte kjøretøy,20,Fossil,VareCampBiler,Vare- og campingbiler,2013M01,2013M01,138,
B,Bruktimporterte kjøretøy,20,Fossil,VareCampBiler,Vare- og campingbiler,2013M02,2013M02,176,
B,Bruktimporterte kjøretøy,20,Fossil,VareCampBiler,Vare- og campingbiler,2013M03,2013M03,205,
B,Bruktimporterte kjøretøy,20,Fossil,VareCampBiler,Vare- og campingbiler,2013M04,2013M04,284,
B,Bruktimporterte kjøretøy,20,Fossil,VareCampBiler,Vare- og campingbiler,2013M05,2013M05,217,
B,Bruktimporterte kjøretøy,20,Fossil,VareCampBiler,Vare- og campingbiler,2013M06,2013M06,197,
B,Bruktimporterte kjøretøy,20,Fossil,VareCampBiler,Vare- og campingbiler,2013M07,2013M07,186,
B,Bruktimporterte kjøretøy,20,Fossil,VareCampBiler,Vare- og campingbiler,2013M08,2013M08,156,
B,Bruktimporterte kjøretøy,20,Fossil,VareCampBiler,Vare- og campingbiler,2013M09,2013M09,165,
B,Bruktimporterte kjøretøy,20,Fossil,VareCampBiler,Vare- og campingbiler,2013M10,2013M10,149,
B,Bruktimporterte kjøretøy,20,Fossil,VareCampBiler,Vare- og campingbiler,2013M11,2013M11,147,
B,Bruktimporterte kjøretøy,20,Fossil,VareCampBiler,Vare- og campingbiler,2013M12,2013M12,168,
B,Bruktimporterte kjøretøy,20,Fossil,VareCampBiler,Vare- og campingbiler,2014M01,2014M01,90,
B,Bruktimporterte kjøretøy,20,Fossil,VareCampBiler,Vare- og campingbiler,2014M02,2014M02,93,
B,Bruktimporterte kjøretøy,20,Fossil,VareCampBiler,Vare- og campingbiler,2014M03,2014M03,142,
B,Bruktimporterte kjøretøy,20,Fossil,VareCampBiler,Vare- og campingbiler,2014M04,2014M04,146,
B,Bruktimporterte kjøretøy,20,Fossil,VareCampBiler,Vare- og campingbiler,2014M05,2014M05,147,
B,Bruktimporterte kjøretøy,20,Fossil,VareCampBiler,Vare- og campingbiler,2014M06,2014M06,176,
B,Bruktimporterte kjøretøy,20,Fossil,VareCampBiler,Vare- og campingbiler,2014M07,2014M07,175,
B,Bruktimporterte kjøretøy,20,Fossil,VareCampBiler,Vare- og campingbiler,2014M08,2014M08,162,
B,Bruktimporterte kjøretøy,20,Fossil,VareCampBiler,Vare- og campingbiler,2014M09,2014M09,171,
B,Bruktimporterte kjøretøy,20,Fossil,VareCampBiler,Vare- og campingbiler,2014M10,2014M10,158,
B,Bruktimporterte kjøretøy,20,Fossil,VareCampBiler,Vare- og campingbiler,2014M11,2014M11,144,
B,Bruktimporterte kjøretøy,20,Fossil,VareCampBiler,Vare- og campingbiler,2014M12,2014M12,127,
B,Bruktimporterte kjøretøy,20,Fossil,VareCampBiler,Vare- og campingbiler,2015M01,2015M01,97,
B,Bruktimporterte kjøretøy,20,Fossil,VareCampBiler,Vare- og campingbiler,2015M02,2015M02,109,
B,Bruktimporterte kjøretøy,20,Fossil,VareCampBiler,Vare- og campingbiler,2015M03,2015M03,166,
B,Bruktimporterte kjøretøy,20,Fossil,VareCampBiler,Vare- og campingbiler,2015M04,2015M04,154,
B,Bruktimporterte kjøretøy,20,Fossil,VareCampBiler,Vare- og campingbiler,2015M05,2015M05,197,
B,Bruktimporterte kjøretøy,20,Fossil,VareCampBiler,Vare- og campingbiler,2015M06,2015M06,152,
B,Bruktimporterte kjøretøy,20,Fossil,VareCampBiler,Vare- og campingbiler,2015M07,2015M07,180,
B,Bruktimporterte kjøretøy,20,Fossil,VareCampBiler,Vare- og campingbiler,2015M08,2015M08,159,
B,Bruktimporterte kjøretøy,20,Fossil,VareCampBiler,Vare- og campingbiler,2015M09,2015M09,142,
B,Bruktimporterte kjøretøy,20,Fossil,VareCampBiler,Vare- og campingbiler,2015M10,2015M10,129,
B,Bruktimporterte kjøretøy,20,Fossil,VareCampBiler,Vare- og campingbiler,2015M11,2015M11,109,
B,Bruktimporterte kjøretøy,20,Fossil,VareCampBiler,Vare- og campingbiler,2015M12,2015M12,119,
B,Bruktimporterte kjøretøy,20,Fossil,VareCampBiler,Vare- og campingbiler,2016M01,2016M01,85,
B,Bruktimporterte kjøretøy,20,Fossil,VareCampBiler,Vare- og campingbiler,2016M02,2016M02,98,
B,Bruktimporterte kjøretøy,20,Fossil,VareCampBiler,Vare- og campingbiler,2016M03,2016M03,108,
B,Bruktimporterte kjøretøy,20,Fossil,VareCampBiler,Vare- og campingbiler,2016M04,2016M04,137,
B,Bruktimporterte kjøretøy,20,Fossil,VareCampBiler,Vare- og campingbiler,2016M05,2016M05,138,
B,Bruktimporterte kjøretøy,20,Fossil,VareCampBiler,Vare- og campingbiler,2016M06,2016M06,165,
B,Bruktimporterte kjøretøy,20,Fossil,VareCampBiler,Vare- og campingbiler,2016M07,2016M07,131,
B,Bruktimporterte kjøretøy,20,Fossil,VareCampBiler,Vare- og campingbiler,2016M08,2016M08,125,
B,Bruktimporterte kjøretøy,20,Fossil,VareCampBiler,Vare- og campingbiler,2016M09,2016M09,124,
B,Bruktimporterte kjøretøy,20,Fossil,VareCampBiler,Vare- og campingbiler,2016M10,2016M10,123,
B,Bruktimporterte kjøretøy,20,Fossil,VareCampBiler,Vare- og campingbiler,2016M11,2016M11,132,
B,Bruktimporterte kjøretøy,20,Fossil,VareCampBiler,Vare- og campingbiler,2016M12,2016M12,199,
B,Bruktimporterte kjøretøy,20,Fossil,VareCampBiler,Vare- og campingbiler,2017M01,2017M01,80,
B,Bruktimporterte kjøretøy,20,Fossil,VareCampBiler,Vare- og campingbiler,2017M02,2017M02,92,
B,Bruktimporterte kjøretøy,20,Fossil,VareCampBiler,Vare- og campingbiler,2017M03,2017M03,129,
B,Bruktimporterte kjøretøy,20,Fossil,VareCampBiler,Vare- og campingbiler,2017M04,2017M04,123,
B,Bruktimporterte kjøretøy,20,Fossil,VareCampBiler,Vare- og campingbiler,2017M05,2017M05,141,
B,Bruktimporterte kjøretøy,20,Fossil,VareCampBiler,Vare- og campingbiler,2017M06,2017M06,163,
B,Bruktimporterte kjøretøy,20,Fossil,VareCampBiler,Vare- og campingbiler,2017M07,2017M07,133,
B,Bruktimporterte kjøretøy,20,Fossil,VareCampBiler,Vare- og campingbiler,2017M08,2017M08,116,
B,Bruktimporterte kjøretøy,20,Fossil,VareCampBiler,Vare- og campingbiler,2017M09,2017M09,98,
B,Bruktimporterte kjøretøy,20,Fossil,VareCampBiler,Vare- og campingbiler,2017M10,2017M10,117,
B,Bruktimporterte kjøretøy,20,Fossil,VareCampBiler,Vare- og campingbiler,2017M11,2017M11,83,
B,Bruktimporterte kjøretøy,20,Fossil,VareCampBiler,Vare- og campingbiler,2017M12,2017M12,113,
B,Bruktimporterte kjøretøy,20,Fossil,VareCampBiler,Vare- og campingbiler,2018M01,2018M01,75,
B,Bruktimporterte kjøretøy,20,Fossil,VareCampBiler,Vare- og campingbiler,2018M02,2018M02,89,
B,Bruktimporterte kjøretøy,20,Fossil,VareCampBiler,Vare- og campingbiler,2018M03,2018M03,107,
B,Bruktimporterte kjøretøy,20,Fossil,VareCampBiler,Vare- og campingbiler,2018M04,2018M04,126,
B,Bruktimporterte kjøretøy,20,Fossil,VareCampBiler,Vare- og campingbiler,2018M05,2018M05,162,
B,Bruktimporterte kjøretøy,20,Fossil,VareCampBiler,Vare- og campingbiler,2018M06,2018M06,163,
B,Bruktimporterte kjøretøy,20,Fossil,VareCampBiler,Vare- og campingbiler,2018M07,2018M07,107,
B,Bruktimporterte kjøretøy,20,Fossil,VareCampBiler,Vare- og campingbiler,2018M08,2018M08,138,
B,Bruktimporterte kjøretøy,20,Fossil,VareCampBiler,Vare- og campingbiler,2018M09,2018M09,112,
B,Bruktimporterte kjøretøy,20,Fossil,VareCampBiler,Vare- og campingbiler,2018M10,2018M10,106,
B,Bruktimporterte kjøretøy,20,Fossil,VareCampBiler,Vare- og campingbiler,2018M11,2018M11,119,
B,Bruktimporterte kjøretøy,20,Fossil,VareCampBiler,Vare- og campingbiler,2018M12,2018M12,81,
B,Bruktimporterte kjøretøy,20,Fossil,VareCampBiler,Vare- og campingbiler,2019M01,2019M01,88,
B,Bruktimporterte kjøretøy,20,Fossil,VareCampBiler,Vare- og campingbiler,2019M02,2019M02,97,
B,Bruktimporterte kjøretøy,20,Fossil,VareCampBiler,Vare- og campingbiler,2019M03,2019M03,115,
B,Bruktimporterte kjøretøy,20,Fossil,VareCampBiler,Vare- og campingbiler,2019M04,2019M04,107,
B,Bruktimporterte kjøretøy,20,Fossil,VareCampBiler,Vare- og campingbiler,2019M05,2019M05,148,
B,Bruktimporterte kjøretøy,20,Fossil,VareCampBiler,Vare- og campingbiler,2019M06,2019M06,124,
B,Bruktimporterte kjøretøy,20,Fossil,VareCampBiler,Vare- og campingbiler,2019M07,2019M07,113,
B,Bruktimporterte kjøretøy,20,Fossil,VareCampBiler,Vare- og campingbiler,2019M08,2019M08,104,
B,Bruktimporterte kjøretøy,20,Fossil,VareCampBiler,Vare- og campingbiler,2019M09,2019M09,104,
B,Bruktimporterte kjøretøy,20,Fossil,VareCampBiler,Vare- og campingbiler,2019M10,2019M10,95,
B,Bruktimporterte kjøretøy,20,Fossil,VareCampBiler,Vare- og campingbiler,2019M11,2019M11,94,
B,Bruktimporterte kjøretøy,20,Fossil,VareCampBiler,Vare- og campingbiler,2019M12,2019M12,72,
B,Bruktimporterte kjøretøy,20,Fossil,VareCampBiler,Vare- og campingbiler,2020M01,2020M01,63,
B,Bruktimporterte kjøretøy,20,Fossil,VareCampBiler,Vare- og campingbiler,2020M02,2020M02,73,
B,Bruktimporterte kjøretøy,20,Fossil,VareCampBiler,Vare- og campingbiler,2020M03,2020M03,59,
B,Bruktimporterte kjøretøy,20,Fossil,VareCampBiler,Vare- og campingbiler,2020M04,2020M04,54,
B,Bruktimporterte kjøretøy,20,Fossil,VareCampBiler,Vare- og campingbiler,2020M05,2020M05,109,
B,Bruktimporterte kjøretøy,20,Fossil,VareCampBiler,Vare- og campingbiler,2020M06,2020M06,120,
B,Bruktimporterte kjøretøy,20,Fossil,VareCampBiler,Vare- og campingbiler,2020M07,2020M07,107,
B,Bruktimporterte kjøretøy,20,Fossil,VareCampBiler,Vare- og campingbiler,2020M08,2020M08,86,
B,Bruktimporterte kjøretøy,20,Fossil,VareCampBiler,Vare- og campingbiler,2020M09,2020M09,98,
B,Bruktimporterte kjøretøy,20,Fossil,VareCampBiler,Vare- og campingbiler,2020M10,2020M10,91,
B,Bruktimporterte kjøretøy,20,Fossil,VareCampBiler,Vare- og campingbiler,2020M11,2020M11,96,
B,Bruktimporterte kjøretøy,20,Fossil,VareCampBiler,Vare- og campingbiler,2020M12,2020M12,96,
B,Bruktimporterte kjøretøy,20,Fossil,VareCampBiler,Vare- og campingbiler,2021M01,2021M01,70,
B,Bruktimporterte kjøretøy,20,Fossil,VareCampBiler,Vare- og campingbiler,2021M02,2021M02,92,
B,Bruktimporterte kjøretøy,20,Fossil,VareCampBiler,Vare- og campingbiler,2021M03,2021M03,117,
B,Bruktimporterte kjøretøy,20,Fossil,VareCampBiler,Vare- og campingbiler,2021M04,2021M04,95,
B,Bruktimporterte kjøretøy,20,Fossil,VareCampBiler,Vare- og campingbiler,2021M05,2021M05,106,
B,Bruktimporterte kjøretøy,20,Fossil,VareCampBiler,Vare- og campingbiler,2021M06,2021M06,126,
B,Bruktimporterte kjøretøy,20,Fossil,VareCampBiler,Vare- og campingbiler,2021M07,2021M07,107,
B,Bruktimporterte kjøretøy,20,Fossil,VareCampBiler,Vare- og campingbiler,2021M08,2021M08,98,
B,Bruktimporterte kjøretøy,20,Fossil,VareCampBiler,Vare- og campingbiler,2021M09,2021M09,120,
B,Bruktimporterte kjøretøy,20,Fossil,VareCampBiler,Vare- og campingbiler,2021M10,2021M10,84,
B,Bruktimporterte kjøretøy,20,Fossil,VareCampBiler,Vare- og campingbiler,2021M11,2021M11,93,
B,Bruktimporterte kjøretøy,20,Fossil,VareCampBiler,Vare- og campingbiler,2021M12,2021M12,126,
B,Bruktimporterte kjøretøy,20,Fossil,VareCampBiler,Vare- og campingbiler,2022M01,2022M01,59,
B,Bruktimporterte kjøretøy,20,Fossil,VareCampBiler,Vare- og campingbiler,2022M02,2022M02,66,
B,Bruktimporterte kjøretøy,20,Fossil,VareCampBiler,Vare- og campingbiler,2022M03,2022M03,78,
B,Bruktimporterte kjøretøy,20,Fossil,VareCampBiler,Vare- og campingbiler,2022M04,2022M04,83,
B,Bruktimporterte kjøretøy,20,Fossil,VareCampBiler,Vare- og campingbiler,2022M05,2022M05,103,
B,Bruktimporterte kjøretøy,20,Fossil,VareCampBiler,Vare- og campingbiler,2022M06,2022M06,108,
B,Bruktimporterte kjøretøy,20,Fossil,VareCampBiler,Vare- og campingbiler,2022M07,2022M07,73,
B,Bruktimporterte kjøretøy,20,Fossil,VareCampBiler,Vare- og campingbiler,2022M08,2022M08,90,
B,Bruktimporterte kjøretøy,20,Fossil,VareCampBiler,Vare- og campingbiler,2022M09,2022M09,83,
B,Bruktimporterte kjøretøy,20,Fossil,VareCampBiler,Vare- og campingbiler,2022M10,2022M10,75,
B,Bruktimporterte kjøretøy,20,Fossil,VareCampBiler,Vare- og campingbiler,2022M11,2022M11,76,
B,Bruktimporterte kjøretøy,20,Fossil,VareCampBiler,Vare- og campingbiler,2022M12,2022M12,116,
B,Bruktimporterte kjøretøy,20,Fossil,VareCampBiler,Vare- og campingbiler,2023M01,2023M01,38,
B,Bruktimporterte kjøretøy,20,Fossil,VareCampBiler,Vare- og campingbiler,2023M02,2023M02,36,
B,Bruktimporterte kjøretøy,20,Fossil,VareCampBiler,Vare- og campingbiler,2023M03,2023M03,81,
B,Bruktimporterte kjøretøy,20,Fossil,VareCampBiler,Vare- og campingbiler,2023M04,2023M04,64,
B,Bruktimporterte kjøretøy,20,Fossil,VareCampBiler,Vare- og campingbiler,2023M05,2023M05,81,
B,Bruktimporterte kjøretøy,20,Fossil,VareCampBiler,Vare- og campingbiler,2023M06,2023M06,133,
B,Bruktimporterte kjøretøy,20,Fossil,VareCampBiler,Vare- og campingbiler,2023M07,2023M07,29,
B,Bruktimporterte kjøretøy,20,Fossil,VareCampBiler,Vare- og campingbiler,2023M08,2023M08,46,
B,Bruktimporterte kjøretøy,20,Fossil,VareCampBiler,Vare- og campingbiler,2023M09,2023M09,57,
B,Bruktimporterte kjøretøy,20,Fossil,VareCampBiler,Vare- og campingbiler,2023M10,2023M10,32,
B,Bruktimporterte kjøretøy,20,Fossil,VareCampBiler,Vare- og campingbiler,2023M11,2023M11,49,
B,Bruktimporterte kjøretøy,20,Fossil,VareCampBiler,Vare- og campingbiler,2023M12,2023M12,45,
B,Bruktimporterte kjøretøy,20,Fossil,VareCampBiler,Vare- og campingbiler,2024M01,2024M01,47,
B,Bruktimporterte kjøretøy,20,Fossil,VareCampBiler,Vare- og campingbiler,2024M02,2024M02,63,
B,Bruktimporterte kjøretøy,20,Fossil,VareCampBiler,Vare- og campingbiler,2024M03,2024M03,38,
B,Bruktimporterte kjøretøy,20,Fossil,VareCampBiler,Vare- og campingbiler,2024M04,2024M04,67,
B,Bruktimporterte kjøretøy,20,Fossil,VareCampBiler,Vare- og campingbiler,2024M05,2024M05,46,
B,Bruktimporterte kjøretøy,20,Fossil,VareCampBiler,Vare- og campingbiler,2024M06,2024M06,51,
B,Bruktimporterte kjøretøy,20,Fossil,VareCampBiler,Vare- og campingbiler,2024M07,2024M07,57,
B,Bruktimporterte kjøretøy,20,Fossil,VareCampBiler,Vare- og campingbiler,2024M08,2024M08,67,
B,Bruktimporterte kjøretøy,20,Fossil,VareCampBiler,Vare- og campingbiler,2024M09,2024M09,60,
B,Bruktimporterte kjøretøy,20,Fossil,VareCampBiler,Vare- og campingbiler,2024M10,2024M10,63,
B,Bruktimporterte kjøretøy,20,Fossil,VareCampBiler,Vare- og campingbiler,2024M11,2024M11,38,
B,Bruktimporterte kjøretøy,20,Fossil,VareCampBiler,Vare- og campingbiler,2024M12,2024M12,43,
B,Bruktimporterte kjøretøy,20,Fossil,VareCampBiler,Vare- og campingbiler,2025M01,2025M01,43,
B,Bruktimporterte kjøretøy,20,Fossil,VareCampBiler,Vare- og campingbiler,2025M02,2025M02,37,
B,Bruktimporterte kjøretøy,20,Fossil,VareCampBiler,Vare- og campingbiler,2025M03,2025M03,60,
B,Bruktimporterte kjøretøy,20,Fossil,VareCampBiler,Vare- og campingbiler,2025M04,2025M04,48,
B,Bruktimporterte kjøretøy,20,Fossil,VareCampBiler,Vare- og campingbiler,2025M05,2025M05,60,
B,Bruktimporterte kjøretøy,20,Fossil,VareCampBiler,Vare- og campingbiler,2025M06,2025M06,157,
B,Bruktimporterte kjøretøy,20,Fossil,VareCampBiler,Vare- og campingbiler,2025M07,2025M07,77,
B,Bruktimporterte kjøretøy,20,Fossil,VareCampBiler,Vare- og campingbiler,2025M08,2025M08,54,
B,Bruktimporterte kjøretøy,20,Fossil,VareCampBiler,Vare- og campingbiler,2025M09,2025M09,67,
B,Bruktimporterte kjøretøy,20,Fossil,VareCampBiler,Vare- og campingbiler,2025M10,2025M10,78,
B,Bruktimporterte kjøretøy,20,Fossil,VareCampBiler,Vare- og campingbiler,2025M11,2025M11,51,
B,Bruktimporterte kjøretøy,20,Fossil,VareCampBiler,Vare- og campingbiler,2025M12,2025M12,86,
B,Bruktimporterte kjøretøy,20,Fossil,VareCampBiler,Vare- og campingbiler,2026M01,2026M01,57,
B,Bruktimporterte kjøretøy,20,Fossil,VareCampBiler,Vare- og campingbiler,2026M02,2026M02,52,
B,Bruktimporterte kjøretøy,20,Fossil,VareCampBiler,Vare- og campingbiler,2026M03,2026M03,55,
B,Bruktimporterte kjøretøy,20,Fossil,VareCampBiler,Vare- og campingbiler,2026M04,2026M04,63,
B,Bruktimporterte kjøretøy,20,Fossil,VareCampBiler,Vare- og campingbiler,2026M05,2026M05,87,
B,Bruktimporterte kjøretøy,20,Fossil,VareCampBiler,Vare- og campingbiler,2026M06,2026M06,86,
B,Bruktimporterte kjøretøy,20,Fossil,VareCampBiler,Vare- og campingbiler,2026M07,2026M07,154,
B,Bruktimporterte kjøretøy,21,Hybrid,Personbiler,Personbiler,1995M01,1995M01,0,
B,Bruktimporterte kjøretøy,21,Hybrid,Personbiler,Personbiler,1995M02,1995M02,0,
B,Bruktimporterte kjøretøy,21,Hybrid,Personbiler,Personbiler,1995M03,1995M03,0,
B,Bruktimporterte kjøretøy,21,Hybrid,Personbiler,Personbiler,1995M04,1995M04,0,
B,Bruktimporterte kjøretøy,21,Hybrid,Personbiler,Personbiler,1995M05,1995M05,0,
B,Bruktimporterte kjøretøy,21,Hybrid,Personbiler,Personbiler,1995M06,1995M06,0,
B,Bruktimporterte kjøretøy,21,Hybrid,Personbiler,Personbiler,1995M07,1995M07,0,
B,Bruktimporterte kjøretøy,21,Hybrid,Personbiler,Personbiler,1995M08,1995M08,0,
B,Bruktimporterte kjøretøy,21,Hybrid,Personbiler,Personbiler,1995M09,1995M09,0,
B,Bruktimporterte kjøretøy,21,Hybrid,Personbiler,Personbiler,1995M10,1995M10,0,
B,Bruktimporterte kjøretøy,21,Hybrid,Personbiler,Personbiler,1995M11,1995M11,0,
B,Bruktimporterte kjøretøy,21,Hybrid,Personbiler,Personbiler,1995M12,1995M12,0,
B,Bruktimporterte kjøretøy,21,Hybrid,Personbiler,Personbiler,1996M01,1996M01,0,
B,Bruktimporterte kjøretøy,21,Hybrid,Personbiler,Personbiler,1996M02,1996M02,0,
B,Bruktimporterte kjøretøy,21,Hybrid,Personbiler,Personbiler,1996M03,1996M03,0,
B,Bruktimporterte kjøretøy,21,Hybrid,Personbiler,Personbiler,1996M04,1996M04,0,
B,Bruktimporterte kjøretøy,21,Hybrid,Personbiler,Personbiler,1996M05,1996M05,0,
B,Bruktimporterte kjøretøy,21,Hybrid,Personbiler,Personbiler,1996M06,1996M06,0,
B,Bruktimporterte kjøretøy,21,Hybrid,Personbiler,Personbiler,1996M07,1996M07,0,
B,Bruktimporterte kjøretøy,21,Hybrid,Personbiler,Personbiler,1996M08,1996M08,0,
B,Bruktimporterte kjøretøy,21,Hybrid,Personbiler,Personbiler,1996M09,1996M09,0,
B,Bruktimporterte kjøretøy,21,Hybrid,Personbiler,Personbiler,1996M10,1996M10,0,
B,Bruktimporterte kjøretøy,21,Hybrid,Personbiler,Personbiler,1996M11,1996M11,0,
B,Bruktimporterte kjøretøy,21,Hybrid,Personbiler,Personbiler,1996M12,1996M12,0,
B,Bruktimporterte kjøretøy,21,Hybrid,Personbiler,Personbiler,1997M01,1997M01,0,
B,Bruktimporterte kjøretøy,21,Hybrid,Personbiler,Personbiler,1997M02,1997M02,0,
B,Bruktimporterte kjøretøy,21,Hybrid,Personbiler,Personbiler,1997M03,1997M03,0,
B,Bruktimporterte kjøretøy,21,Hybrid,Personbiler,Personbiler,1997M04,1997M04,0,
B,Bruktimporterte kjøretøy,21,Hybrid,Personbiler,Personbiler,1997M05,1997M05,0,
B,Bruktimporterte kjøretøy,21,Hybrid,Personbiler,Personbiler,1997M06,1997M06,0,
B,Bruktimporterte kjøretøy,21,Hybrid,Personbiler,Personbiler,1997M07,1997M07,0,
B,Bruktimporterte kjøretøy,21,Hybrid,Personbiler,Personbiler,1997M08,1997M08,0,
B,Bruktimporterte kjøretøy,21,Hybrid,Personbiler,Personbiler,1997M09,1997M09,0,
B,Bruktimporterte kjøretøy,21,Hybrid,Personbiler,Personbiler,1997M10,1997M10,0,
B,Bruktimporterte kjøretøy,21,Hybrid,Personbiler,Personbiler,1997M11,1997M11,0,
B,Bruktimporterte kjøretøy,21,Hybrid,Personbiler,Personbiler,1997M12,1997M12,0,
B,Bruktimporterte kjøretøy,21,Hybrid,Personbiler,Personbiler,1998M01,1998M01,0,
B,Bruktimporterte kjøretøy,21,Hybrid,Personbiler,Personbiler,1998M02,1998M02,0,
B,Bruktimporterte kjøretøy,21,Hybrid,Personbiler,Personbiler,1998M03,1998M03,0,
B,Bruktimporterte kjøretøy,21,Hybrid,Personbiler,Personbiler,1998M04,1998M04,0,
B,Bruktimporterte kjøretøy,21,Hybrid,Personbiler,Personbiler,1998M05,1998M05,0,
B,Bruktimporterte kjøretøy,21,Hybrid,Personbiler,Personbiler,1998M06,1998M06,0,
B,Bruktimporterte kjøretøy,21,Hybrid,Personbiler,Personbiler,1998M07,1998M07,0,
B,Bruktimporterte kjøretøy,21,Hybrid,Personbiler,Personbiler,1998M08,1998M08,0,
B,Bruktimporterte kjøretøy,21,Hybrid,Personbiler,Personbiler,1998M09,1998M09,0,
B,Bruktimporterte kjøretøy,21,Hybrid,Personbiler,Personbiler,1998M10,1998M10,0,
B,Bruktimporterte kjøretøy,21,Hybrid,Personbiler,Personbiler,1998M11,1998M11,0,
B,Bruktimporterte kjøretøy,21,Hybrid,Personbiler,Personbiler,1998M12,1998M12,0,
B,Bruktimporterte kjøretøy,21,Hybrid,Personbiler,Personbiler,1999M01,1999M01,0,
B,Bruktimporterte kjøretøy,21,Hybrid,Personbiler,Personbiler,1999M02,1999M02,0,
B,Bruktimporterte kjøretøy,21,Hybrid,Personbiler,Personbiler,1999M03,1999M03,0,
B,Bruktimporterte kjøretøy,21,Hybrid,Personbiler,Personbiler,1999M04,1999M04,0,
B,Bruktimporterte kjøretøy,21,Hybrid,Personbiler,Personbiler,1999M05,1999M05,0,
B,Bruktimporterte kjøretøy,21,Hybrid,Personbiler,Personbiler,1999M06,1999M06,0,
B,Bruktimporterte kjøretøy,21,Hybrid,Personbiler,Personbiler,1999M07,1999M07,0,
B,Bruktimporterte kjøretøy,21,Hybrid,Personbiler,Personbiler,1999M08,1999M08,0,
B,Bruktimporterte kjøretøy,21,Hybrid,Personbiler,Personbiler,1999M09,1999M09,0,
B,Bruktimporterte kjøretøy,21,Hybrid,Personbiler,Personbiler,1999M10,1999M10,0,
B,Bruktimporterte kjøretøy,21,Hybrid,Personbiler,Personbiler,1999M11,1999M11,0,
B,Bruktimporterte kjøretøy,21,Hybrid,Personbiler,Personbiler,1999M12,1999M12,0,
B,Bruktimporterte kjøretøy,21,Hybrid,Personbiler,Personbiler,2000M01,2000M01,0,
B,Bruktimporterte kjøretøy,21,Hybrid,Personbiler,Personbiler,2000M02,2000M02,0,
B,Bruktimporterte kjøretøy,21,Hybrid,Personbiler,Personbiler,2000M03,2000M03,0,
B,Bruktimporterte kjøretøy,21,Hybrid,Personbiler,Personbiler,2000M04,2000M04,0,
B,Bruktimporterte kjøretøy,21,Hybrid,Personbiler,Personbiler,2000M05,2000M05,0,
B,Bruktimporterte kjøretøy,21,Hybrid,Personbiler,Personbiler,2000M06,2000M06,0,
B,Bruktimporterte kjøretøy,21,Hybrid,Personbiler,Personbiler,2000M07,2000M07,0,
B,Bruktimporterte kjøretøy,21,Hybrid,Personbiler,Personbiler,2000M08,2000M08,0,
B,Bruktimporterte kjøretøy,21,Hybrid,Personbiler,Personbiler,2000M09,2000M09,0,
B,Bruktimporterte kjøretøy,21,Hybrid,Personbiler,Personbiler,2000M10,2000M10,0,
B,Bruktimporterte kjøretøy,21,Hybrid,Personbiler,Personbiler,2000M11,2000M11,0,
B,Bruktimporterte kjøretøy,21,Hybrid,Personbiler,Personbiler,2000M12,2000M12,0,
B,Bruktimporterte kjøretøy,21,Hybrid,Personbiler,Personbiler,2001M01,2001M01,0,
B,Bruktimporterte kjøretøy,21,Hybrid,Personbiler,Personbiler,2001M02,2001M02,0,
B,Bruktimporterte kjøretøy,21,Hybrid,Personbiler,Personbiler,2001M03,2001M03,0,
B,Bruktimporterte kjøretøy,21,Hybrid,Personbiler,Personbiler,2001M04,2001M04,0,
B,Bruktimporterte kjøretøy,21,Hybrid,Personbiler,Personbiler,2001M05,2001M05,0,
B,Bruktimporterte kjøretøy,21,Hybrid,Personbiler,Personbiler,2001M06,2001M06,0,
B,Bruktimporterte kjøretøy,21,Hybrid,Personbiler,Personbiler,2001M07,2001M07,0,
B,Bruktimporterte kjøretøy,21,Hybrid,Personbiler,Personbiler,2001M08,2001M08,0,
B,Bruktimporterte kjøretøy,21,Hybrid,Personbiler,Personbiler,2001M09,2001M09,0,
B,Bruktimporterte kjøretøy,21,Hybrid,Personbiler,Personbiler,2001M10,2001M10,0,
B,Bruktimporterte kjøretøy,21,Hybrid,Personbiler,Personbiler,2001M11,2001M11,0,
B,Bruktimporterte kjøretøy,21,Hybrid,Personbiler,Personbiler,2001M12,2001M12,0,
B,Bruktimporterte kjøretøy,21,Hybrid,Personbiler,Personbiler,2002M01,2002M01,0,
B,Bruktimporterte kjøretøy,21,Hybrid,Personbiler,Personbiler,2002M02,2002M02,0,
B,Bruktimporterte kjøretøy,21,Hybrid,Personbiler,Personbiler,2002M03,2002M03,0,
B,Bruktimporterte kjøretøy,21,Hybrid,Personbiler,Personbiler,2002M04,2002M04,0,
B,Bruktimporterte kjøretøy,21,Hybrid,Personbiler,Personbiler,2002M05,2002M05,0,
B,Bruktimporterte kjøretøy,21,Hybrid,Personbiler,Personbiler,2002M06,2002M06,0,
B,Bruktimporterte kjøretøy,21,Hybrid,Personbiler,Personbiler,2002M07,2002M07,0,
B,Bruktimporterte kjøretøy,21,Hybrid,Personbiler,Personbiler,2002M08,2002M08,0,
B,Bruktimporterte kjøretøy,21,Hybrid,Personbiler,Personbiler,2002M09,2002M09,0,
B,Bruktimporterte kjøretøy,21,Hybrid,Personbiler,Personbiler,2002M10,2002M10,0,
B,Bruktimporterte kjøretøy,21,Hybrid,Personbiler,Personbiler,2002M11,2002M11,0,
B,Bruktimporterte kjøretøy,21,Hybrid,Personbiler,Personbiler,2002M12,2002M12,0,
B,Bruktimporterte kjøretøy,21,Hybrid,Personbiler,Personbiler,2003M01,2003M01,0,
B,Bruktimporterte kjøretøy,21,Hybrid,Personbiler,Personbiler,2003M02,2003M02,0,
B,Bruktimporterte kjøretøy,21,Hybrid,Personbiler,Personbiler,2003M03,2003M03,0,
B,Bruktimporterte kjøretøy,21,Hybrid,Personbiler,Personbiler,2003M04,2003M04,0,
B,Bruktimporterte kjøretøy,21,Hybrid,Personbiler,Personbiler,2003M05,2003M05,0,
B,Bruktimporterte kjøretøy,21,Hybrid,Personbiler,Personbiler,2003M06,2003M06,0,
B,Bruktimporterte kjøretøy,21,Hybrid,Personbiler,Personbiler,2003M07,2003M07,0,
B,Bruktimporterte kjøretøy,21,Hybrid,Personbiler,Personbiler,2003M08,2003M08,0,
B,Bruktimporterte kjøretøy,21,Hybrid,Personbiler,Personbiler,2003M09,2003M09,0,
B,Bruktimporterte kjøretøy,21,Hybrid,Personbiler,Personbiler,2003M10,2003M10,0,
B,Bruktimporterte kjøretøy,21,Hybrid,Personbiler,Personbiler,2003M11,2003M11,0,
B,Bruktimporterte kjøretøy,21,Hybrid,Personbiler,Personbiler,2003M12,2003M12,0,
B,Bruktimporterte kjøretøy,21,Hybrid,Personbiler,Personbiler,2004M01,2004M01,0,
B,Bruktimporterte kjøretøy,21,Hybrid,Personbiler,Personbiler,2004M02,2004M02,0,
B,Bruktimporterte kjøretøy,21,Hybrid,Personbiler,Personbiler,2004M03,2004M03,0,
B,Bruktimporterte kjøretøy,21,Hybrid,Personbiler,Personbiler,2004M04,2004M04,0,
B,Bruktimporterte kjøretøy,21,Hybrid,Personbiler,Personbiler,2004M05,2004M05,0,
B,Bruktimporterte kjøretøy,21,Hybrid,Personbiler,Personbiler,2004M06,2004M06,0,
B,Bruktimporterte kjøretøy,21,Hybrid,Personbiler,Personbiler,2004M07,2004M07,0,
B,Bruktimporterte kjøretøy,21,Hybrid,Personbiler,Personbiler,2004M08,2004M08,0,
B,Bruktimporterte kjøretøy,21,Hybrid,Personbiler,Personbiler,2004M09,2004M09,0,
B,Bruktimporterte kjøretøy,21,Hybrid,Personbiler,Personbiler,2004M10,2004M10,0,
B,Bruktimporterte kjøretøy,21,Hybrid,Personbiler,Personbiler,2004M11,2004M11,0,
B,Bruktimporterte kjøretøy,21,Hybrid,Personbiler,Personbiler,2004M12,2004M12,0,
B,Bruktimporterte kjøretøy,21,Hybrid,Personbiler,Personbiler,2005M01,2005M01,0,
B,Bruktimporterte kjøretøy,21,Hybrid,Personbiler,Personbiler,2005M02,2005M02,0,
B,Bruktimporterte kjøretøy,21,Hybrid,Personbiler,Personbiler,2005M03,2005M03,0,
B,Bruktimporterte kjøretøy,21,Hybrid,Personbiler,Personbiler,2005M04,2005M04,0,
B,Bruktimporterte kjøretøy,21,Hybrid,Personbiler,Personbiler,2005M05,2005M05,0,
B,Bruktimporterte kjøretøy,21,Hybrid,Personbiler,Personbiler,2005M06,2005M06,0,
B,Bruktimporterte kjøretøy,21,Hybrid,Personbiler,Personbiler,2005M07,2005M07,0,
B,Bruktimporterte kjøretøy,21,Hybrid,Personbiler,Personbiler,2005M08,2005M08,0,
B,Bruktimporterte kjøretøy,21,Hybrid,Personbiler,Personbiler,2005M09,2005M09,0,
B,Bruktimporterte kjøretøy,21,Hybrid,Personbiler,Personbiler,2005M10,2005M10,0,
B,Bruktimporterte kjøretøy,21,Hybrid,Personbiler,Personbiler,2005M11,2005M11,0,
B,Bruktimporterte kjøretøy,21,Hybrid,Personbiler,Personbiler,2005M12,2005M12,0,
B,Bruktimporterte kjøretøy,21,Hybrid,Personbiler,Personbiler,2006M01,2006M01,0,
B,Bruktimporterte kjøretøy,21,Hybrid,Personbiler,Personbiler,2006M02,2006M02,0,
B,Bruktimporterte kjøretøy,21,Hybrid,Personbiler,Personbiler,2006M03,2006M03,0,
B,Bruktimporterte kjøretøy,21,Hybrid,Personbiler,Personbiler,2006M04,2006M04,0,
B,Bruktimporterte kjøretøy,21,Hybrid,Personbiler,Personbiler,2006M05,2006M05,0,
B,Bruktimporterte kjøretøy,21,Hybrid,Personbiler,Personbiler,2006M06,2006M06,0,
B,Bruktimporterte kjøretøy,21,Hybrid,Personbiler,Personbiler,2006M07,2006M07,0,
B,Bruktimporterte kjøretøy,21,Hybrid,Personbiler,Personbiler,2006M08,2006M08,0,
B,Bruktimporterte kjøretøy,21,Hybrid,Personbiler,Personbiler,2006M09,2006M09,0,
B,Bruktimporterte kjøretøy,21,Hybrid,Personbiler,Personbiler,2006M10,2006M10,0,
B,Bruktimporterte kjøretøy,21,Hybrid,Personbiler,Personbiler,2006M11,2006M11,0,
B,Bruktimporterte kjøretøy,21,Hybrid,Personbiler,Personbiler,2006M12,2006M12,0,
B,Bruktimporterte kjøretøy,21,Hybrid,Personbiler,Personbiler,2007M01,2007M01,0,
B,Bruktimporterte kjøretøy,21,Hybrid,Personbiler,Personbiler,2007M02,2007M02,0,
B,Bruktimporterte kjøretøy,21,Hybrid,Personbiler,Personbiler,2007M03,2007M03,0,
B,Bruktimporterte kjøretøy,21,Hybrid,Personbiler,Personbiler,2007M04,2007M04,0,
B,Bruktimporterte kjøretøy,21,Hybrid,Personbiler,Personbiler,2007M05,2007M05,0,
B,Bruktimporterte kjøretøy,21,Hybrid,Personbiler,Personbiler,2007M06,2007M06,0,
B,Bruktimporterte kjøretøy,21,Hybrid,Personbiler,Personbiler,2007M07,2007M07,0,
B,Bruktimporterte kjøretøy,21,Hybrid,Personbiler,Personbiler,2007M08,2007M08,0,
B,Bruktimporterte kjøretøy,21,Hybrid,Personbiler,Personbiler,2007M09,2007M09,0,
B,Bruktimporterte kjøretøy,21,Hybrid,Personbiler,Personbiler,2007M10,2007M10,0,
B,Bruktimporterte kjøretøy,21,Hybrid,Personbiler,Personbiler,2007M11,2007M11,0,
B,Bruktimporterte kjøretøy,21,Hybrid,Personbiler,Personbiler,2007M12,2007M12,0,
B,Bruktimporterte kjøretøy,21,Hybrid,Personbiler,Personbiler,2008M01,2008M01,0,
B,Bruktimporterte kjøretøy,21,Hybrid,Personbiler,Personbiler,2008M02,2008M02,0,
B,Bruktimporterte kjøretøy,21,Hybrid,Personbiler,Personbiler,2008M03,2008M03,0,
B,Bruktimporterte kjøretøy,21,Hybrid,Personbiler,Personbiler,2008M04,2008M04,0,
B,Bruktimporterte kjøretøy,21,Hybrid,Personbiler,Personbiler,2008M05,2008M05,0,
B,Bruktimporterte kjøretøy,21,Hybrid,Personbiler,Personbiler,2008M06,2008M06,0,
B,Bruktimporterte kjøretøy,21,Hybrid,Personbiler,Personbiler,2008M07,2008M07,0,
B,Bruktimporterte kjøretøy,21,Hybrid,Personbiler,Personbiler,2008M08,2008M08,0,
B,Bruktimporterte kjøretøy,21,Hybrid,Personbiler,Personbiler,2008M09,2008M09,0,
B,Bruktimporterte kjøretøy,21,Hybrid,Personbiler,Personbiler,2008M10,2008M10,0,
B,Bruktimporterte kjøretøy,21,Hybrid,Personbiler,Personbiler,2008M11,2008M11,0,
B,Bruktimporterte kjøretøy,21,Hybrid,Personbiler,Personbiler,2008M12,2008M12,0,
B,Bruktimporterte kjøretøy,21,Hybrid,Personbiler,Personbiler,2009M01,2009M01,0,
B,Bruktimporterte kjøretøy,21,Hybrid,Personbiler,Personbiler,2009M02,2009M02,0,
B,Bruktimporterte kjøretøy,21,Hybrid,Personbiler,Personbiler,2009M03,2009M03,0,
B,Bruktimporterte kjøretøy,21,Hybrid,Personbiler,Personbiler,2009M04,2009M04,0,
B,Bruktimporterte kjøretøy,21,Hybrid,Personbiler,Personbiler,2009M05,2009M05,0,
B,Bruktimporterte kjøretøy,21,Hybrid,Personbiler,Personbiler,2009M06,2009M06,0,
B,Bruktimporterte kjøretøy,21,Hybrid,Personbiler,Personbiler,2009M07,2009M07,0,
B,Bruktimporterte kjøretøy,21,Hybrid,Personbiler,Personbiler,2009M08,2009M08,0,
B,Bruktimporterte kjøretøy,21,Hybrid,Personbiler,Personbiler,2009M09,2009M09,0,
B,Bruktimporterte kjøretøy,21,Hybrid,Personbiler,Personbiler,2009M10,2009M10,0,
B,Bruktimporterte kjøretøy,21,Hybrid,Personbiler,Personbiler,2009M11,2009M11,0,
B,Bruktimporterte kjøretøy,21,Hybrid,Personbiler,Personbiler,2009M12,2009M12,0,
B,Bruktimporterte kjøretøy,21,Hybrid,Personbiler,Personbiler,2010M01,2010M01,0,
B,Bruktimporterte kjøretøy,21,Hybrid,Personbiler,Personbiler,2010M02,2010M02,0,
B,Bruktimporterte kjøretøy,21,Hybrid,Personbiler,Personbiler,2010M03,2010M03,0,
B,Bruktimporterte kjøretøy,21,Hybrid,Personbiler,Personbiler,2010M04,2010M04,0,
B,Bruktimporterte kjøretøy,21,Hybrid,Personbiler,Personbiler,2010M05,2010M05,0,
B,Bruktimporterte kjøretøy,21,Hybrid,Personbiler,Personbiler,2010M06,2010M06,0,
B,Bruktimporterte kjøretøy,21,Hybrid,Personbiler,Personbiler,2010M07,2010M07,0,
B,Bruktimporterte kjøretøy,21,Hybrid,Personbiler,Personbiler,2010M08,2010M08,0,
B,Bruktimporterte kjøretøy,21,Hybrid,Personbiler,Personbiler,2010M09,2010M09,0,
B,Bruktimporterte kjøretøy,21,Hybrid,Personbiler,Personbiler,2010M10,2010M10,2,
B,Bruktimporterte kjøretøy,21,Hybrid,Personbiler,Personbiler,2010M11,2010M11,5,
B,Bruktimporterte kjøretøy,21,Hybrid,Personbiler,Personbiler,2010M12,2010M12,2,
B,Bruktimporterte kjøretøy,21,Hybrid,Personbiler,Personbiler,2011M01,2011M01,0,
B,Bruktimporterte kjøretøy,21,Hybrid,Personbiler,Personbiler,2011M02,2011M02,2,
B,Bruktimporterte kjøretøy,21,Hybrid,Personbiler,Personbiler,2011M03,2011M03,0,
B,Bruktimporterte kjøretøy,21,Hybrid,Personbiler,Personbiler,2011M04,2011M04,0,
B,Bruktimporterte kjøretøy,21,Hybrid,Personbiler,Personbiler,2011M05,2011M05,0,
B,Bruktimporterte kjøretøy,21,Hybrid,Personbiler,Personbiler,2011M06,2011M06,1,
B,Bruktimporterte kjøretøy,21,Hybrid,Personbiler,Personbiler,2011M07,2011M07,1,
B,Bruktimporterte kjøretøy,21,Hybrid,Personbiler,Personbiler,2011M08,2011M08,1,
B,Bruktimporterte kjøretøy,21,Hybrid,Personbiler,Personbiler,2011M09,2011M09,1,
B,Bruktimporterte kjøretøy,21,Hybrid,Personbiler,Personbiler,2011M10,2011M10,0,
B,Bruktimporterte kjøretøy,21,Hybrid,Personbiler,Personbiler,2011M11,2011M11,0,
B,Bruktimporterte kjøretøy,21,Hybrid,Personbiler,Personbiler,2011M12,2011M12,0,
B,Bruktimporterte kjøretøy,21,Hybrid,Personbiler,Personbiler,2012M01,2012M01,3,
B,Bruktimporterte kjøretøy,21,Hybrid,Personbiler,Personbiler,2012M02,2012M02,3,
B,Bruktimporterte kjøretøy,21,Hybrid,Personbiler,Personbiler,2012M03,2012M03,3,
B,Bruktimporterte kjøretøy,21,Hybrid,Personbiler,Personbiler,2012M04,2012M04,3,
B,Bruktimporterte kjøretøy,21,Hybrid,Personbiler,Personbiler,2012M05,2012M05,3,
B,Bruktimporterte kjøretøy,21,Hybrid,Personbiler,Personbiler,2012M06,2012M06,4,
B,Bruktimporterte kjøretøy,21,Hybrid,Personbiler,Personbiler,2012M07,2012M07,6,
B,Bruktimporterte kjøretøy,21,Hybrid,Personbiler,Personbiler,2012M08,2012M08,9,
B,Bruktimporterte kjøretøy,21,Hybrid,Personbiler,Personbiler,2012M09,2012M09,17,
B,Bruktimporterte kjøretøy,21,Hybrid,Personbiler,Personbiler,2012M10,2012M10,10,
B,Bruktimporterte kjøretøy,21,Hybrid,Personbiler,Personbiler,2012M11,2012M11,8,
B,Bruktimporterte kjøretøy,21,Hybrid,Personbiler,Personbiler,2012M12,2012M12,18,
B,Bruktimporterte kjøretøy,21,Hybrid,Personbiler,Personbiler,2013M01,2013M01,41,
B,Bruktimporterte kjøretøy,21,Hybrid,Personbiler,Personbiler,2013M02,2013M02,33,
B,Bruktimporterte kjøretøy,21,Hybrid,Personbiler,Personbiler,2013M03,2013M03,62,
B,Bruktimporterte kjøretøy,21,Hybrid,Personbiler,Personbiler,2013M04,2013M04,73,
B,Bruktimporterte kjøretøy,21,Hybrid,Personbiler,Personbiler,2013M05,2013M05,66,
B,Bruktimporterte kjøretøy,21,Hybrid,Personbiler,Personbiler,2013M06,2013M06,58,
B,Bruktimporterte kjøretøy,21,Hybrid,Personbiler,Personbiler,2013M07,2013M07,77,
B,Bruktimporterte kjøretøy,21,Hybrid,Personbiler,Personbiler,2013M08,2013M08,70,
B,Bruktimporterte kjøretøy,21,Hybrid,Personbiler,Personbiler,2013M09,2013M09,71,
B,Bruktimporterte kjøretøy,21,Hybrid,Personbiler,Personbiler,2013M10,2013M10,90,
B,Bruktimporterte kjøretøy,21,Hybrid,Personbiler,Personbiler,2013M11,2013M11,72,
B,Bruktimporterte kjøretøy,21,Hybrid,Personbiler,Personbiler,2013M12,2013M12,31,
B,Bruktimporterte kjøretøy,21,Hybrid,Personbiler,Personbiler,2014M01,2014M01,68,
B,Bruktimporterte kjøretøy,21,Hybrid,Personbiler,Personbiler,2014M02,2014M02,47,
B,Bruktimporterte kjøretøy,21,Hybrid,Personbiler,Personbiler,2014M03,2014M03,75,
B,Bruktimporterte kjøretøy,21,Hybrid,Personbiler,Personbiler,2014M04,2014M04,61,
B,Bruktimporterte kjøretøy,21,Hybrid,Personbiler,Personbiler,2014M05,2014M05,64,
B,Bruktimporterte kjøretøy,21,Hybrid,Personbiler,Personbiler,2014M06,2014M06,77,
B,Bruktimporterte kjøretøy,21,Hybrid,Personbiler,Personbiler,2014M07,2014M07,81,
B,Bruktimporterte kjøretøy,21,Hybrid,Personbiler,Personbiler,2014M08,2014M08,77,
B,Bruktimporterte kjøretøy,21,Hybrid,Personbiler,Personbiler,2014M09,2014M09,102,
B,Bruktimporterte kjøretøy,21,Hybrid,Personbiler,Personbiler,2014M10,2014M10,105,
B,Bruktimporterte kjøretøy,21,Hybrid,Personbiler,Personbiler,2014M11,2014M11,75,
B,Bruktimporterte kjøretøy,21,Hybrid,Personbiler,Personbiler,2014M12,2014M12,70,
B,Bruktimporterte kjøretøy,21,Hybrid,Personbiler,Personbiler,2015M01,2015M01,109,
B,Bruktimporterte kjøretøy,21,Hybrid,Personbiler,Personbiler,2015M02,2015M02,178,
B,Bruktimporterte kjøretøy,21,Hybrid,Personbiler,Personbiler,2015M03,2015M03,253,
B,Bruktimporterte kjøretøy,21,Hybrid,Personbiler,Personbiler,2015M04,2015M04,198,
B,Bruktimporterte kjøretøy,21,Hybrid,Personbiler,Personbiler,2015M05,2015M05,233,
B,Bruktimporterte kjøretøy,21,Hybrid,Personbiler,Personbiler,2015M06,2015M06,288,
B,Bruktimporterte kjøretøy,21,Hybrid,Personbiler,Personbiler,2015M07,2015M07,346,
B,Bruktimporterte kjøretøy,21,Hybrid,Personbiler,Personbiler,2015M08,2015M08,277,
B,Bruktimporterte kjøretøy,21,Hybrid,Personbiler,Personbiler,2015M09,2015M09,236,
B,Bruktimporterte kjøretøy,21,Hybrid,Personbiler,Personbiler,2015M10,2015M10,241,
B,Bruktimporterte kjøretøy,21,Hybrid,Personbiler,Personbiler,2015M11,2015M11,214,
B,Bruktimporterte kjøretøy,21,Hybrid,Personbiler,Personbiler,2015M12,2015M12,163,
B,Bruktimporterte kjøretøy,21,Hybrid,Personbiler,Personbiler,2016M01,2016M01,201,
B,Bruktimporterte kjøretøy,21,Hybrid,Personbiler,Personbiler,2016M02,2016M02,225,
B,Bruktimporterte kjøretøy,21,Hybrid,Personbiler,Personbiler,2016M03,2016M03,201,
B,Bruktimporterte kjøretøy,21,Hybrid,Personbiler,Personbiler,2016M04,2016M04,182,
B,Bruktimporterte kjøretøy,21,Hybrid,Personbiler,Personbiler,2016M05,2016M05,168,
B,Bruktimporterte kjøretøy,21,Hybrid,Personbiler,Personbiler,2016M06,2016M06,212,
B,Bruktimporterte kjøretøy,21,Hybrid,Personbiler,Personbiler,2016M07,2016M07,248,
B,Bruktimporterte kjøretøy,21,Hybrid,Personbiler,Personbiler,2016M08,2016M08,242,
B,Bruktimporterte kjøretøy,21,Hybrid,Personbiler,Personbiler,2016M09,2016M09,260,
B,Bruktimporterte kjøretøy,21,Hybrid,Personbiler,Personbiler,2016M10,2016M10,255,
B,Bruktimporterte kjøretøy,21,Hybrid,Personbiler,Personbiler,2016M11,2016M11,254,
B,Bruktimporterte kjøretøy,21,Hybrid,Personbiler,Personbiler,2016M12,2016M12,188,
B,Bruktimporterte kjøretøy,21,Hybrid,Personbiler,Personbiler,2017M01,2017M01,401,
B,Bruktimporterte kjøretøy,21,Hybrid,Personbiler,Personbiler,2017M02,2017M02,373,
B,Bruktimporterte kjøretøy,21,Hybrid,Personbiler,Personbiler,2017M03,2017M03,483,
B,Bruktimporterte kjøretøy,21,Hybrid,Personbiler,Personbiler,2017M04,2017M04,332,
B,Bruktimporterte kjøretøy,21,Hybrid,Personbiler,Personbiler,2017M05,2017M05,405,
B,Bruktimporterte kjøretøy,21,Hybrid,Personbiler,Personbiler,2017M06,2017M06,418,
B,Bruktimporterte kjøretøy,21,Hybrid,Personbiler,Personbiler,2017M07,2017M07,430,
B,Bruktimporterte kjøretøy,21,Hybrid,Personbiler,Personbiler,2017M08,2017M08,419,
B,Bruktimporterte kjøretøy,21,Hybrid,Personbiler,Personbiler,2017M09,2017M09,387,
B,Bruktimporterte kjøretøy,21,Hybrid,Personbiler,Personbiler,2017M10,2017M10,405,
B,Bruktimporterte kjøretøy,21,Hybrid,Personbiler,Personbiler,2017M11,2017M11,361,
B,Bruktimporterte kjøretøy,21,Hybrid,Personbiler,Personbiler,2017M12,2017M12,397,
B,Bruktimporterte kjøretøy,21,Hybrid,Personbiler,Personbiler,2018M01,2018M01,189,
B,Bruktimporterte kjøretøy,21,Hybrid,Personbiler,Personbiler,2018M02,2018M02,228,
B,Bruktimporterte kjøretøy,21,Hybrid,Personbiler,Personbiler,2018M03,2018M03,276,
B,Bruktimporterte kjøretøy,21,Hybrid,Personbiler,Personbiler,2018M04,2018M04,261,
B,Bruktimporterte kjøretøy,21,Hybrid,Personbiler,Personbiler,2018M05,2018M05,265,
B,Bruktimporterte kjøretøy,21,Hybrid,Personbiler,Personbiler,2018M06,2018M06,519,
B,Bruktimporterte kjøretøy,21,Hybrid,Personbiler,Personbiler,2018M07,2018M07,358,
B,Bruktimporterte kjøretøy,21,Hybrid,Personbiler,Personbiler,2018M08,2018M08,342,
B,Bruktimporterte kjøretøy,21,Hybrid,Personbiler,Personbiler,2018M09,2018M09,300,
B,Bruktimporterte kjøretøy,21,Hybrid,Personbiler,Personbiler,2018M10,2018M10,342,
B,Bruktimporterte kjøretøy,21,Hybrid,Personbiler,Personbiler,2018M11,2018M11,339,
B,Bruktimporterte kjøretøy,21,Hybrid,Personbiler,Personbiler,2018M12,2018M12,227,
B,Bruktimporterte kjøretøy,21,Hybrid,Personbiler,Personbiler,2019M01,2019M01,228,
B,Bruktimporterte kjøretøy,21,Hybrid,Personbiler,Personbiler,2019M02,2019M02,267,
B,Bruktimporterte kjøretøy,21,Hybrid,Personbiler,Personbiler,2019M03,2019M03,280,
B,Bruktimporterte kjøretøy,21,Hybrid,Personbiler,Personbiler,2019M04,2019M04,207,
B,Bruktimporterte kjøretøy,21,Hybrid,Personbiler,Personbiler,2019M05,2019M05,219,
B,Bruktimporterte kjøretøy,21,Hybrid,Personbiler,Personbiler,2019M06,2019M06,257,
B,Bruktimporterte kjøretøy,21,Hybrid,Personbiler,Personbiler,2019M07,2019M07,271,
B,Bruktimporterte kjøretøy,21,Hybrid,Personbiler,Personbiler,2019M08,2019M08,258,
B,Bruktimporterte kjøretøy,21,Hybrid,Personbiler,Personbiler,2019M09,2019M09,211,
B,Bruktimporterte kjøretøy,21,Hybrid,Personbiler,Personbiler,2019M10,2019M10,188,
B,Bruktimporterte kjøretøy,21,Hybrid,Personbiler,Personbiler,2019M11,2019M11,185,
B,Bruktimporterte kjøretøy,21,Hybrid,Personbiler,Personbiler,2019M12,2019M12,138,
B,Bruktimporterte kjøretøy,21,Hybrid,Personbiler,Personbiler,2020M01,2020M01,168,
B,Bruktimporterte kjøretøy,21,Hybrid,Personbiler,Personbiler,2020M02,2020M02,179,
B,Bruktimporterte kjøretøy,21,Hybrid,Personbiler,Personbiler,2020M03,2020M03,96,
B,Bruktimporterte kjøretøy,21,Hybrid,Personbiler,Personbiler,2020M04,2020M04,73,
B,Bruktimporterte kjøretøy,21,Hybrid,Personbiler,Personbiler,2020M05,2020M05,107,
B,Bruktimporterte kjøretøy,21,Hybrid,Personbiler,Personbiler,2020M06,2020M06,120,
B,Bruktimporterte kjøretøy,21,Hybrid,Personbiler,Personbiler,2020M07,2020M07,182,
B,Bruktimporterte kjøretøy,21,Hybrid,Personbiler,Personbiler,2020M08,2020M08,154,
B,Bruktimporterte kjøretøy,21,Hybrid,Personbiler,Personbiler,2020M09,2020M09,191,
B,Bruktimporterte kjøretøy,21,Hybrid,Personbiler,Personbiler,2020M10,2020M10,177,
B,Bruktimporterte kjøretøy,21,Hybrid,Personbiler,Personbiler,2020M11,2020M11,196,
B,Bruktimporterte kjøretøy,21,Hybrid,Personbiler,Personbiler,2020M12,2020M12,140,
B,Bruktimporterte kjøretøy,21,Hybrid,Personbiler,Personbiler,2021M01,2021M01,129,
B,Bruktimporterte kjøretøy,21,Hybrid,Personbiler,Personbiler,2021M02,2021M02,158,
B,Bruktimporterte kjøretøy,21,Hybrid,Personbiler,Personbiler,2021M03,2021M03,176,
B,Bruktimporterte kjøretøy,21,Hybrid,Personbiler,Personbiler,2021M04,2021M04,176,
B,Bruktimporterte kjøretøy,21,Hybrid,Personbiler,Personbiler,2021M05,2021M05,192,
B,Bruktimporterte kjøretøy,21,Hybrid,Personbiler,Personbiler,2021M06,2021M06,288,
B,Bruktimporterte kjøretøy,21,Hybrid,Personbiler,Personbiler,2021M07,2021M07,252,
B,Bruktimporterte kjøretøy,21,Hybrid,Personbiler,Personbiler,2021M08,2021M08,242,
B,Bruktimporterte kjøretøy,21,Hybrid,Personbiler,Personbiler,2021M09,2021M09,185,
B,Bruktimporterte kjøretøy,21,Hybrid,Personbiler,Personbiler,2021M10,2021M10,138,
B,Bruktimporterte kjøretøy,21,Hybrid,Personbiler,Personbiler,2021M11,2021M11,143,
B,Bruktimporterte kjøretøy,21,Hybrid,Personbiler,Personbiler,2021M12,2021M12,324,
B,Bruktimporterte kjøretøy,21,Hybrid,Personbiler,Personbiler,2022M01,2022M01,22,
B,Bruktimporterte kjøretøy,21,Hybrid,Personbiler,Personbiler,2022M02,2022M02,14,
B,Bruktimporterte kjøretøy,21,Hybrid,Personbiler,Personbiler,2022M03,2022M03,36,
B,Bruktimporterte kjøretøy,21,Hybrid,Personbiler,Personbiler,2022M04,2022M04,18,
B,Bruktimporterte kjøretøy,21,Hybrid,Personbiler,Personbiler,2022M05,2022M05,19,
B,Bruktimporterte kjøretøy,21,Hybrid,Personbiler,Personbiler,2022M06,2022M06,17,
B,Bruktimporterte kjøretøy,21,Hybrid,Personbiler,Personbiler,2022M07,2022M07,25,
B,Bruktimporterte kjøretøy,21,Hybrid,Personbiler,Personbiler,2022M08,2022M08,16,
B,Bruktimporterte kjøretøy,21,Hybrid,Personbiler,Personbiler,2022M09,2022M09,21,
B,Bruktimporterte kjøretøy,21,Hybrid,Personbiler,Personbiler,2022M10,2022M10,18,
B,Bruktimporterte kjøretøy,21,Hybrid,Personbiler,Personbiler,2022M11,2022M11,35,
B,Bruktimporterte kjøretøy,21,Hybrid,Personbiler,Personbiler,2022M12,2022M12,54,
B,Bruktimporterte kjøretøy,21,Hybrid,Personbiler,Personbiler,2023M01,2023M01,2,
B,Bruktimporterte kjøretøy,21,Hybrid,Personbiler,Personbiler,2023M02,2023M02,8,
B,Bruktimporterte kjøretøy,21,Hybrid,Personbiler,Personbiler,2023M03,2023M03,6,
B,Bruktimporterte kjøretøy,21,Hybrid,Personbiler,Personbiler,2023M04,2023M04,4,
B,Bruktimporterte kjøretøy,21,Hybrid,Personbiler,Personbiler,2023M05,2023M05,5,
B,Bruktimporterte kjøretøy,21,Hybrid,Personbiler,Personbiler,2023M06,2023M06,6,
B,Bruktimporterte kjøretøy,21,Hybrid,Personbiler,Personbiler,2023M07,2023M07,1,
B,Bruktimporterte kjøretøy,21,Hybrid,Personbiler,Personbiler,2023M08,2023M08,6,
B,Bruktimporterte kjøretøy,21,Hybrid,Personbiler,Personbiler,2023M09,2023M09,3,
B,Bruktimporterte kjøretøy,21,Hybrid,Personbiler,Personbiler,2023M10,2023M10,5,
B,Bruktimporterte kjøretøy,21,Hybrid,Personbiler,Personbiler,2023M11,2023M11,4,
B,Bruktimporterte kjøretøy,21,Hybrid,Personbiler,Personbiler,2023M12,2023M12,10,
B,Bruktimporterte kjøretøy,21,Hybrid,Personbiler,Personbiler,2024M01,2024M01,2,
B,Bruktimporterte kjøretøy,21,Hybrid,Personbiler,Personbiler,2024M02,2024M02,3,
B,Bruktimporterte kjøretøy,21,Hybrid,Personbiler,Personbiler,2024M03,2024M03,3,
B,Bruktimporterte kjøretøy,21,Hybrid,Personbiler,Personbiler,2024M04,2024M04,7,
B,Bruktimporterte kjøretøy,21,Hybrid,Personbiler,Personbiler,2024M05,2024M05,32,
B,Bruktimporterte kjøretøy,21,Hybrid,Personbiler,Personbiler,2024M06,2024M06,6,
B,Bruktimporterte kjøretøy,21,Hybrid,Personbiler,Personbiler,2024M07,2024M07,9,
B,Bruktimporterte kjøretøy,21,Hybrid,Personbiler,Personbiler,2024M08,2024M08,14,
B,Bruktimporterte kjøretøy,21,Hybrid,Personbiler,Personbiler,2024M09,2024M09,12,
B,Bruktimporterte kjøretøy,21,Hybrid,Personbiler,Personbiler,2024M10,2024M10,14,
B,Bruktimporterte kjøretøy,21,Hybrid,Personbiler,Personbiler,2024M11,2024M11,10,
B,Bruktimporterte kjøretøy,21,Hybrid,Personbiler,Personbiler,2024M12,2024M12,9,
B,Bruktimporterte kjøretøy,21,Hybrid,Personbiler,Personbiler,2025M01,2025M01,6,
B,Bruktimporterte kjøretøy,21,Hybrid,Personbiler,Personbiler,2025M02,2025M02,12,
B,Bruktimporterte kjøretøy,21,Hybrid,Personbiler,Personbiler,2025M03,2025M03,6,
B,Bruktimporterte kjøretøy,21,Hybrid,Personbiler,Personbiler,2025M04,2025M04,5,
B,Bruktimporterte kjøretøy,21,Hybrid,Personbiler,Personbiler,2025M05,2025M05,7,
B,Bruktimporterte kjøretøy,21,Hybrid,Personbiler,Personbiler,2025M06,2025M06,9,
B,Bruktimporterte kjøretøy,21,Hybrid,Personbiler,Personbiler,2025M07,2025M07,10,
B,Bruktimporterte kjøretøy,21,Hybrid,Personbiler,Personbiler,2025M08,2025M08,17,
B,Bruktimporterte kjøretøy,21,Hybrid,Personbiler,Personbiler,2025M09,2025M09,16,
B,Bruktimporterte kjøretøy,21,Hybrid,Personbiler,Personbiler,2025M10,2025M10,11,
B,Bruktimporterte kjøretøy,21,Hybrid,Personbiler,Personbiler,2025M11,2025M11,11,
B,Bruktimporterte kjøretøy,21,Hybrid,Personbiler,Personbiler,2025M12,2025M12,16,
B,Bruktimporterte kjøretøy,21,Hybrid,Personbiler,Personbiler,2026M01,2026M01,9,
B,Bruktimporterte kjøretøy,21,Hybrid,Personbiler,Personbiler,2026M02,2026M02,9,
B,Bruktimporterte kjøretøy,21,Hybrid,Personbiler,Personbiler,2026M03,2026M03,20,
B,Bruktimporterte kjøretøy,21,Hybrid,Personbiler,Personbiler,2026M04,2026M04,7,
B,Bruktimporterte kjøretøy,21,Hybrid,Personbiler,Personbiler,2026M05,2026M05,7,
B,Bruktimporterte kjøretøy,21,Hybrid,Personbiler,Personbiler,2026M06,2026M06,15,
B,Bruktimporterte kjøretøy,21,Hybrid,Personbiler,Personbiler,2026M07,2026M07,14,
B,Bruktimporterte kjøretøy,21,Hybrid,VareCampBiler,Vare- og campingbiler,1995M01,1995M01,0,
B,Bruktimporterte kjøretøy,21,Hybrid,VareCampBiler,Vare- og campingbiler,1995M02,1995M02,0,
B,Bruktimporterte kjøretøy,21,Hybrid,VareCampBiler,Vare- og campingbiler,1995M03,1995M03,0,
B,Bruktimporterte kjøretøy,21,Hybrid,VareCampBiler,Vare- og campingbiler,1995M04,1995M04,0,
B,Bruktimporterte kjøretøy,21,Hybrid,VareCampBiler,Vare- og campingbiler,1995M05,1995M05,0,
B,Bruktimporterte kjøretøy,21,Hybrid,VareCampBiler,Vare- og campingbiler,1995M06,1995M06,0,
B,Bruktimporterte kjøretøy,21,Hybrid,VareCampBiler,Vare- og campingbiler,1995M07,1995M07,0,
B,Bruktimporterte kjøretøy,21,Hybrid,VareCampBiler,Vare- og campingbiler,1995M08,1995M08,0,
B,Bruktimporterte kjøretøy,21,Hybrid,VareCampBiler,Vare- og campingbiler,1995M09,1995M09,0,
B,Bruktimporterte kjøretøy,21,Hybrid,VareCampBiler,Vare- og campingbiler,1995M10,1995M10,0,
B,Bruktimporterte kjøretøy,21,Hybrid,VareCampBiler,Vare- og campingbiler,1995M11,1995M11,0,
B,Bruktimporterte kjøretøy,21,Hybrid,VareCampBiler,Vare- og campingbiler,1995M12,1995M12,0,
B,Bruktimporterte kjøretøy,21,Hybrid,VareCampBiler,Vare- og campingbiler,1996M01,1996M01,0,
B,Bruktimporterte kjøretøy,21,Hybrid,VareCampBiler,Vare- og campingbiler,1996M02,1996M02,0,
B,Bruktimporterte kjøretøy,21,Hybrid,VareCampBiler,Vare- og campingbiler,1996M03,1996M03,0,
B,Bruktimporterte kjøretøy,21,Hybrid,VareCampBiler,Vare- og campingbiler,1996M04,1996M04,0,
B,Bruktimporterte kjøretøy,21,Hybrid,VareCampBiler,Vare- og campingbiler,1996M05,1996M05,0,
B,Bruktimporterte kjøretøy,21,Hybrid,VareCampBiler,Vare- og campingbiler,1996M06,1996M06,0,
B,Bruktimporterte kjøretøy,21,Hybrid,VareCampBiler,Vare- og campingbiler,1996M07,1996M07,0,
B,Bruktimporterte kjøretøy,21,Hybrid,VareCampBiler,Vare- og campingbiler,1996M08,1996M08,0,
B,Bruktimporterte kjøretøy,21,Hybrid,VareCampBiler,Vare- og campingbiler,1996M09,1996M09,0,
B,Bruktimporterte kjøretøy,21,Hybrid,VareCampBiler,Vare- og campingbiler,1996M10,1996M10,0,
B,Bruktimporterte kjøretøy,21,Hybrid,VareCampBiler,Vare- og campingbiler,1996M11,1996M11,0,
B,Bruktimporterte kjøretøy,21,Hybrid,VareCampBiler,Vare- og campingbiler,1996M12,1996M12,0,
B,Bruktimporterte kjøretøy,21,Hybrid,VareCampBiler,Vare- og campingbiler,1997M01,1997M01,0,
B,Bruktimporterte kjøretøy,21,Hybrid,VareCampBiler,Vare- og campingbiler,1997M02,1997M02,0,
B,Bruktimporterte kjøretøy,21,Hybrid,VareCampBiler,Vare- og campingbiler,1997M03,1997M03,0,
B,Bruktimporterte kjøretøy,21,Hybrid,VareCampBiler,Vare- og campingbiler,1997M04,1997M04,0,
B,Bruktimporterte kjøretøy,21,Hybrid,VareCampBiler,Vare- og campingbiler,1997M05,1997M05,0,
B,Bruktimporterte kjøretøy,21,Hybrid,VareCampBiler,Vare- og campingbiler,1997M06,1997M06,0,
B,Bruktimporterte kjøretøy,21,Hybrid,VareCampBiler,Vare- og campingbiler,1997M07,1997M07,0,
B,Bruktimporterte kjøretøy,21,Hybrid,VareCampBiler,Vare- og campingbiler,1997M08,1997M08,0,
B,Bruktimporterte kjøretøy,21,Hybrid,VareCampBiler,Vare- og campingbiler,1997M09,1997M09,0,
B,Bruktimporterte kjøretøy,21,Hybrid,VareCampBiler,Vare- og campingbiler,1997M10,1997M10,0,
B,Bruktimporterte kjøretøy,21,Hybrid,VareCampBiler,Vare- og campingbiler,1997M11,1997M11,0,
B,Bruktimporterte kjøretøy,21,Hybrid,VareCampBiler,Vare- og campingbiler,1997M12,1997M12,0,
B,Bruktimporterte kjøretøy,21,Hybrid,VareCampBiler,Vare- og campingbiler,1998M01,1998M01,0,
B,Bruktimporterte kjøretøy,21,Hybrid,VareCampBiler,Vare- og campingbiler,1998M02,1998M02,0,
B,Bruktimporterte kjøretøy,21,Hybrid,VareCampBiler,Vare- og campingbiler,1998M03,1998M03,0,
B,Bruktimporterte kjøretøy,21,Hybrid,VareCampBiler,Vare- og campingbiler,1998M04,1998M04,0,
B,Bruktimporterte kjøretøy,21,Hybrid,VareCampBiler,Vare- og campingbiler,1998M05,1998M05,0,
B,Bruktimporterte kjøretøy,21,Hybrid,VareCampBiler,Vare- og campingbiler,1998M06,1998M06,0,
B,Bruktimporterte kjøretøy,21,Hybrid,VareCampBiler,Vare- og campingbiler,1998M07,1998M07,0,
B,Bruktimporterte kjøretøy,21,Hybrid,VareCampBiler,Vare- og campingbiler,1998M08,1998M08,0,
B,Bruktimporterte kjøretøy,21,Hybrid,VareCampBiler,Vare- og campingbiler,1998M09,1998M09,0,
B,Bruktimporterte kjøretøy,21,Hybrid,VareCampBiler,Vare- og campingbiler,1998M10,1998M10,0,
B,Bruktimporterte kjøretøy,21,Hybrid,VareCampBiler,Vare- og campingbiler,1998M11,1998M11,0,
B,Bruktimporterte kjøretøy,21,Hybrid,VareCampBiler,Vare- og campingbiler,1998M12,1998M12,0,
B,Bruktimporterte kjøretøy,21,Hybrid,VareCampBiler,Vare- og campingbiler,1999M01,1999M01,0,
B,Bruktimporterte kjøretøy,21,Hybrid,VareCampBiler,Vare- og campingbiler,1999M02,1999M02,0,
B,Bruktimporterte kjøretøy,21,Hybrid,VareCampBiler,Vare- og campingbiler,1999M03,1999M03,0,
B,Bruktimporterte kjøretøy,21,Hybrid,VareCampBiler,Vare- og campingbiler,1999M04,1999M04,0,
B,Bruktimporterte kjøretøy,21,Hybrid,VareCampBiler,Vare- og campingbiler,1999M05,1999M05,0,
B,Bruktimporterte kjøretøy,21,Hybrid,VareCampBiler,Vare- og campingbiler,1999M06,1999M06,0,
B,Bruktimporterte kjøretøy,21,Hybrid,VareCampBiler,Vare- og campingbiler,1999M07,1999M07,0,
B,Bruktimporterte kjøretøy,21,Hybrid,VareCampBiler,Vare- og campingbiler,1999M08,1999M08,0,
B,Bruktimporterte kjøretøy,21,Hybrid,VareCampBiler,Vare- og campingbiler,1999M09,1999M09,0,
B,Bruktimporterte kjøretøy,21,Hybrid,VareCampBiler,Vare- og campingbiler,1999M10,1999M10,0,
B,Bruktimporterte kjøretøy,21,Hybrid,VareCampBiler,Vare- og campingbiler,1999M11,1999M11,0,
B,Bruktimporterte kjøretøy,21,Hybrid,VareCampBiler,Vare- og campingbiler,1999M12,1999M12,0,
B,Bruktimporterte kjøretøy,21,Hybrid,VareCampBiler,Vare- og campingbiler,2000M01,2000M01,0,
B,Bruktimporterte kjøretøy,21,Hybrid,VareCampBiler,Vare- og campingbiler,2000M02,2000M02,0,
B,Bruktimporterte kjøretøy,21,Hybrid,VareCampBiler,Vare- og campingbiler,2000M03,2000M03,0,
B,Bruktimporterte kjøretøy,21,Hybrid,VareCampBiler,Vare- og campingbiler,2000M04,2000M04,0,
B,Bruktimporterte kjøretøy,21,Hybrid,VareCampBiler,Vare- og campingbiler,2000M05,2000M05,0,
B,Bruktimporterte kjøretøy,21,Hybrid,VareCampBiler,Vare- og campingbiler,2000M06,2000M06,0,
B,Bruktimporterte kjøretøy,21,Hybrid,VareCampBiler,Vare- og campingbiler,2000M07,2000M07,0,
B,Bruktimporterte kjøretøy,21,Hybrid,VareCampBiler,Vare- og campingbiler,2000M08,2000M08,0,
B,Bruktimporterte kjøretøy,21,Hybrid,VareCampBiler,Vare- og campingbiler,2000M09,2000M09,0,
B,Bruktimporterte kjøretøy,21,Hybrid,VareCampBiler,Vare- og campingbiler,2000M10,2000M10,0,
B,Bruktimporterte kjøretøy,21,Hybrid,VareCampBiler,Vare- og campingbiler,2000M11,2000M11,0,
B,Bruktimporterte kjøretøy,21,Hybrid,VareCampBiler,Vare- og campingbiler,2000M12,2000M12,0,
B,Bruktimporterte kjøretøy,21,Hybrid,VareCampBiler,Vare- og campingbiler,2001M01,2001M01,0,
B,Bruktimporterte kjøretøy,21,Hybrid,VareCampBiler,Vare- og campingbiler,2001M02,2001M02,0,
B,Bruktimporterte kjøretøy,21,Hybrid,VareCampBiler,Vare- og campingbiler,2001M03,2001M03,0,
B,Bruktimporterte kjøretøy,21,Hybrid,VareCampBiler,Vare- og campingbiler,2001M04,2001M04,0,
B,Bruktimporterte kjøretøy,21,Hybrid,VareCampBiler,Vare- og campingbiler,2001M05,2001M05,0,
B,Bruktimporterte kjøretøy,21,Hybrid,VareCampBiler,Vare- og campingbiler,2001M06,2001M06,0,
B,Bruktimporterte kjøretøy,21,Hybrid,VareCampBiler,Vare- og campingbiler,2001M07,2001M07,0,
B,Bruktimporterte kjøretøy,21,Hybrid,VareCampBiler,Vare- og campingbiler,2001M08,2001M08,0,
B,Bruktimporterte kjøretøy,21,Hybrid,VareCampBiler,Vare- og campingbiler,2001M09,2001M09,0,
B,Bruktimporterte kjøretøy,21,Hybrid,VareCampBiler,Vare- og campingbiler,2001M10,2001M10,0,
B,Bruktimporterte kjøretøy,21,Hybrid,VareCampBiler,Vare- og campingbiler,2001M11,2001M11,0,
B,Bruktimporterte kjøretøy,21,Hybrid,VareCampBiler,Vare- og campingbiler,2001M12,2001M12,0,
B,Bruktimporterte kjøretøy,21,Hybrid,VareCampBiler,Vare- og campingbiler,2002M01,2002M01,0,
B,Bruktimporterte kjøretøy,21,Hybrid,VareCampBiler,Vare- og campingbiler,2002M02,2002M02,0,
B,Bruktimporterte kjøretøy,21,Hybrid,VareCampBiler,Vare- og campingbiler,2002M03,2002M03,0,
B,Bruktimporterte kjøretøy,21,Hybrid,VareCampBiler,Vare- og campingbiler,2002M04,2002M04,0,
B,Bruktimporterte kjøretøy,21,Hybrid,VareCampBiler,Vare- og campingbiler,2002M05,2002M05,0,
B,Bruktimporterte kjøretøy,21,Hybrid,VareCampBiler,Vare- og campingbiler,2002M06,2002M06,0,
B,Bruktimporterte kjøretøy,21,Hybrid,VareCampBiler,Vare- og campingbiler,2002M07,2002M07,0,
B,Bruktimporterte kjøretøy,21,Hybrid,VareCampBiler,Vare- og campingbiler,2002M08,2002M08,0,
B,Bruktimporterte kjøretøy,21,Hybrid,VareCampBiler,Vare- og campingbiler,2002M09,2002M09,0,
B,Bruktimporterte kjøretøy,21,Hybrid,VareCampBiler,Vare- og campingbiler,2002M10,2002M10,0,
B,Bruktimporterte kjøretøy,21,Hybrid,VareCampBiler,Vare- og campingbiler,2002M11,2002M11,0,
B,Bruktimporterte kjøretøy,21,Hybrid,VareCampBiler,Vare- og campingbiler,2002M12,2002M12,0,
B,Bruktimporterte kjøretøy,21,Hybrid,VareCampBiler,Vare- og campingbiler,2003M01,2003M01,0,
B,Bruktimporterte kjøretøy,21,Hybrid,VareCampBiler,Vare- og campingbiler,2003M02,2003M02,0,
B,Bruktimporterte kjøretøy,21,Hybrid,VareCampBiler,Vare- og campingbiler,2003M03,2003M03,0,
B,Bruktimporterte kjøretøy,21,Hybrid,VareCampBiler,Vare- og campingbiler,2003M04,2003M04,0,
B,Bruktimporterte kjøretøy,21,Hybrid,VareCampBiler,Vare- og campingbiler,2003M05,2003M05,0,
B,Bruktimporterte kjøretøy,21,Hybrid,VareCampBiler,Vare- og campingbiler,2003M06,2003M06,0,
B,Bruktimporterte kjøretøy,21,Hybrid,VareCampBiler,Vare- og campingbiler,2003M07,2003M07,0,
B,Bruktimporterte kjøretøy,21,Hybrid,VareCampBiler,Vare- og campingbiler,2003M08,2003M08,0,
B,Bruktimporterte kjøretøy,21,Hybrid,VareCampBiler,Vare- og campingbiler,2003M09,2003M09,0,
B,Bruktimporterte kjøretøy,21,Hybrid,VareCampBiler,Vare- og campingbiler,2003M10,2003M10,0,
B,Bruktimporterte kjøretøy,21,Hybrid,VareCampBiler,Vare- og campingbiler,2003M11,2003M11,0,
B,Bruktimporterte kjøretøy,21,Hybrid,VareCampBiler,Vare- og campingbiler,2003M12,2003M12,0,
B,Bruktimporterte kjøretøy,21,Hybrid,VareCampBiler,Vare- og campingbiler,2004M01,2004M01,0,
B,Bruktimporterte kjøretøy,21,Hybrid,VareCampBiler,Vare- og campingbiler,2004M02,2004M02,0,
B,Bruktimporterte kjøretøy,21,Hybrid,VareCampBiler,Vare- og campingbiler,2004M03,2004M03,0,
B,Bruktimporterte kjøretøy,21,Hybrid,VareCampBiler,Vare- og campingbiler,2004M04,2004M04,0,
B,Bruktimporterte kjøretøy,21,Hybrid,VareCampBiler,Vare- og campingbiler,2004M05,2004M05,0,
B,Bruktimporterte kjøretøy,21,Hybrid,VareCampBiler,Vare- og campingbiler,2004M06,2004M06,0,
B,Bruktimporterte kjøretøy,21,Hybrid,VareCampBiler,Vare- og campingbiler,2004M07,2004M07,0,
B,Bruktimporterte kjøretøy,21,Hybrid,VareCampBiler,Vare- og campingbiler,2004M08,2004M08,0,
B,Bruktimporterte kjøretøy,21,Hybrid,VareCampBiler,Vare- og campingbiler,2004M09,2004M09,0,
B,Bruktimporterte kjøretøy,21,Hybrid,VareCampBiler,Vare- og campingbiler,2004M10,2004M10,0,
B,Bruktimporterte kjøretøy,21,Hybrid,VareCampBiler,Vare- og campingbiler,2004M11,2004M11,0,
B,Bruktimporterte kjøretøy,21,Hybrid,VareCampBiler,Vare- og campingbiler,2004M12,2004M12,0,
B,Bruktimporterte kjøretøy,21,Hybrid,VareCampBiler,Vare- og campingbiler,2005M01,2005M01,0,
B,Bruktimporterte kjøretøy,21,Hybrid,VareCampBiler,Vare- og campingbiler,2005M02,2005M02,0,
B,Bruktimporterte kjøretøy,21,Hybrid,VareCampBiler,Vare- og campingbiler,2005M03,2005M03,0,
B,Bruktimporterte kjøretøy,21,Hybrid,VareCampBiler,Vare- og campingbiler,2005M04,2005M04,0,
B,Bruktimporterte kjøretøy,21,Hybrid,VareCampBiler,Vare- og campingbiler,2005M05,2005M05,0,
B,Bruktimporterte kjøretøy,21,Hybrid,VareCampBiler,Vare- og campingbiler,2005M06,2005M06,0,
B,Bruktimporterte kjøretøy,21,Hybrid,VareCampBiler,Vare- og campingbiler,2005M07,2005M07,0,
B,Bruktimporterte kjøretøy,21,Hybrid,VareCampBiler,Vare- og campingbiler,2005M08,2005M08,0,
B,Bruktimporterte kjøretøy,21,Hybrid,VareCampBiler,Vare- og campingbiler,2005M09,2005M09,0,
B,Bruktimporterte kjøretøy,21,Hybrid,VareCampBiler,Vare- og campingbiler,2005M10,2005M10,0,
B,Bruktimporterte kjøretøy,21,Hybrid,VareCampBiler,Vare- og campingbiler,2005M11,2005M11,0,
B,Bruktimporterte kjøretøy,21,Hybrid,VareCampBiler,Vare- og campingbiler,2005M12,2005M12,0,
B,Bruktimporterte kjøretøy,21,Hybrid,VareCampBiler,Vare- og campingbiler,2006M01,2006M01,0,
B,Bruktimporterte kjøretøy,21,Hybrid,VareCampBiler,Vare- og campingbiler,2006M02,2006M02,0,
B,Bruktimporterte kjøretøy,21,Hybrid,VareCampBiler,Vare- og campingbiler,2006M03,2006M03,0,
B,Bruktimporterte kjøretøy,21,Hybrid,VareCampBiler,Vare- og campingbiler,2006M04,2006M04,0,
B,Bruktimporterte kjøretøy,21,Hybrid,VareCampBiler,Vare- og campingbiler,2006M05,2006M05,0,
B,Bruktimporterte kjøretøy,21,Hybrid,VareCampBiler,Vare- og campingbiler,2006M06,2006M06,0,
B,Bruktimporterte kjøretøy,21,Hybrid,VareCampBiler,Vare- og campingbiler,2006M07,2006M07,0,
B,Bruktimporterte kjøretøy,21,Hybrid,VareCampBiler,Vare- og campingbiler,2006M08,2006M08,0,
B,Bruktimporterte kjøretøy,21,Hybrid,VareCampBiler,Vare- og campingbiler,2006M09,2006M09,0,
B,Bruktimporterte kjøretøy,21,Hybrid,VareCampBiler,Vare- og campingbiler,2006M10,2006M10,0,
B,Bruktimporterte kjøretøy,21,Hybrid,VareCampBiler,Vare- og campingbiler,2006M11,2006M11,0,
B,Bruktimporterte kjøretøy,21,Hybrid,VareCampBiler,Vare- og campingbiler,2006M12,2006M12,0,
B,Bruktimporterte kjøretøy,21,Hybrid,VareCampBiler,Vare- og campingbiler,2007M01,2007M01,0,
B,Bruktimporterte kjøretøy,21,Hybrid,VareCampBiler,Vare- og campingbiler,2007M02,2007M02,0,
B,Bruktimporterte kjøretøy,21,Hybrid,VareCampBiler,Vare- og campingbiler,2007M03,2007M03,0,
B,Bruktimporterte kjøretøy,21,Hybrid,VareCampBiler,Vare- og campingbiler,2007M04,2007M04,0,
B,Bruktimporterte kjøretøy,21,Hybrid,VareCampBiler,Vare- og campingbiler,2007M05,2007M05,0,
B,Bruktimporterte kjøretøy,21,Hybrid,VareCampBiler,Vare- og campingbiler,2007M06,2007M06,0,
B,Bruktimporterte kjøretøy,21,Hybrid,VareCampBiler,Vare- og campingbiler,2007M07,2007M07,0,
B,Bruktimporterte kjøretøy,21,Hybrid,VareCampBiler,Vare- og campingbiler,2007M08,2007M08,0,
B,Bruktimporterte kjøretøy,21,Hybrid,VareCampBiler,Vare- og campingbiler,2007M09,2007M09,0,
B,Bruktimporterte kjøretøy,21,Hybrid,VareCampBiler,Vare- og campingbiler,2007M10,2007M10,0,
B,Bruktimporterte kjøretøy,21,Hybrid,VareCampBiler,Vare- og campingbiler,2007M11,2007M11,0,
B,Bruktimporterte kjøretøy,21,Hybrid,VareCampBiler,Vare- og campingbiler,2007M12,2007M12,0,
B,Bruktimporterte kjøretøy,21,Hybrid,VareCampBiler,Vare- og campingbiler,2008M01,2008M01,0,
B,Bruktimporterte kjøretøy,21,Hybrid,VareCampBiler,Vare- og campingbiler,2008M02,2008M02,0,
B,Bruktimporterte kjøretøy,21,Hybrid,VareCampBiler,Vare- og campingbiler,2008M03,2008M03,0,
B,Bruktimporterte kjøretøy,21,Hybrid,VareCampBiler,Vare- og campingbiler,2008M04,2008M04,0,
B,Bruktimporterte kjøretøy,21,Hybrid,VareCampBiler,Vare- og campingbiler,2008M05,2008M05,0,
B,Bruktimporterte kjøretøy,21,Hybrid,VareCampBiler,Vare- og campingbiler,2008M06,2008M06,0,
B,Bruktimporterte kjøretøy,21,Hybrid,VareCampBiler,Vare- og campingbiler,2008M07,2008M07,0,
B,Bruktimporterte kjøretøy,21,Hybrid,VareCampBiler,Vare- og campingbiler,2008M08,2008M08,0,
B,Bruktimporterte kjøretøy,21,Hybrid,VareCampBiler,Vare- og campingbiler,2008M09,2008M09,0,
B,Bruktimporterte kjøretøy,21,Hybrid,VareCampBiler,Vare- og campingbiler,2008M10,2008M10,0,
B,Bruktimporterte kjøretøy,21,Hybrid,VareCampBiler,Vare- og campingbiler,2008M11,2008M11,0,
B,Bruktimporterte kjøretøy,21,Hybrid,VareCampBiler,Vare- og campingbiler,2008M12,2008M12,0,
B,Bruktimporterte kjøretøy,21,Hybrid,VareCampBiler,Vare- og campingbiler,2009M01,2009M01,0,
B,Bruktimporterte kjøretøy,21,Hybrid,VareCampBiler,Vare- og campingbiler,2009M02,2009M02,0,
B,Bruktimporterte kjøretøy,21,Hybrid,VareCampBiler,Vare- og campingbiler,2009M03,2009M03,0,
B,Bruktimporterte kjøretøy,21,Hybrid,VareCampBiler,Vare- og campingbiler,2009M04,2009M04,0,
B,Bruktimporterte kjøretøy,21,Hybrid,VareCampBiler,Vare- og campingbiler,2009M05,2009M05,0,
B,Bruktimporterte kjøretøy,21,Hybrid,VareCampBiler,Vare- og campingbiler,2009M06,2009M06,0,
B,Bruktimporterte kjøretøy,21,Hybrid,VareCampBiler,Vare- og campingbiler,2009M07,2009M07,0,
B,Bruktimporterte kjøretøy,21,Hybrid,VareCampBiler,Vare- og campingbiler,2009M08,2009M08,0,
B,Bruktimporterte kjøretøy,21,Hybrid,VareCampBiler,Vare- og campingbiler,2009M09,2009M09,0,
B,Bruktimporterte kjøretøy,21,Hybrid,VareCampBiler,Vare- og campingbiler,2009M10,2009M10,0,
B,Bruktimporterte kjøretøy,21,Hybrid,VareCampBiler,Vare- og campingbiler,2009M11,2009M11,0,
B,Bruktimporterte kjøretøy,21,Hybrid,VareCampBiler,Vare- og campingbiler,2009M12,2009M12,0,
B,Bruktimporterte kjøretøy,21,Hybrid,VareCampBiler,Vare- og campingbiler,2010M01,2010M01,0,
B,Bruktimporterte kjøretøy,21,Hybrid,VareCampBiler,Vare- og campingbiler,2010M02,2010M02,0,
B,Bruktimporterte kjøretøy,21,Hybrid,VareCampBiler,Vare- og campingbiler,2010M03,2010M03,0,
B,Bruktimporterte kjøretøy,21,Hybrid,VareCampBiler,Vare- og campingbiler,2010M04,2010M04,0,
B,Bruktimporterte kjøretøy,21,Hybrid,VareCampBiler,Vare- og campingbiler,2010M05,2010M05,0,
B,Bruktimporterte kjøretøy,21,Hybrid,VareCampBiler,Vare- og campingbiler,2010M06,2010M06,0,
B,Bruktimporterte kjøretøy,21,Hybrid,VareCampBiler,Vare- og campingbiler,2010M07,2010M07,0,
B,Bruktimporterte kjøretøy,21,Hybrid,VareCampBiler,Vare- og campingbiler,2010M08,2010M08,0,
B,Bruktimporterte kjøretøy,21,Hybrid,VareCampBiler,Vare- og campingbiler,2010M09,2010M09,0,
B,Bruktimporterte kjøretøy,21,Hybrid,VareCampBiler,Vare- og campingbiler,2010M10,2010M10,0,
B,Bruktimporterte kjøretøy,21,Hybrid,VareCampBiler,Vare- og campingbiler,2010M11,2010M11,0,
B,Bruktimporterte kjøretøy,21,Hybrid,VareCampBiler,Vare- og campingbiler,2010M12,2010M12,0,
B,Bruktimporterte kjøretøy,21,Hybrid,VareCampBiler,Vare- og campingbiler,2011M01,2011M01,0,
B,Bruktimporterte kjøretøy,21,Hybrid,VareCampBiler,Vare- og campingbiler,2011M02,2011M02,0,
B,Bruktimporterte kjøretøy,21,Hybrid,VareCampBiler,Vare- og campingbiler,2011M03,2011M03,0,
B,Bruktimporterte kjøretøy,21,Hybrid,VareCampBiler,Vare- og campingbiler,2011M04,2011M04,0,
B,Bruktimporterte kjøretøy,21,Hybrid,VareCampBiler,Vare- og campingbiler,2011M05,2011M05,0,
B,Bruktimporterte kjøretøy,21,Hybrid,VareCampBiler,Vare- og campingbiler,2011M06,2011M06,0,
B,Bruktimporterte kjøretøy,21,Hybrid,VareCampBiler,Vare- og campingbiler,2011M07,2011M07,0,
B,Bruktimporterte kjøretøy,21,Hybrid,VareCampBiler,Vare- og campingbiler,2011M08,2011M08,0,
B,Bruktimporterte kjøretøy,21,Hybrid,VareCampBiler,Vare- og campingbiler,2011M09,2011M09,0,
B,Bruktimporterte kjøretøy,21,Hybrid,VareCampBiler,Vare- og campingbiler,2011M10,2011M10,0,
B,Bruktimporterte kjøretøy,21,Hybrid,VareCampBiler,Vare- og campingbiler,2011M11,2011M11,0,
B,Bruktimporterte kjøretøy,21,Hybrid,VareCampBiler,Vare- og campingbiler,2011M12,2011M12,0,
B,Bruktimporterte kjøretøy,21,Hybrid,VareCampBiler,Vare- og campingbiler,2012M01,2012M01,0,
B,Bruktimporterte kjøretøy,21,Hybrid,VareCampBiler,Vare- og campingbiler,2012M02,2012M02,0,
B,Bruktimporterte kjøretøy,21,Hybrid,VareCampBiler,Vare- og campingbiler,2012M03,2012M03,0,
B,Bruktimporterte kjøretøy,21,Hybrid,VareCampBiler,Vare- og campingbiler,2012M04,2012M04,0,
B,Bruktimporterte kjøretøy,21,Hybrid,VareCampBiler,Vare- og campingbiler,2012M05,2012M05,0,
B,Bruktimporterte kjøretøy,21,Hybrid,VareCampBiler,Vare- og campingbiler,2012M06,2012M06,0,
B,Bruktimporterte kjøretøy,21,Hybrid,VareCampBiler,Vare- og campingbiler,2012M07,2012M07,0,
B,Bruktimporterte kjøretøy,21,Hybrid,VareCampBiler,Vare- og campingbiler,2012M08,2012M08,0,
B,Bruktimporterte kjøretøy,21,Hybrid,VareCampBiler,Vare- og campingbiler,2012M09,2012M09,0,
B,Bruktimporterte kjøretøy,21,Hybrid,VareCampBiler,Vare- og campingbiler,2012M10,2012M10,0,
B,Bruktimporterte kjøretøy,21,Hybrid,VareCampBiler,Vare- og campingbiler,2012M11,2012M11,0,
B,Bruktimporterte kjøretøy,21,Hybrid,VareCampBiler,Vare- og campingbiler,2012M12,2012M12,0,
B,Bruktimporterte kjøretøy,21,Hybrid,VareCampBiler,Vare- og campingbiler,2013M01,2013M01,0,
B,Bruktimporterte kjøretøy,21,Hybrid,VareCampBiler,Vare- og campingbiler,2013M02,2013M02,0,
B,Bruktimporterte kjøretøy,21,Hybrid,VareCampBiler,Vare- og campingbiler,2013M03,2013M03,0,
B,Bruktimporterte kjøretøy,21,Hybrid,VareCampBiler,Vare- og campingbiler,2013M04,2013M04,0,
B,Bruktimporterte kjøretøy,21,Hybrid,VareCampBiler,Vare- og campingbiler,2013M05,2013M05,0,
B,Bruktimporterte kjøretøy,21,Hybrid,VareCampBiler,Vare- og campingbiler,2013M06,2013M06,0,
B,Bruktimporterte kjøretøy,21,Hybrid,VareCampBiler,Vare- og campingbiler,2013M07,2013M07,0,
B,Bruktimporterte kjøretøy,21,Hybrid,VareCampBiler,Vare- og campingbiler,2013M08,2013M08,0,
B,Bruktimporterte kjøretøy,21,Hybrid,VareCampBiler,Vare- og campingbiler,2013M09,2013M09,0,
B,Bruktimporterte kjøretøy,21,Hybrid,VareCampBiler,Vare- og campingbiler,2013M10,2013M10,0,
B,Bruktimporterte kjøretøy,21,Hybrid,VareCampBiler,Vare- og campingbiler,2013M11,2013M11,0,
B,Bruktimporterte kjøretøy,21,Hybrid,VareCampBiler,Vare- og campingbiler,2013M12,2013M12,0,
B,Bruktimporterte kjøretøy,21,Hybrid,VareCampBiler,Vare- og campingbiler,2014M01,2014M01,0,
B,Bruktimporterte kjøretøy,21,Hybrid,VareCampBiler,Vare- og campingbiler,2014M02,2014M02,0,
B,Bruktimporterte kjøretøy,21,Hybrid,VareCampBiler,Vare- og campingbiler,2014M03,2014M03,0,
B,Bruktimporterte kjøretøy,21,Hybrid,VareCampBiler,Vare- og campingbiler,2014M04,2014M04,0,
B,Bruktimporterte kjøretøy,21,Hybrid,VareCampBiler,Vare- og campingbiler,2014M05,2014M05,0,
B,Bruktimporterte kjøretøy,21,Hybrid,VareCampBiler,Vare- og campingbiler,2014M06,2014M06,0,
B,Bruktimporterte kjøretøy,21,Hybrid,VareCampBiler,Vare- og campingbiler,2014M07,2014M07,0,
B,Bruktimporterte kjøretøy,21,Hybrid,VareCampBiler,Vare- og campingbiler,2014M08,2014M08,0,
B,Bruktimporterte kjøretøy,21,Hybrid,VareCampBiler,Vare- og campingbiler,2014M09,2014M09,0,
B,Bruktimporterte kjøretøy,21,Hybrid,VareCampBiler,Vare- og campingbiler,2014M10,2014M10,0,
B,Bruktimporterte kjøretøy,21,Hybrid,VareCampBiler,Vare- og campingbiler,2014M11,2014M11,0,
B,Bruktimporterte kjøretøy,21,Hybrid,VareCampBiler,Vare- og campingbiler,2014M12,2014M12,0,
B,Bruktimporterte kjøretøy,21,Hybrid,VareCampBiler,Vare- og campingbiler,2015M01,2015M01,0,
B,Bruktimporterte kjøretøy,21,Hybrid,VareCampBiler,Vare- og campingbiler,2015M02,2015M02,0,
B,Bruktimporterte kjøretøy,21,Hybrid,VareCampBiler,Vare- og campingbiler,2015M03,2015M03,0,
B,Bruktimporterte kjøretøy,21,Hybrid,VareCampBiler,Vare- og campingbiler,2015M04,2015M04,0,
B,Bruktimporterte kjøretøy,21,Hybrid,VareCampBiler,Vare- og campingbiler,2015M05,2015M05,0,
B,Bruktimporterte kjøretøy,21,Hybrid,VareCampBiler,Vare- og campingbiler,2015M06,2015M06,0,
B,Bruktimporterte kjøretøy,21,Hybrid,VareCampBiler,Vare- og campingbiler,2015M07,2015M07,0,
B,Bruktimporterte kjøretøy,21,Hybrid,VareCampBiler,Vare- og campingbiler,2015M08,2015M08,0,
B,Bruktimporterte kjøretøy,21,Hybrid,VareCampBiler,Vare- og campingbiler,2015M09,2015M09,0,
B,Bruktimporterte kjøretøy,21,Hybrid,VareCampBiler,Vare- og campingbiler,2015M10,2015M10,0,
B,Bruktimporterte kjøretøy,21,Hybrid,VareCampBiler,Vare- og campingbiler,2015M11,2015M11,0,
B,Bruktimporterte kjøretøy,21,Hybrid,VareCampBiler,Vare- og campingbiler,2015M12,2015M12,0,
B,Bruktimporterte kjøretøy,21,Hybrid,VareCampBiler,Vare- og campingbiler,2016M01,2016M01,0,
B,Bruktimporterte kjøretøy,21,Hybrid,VareCampBiler,Vare- og campingbiler,2016M02,2016M02,0,
B,Bruktimporterte kjøretøy,21,Hybrid,VareCampBiler,Vare- og campingbiler,2016M03,2016M03,0,
B,Bruktimporterte kjøretøy,21,Hybrid,VareCampBiler,Vare- og campingbiler,2016M04,2016M04,0,
B,Bruktimporterte kjøretøy,21,Hybrid,VareCampBiler,Vare- og campingbiler,2016M05,2016M05,0,
B,Bruktimporterte kjøretøy,21,Hybrid,VareCampBiler,Vare- og campingbiler,2016M06,2016M06,0,
B,Bruktimporterte kjøretøy,21,Hybrid,VareCampBiler,Vare- og campingbiler,2016M07,2016M07,0,
B,Bruktimporterte kjøretøy,21,Hybrid,VareCampBiler,Vare- og campingbiler,2016M08,2016M08,0,
B,Bruktimporterte kjøretøy,21,Hybrid,VareCampBiler,Vare- og campingbiler,2016M09,2016M09,0,
B,Bruktimporterte kjøretøy,21,Hybrid,VareCampBiler,Vare- og campingbiler,2016M10,2016M10,0,
B,Bruktimporterte kjøretøy,21,Hybrid,VareCampBiler,Vare- og campingbiler,2016M11,2016M11,0,
B,Bruktimporterte kjøretøy,21,Hybrid,VareCampBiler,Vare- og campingbiler,2016M12,2016M12,0,
B,Bruktimporterte kjøretøy,21,Hybrid,VareCampBiler,Vare- og campingbiler,2017M01,2017M01,0,
B,Bruktimporterte kjøretøy,21,Hybrid,VareCampBiler,Vare- og campingbiler,2017M02,2017M02,0,
B,Bruktimporterte kjøretøy,21,Hybrid,VareCampBiler,Vare- og campingbiler,2017M03,2017M03,0,
B,Bruktimporterte kjøretøy,21,Hybrid,VareCampBiler,Vare- og campingbiler,2017M04,2017M04,0,
B,Bruktimporterte kjøretøy,21,Hybrid,VareCampBiler,Vare- og campingbiler,2017M05,2017M05,0,
B,Bruktimporterte kjøretøy,21,Hybrid,VareCampBiler,Vare- og campingbiler,2017M06,2017M06,0,
B,Bruktimporterte kjøretøy,21,Hybrid,VareCampBiler,Vare- og campingbiler,2017M07,2017M07,0,
B,Bruktimporterte kjøretøy,21,Hybrid,VareCampBiler,Vare- og campingbiler,2017M08,2017M08,0,
B,Bruktimporterte kjøretøy,21,Hybrid,VareCampBiler,Vare- og campingbiler,2017M09,2017M09,0,
B,Bruktimporterte kjøretøy,21,Hybrid,VareCampBiler,Vare- og campingbiler,2017M10,2017M10,0,
B,Bruktimporterte kjøretøy,21,Hybrid,VareCampBiler,Vare- og campingbiler,2017M11,2017M11,0,
B,Bruktimporterte kjøretøy,21,Hybrid,VareCampBiler,Vare- og campingbiler,2017M12,2017M12,0,
B,Bruktimporterte kjøretøy,21,Hybrid,VareCampBiler,Vare- og campingbiler,2018M01,2018M01,0,
B,Bruktimporterte kjøretøy,21,Hybrid,VareCampBiler,Vare- og campingbiler,2018M02,2018M02,0,
B,Bruktimporterte kjøretøy,21,Hybrid,VareCampBiler,Vare- og campingbiler,2018M03,2018M03,0,
B,Bruktimporterte kjøretøy,21,Hybrid,VareCampBiler,Vare- og campingbiler,2018M04,2018M04,0,
B,Bruktimporterte kjøretøy,21,Hybrid,VareCampBiler,Vare- og campingbiler,2018M05,2018M05,0,
B,Bruktimporterte kjøretøy,21,Hybrid,VareCampBiler,Vare- og campingbiler,2018M06,2018M06,0,
B,Bruktimporterte kjøretøy,21,Hybrid,VareCampBiler,Vare- og campingbiler,2018M07,2018M07,0,
B,Bruktimporterte kjøretøy,21,Hybrid,VareCampBiler,Vare- og campingbiler,2018M08,2018M08,0,
B,Bruktimporterte kjøretøy,21,Hybrid,VareCampBiler,Vare- og campingbiler,2018M09,2018M09,0,
B,Bruktimporterte kjøretøy,21,Hybrid,VareCampBiler,Vare- og campingbiler,2018M10,2018M10,0,
B,Bruktimporterte kjøretøy,21,Hybrid,VareCampBiler,Vare- og campingbiler,2018M11,2018M11,0,
B,Bruktimporterte kjøretøy,21,Hybrid,VareCampBiler,Vare- og campingbiler,2018M12,2018M12,1,
B,Bruktimporterte kjøretøy,21,Hybrid,VareCampBiler,Vare- og campingbiler,2019M01,2019M01,0,
B,Bruktimporterte kjøretøy,21,Hybrid,VareCampBiler,Vare- og campingbiler,2019M02,2019M02,0,
B,Bruktimporterte kjøretøy,21,Hybrid,VareCampBiler,Vare- og campingbiler,2019M03,2019M03,0,
B,Bruktimporterte kjøretøy,21,Hybrid,VareCampBiler,Vare- og campingbiler,2019M04,2019M04,0,
B,Bruktimporterte kjøretøy,21,Hybrid,VareCampBiler,Vare- og campingbiler,2019M05,2019M05,0,
B,Bruktimporterte kjøretøy,21,Hybrid,VareCampBiler,Vare- og campingbiler,2019M06,2019M06,0,
B,Bruktimporterte kjøretøy,21,Hybrid,VareCampBiler,Vare- og campingbiler,2019M07,2019M07,0,
B,Bruktimporterte kjøretøy,21,Hybrid,VareCampBiler,Vare- og campingbiler,2019M08,2019M08,0,
B,Bruktimporterte kjøretøy,21,Hybrid,VareCampBiler,Vare- og campingbiler,2019M09,2019M09,0,
B,Bruktimporterte kjøretøy,21,Hybrid,VareCampBiler,Vare- og campingbiler,2019M10,2019M10,0,
B,Bruktimporterte kjøretøy,21,Hybrid,VareCampBiler,Vare- og campingbiler,2019M11,2019M11,0,
B,Bruktimporterte kjøretøy,21,Hybrid,VareCampBiler,Vare- og campingbiler,2019M12,2019M12,0,
B,Bruktimporterte kjøretøy,21,Hybrid,VareCampBiler,Vare- og campingbiler,2020M01,2020M01,0,
B,Bruktimporterte kjøretøy,21,Hybrid,VareCampBiler,Vare- og campingbiler,2020M02,2020M02,0,
B,Bruktimporterte kjøretøy,21,Hybrid,VareCampBiler,Vare- og campingbiler,2020M03,2020M03,0,
B,Bruktimporterte kjøretøy,21,Hybrid,VareCampBiler,Vare- og campingbiler,2020M04,2020M04,0,
B,Bruktimporterte kjøretøy,21,Hybrid,VareCampBiler,Vare- og campingbiler,2020M05,2020M05,0,
B,Bruktimporterte kjøretøy,21,Hybrid,VareCampBiler,Vare- og campingbiler,2020M06,2020M06,0,
B,Bruktimporterte kjøretøy,21,Hybrid,VareCampBiler,Vare- og campingbiler,2020M07,2020M07,0,
B,Bruktimporterte kjøretøy,21,Hybrid,VareCampBiler,Vare- og campingbiler,2020M08,2020M08,0,
B,Bruktimporterte kjøretøy,21,Hybrid,VareCampBiler,Vare- og campingbiler,2020M09,2020M09,1,
B,Bruktimporterte kjøretøy,21,Hybrid,VareCampBiler,Vare- og campingbiler,2020M10,2020M10,0,
B,Bruktimporterte kjøretøy,21,Hybrid,VareCampBiler,Vare- og campingbiler,2020M11,2020M11,0,
B,Bruktimporterte kjøretøy,21,Hybrid,VareCampBiler,Vare- og campingbiler,2020M12,2020M12,0,
B,Bruktimporterte kjøretøy,21,Hybrid,VareCampBiler,Vare- og campingbiler,2021M01,2021M01,0,
B,Bruktimporterte kjøretøy,21,Hybrid,VareCampBiler,Vare- og campingbiler,2021M02,2021M02,2,
B,Bruktimporterte kjøretøy,21,Hybrid,VareCampBiler,Vare- og campingbiler,2021M03,2021M03,0,
B,Bruktimporterte kjøretøy,21,Hybrid,VareCampBiler,Vare- og campingbiler,2021M04,2021M04,1,
B,Bruktimporterte kjøretøy,21,Hybrid,VareCampBiler,Vare- og campingbiler,2021M05,2021M05,0,
B,Bruktimporterte kjøretøy,21,Hybrid,VareCampBiler,Vare- og campingbiler,2021M06,2021M06,2,
B,Bruktimporterte kjøretøy,21,Hybrid,VareCampBiler,Vare- og campingbiler,2021M07,2021M07,0,
B,Bruktimporterte kjøretøy,21,Hybrid,VareCampBiler,Vare- og campingbiler,2021M08,2021M08,1,
B,Bruktimporterte kjøretøy,21,Hybrid,VareCampBiler,Vare- og campingbiler,2021M09,2021M09,3,
B,Bruktimporterte kjøretøy,21,Hybrid,VareCampBiler,Vare- og campingbiler,2021M10,2021M10,1,
B,Bruktimporterte kjøretøy,21,Hybrid,VareCampBiler,Vare- og campingbiler,2021M11,2021M11,2,
B,Bruktimporterte kjøretøy,21,Hybrid,VareCampBiler,Vare- og campingbiler,2021M12,2021M12,3,
B,Bruktimporterte kjøretøy,21,Hybrid,VareCampBiler,Vare- og campingbiler,2022M01,2022M01,3,
B,Bruktimporterte kjøretøy,21,Hybrid,VareCampBiler,Vare- og campingbiler,2022M02,2022M02,3,
B,Bruktimporterte kjøretøy,21,Hybrid,VareCampBiler,Vare- og campingbiler,2022M03,2022M03,0,
B,Bruktimporterte kjøretøy,21,Hybrid,VareCampBiler,Vare- og campingbiler,2022M04,2022M04,1,
B,Bruktimporterte kjøretøy,21,Hybrid,VareCampBiler,Vare- og campingbiler,2022M05,2022M05,1,
B,Bruktimporterte kjøretøy,21,Hybrid,VareCampBiler,Vare- og campingbiler,2022M06,2022M06,1,
B,Bruktimporterte kjøretøy,21,Hybrid,VareCampBiler,Vare- og campingbiler,2022M07,2022M07,1,
B,Bruktimporterte kjøretøy,21,Hybrid,VareCampBiler,Vare- og campingbiler,2022M08,2022M08,1,
B,Bruktimporterte kjøretøy,21,Hybrid,VareCampBiler,Vare- og campingbiler,2022M09,2022M09,2,
B,Bruktimporterte kjøretøy,21,Hybrid,VareCampBiler,Vare- og campingbiler,2022M10,2022M10,2,
B,Bruktimporterte kjøretøy,21,Hybrid,VareCampBiler,Vare- og campingbiler,2022M11,2022M11,0,
B,Bruktimporterte kjøretøy,21,Hybrid,VareCampBiler,Vare- og campingbiler,2022M12,2022M12,0,
B,Bruktimporterte kjøretøy,21,Hybrid,VareCampBiler,Vare- og campingbiler,2023M01,2023M01,1,
B,Bruktimporterte kjøretøy,21,Hybrid,VareCampBiler,Vare- og campingbiler,2023M02,2023M02,2,
B,Bruktimporterte kjøretøy,21,Hybrid,VareCampBiler,Vare- og campingbiler,2023M03,2023M03,1,
B,Bruktimporterte kjøretøy,21,Hybrid,VareCampBiler,Vare- og campingbiler,2023M04,2023M04,2,
B,Bruktimporterte kjøretøy,21,Hybrid,VareCampBiler,Vare- og campingbiler,2023M05,2023M05,0,
B,Bruktimporterte kjøretøy,21,Hybrid,VareCampBiler,Vare- og campingbiler,2023M06,2023M06,0,
B,Bruktimporterte kjøretøy,21,Hybrid,VareCampBiler,Vare- og campingbiler,2023M07,2023M07,1,
B,Bruktimporterte kjøretøy,21,Hybrid,VareCampBiler,Vare- og campingbiler,2023M08,2023M08,0,
B,Bruktimporterte kjøretøy,21,Hybrid,VareCampBiler,Vare- og campingbiler,2023M09,2023M09,1,
B,Bruktimporterte kjøretøy,21,Hybrid,VareCampBiler,Vare- og campingbiler,2023M10,2023M10,1,
B,Bruktimporterte kjøretøy,21,Hybrid,VareCampBiler,Vare- og campingbiler,2023M11,2023M11,0,
B,Bruktimporterte kjøretøy,21,Hybrid,VareCampBiler,Vare- og campingbiler,2023M12,2023M12,2,
B,Bruktimporterte kjøretøy,21,Hybrid,VareCampBiler,Vare- og campingbiler,2024M01,2024M01,0,
B,Bruktimporterte kjøretøy,21,Hybrid,VareCampBiler,Vare- og campingbiler,2024M02,2024M02,2,
B,Bruktimporterte kjøretøy,21,Hybrid,VareCampBiler,Vare- og campingbiler,2024M03,2024M03,2,
B,Bruktimporterte kjøretøy,21,Hybrid,VareCampBiler,Vare- og campingbiler,2024M04,2024M04,1,
B,Bruktimporterte kjøretøy,21,Hybrid,VareCampBiler,Vare- og campingbiler,2024M05,2024M05,0,
B,Bruktimporterte kjøretøy,21,Hybrid,VareCampBiler,Vare- og campingbiler,2024M06,2024M06,1,
B,Bruktimporterte kjøretøy,21,Hybrid,VareCampBiler,Vare- og campingbiler,2024M07,2024M07,0,
B,Bruktimporterte kjøretøy,21,Hybrid,VareCampBiler,Vare- og campingbiler,2024M08,2024M08,2,
B,Bruktimporterte kjøretøy,21,Hybrid,VareCampBiler,Vare- og campingbiler,2024M09,2024M09,0,
B,Bruktimporterte kjøretøy,21,Hybrid,VareCampBiler,Vare- og campingbiler,2024M10,2024M10,0,
B,Bruktimporterte kjøretøy,21,Hybrid,VareCampBiler,Vare- og campingbiler,2024M11,2024M11,0,
B,Bruktimporterte kjøretøy,21,Hybrid,VareCampBiler,Vare- og campingbiler,2024M12,2024M12,2,
B,Bruktimporterte kjøretøy,21,Hybrid,VareCampBiler,Vare- og campingbiler,2025M01,2025M01,1,
B,Bruktimporterte kjøretøy,21,Hybrid,VareCampBiler,Vare- og campingbiler,2025M02,2025M02,0,
B,Bruktimporterte kjøretøy,21,Hybrid,VareCampBiler,Vare- og campingbiler,2025M03,2025M03,1,
B,Bruktimporterte kjøretøy,21,Hybrid,VareCampBiler,Vare- og campingbiler,2025M04,2025M04,3,
B,Bruktimporterte kjøretøy,21,Hybrid,VareCampBiler,Vare- og campingbiler,2025M05,2025M05,1,
B,Bruktimporterte kjøretøy,21,Hybrid,VareCampBiler,Vare- og campingbiler,2025M06,2025M06,1,
B,Bruktimporterte kjøretøy,21,Hybrid,VareCampBiler,Vare- og campingbiler,2025M07,2025M07,6,
B,Bruktimporterte kjøretøy,21,Hybrid,VareCampBiler,Vare- og campingbiler,2025M08,2025M08,2,
B,Bruktimporterte kjøretøy,21,Hybrid,VareCampBiler,Vare- og campingbiler,2025M09,2025M09,2,
B,Bruktimporterte kjøretøy,21,Hybrid,VareCampBiler,Vare- og campingbiler,2025M10,2025M10,4,
B,Bruktimporterte kjøretøy,21,Hybrid,VareCampBiler,Vare- og campingbiler,2025M11,2025M11,1,
B,Bruktimporterte kjøretøy,21,Hybrid,VareCampBiler,Vare- og campingbiler,2025M12,2025M12,10,
B,Bruktimporterte kjøretøy,21,Hybrid,VareCampBiler,Vare- og campingbiler,2026M01,2026M01,2,
B,Bruktimporterte kjøretøy,21,Hybrid,VareCampBiler,Vare- og campingbiler,2026M02,2026M02,0,
B,Bruktimporterte kjøretøy,21,Hybrid,VareCampBiler,Vare- og campingbiler,2026M03,2026M03,2,
B,Bruktimporterte kjøretøy,21,Hybrid,VareCampBiler,Vare- og campingbiler,2026M04,2026M04,0,
B,Bruktimporterte kjøretøy,21,Hybrid,VareCampBiler,Vare- og campingbiler,2026M05,2026M05,4,
B,Bruktimporterte kjøretøy,21,Hybrid,VareCampBiler,Vare- og campingbiler,2026M06,2026M06,1,
B,Bruktimporterte kjøretøy,21,Hybrid,VareCampBiler,Vare- og campingbiler,2026M07,2026M07,2,
B,Bruktimporterte kjøretøy,6,Annet drivstoff,Personbiler,Personbiler,1995M01,1995M01,0,
B,Bruktimporterte kjøretøy,6,Annet drivstoff,Personbiler,Personbiler,1995M02,1995M02,0,
B,Bruktimporterte kjøretøy,6,Annet drivstoff,Personbiler,Personbiler,1995M03,1995M03,0,
B,Bruktimporterte kjøretøy,6,Annet drivstoff,Personbiler,Personbiler,1995M04,1995M04,0,
B,Bruktimporterte kjøretøy,6,Annet drivstoff,Personbiler,Personbiler,1995M05,1995M05,0,
B,Bruktimporterte kjøretøy,6,Annet drivstoff,Personbiler,Personbiler,1995M06,1995M06,0,
B,Bruktimporterte kjøretøy,6,Annet drivstoff,Personbiler,Personbiler,1995M07,1995M07,0,
B,Bruktimporterte kjøretøy,6,Annet drivstoff,Personbiler,Personbiler,1995M08,1995M08,0,
B,Bruktimporterte kjøretøy,6,Annet drivstoff,Personbiler,Personbiler,1995M09,1995M09,0,
B,Bruktimporterte kjøretøy,6,Annet drivstoff,Personbiler,Personbiler,1995M10,1995M10,0,
B,Bruktimporterte kjøretøy,6,Annet drivstoff,Personbiler,Personbiler,1995M11,1995M11,0,
B,Bruktimporterte kjøretøy,6,Annet drivstoff,Personbiler,Personbiler,1995M12,1995M12,0,
B,Bruktimporterte kjøretøy,6,Annet drivstoff,Personbiler,Personbiler,1996M01,1996M01,0,
B,Bruktimporterte kjøretøy,6,Annet drivstoff,Personbiler,Personbiler,1996M02,1996M02,0,
B,Bruktimporterte kjøretøy,6,Annet drivstoff,Personbiler,Personbiler,1996M03,1996M03,0,
B,Bruktimporterte kjøretøy,6,Annet drivstoff,Personbiler,Personbiler,1996M04,1996M04,0,
B,Bruktimporterte kjøretøy,6,Annet drivstoff,Personbiler,Personbiler,1996M05,1996M05,0,
B,Bruktimporterte kjøretøy,6,Annet drivstoff,Personbiler,Personbiler,1996M06,1996M06,0,
B,Bruktimporterte kjøretøy,6,Annet drivstoff,Personbiler,Personbiler,1996M07,1996M07,0,
B,Bruktimporterte kjøretøy,6,Annet drivstoff,Personbiler,Personbiler,1996M08,1996M08,0,
B,Bruktimporterte kjøretøy,6,Annet drivstoff,Personbiler,Personbiler,1996M09,1996M09,0,
B,Bruktimporterte kjøretøy,6,Annet drivstoff,Personbiler,Personbiler,1996M10,1996M10,0,
B,Bruktimporterte kjøretøy,6,Annet drivstoff,Personbiler,Personbiler,1996M11,1996M11,0,
B,Bruktimporterte kjøretøy,6,Annet drivstoff,Personbiler,Personbiler,1996M12,1996M12,0,
B,Bruktimporterte kjøretøy,6,Annet drivstoff,Personbiler,Personbiler,1997M01,1997M01,0,
B,Bruktimporterte kjøretøy,6,Annet drivstoff,Personbiler,Personbiler,1997M02,1997M02,0,
B,Bruktimporterte kjøretøy,6,Annet drivstoff,Personbiler,Personbiler,1997M03,1997M03,0,
B,Bruktimporterte kjøretøy,6,Annet drivstoff,Personbiler,Personbiler,1997M04,1997M04,0,
B,Bruktimporterte kjøretøy,6,Annet drivstoff,Personbiler,Personbiler,1997M05,1997M05,0,
B,Bruktimporterte kjøretøy,6,Annet drivstoff,Personbiler,Personbiler,1997M06,1997M06,0,
B,Bruktimporterte kjøretøy,6,Annet drivstoff,Personbiler,Personbiler,1997M07,1997M07,0,
B,Bruktimporterte kjøretøy,6,Annet drivstoff,Personbiler,Personbiler,1997M08,1997M08,0,
B,Bruktimporterte kjøretøy,6,Annet drivstoff,Personbiler,Personbiler,1997M09,1997M09,0,
B,Bruktimporterte kjøretøy,6,Annet drivstoff,Personbiler,Personbiler,1997M10,1997M10,0,
B,Bruktimporterte kjøretøy,6,Annet drivstoff,Personbiler,Personbiler,1997M11,1997M11,0,
B,Bruktimporterte kjøretøy,6,Annet drivstoff,Personbiler,Personbiler,1997M12,1997M12,0,
B,Bruktimporterte kjøretøy,6,Annet drivstoff,Personbiler,Personbiler,1998M01,1998M01,0,
B,Bruktimporterte kjøretøy,6,Annet drivstoff,Personbiler,Personbiler,1998M02,1998M02,0,
B,Bruktimporterte kjøretøy,6,Annet drivstoff,Personbiler,Personbiler,1998M03,1998M03,0,
B,Bruktimporterte kjøretøy,6,Annet drivstoff,Personbiler,Personbiler,1998M04,1998M04,0,
B,Bruktimporterte kjøretøy,6,Annet drivstoff,Personbiler,Personbiler,1998M05,1998M05,0,
B,Bruktimporterte kjøretøy,6,Annet drivstoff,Personbiler,Personbiler,1998M06,1998M06,0,
B,Bruktimporterte kjøretøy,6,Annet drivstoff,Personbiler,Personbiler,1998M07,1998M07,0,
B,Bruktimporterte kjøretøy,6,Annet drivstoff,Personbiler,Personbiler,1998M08,1998M08,0,
B,Bruktimporterte kjøretøy,6,Annet drivstoff,Personbiler,Personbiler,1998M09,1998M09,0,
B,Bruktimporterte kjøretøy,6,Annet drivstoff,Personbiler,Personbiler,1998M10,1998M10,0,
B,Bruktimporterte kjøretøy,6,Annet drivstoff,Personbiler,Personbiler,1998M11,1998M11,0,
B,Bruktimporterte kjøretøy,6,Annet drivstoff,Personbiler,Personbiler,1998M12,1998M12,0,
B,Bruktimporterte kjøretøy,6,Annet drivstoff,Personbiler,Personbiler,1999M01,1999M01,0,
B,Bruktimporterte kjøretøy,6,Annet drivstoff,Personbiler,Personbiler,1999M02,1999M02,0,
B,Bruktimporterte kjøretøy,6,Annet drivstoff,Personbiler,Personbiler,1999M03,1999M03,0,
B,Bruktimporterte kjøretøy,6,Annet drivstoff,Personbiler,Personbiler,1999M04,1999M04,0,
B,Bruktimporterte kjøretøy,6,Annet drivstoff,Personbiler,Personbiler,1999M05,1999M05,0,
B,Bruktimporterte kjøretøy,6,Annet drivstoff,Personbiler,Personbiler,1999M06,1999M06,0,
B,Bruktimporterte kjøretøy,6,Annet drivstoff,Personbiler,Personbiler,1999M07,1999M07,0,
B,Bruktimporterte kjøretøy,6,Annet drivstoff,Personbiler,Personbiler,1999M08,1999M08,0,
B,Bruktimporterte kjøretøy,6,Annet drivstoff,Personbiler,Personbiler,1999M09,1999M09,0,
B,Bruktimporterte kjøretøy,6,Annet drivstoff,Personbiler,Personbiler,1999M10,1999M10,0,
B,Bruktimporterte kjøretøy,6,Annet drivstoff,Personbiler,Personbiler,1999M11,1999M11,0,
B,Bruktimporterte kjøretøy,6,Annet drivstoff,Personbiler,Personbiler,1999M12,1999M12,0,
B,Bruktimporterte kjøretøy,6,Annet drivstoff,Personbiler,Personbiler,2000M01,2000M01,0,
B,Bruktimporterte kjøretøy,6,Annet drivstoff,Personbiler,Personbiler,2000M02,2000M02,0,
B,Bruktimporterte kjøretøy,6,Annet drivstoff,Personbiler,Personbiler,2000M03,2000M03,0,
B,Bruktimporterte kjøretøy,6,Annet drivstoff,Personbiler,Personbiler,2000M04,2000M04,0,
B,Bruktimporterte kjøretøy,6,Annet drivstoff,Personbiler,Personbiler,2000M05,2000M05,0,
B,Bruktimporterte kjøretøy,6,Annet drivstoff,Personbiler,Personbiler,2000M06,2000M06,0,
B,Bruktimporterte kjøretøy,6,Annet drivstoff,Personbiler,Personbiler,2000M07,2000M07,0,
B,Bruktimporterte kjøretøy,6,Annet drivstoff,Personbiler,Personbiler,2000M08,2000M08,0,
B,Bruktimporterte kjøretøy,6,Annet drivstoff,Personbiler,Personbiler,2000M09,2000M09,0,
B,Bruktimporterte kjøretøy,6,Annet drivstoff,Personbiler,Personbiler,2000M10,2000M10,0,
B,Bruktimporterte kjøretøy,6,Annet drivstoff,Personbiler,Personbiler,2000M11,2000M11,0,
B,Bruktimporterte kjøretøy,6,Annet drivstoff,Personbiler,Personbiler,2000M12,2000M12,0,
B,Bruktimporterte kjøretøy,6,Annet drivstoff,Personbiler,Personbiler,2001M01,2001M01,0,
B,Bruktimporterte kjøretøy,6,Annet drivstoff,Personbiler,Personbiler,2001M02,2001M02,0,
B,Bruktimporterte kjøretøy,6,Annet drivstoff,Personbiler,Personbiler,2001M03,2001M03,0,
B,Bruktimporterte kjøretøy,6,Annet drivstoff,Personbiler,Personbiler,2001M04,2001M04,0,
B,Bruktimporterte kjøretøy,6,Annet drivstoff,Personbiler,Personbiler,2001M05,2001M05,0,
B,Bruktimporterte kjøretøy,6,Annet drivstoff,Personbiler,Personbiler,2001M06,2001M06,0,
B,Bruktimporterte kjøretøy,6,Annet drivstoff,Personbiler,Personbiler,2001M07,2001M07,0,
B,Bruktimporterte kjøretøy,6,Annet drivstoff,Personbiler,Personbiler,2001M08,2001M08,0,
B,Bruktimporterte kjøretøy,6,Annet drivstoff,Personbiler,Personbiler,2001M09,2001M09,0,
B,Bruktimporterte kjøretøy,6,Annet drivstoff,Personbiler,Personbiler,2001M10,2001M10,0,
B,Bruktimporterte kjøretøy,6,Annet drivstoff,Personbiler,Personbiler,2001M11,2001M11,0,
B,Bruktimporterte kjøretøy,6,Annet drivstoff,Personbiler,Personbiler,2001M12,2001M12,0,
B,Bruktimporterte kjøretøy,6,Annet drivstoff,Personbiler,Personbiler,2002M01,2002M01,0,
B,Bruktimporterte kjøretøy,6,Annet drivstoff,Personbiler,Personbiler,2002M02,2002M02,0,
B,Bruktimporterte kjøretøy,6,Annet drivstoff,Personbiler,Personbiler,2002M03,2002M03,0,
B,Bruktimporterte kjøretøy,6,Annet drivstoff,Personbiler,Personbiler,2002M04,2002M04,0,
B,Bruktimporterte kjøretøy,6,Annet drivstoff,Personbiler,Personbiler,2002M05,2002M05,0,
B,Bruktimporterte kjøretøy,6,Annet drivstoff,Personbiler,Personbiler,2002M06,2002M06,0,
B,Bruktimporterte kjøretøy,6,Annet drivstoff,Personbiler,Personbiler,2002M07,2002M07,0,
B,Bruktimporterte kjøretøy,6,Annet drivstoff,Personbiler,Personbiler,2002M08,2002M08,0,
B,Bruktimporterte kjøretøy,6,Annet drivstoff,Personbiler,Personbiler,2002M09,2002M09,0,
B,Bruktimporterte kjøretøy,6,Annet drivstoff,Personbiler,Personbiler,2002M10,2002M10,0,
B,Bruktimporterte kjøretøy,6,Annet drivstoff,Personbiler,Personbiler,2002M11,2002M11,0,
B,Bruktimporterte kjøretøy,6,Annet drivstoff,Personbiler,Personbiler,2002M12,2002M12,0,
B,Bruktimporterte kjøretøy,6,Annet drivstoff,Personbiler,Personbiler,2003M01,2003M01,0,
B,Bruktimporterte kjøretøy,6,Annet drivstoff,Personbiler,Personbiler,2003M02,2003M02,0,
B,Bruktimporterte kjøretøy,6,Annet drivstoff,Personbiler,Personbiler,2003M03,2003M03,0,
B,Bruktimporterte kjøretøy,6,Annet drivstoff,Personbiler,Personbiler,2003M04,2003M04,0,
B,Bruktimporterte kjøretøy,6,Annet drivstoff,Personbiler,Personbiler,2003M05,2003M05,0,
B,Bruktimporterte kjøretøy,6,Annet drivstoff,Personbiler,Personbiler,2003M06,2003M06,0,
B,Bruktimporterte kjøretøy,6,Annet drivstoff,Personbiler,Personbiler,2003M07,2003M07,0,
B,Bruktimporterte kjøretøy,6,Annet drivstoff,Personbiler,Personbiler,2003M08,2003M08,0,
B,Bruktimporterte kjøretøy,6,Annet drivstoff,Personbiler,Personbiler,2003M09,2003M09,0,
B,Bruktimporterte kjøretøy,6,Annet drivstoff,Personbiler,Personbiler,2003M10,2003M10,0,
B,Bruktimporterte kjøretøy,6,Annet drivstoff,Personbiler,Personbiler,2003M11,2003M11,0,
B,Bruktimporterte kjøretøy,6,Annet drivstoff,Personbiler,Personbiler,2003M12,2003M12,0,
B,Bruktimporterte kjøretøy,6,Annet drivstoff,Personbiler,Personbiler,2004M01,2004M01,0,
B,Bruktimporterte kjøretøy,6,Annet drivstoff,Personbiler,Personbiler,2004M02,2004M02,0,
B,Bruktimporterte kjøretøy,6,Annet drivstoff,Personbiler,Personbiler,2004M03,2004M03,0,
B,Bruktimporterte kjøretøy,6,Annet drivstoff,Personbiler,Personbiler,2004M04,2004M04,0,
B,Bruktimporterte kjøretøy,6,Annet drivstoff,Personbiler,Personbiler,2004M05,2004M05,0,
B,Bruktimporterte kjøretøy,6,Annet drivstoff,Personbiler,Personbiler,2004M06,2004M06,0,
B,Bruktimporterte kjøretøy,6,Annet drivstoff,Personbiler,Personbiler,2004M07,2004M07,0,
B,Bruktimporterte kjøretøy,6,Annet drivstoff,Personbiler,Personbiler,2004M08,2004M08,0,
B,Bruktimporterte kjøretøy,6,Annet drivstoff,Personbiler,Personbiler,2004M09,2004M09,0,
B,Bruktimporterte kjøretøy,6,Annet drivstoff,Personbiler,Personbiler,2004M10,2004M10,0,
B,Bruktimporterte kjøretøy,6,Annet drivstoff,Personbiler,Personbiler,2004M11,2004M11,0,
B,Bruktimporterte kjøretøy,6,Annet drivstoff,Personbiler,Personbiler,2004M12,2004M12,0,
B,Bruktimporterte kjøretøy,6,Annet drivstoff,Personbiler,Personbiler,2005M01,2005M01,0,
B,Bruktimporterte kjøretøy,6,Annet drivstoff,Personbiler,Personbiler,2005M02,2005M02,0,
B,Bruktimporterte kjøretøy,6,Annet drivstoff,Personbiler,Personbiler,2005M03,2005M03,0,
B,Bruktimporterte kjøretøy,6,Annet drivstoff,Personbiler,Personbiler,2005M04,2005M04,0,
B,Bruktimporterte kjøretøy,6,Annet drivstoff,Personbiler,Personbiler,2005M05,2005M05,0,
B,Bruktimporterte kjøretøy,6,Annet drivstoff,Personbiler,Personbiler,2005M06,2005M06,0,
B,Bruktimporterte kjøretøy,6,Annet drivstoff,Personbiler,Personbiler,2005M07,2005M07,0,
B,Bruktimporterte kjøretøy,6,Annet drivstoff,Personbiler,Personbiler,2005M08,2005M08,0,
B,Bruktimporterte kjøretøy,6,Annet drivstoff,Personbiler,Personbiler,2005M09,2005M09,0,
B,Bruktimporterte kjøretøy,6,Annet drivstoff,Personbiler,Personbiler,2005M10,2005M10,0,
B,Bruktimporterte kjøretøy,6,Annet drivstoff,Personbiler,Personbiler,2005M11,2005M11,0,
B,Bruktimporterte kjøretøy,6,Annet drivstoff,Personbiler,Personbiler,2005M12,2005M12,0,
B,Bruktimporterte kjøretøy,6,Annet drivstoff,Personbiler,Personbiler,2006M01,2006M01,0,
B,Bruktimporterte kjøretøy,6,Annet drivstoff,Personbiler,Personbiler,2006M02,2006M02,0,
B,Bruktimporterte kjøretøy,6,Annet drivstoff,Personbiler,Personbiler,2006M03,2006M03,0,
B,Bruktimporterte kjøretøy,6,Annet drivstoff,Personbiler,Personbiler,2006M04,2006M04,0,
B,Bruktimporterte kjøretøy,6,Annet drivstoff,Personbiler,Personbiler,2006M05,2006M05,0,
B,Bruktimporterte kjøretøy,6,Annet drivstoff,Personbiler,Personbiler,2006M06,2006M06,0,
B,Bruktimporterte kjøretøy,6,Annet drivstoff,Personbiler,Personbiler,2006M07,2006M07,0,
B,Bruktimporterte kjøretøy,6,Annet drivstoff,Personbiler,Personbiler,2006M08,2006M08,0,
B,Bruktimporterte kjøretøy,6,Annet drivstoff,Personbiler,Personbiler,2006M09,2006M09,0,
B,Bruktimporterte kjøretøy,6,Annet drivstoff,Personbiler,Personbiler,2006M10,2006M10,0,
B,Bruktimporterte kjøretøy,6,Annet drivstoff,Personbiler,Personbiler,2006M11,2006M11,0,
B,Bruktimporterte kjøretøy,6,Annet drivstoff,Personbiler,Personbiler,2006M12,2006M12,0,
B,Bruktimporterte kjøretøy,6,Annet drivstoff,Personbiler,Personbiler,2007M01,2007M01,0,
B,Bruktimporterte kjøretøy,6,Annet drivstoff,Personbiler,Personbiler,2007M02,2007M02,0,
B,Bruktimporterte kjøretøy,6,Annet drivstoff,Personbiler,Personbiler,2007M03,2007M03,0,
B,Bruktimporterte kjøretøy,6,Annet drivstoff,Personbiler,Personbiler,2007M04,2007M04,0,
B,Bruktimporterte kjøretøy,6,Annet drivstoff,Personbiler,Personbiler,2007M05,2007M05,0,
B,Bruktimporterte kjøretøy,6,Annet drivstoff,Personbiler,Personbiler,2007M06,2007M06,0,
B,Bruktimporterte kjøretøy,6,Annet drivstoff,Personbiler,Personbiler,2007M07,2007M07,0,
B,Bruktimporterte kjøretøy,6,Annet drivstoff,Personbiler,Personbiler,2007M08,2007M08,0,
B,Bruktimporterte kjøretøy,6,Annet drivstoff,Personbiler,Personbiler,2007M09,2007M09,0,
B,Bruktimporterte kjøretøy,6,Annet drivstoff,Personbiler,Personbiler,2007M10,2007M10,0,
B,Bruktimporterte kjøretøy,6,Annet drivstoff,Personbiler,Personbiler,2007M11,2007M11,0,
B,Bruktimporterte kjøretøy,6,Annet drivstoff,Personbiler,Personbiler,2007M12,2007M12,0,
B,Bruktimporterte kjøretøy,6,Annet drivstoff,Personbiler,Personbiler,2008M01,2008M01,0,
B,Bruktimporterte kjøretøy,6,Annet drivstoff,Personbiler,Personbiler,2008M02,2008M02,0,
B,Bruktimporterte kjøretøy,6,Annet drivstoff,Personbiler,Personbiler,2008M03,2008M03,0,
B,Bruktimporterte kjøretøy,6,Annet drivstoff,Personbiler,Personbiler,2008M04,2008M04,0,
B,Bruktimporterte kjøretøy,6,Annet drivstoff,Personbiler,Personbiler,2008M05,2008M05,0,
B,Bruktimporterte kjøretøy,6,Annet drivstoff,Personbiler,Personbiler,2008M06,2008M06,0,
B,Bruktimporterte kjøretøy,6,Annet drivstoff,Personbiler,Personbiler,2008M07,2008M07,0,
B,Bruktimporterte kjøretøy,6,Annet drivstoff,Personbiler,Personbiler,2008M08,2008M08,0,
B,Bruktimporterte kjøretøy,6,Annet drivstoff,Personbiler,Personbiler,2008M09,2008M09,0,
B,Bruktimporterte kjøretøy,6,Annet drivstoff,Personbiler,Personbiler,2008M10,2008M10,0,
B,Bruktimporterte kjøretøy,6,Annet drivstoff,Personbiler,Personbiler,2008M11,2008M11,0,
B,Bruktimporterte kjøretøy,6,Annet drivstoff,Personbiler,Personbiler,2008M12,2008M12,0,
B,Bruktimporterte kjøretøy,6,Annet drivstoff,Personbiler,Personbiler,2009M01,2009M01,0,
B,Bruktimporterte kjøretøy,6,Annet drivstoff,Personbiler,Personbiler,2009M02,2009M02,0,
B,Bruktimporterte kjøretøy,6,Annet drivstoff,Personbiler,Personbiler,2009M03,2009M03,0,
B,Bruktimporterte kjøretøy,6,Annet drivstoff,Personbiler,Personbiler,2009M04,2009M04,0,
B,Bruktimporterte kjøretøy,6,Annet drivstoff,Personbiler,Personbiler,2009M05,2009M05,0,
B,Bruktimporterte kjøretøy,6,Annet drivstoff,Personbiler,Personbiler,2009M06,2009M06,0,
B,Bruktimporterte kjøretøy,6,Annet drivstoff,Personbiler,Personbiler,2009M07,2009M07,0,
B,Bruktimporterte kjøretøy,6,Annet drivstoff,Personbiler,Personbiler,2009M08,2009M08,0,
B,Bruktimporterte kjøretøy,6,Annet drivstoff,Personbiler,Personbiler,2009M09,2009M09,0,
B,Bruktimporterte kjøretøy,6,Annet drivstoff,Personbiler,Personbiler,2009M10,2009M10,0,
B,Bruktimporterte kjøretøy,6,Annet drivstoff,Personbiler,Personbiler,2009M11,2009M11,0,
B,Bruktimporterte kjøretøy,6,Annet drivstoff,Personbiler,Personbiler,2009M12,2009M12,0,
B,Bruktimporterte kjøretøy,6,Annet drivstoff,Personbiler,Personbiler,2010M01,2010M01,1,
B,Bruktimporterte kjøretøy,6,Annet drivstoff,Personbiler,Personbiler,2010M02,2010M02,0,
B,Bruktimporterte kjøretøy,6,Annet drivstoff,Personbiler,Personbiler,2010M03,2010M03,0,
B,Bruktimporterte kjøretøy,6,Annet drivstoff,Personbiler,Personbiler,2010M04,2010M04,0,
B,Bruktimporterte kjøretøy,6,Annet drivstoff,Personbiler,Personbiler,2010M05,2010M05,1,
B,Bruktimporterte kjøretøy,6,Annet drivstoff,Personbiler,Personbiler,2010M06,2010M06,1,
B,Bruktimporterte kjøretøy,6,Annet drivstoff,Personbiler,Personbiler,2010M07,2010M07,0,
B,Bruktimporterte kjøretøy,6,Annet drivstoff,Personbiler,Personbiler,2010M08,2010M08,0,
B,Bruktimporterte kjøretøy,6,Annet drivstoff,Personbiler,Personbiler,2010M09,2010M09,0,
B,Bruktimporterte kjøretøy,6,Annet drivstoff,Personbiler,Personbiler,2010M10,2010M10,0,
B,Bruktimporterte kjøretøy,6,Annet drivstoff,Personbiler,Personbiler,2010M11,2010M11,0,
B,Bruktimporterte kjøretøy,6,Annet drivstoff,Personbiler,Personbiler,2010M12,2010M12,0,
B,Bruktimporterte kjøretøy,6,Annet drivstoff,Personbiler,Personbiler,2011M01,2011M01,0,
B,Bruktimporterte kjøretøy,6,Annet drivstoff,Personbiler,Personbiler,2011M02,2011M02,0,
B,Bruktimporterte kjøretøy,6,Annet drivstoff,Personbiler,Personbiler,2011M03,2011M03,0,
B,Bruktimporterte kjøretøy,6,Annet drivstoff,Personbiler,Personbiler,2011M04,2011M04,0,
B,Bruktimporterte kjøretøy,6,Annet drivstoff,Personbiler,Personbiler,2011M05,2011M05,0,
B,Bruktimporterte kjøretøy,6,Annet drivstoff,Personbiler,Personbiler,2011M06,2011M06,0,
B,Bruktimporterte kjøretøy,6,Annet drivstoff,Personbiler,Personbiler,2011M07,2011M07,0,
B,Bruktimporterte kjøretøy,6,Annet drivstoff,Personbiler,Personbiler,2011M08,2011M08,0,
B,Bruktimporterte kjøretøy,6,Annet drivstoff,Personbiler,Personbiler,2011M09,2011M09,0,
B,Bruktimporterte kjøretøy,6,Annet drivstoff,Personbiler,Personbiler,2011M10,2011M10,0,
B,Bruktimporterte kjøretøy,6,Annet drivstoff,Personbiler,Personbiler,2011M11,2011M11,0,
B,Bruktimporterte kjøretøy,6,Annet drivstoff,Personbiler,Personbiler,2011M12,2011M12,0,
B,Bruktimporterte kjøretøy,6,Annet drivstoff,Personbiler,Personbiler,2012M01,2012M01,0,
B,Bruktimporterte kjøretøy,6,Annet drivstoff,Personbiler,Personbiler,2012M02,2012M02,0,
B,Bruktimporterte kjøretøy,6,Annet drivstoff,Personbiler,Personbiler,2012M03,2012M03,0,
B,Bruktimporterte kjøretøy,6,Annet drivstoff,Personbiler,Personbiler,2012M04,2012M04,0,
B,Bruktimporterte kjøretøy,6,Annet drivstoff,Personbiler,Personbiler,2012M05,2012M05,0,
B,Bruktimporterte kjøretøy,6,Annet drivstoff,Personbiler,Personbiler,2012M06,2012M06,0,
B,Bruktimporterte kjøretøy,6,Annet drivstoff,Personbiler,Personbiler,2012M07,2012M07,0,
B,Bruktimporterte kjøretøy,6,Annet drivstoff,Personbiler,Personbiler,2012M08,2012M08,0,
B,Bruktimporterte kjøretøy,6,Annet drivstoff,Personbiler,Personbiler,2012M09,2012M09,0,
B,Bruktimporterte kjøretøy,6,Annet drivstoff,Personbiler,Personbiler,2012M10,2012M10,0,
B,Bruktimporterte kjøretøy,6,Annet drivstoff,Personbiler,Personbiler,2012M11,2012M11,0,
B,Bruktimporterte kjøretøy,6,Annet drivstoff,Personbiler,Personbiler,2012M12,2012M12,0,
B,Bruktimporterte kjøretøy,6,Annet drivstoff,Personbiler,Personbiler,2013M01,2013M01,0,
B,Bruktimporterte kjøretøy,6,Annet drivstoff,Personbiler,Personbiler,2013M02,2013M02,0,
B,Bruktimporterte kjøretøy,6,Annet drivstoff,Personbiler,Personbiler,2013M03,2013M03,0,
B,Bruktimporterte kjøretøy,6,Annet drivstoff,Personbiler,Personbiler,2013M04,2013M04,0,
B,Bruktimporterte kjøretøy,6,Annet drivstoff,Personbiler,Personbiler,2013M05,2013M05,0,
B,Bruktimporterte kjøretøy,6,Annet drivstoff,Personbiler,Personbiler,2013M06,2013M06,0,
B,Bruktimporterte kjøretøy,6,Annet drivstoff,Personbiler,Personbiler,2013M07,2013M07,0,
B,Bruktimporterte kjøretøy,6,Annet drivstoff,Personbiler,Personbiler,2013M08,2013M08,1,
B,Bruktimporterte kjøretøy,6,Annet drivstoff,Personbiler,Personbiler,2013M09,2013M09,0,
B,Bruktimporterte kjøretøy,6,Annet drivstoff,Personbiler,Personbiler,2013M10,2013M10,0,
B,Bruktimporterte kjøretøy,6,Annet drivstoff,Personbiler,Personbiler,2013M11,2013M11,0,
B,Bruktimporterte kjøretøy,6,Annet drivstoff,Personbiler,Personbiler,2013M12,2013M12,0,
B,Bruktimporterte kjøretøy,6,Annet drivstoff,Personbiler,Personbiler,2014M01,2014M01,0,
B,Bruktimporterte kjøretøy,6,Annet drivstoff,Personbiler,Personbiler,2014M02,2014M02,1,
B,Bruktimporterte kjøretøy,6,Annet drivstoff,Personbiler,Personbiler,2014M03,2014M03,0,
B,Bruktimporterte kjøretøy,6,Annet drivstoff,Personbiler,Personbiler,2014M04,2014M04,0,
B,Bruktimporterte kjøretøy,6,Annet drivstoff,Personbiler,Personbiler,2014M05,2014M05,0,
B,Bruktimporterte kjøretøy,6,Annet drivstoff,Personbiler,Personbiler,2014M06,2014M06,0,
B,Bruktimporterte kjøretøy,6,Annet drivstoff,Personbiler,Personbiler,2014M07,2014M07,0,
B,Bruktimporterte kjøretøy,6,Annet drivstoff,Personbiler,Personbiler,2014M08,2014M08,0,
B,Bruktimporterte kjøretøy,6,Annet drivstoff,Personbiler,Personbiler,2014M09,2014M09,0,
B,Bruktimporterte kjøretøy,6,Annet drivstoff,Personbiler,Personbiler,2014M10,2014M10,0,
B,Bruktimporterte kjøretøy,6,Annet drivstoff,Personbiler,Personbiler,2014M11,2014M11,0,
B,Bruktimporterte kjøretøy,6,Annet drivstoff,Personbiler,Personbiler,2014M12,2014M12,0,
B,Bruktimporterte kjøretøy,6,Annet drivstoff,Personbiler,Personbiler,2015M01,2015M01,0,
B,Bruktimporterte kjøretøy,6,Annet drivstoff,Personbiler,Personbiler,2015M02,2015M02,0,
B,Bruktimporterte kjøretøy,6,Annet drivstoff,Personbiler,Personbiler,2015M03,2015M03,0,
B,Bruktimporterte kjøretøy,6,Annet drivstoff,Personbiler,Personbiler,2015M04,2015M04,0,
B,Bruktimporterte kjøretøy,6,Annet drivstoff,Personbiler,Personbiler,2015M05,2015M05,0,
B,Bruktimporterte kjøretøy,6,Annet drivstoff,Personbiler,Personbiler,2015M06,2015M06,0,
B,Bruktimporterte kjøretøy,6,Annet drivstoff,Personbiler,Personbiler,2015M07,2015M07,0,
B,Bruktimporterte kjøretøy,6,Annet drivstoff,Personbiler,Personbiler,2015M08,2015M08,0,
B,Bruktimporterte kjøretøy,6,Annet drivstoff,Personbiler,Personbiler,2015M09,2015M09,0,
B,Bruktimporterte kjøretøy,6,Annet drivstoff,Personbiler,Personbiler,2015M10,2015M10,0,
B,Bruktimporterte kjøretøy,6,Annet drivstoff,Personbiler,Personbiler,2015M11,2015M11,0,
B,Bruktimporterte kjøretøy,6,Annet drivstoff,Personbiler,Personbiler,2015M12,2015M12,0,
B,Bruktimporterte kjøretøy,6,Annet drivstoff,Personbiler,Personbiler,2016M01,2016M01,1,
B,Bruktimporterte kjøretøy,6,Annet drivstoff,Personbiler,Personbiler,2016M02,2016M02,0,
B,Bruktimporterte kjøretøy,6,Annet drivstoff,Personbiler,Personbiler,2016M03,2016M03,0,
B,Bruktimporterte kjøretøy,6,Annet drivstoff,Personbiler,Personbiler,2016M04,2016M04,0,
B,Bruktimporterte kjøretøy,6,Annet drivstoff,Personbiler,Personbiler,2016M05,2016M05,0,
B,Bruktimporterte kjøretøy,6,Annet drivstoff,Personbiler,Personbiler,2016M06,2016M06,0,
B,Bruktimporterte kjøretøy,6,Annet drivstoff,Personbiler,Personbiler,2016M07,2016M07,0,
B,Bruktimporterte kjøretøy,6,Annet drivstoff,Personbiler,Personbiler,2016M08,2016M08,0,
B,Bruktimporterte kjøretøy,6,Annet drivstoff,Personbiler,Personbiler,2016M09,2016M09,0,
B,Bruktimporterte kjøretøy,6,Annet drivstoff,Personbiler,Personbiler,2016M10,2016M10,0,
B,Bruktimporterte kjøretøy,6,Annet drivstoff,Personbiler,Personbiler,2016M11,2016M11,0,
B,Bruktimporterte kjøretøy,6,Annet drivstoff,Personbiler,Personbiler,2016M12,2016M12,0,
B,Bruktimporterte kjøretøy,6,Annet drivstoff,Personbiler,Personbiler,2017M01,2017M01,0,
B,Bruktimporterte kjøretøy,6,Annet drivstoff,Personbiler,Personbiler,2017M02,2017M02,0,
B,Bruktimporterte kjøretøy,6,Annet drivstoff,Personbiler,Personbiler,2017M03,2017M03,0,
B,Bruktimporterte kjøretøy,6,Annet drivstoff,Personbiler,Personbiler,2017M04,2017M04,0,
B,Bruktimporterte kjøretøy,6,Annet drivstoff,Personbiler,Personbiler,2017M05,2017M05,0,
B,Bruktimporterte kjøretøy,6,Annet drivstoff,Personbiler,Personbiler,2017M06,2017M06,0,
B,Bruktimporterte kjøretøy,6,Annet drivstoff,Personbiler,Personbiler,2017M07,2017M07,0,
B,Bruktimporterte kjøretøy,6,Annet drivstoff,Personbiler,Personbiler,2017M08,2017M08,0,
B,Bruktimporterte kjøretøy,6,Annet drivstoff,Personbiler,Personbiler,2017M09,2017M09,0,
B,Bruktimporterte kjøretøy,6,Annet drivstoff,Personbiler,Personbiler,2017M10,2017M10,0,
B,Bruktimporterte kjøretøy,6,Annet drivstoff,Personbiler,Personbiler,2017M11,2017M11,0,
B,Bruktimporterte kjøretøy,6,Annet drivstoff,Personbiler,Personbiler,2017M12,2017M12,0,
B,Bruktimporterte kjøretøy,6,Annet drivstoff,Personbiler,Personbiler,2018M01,2018M01,0,
B,Bruktimporterte kjøretøy,6,Annet drivstoff,Personbiler,Personbiler,2018M02,2018M02,0,
B,Bruktimporterte kjøretøy,6,Annet drivstoff,Personbiler,Personbiler,2018M03,2018M03,0,
B,Bruktimporterte kjøretøy,6,Annet drivstoff,Personbiler,Personbiler,2018M04,2018M04,0,
B,Bruktimporterte kjøretøy,6,Annet drivstoff,Personbiler,Personbiler,2018M05,2018M05,0,
B,Bruktimporterte kjøretøy,6,Annet drivstoff,Personbiler,Personbiler,2018M06,2018M06,0,
B,Bruktimporterte kjøretøy,6,Annet drivstoff,Personbiler,Personbiler,2018M07,2018M07,0,
B,Bruktimporterte kjøretøy,6,Annet drivstoff,Personbiler,Personbiler,2018M08,2018M08,0,
B,Bruktimporterte kjøretøy,6,Annet drivstoff,Personbiler,Personbiler,2018M09,2018M09,0,
B,Bruktimporterte kjøretøy,6,Annet drivstoff,Personbiler,Personbiler,2018M10,2018M10,0,
B,Bruktimporterte kjøretøy,6,Annet drivstoff,Personbiler,Personbiler,2018M11,2018M11,0,
B,Bruktimporterte kjøretøy,6,Annet drivstoff,Personbiler,Personbiler,2018M12,2018M12,0,
B,Bruktimporterte kjøretøy,6,Annet drivstoff,Personbiler,Personbiler,2019M01,2019M01,0,
B,Bruktimporterte kjøretøy,6,Annet drivstoff,Personbiler,Personbiler,2019M02,2019M02,0,
B,Bruktimporterte kjøretøy,6,Annet drivstoff,Personbiler,Personbiler,2019M03,2019M03,0,
B,Bruktimporterte kjøretøy,6,Annet drivstoff,Personbiler,Personbiler,2019M04,2019M04,0,
B,Bruktimporterte kjøretøy,6,Annet drivstoff,Personbiler,Personbiler,2019M05,2019M05,0,
B,Bruktimporterte kjøretøy,6,Annet drivstoff,Personbiler,Personbiler,2019M06,2019M06,0,
B,Bruktimporterte kjøretøy,6,Annet drivstoff,Personbiler,Personbiler,2019M07,2019M07,0,
B,Bruktimporterte kjøretøy,6,Annet drivstoff,Personbiler,Personbiler,2019M08,2019M08,0,
B,Bruktimporterte kjøretøy,6,Annet drivstoff,Personbiler,Personbiler,2019M09,2019M09,0,
B,Bruktimporterte kjøretøy,6,Annet drivstoff,Personbiler,Personbiler,2019M10,2019M10,0,
B,Bruktimporterte kjøretøy,6,Annet drivstoff,Personbiler,Personbiler,2019M11,2019M11,0,
B,Bruktimporterte kjøretøy,6,Annet drivstoff,Personbiler,Personbiler,2019M12,2019M12,0,
B,Bruktimporterte kjøretøy,6,Annet drivstoff,Personbiler,Personbiler,2020M01,2020M01,0,
B,Bruktimporterte kjøretøy,6,Annet drivstoff,Personbiler,Personbiler,2020M02,2020M02,0,
B,Bruktimporterte kjøretøy,6,Annet drivstoff,Personbiler,Personbiler,2020M03,2020M03,0,
B,Bruktimporterte kjøretøy,6,Annet drivstoff,Personbiler,Personbiler,2020M04,2020M04,0,
B,Bruktimporterte kjøretøy,6,Annet drivstoff,Personbiler,Personbiler,2020M05,2020M05,0,
B,Bruktimporterte kjøretøy,6,Annet drivstoff,Personbiler,Personbiler,2020M06,2020M06,0,
B,Bruktimporterte kjøretøy,6,Annet drivstoff,Personbiler,Personbiler,2020M07,2020M07,0,
B,Bruktimporterte kjøretøy,6,Annet drivstoff,Personbiler,Personbiler,2020M08,2020M08,0,
B,Bruktimporterte kjøretøy,6,Annet drivstoff,Personbiler,Personbiler,2020M09,2020M09,0,
B,Bruktimporterte kjøretøy,6,Annet drivstoff,Personbiler,Personbiler,2020M10,2020M10,0,
B,Bruktimporterte kjøretøy,6,Annet drivstoff,Personbiler,Personbiler,2020M11,2020M11,0,
B,Bruktimporterte kjøretøy,6,Annet drivstoff,Personbiler,Personbiler,2020M12,2020M12,0,
B,Bruktimporterte kjøretøy,6,Annet drivstoff,Personbiler,Personbiler,2021M01,2021M01,0,
B,Bruktimporterte kjøretøy,6,Annet drivstoff,Personbiler,Personbiler,2021M02,2021M02,0,
B,Bruktimporterte kjøretøy,6,Annet drivstoff,Personbiler,Personbiler,2021M03,2021M03,0,
B,Bruktimporterte kjøretøy,6,Annet drivstoff,Personbiler,Personbiler,2021M04,2021M04,0,
B,Bruktimporterte kjøretøy,6,Annet drivstoff,Personbiler,Personbiler,2021M05,2021M05,0,
B,Bruktimporterte kjøretøy,6,Annet drivstoff,Personbiler,Personbiler,2021M06,2021M06,0,
B,Bruktimporterte kjøretøy,6,Annet drivstoff,Personbiler,Personbiler,2021M07,2021M07,0,
B,Bruktimporterte kjøretøy,6,Annet drivstoff,Personbiler,Personbiler,2021M08,2021M08,0,
B,Bruktimporterte kjøretøy,6,Annet drivstoff,Personbiler,Personbiler,2021M09,2021M09,0,
B,Bruktimporterte kjøretøy,6,Annet drivstoff,Personbiler,Personbiler,2021M10,2021M10,0,
B,Bruktimporterte kjøretøy,6,Annet drivstoff,Personbiler,Personbiler,2021M11,2021M11,0,
B,Bruktimporterte kjøretøy,6,Annet drivstoff,Personbiler,Personbiler,2021M12,2021M12,0,
B,Bruktimporterte kjøretøy,6,Annet drivstoff,Personbiler,Personbiler,2022M01,2022M01,0,
B,Bruktimporterte kjøretøy,6,Annet drivstoff,Personbiler,Personbiler,2022M02,2022M02,0,
B,Bruktimporterte kjøretøy,6,Annet drivstoff,Personbiler,Personbiler,2022M03,2022M03,0,
B,Bruktimporterte kjøretøy,6,Annet drivstoff,Personbiler,Personbiler,2022M04,2022M04,0,
B,Bruktimporterte kjøretøy,6,Annet drivstoff,Personbiler,Personbiler,2022M05,2022M05,0,
B,Bruktimporterte kjøretøy,6,Annet drivstoff,Personbiler,Personbiler,2022M06,2022M06,0,
B,Bruktimporterte kjøretøy,6,Annet drivstoff,Personbiler,Personbiler,2022M07,2022M07,0,
B,Bruktimporterte kjøretøy,6,Annet drivstoff,Personbiler,Personbiler,2022M08,2022M08,0,
B,Bruktimporterte kjøretøy,6,Annet drivstoff,Personbiler,Personbiler,2022M09,2022M09,0,
B,Bruktimporterte kjøretøy,6,Annet drivstoff,Personbiler,Personbiler,2022M10,2022M10,0,
B,Bruktimporterte kjøretøy,6,Annet drivstoff,Personbiler,Personbiler,2022M11,2022M11,0,
B,Bruktimporterte kjøretøy,6,Annet drivstoff,Personbiler,Personbiler,2022M12,2022M12,0,
B,Bruktimporterte kjøretøy,6,Annet drivstoff,Personbiler,Personbiler,2023M01,2023M01,0,
B,Bruktimporterte kjøretøy,6,Annet drivstoff,Personbiler,Personbiler,2023M02,2023M02,0,
B,Bruktimporterte kjøretøy,6,Annet drivstoff,Personbiler,Personbiler,2023M03,2023M03,0,
B,Bruktimporterte kjøretøy,6,Annet drivstoff,Personbiler,Personbiler,2023M04,2023M04,0,
B,Bruktimporterte kjøretøy,6,Annet drivstoff,Personbiler,Personbiler,2023M05,2023M05,0,
B,Bruktimporterte kjøretøy,6,Annet drivstoff,Personbiler,Personbiler,2023M06,2023M06,0,
B,Bruktimporterte kjøretøy,6,Annet drivstoff,Personbiler,Personbiler,2023M07,2023M07,0,
B,Bruktimporterte kjøretøy,6,Annet drivstoff,Personbiler,Personbiler,2023M08,2023M08,0,
B,Bruktimporterte kjøretøy,6,Annet drivstoff,Personbiler,Personbiler,2023M09,2023M09,0,
B,Bruktimporterte kjøretøy,6,Annet drivstoff,Personbiler,Personbiler,2023M10,2023M10,0,
B,Bruktimporterte kjøretøy,6,Annet drivstoff,Personbiler,Personbiler,2023M11,2023M11,0,
B,Bruktimporterte kjøretøy,6,Annet drivstoff,Personbiler,Personbiler,2023M12,2023M12,0,
B,Bruktimporterte kjøretøy,6,Annet drivstoff,Personbiler,Personbiler,2024M01,2024M01,0,
B,Bruktimporterte kjøretøy,6,Annet drivstoff,Personbiler,Personbiler,2024M02,2024M02,0,
B,Bruktimporterte kjøretøy,6,Annet drivstoff,Personbiler,Personbiler,2024M03,2024M03,0,
B,Bruktimporterte kjøretøy,6,Annet drivstoff,Personbiler,Personbiler,2024M04,2024M04,0,
B,Bruktimporterte kjøretøy,6,Annet drivstoff,Personbiler,Personbiler,2024M05,2024M05,0,
B,Bruktimporterte kjøretøy,6,Annet drivstoff,Personbiler,Personbiler,2024M06,2024M06,0,
B,Bruktimporterte kjøretøy,6,Annet drivstoff,Personbiler,Personbiler,2024M07,2024M07,0,
B,Bruktimporterte kjøretøy,6,Annet drivstoff,Personbiler,Personbiler,2024M08,2024M08,0,
B,Bruktimporterte kjøretøy,6,Annet drivstoff,Personbiler,Personbiler,2024M09,2024M09,0,
B,Bruktimporterte kjøretøy,6,Annet drivstoff,Personbiler,Personbiler,2024M10,2024M10,0,
B,Bruktimporterte kjøretøy,6,Annet drivstoff,Personbiler,Personbiler,2024M11,2024M11,0,
B,Bruktimporterte kjøretøy,6,Annet drivstoff,Personbiler,Personbiler,2024M12,2024M12,0,
B,Bruktimporterte kjøretøy,6,Annet drivstoff,Personbiler,Personbiler,2025M01,2025M01,0,
B,Bruktimporterte kjøretøy,6,Annet drivstoff,Personbiler,Personbiler,2025M02,2025M02,0,
B,Bruktimporterte kjøretøy,6,Annet drivstoff,Personbiler,Personbiler,2025M03,2025M03,0,
B,Bruktimporterte kjøretøy,6,Annet drivstoff,Personbiler,Personbiler,2025M04,2025M04,0,
B,Bruktimporterte kjøretøy,6,Annet drivstoff,Personbiler,Personbiler,2025M05,2025M05,0,
B,Bruktimporterte kjøretøy,6,Annet drivstoff,Personbiler,Personbiler,2025M06,2025M06,0,
B,Bruktimporterte kjøretøy,6,Annet drivstoff,Personbiler,Personbiler,2025M07,2025M07,0,
B,Bruktimporterte kjøretøy,6,Annet drivstoff,Personbiler,Personbiler,2025M08,2025M08,0,
B,Bruktimporterte kjøretøy,6,Annet drivstoff,Personbiler,Personbiler,2025M09,2025M09,0,
B,Bruktimporterte kjøretøy,6,Annet drivstoff,Personbiler,Personbiler,2025M10,2025M10,0,
B,Bruktimporterte kjøretøy,6,Annet drivstoff,Personbiler,Personbiler,2025M11,2025M11,0,
B,Bruktimporterte kjøretøy,6,Annet drivstoff,Personbiler,Personbiler,2025M12,2025M12,0,
B,Bruktimporterte kjøretøy,6,Annet drivstoff,Personbiler,Personbiler,2026M01,2026M01,0,
B,Bruktimporterte kjøretøy,6,Annet drivstoff,Personbiler,Personbiler,2026M02,2026M02,0,
B,Bruktimporterte kjøretøy,6,Annet drivstoff,Personbiler,Personbiler,2026M03,2026M03,0,
B,Bruktimporterte kjøretøy,6,Annet drivstoff,Personbiler,Personbiler,2026M04,2026M04,0,
B,Bruktimporterte kjøretøy,6,Annet drivstoff,Personbiler,Personbiler,2026M05,2026M05,0,
B,Bruktimporterte kjøretøy,6,Annet drivstoff,Personbiler,Personbiler,2026M06,2026M06,0,
B,Bruktimporterte kjøretøy,6,Annet drivstoff,Personbiler,Personbiler,2026M07,2026M07,0,
B,Bruktimporterte kjøretøy,6,Annet drivstoff,VareCampBiler,Vare- og campingbiler,1995M01,1995M01,0,
B,Bruktimporterte kjøretøy,6,Annet drivstoff,VareCampBiler,Vare- og campingbiler,1995M02,1995M02,0,
B,Bruktimporterte kjøretøy,6,Annet drivstoff,VareCampBiler,Vare- og campingbiler,1995M03,1995M03,0,
B,Bruktimporterte kjøretøy,6,Annet drivstoff,VareCampBiler,Vare- og campingbiler,1995M04,1995M04,0,
B,Bruktimporterte kjøretøy,6,Annet drivstoff,VareCampBiler,Vare- og campingbiler,1995M05,1995M05,0,
B,Bruktimporterte kjøretøy,6,Annet drivstoff,VareCampBiler,Vare- og campingbiler,1995M06,1995M06,0,
B,Bruktimporterte kjøretøy,6,Annet drivstoff,VareCampBiler,Vare- og campingbiler,1995M07,1995M07,0,
B,Bruktimporterte kjøretøy,6,Annet drivstoff,VareCampBiler,Vare- og campingbiler,1995M08,1995M08,0,
B,Bruktimporterte kjøretøy,6,Annet drivstoff,VareCampBiler,Vare- og campingbiler,1995M09,1995M09,0,
B,Bruktimporterte kjøretøy,6,Annet drivstoff,VareCampBiler,Vare- og campingbiler,1995M10,1995M10,0,
B,Bruktimporterte kjøretøy,6,Annet drivstoff,VareCampBiler,Vare- og campingbiler,1995M11,1995M11,0,
B,Bruktimporterte kjøretøy,6,Annet drivstoff,VareCampBiler,Vare- og campingbiler,1995M12,1995M12,0,
B,Bruktimporterte kjøretøy,6,Annet drivstoff,VareCampBiler,Vare- og campingbiler,1996M01,1996M01,0,
B,Bruktimporterte kjøretøy,6,Annet drivstoff,VareCampBiler,Vare- og campingbiler,1996M02,1996M02,0,
B,Bruktimporterte kjøretøy,6,Annet drivstoff,VareCampBiler,Vare- og campingbiler,1996M03,1996M03,0,
B,Bruktimporterte kjøretøy,6,Annet drivstoff,VareCampBiler,Vare- og campingbiler,1996M04,1996M04,0,
B,Bruktimporterte kjøretøy,6,Annet drivstoff,VareCampBiler,Vare- og campingbiler,1996M05,1996M05,0,
B,Bruktimporterte kjøretøy,6,Annet drivstoff,VareCampBiler,Vare- og campingbiler,1996M06,1996M06,0,
B,Bruktimporterte kjøretøy,6,Annet drivstoff,VareCampBiler,Vare- og campingbiler,1996M07,1996M07,0,
B,Bruktimporterte kjøretøy,6,Annet drivstoff,VareCampBiler,Vare- og campingbiler,1996M08,1996M08,0,
B,Bruktimporterte kjøretøy,6,Annet drivstoff,VareCampBiler,Vare- og campingbiler,1996M09,1996M09,0,
B,Bruktimporterte kjøretøy,6,Annet drivstoff,VareCampBiler,Vare- og campingbiler,1996M10,1996M10,0,
B,Bruktimporterte kjøretøy,6,Annet drivstoff,VareCampBiler,Vare- og campingbiler,1996M11,1996M11,0,
B,Bruktimporterte kjøretøy,6,Annet drivstoff,VareCampBiler,Vare- og campingbiler,1996M12,1996M12,0,
B,Bruktimporterte kjøretøy,6,Annet drivstoff,VareCampBiler,Vare- og campingbiler,1997M01,1997M01,0,
B,Bruktimporterte kjøretøy,6,Annet drivstoff,VareCampBiler,Vare- og campingbiler,1997M02,1997M02,0,
B,Bruktimporterte kjøretøy,6,Annet drivstoff,VareCampBiler,Vare- og campingbiler,1997M03,1997M03,0,
B,Bruktimporterte kjøretøy,6,Annet drivstoff,VareCampBiler,Vare- og campingbiler,1997M04,1997M04,0,
B,Bruktimporterte kjøretøy,6,Annet drivstoff,VareCampBiler,Vare- og campingbiler,1997M05,1997M05,0,
B,Bruktimporterte kjøretøy,6,Annet drivstoff,VareCampBiler,Vare- og campingbiler,1997M06,1997M06,0,
B,Bruktimporterte kjøretøy,6,Annet drivstoff,VareCampBiler,Vare- og campingbiler,1997M07,1997M07,0,
B,Bruktimporterte kjøretøy,6,Annet drivstoff,VareCampBiler,Vare- og campingbiler,1997M08,1997M08,0,
B,Bruktimporterte kjøretøy,6,Annet drivstoff,VareCampBiler,Vare- og campingbiler,1997M09,1997M09,0,
B,Bruktimporterte kjøretøy,6,Annet drivstoff,VareCampBiler,Vare- og campingbiler,1997M10,1997M10,0,
B,Bruktimporterte kjøretøy,6,Annet drivstoff,VareCampBiler,Vare- og campingbiler,1997M11,1997M11,0,
B,Bruktimporterte kjøretøy,6,Annet drivstoff,VareCampBiler,Vare- og campingbiler,1997M12,1997M12,0,
B,Bruktimporterte kjøretøy,6,Annet drivstoff,VareCampBiler,Vare- og campingbiler,1998M01,1998M01,0,
B,Bruktimporterte kjøretøy,6,Annet drivstoff,VareCampBiler,Vare- og campingbiler,1998M02,1998M02,0,
B,Bruktimporterte kjøretøy,6,Annet drivstoff,VareCampBiler,Vare- og campingbiler,1998M03,1998M03,0,
B,Bruktimporterte kjøretøy,6,Annet drivstoff,VareCampBiler,Vare- og campingbiler,1998M04,1998M04,0,
B,Bruktimporterte kjøretøy,6,Annet drivstoff,VareCampBiler,Vare- og campingbiler,1998M05,1998M05,0,
B,Bruktimporterte kjøretøy,6,Annet drivstoff,VareCampBiler,Vare- og campingbiler,1998M06,1998M06,0,
B,Bruktimporterte kjøretøy,6,Annet drivstoff,VareCampBiler,Vare- og campingbiler,1998M07,1998M07,0,
B,Bruktimporterte kjøretøy,6,Annet drivstoff,VareCampBiler,Vare- og campingbiler,1998M08,1998M08,0,
B,Bruktimporterte kjøretøy,6,Annet drivstoff,VareCampBiler,Vare- og campingbiler,1998M09,1998M09,0,
B,Bruktimporterte kjøretøy,6,Annet drivstoff,VareCampBiler,Vare- og campingbiler,1998M10,1998M10,0,
B,Bruktimporterte kjøretøy,6,Annet drivstoff,VareCampBiler,Vare- og campingbiler,1998M11,1998M11,0,
B,Bruktimporterte kjøretøy,6,Annet drivstoff,VareCampBiler,Vare- og campingbiler,1998M12,1998M12,0,
B,Bruktimporterte kjøretøy,6,Annet drivstoff,VareCampBiler,Vare- og campingbiler,1999M01,1999M01,0,
B,Bruktimporterte kjøretøy,6,Annet drivstoff,VareCampBiler,Vare- og campingbiler,1999M02,1999M02,0,
B,Bruktimporterte kjøretøy,6,Annet drivstoff,VareCampBiler,Vare- og campingbiler,1999M03,1999M03,0,
B,Bruktimporterte kjøretøy,6,Annet drivstoff,VareCampBiler,Vare- og campingbiler,1999M04,1999M04,0,
B,Bruktimporterte kjøretøy,6,Annet drivstoff,VareCampBiler,Vare- og campingbiler,1999M05,1999M05,0,
B,Bruktimporterte kjøretøy,6,Annet drivstoff,VareCampBiler,Vare- og campingbiler,1999M06,1999M06,0,
B,Bruktimporterte kjøretøy,6,Annet drivstoff,VareCampBiler,Vare- og campingbiler,1999M07,1999M07,0,
B,Bruktimporterte kjøretøy,6,Annet drivstoff,VareCampBiler,Vare- og campingbiler,1999M08,1999M08,0,
B,Bruktimporterte kjøretøy,6,Annet drivstoff,VareCampBiler,Vare- og campingbiler,1999M09,1999M09,0,
B,Bruktimporterte kjøretøy,6,Annet drivstoff,VareCampBiler,Vare- og campingbiler,1999M10,1999M10,0,
B,Bruktimporterte kjøretøy,6,Annet drivstoff,VareCampBiler,Vare- og campingbiler,1999M11,1999M11,0,
B,Bruktimporterte kjøretøy,6,Annet drivstoff,VareCampBiler,Vare- og campingbiler,1999M12,1999M12,0,
B,Bruktimporterte kjøretøy,6,Annet drivstoff,VareCampBiler,Vare- og campingbiler,2000M01,2000M01,0,
B,Bruktimporterte kjøretøy,6,Annet drivstoff,VareCampBiler,Vare- og campingbiler,2000M02,2000M02,0,
B,Bruktimporterte kjøretøy,6,Annet drivstoff,VareCampBiler,Vare- og campingbiler,2000M03,2000M03,0,
B,Bruktimporterte kjøretøy,6,Annet drivstoff,VareCampBiler,Vare- og campingbiler,2000M04,2000M04,0,
B,Bruktimporterte kjøretøy,6,Annet drivstoff,VareCampBiler,Vare- og campingbiler,2000M05,2000M05,0,
B,Bruktimporterte kjøretøy,6,Annet drivstoff,VareCampBiler,Vare- og campingbiler,2000M06,2000M06,0,
B,Bruktimporterte kjøretøy,6,Annet drivstoff,VareCampBiler,Vare- og campingbiler,2000M07,2000M07,0,
B,Bruktimporterte kjøretøy,6,Annet drivstoff,VareCampBiler,Vare- og campingbiler,2000M08,2000M08,0,
B,Bruktimporterte kjøretøy,6,Annet drivstoff,VareCampBiler,Vare- og campingbiler,2000M09,2000M09,0,
B,Bruktimporterte kjøretøy,6,Annet drivstoff,VareCampBiler,Vare- og campingbiler,2000M10,2000M10,0,
B,Bruktimporterte kjøretøy,6,Annet drivstoff,VareCampBiler,Vare- og campingbiler,2000M11,2000M11,0,
B,Bruktimporterte kjøretøy,6,Annet drivstoff,VareCampBiler,Vare- og campingbiler,2000M12,2000M12,0,
B,Bruktimporterte kjøretøy,6,Annet drivstoff,VareCampBiler,Vare- og campingbiler,2001M01,2001M01,0,
B,Bruktimporterte kjøretøy,6,Annet drivstoff,VareCampBiler,Vare- og campingbiler,2001M02,2001M02,0,
B,Bruktimporterte kjøretøy,6,Annet drivstoff,VareCampBiler,Vare- og campingbiler,2001M03,2001M03,0,
B,Bruktimporterte kjøretøy,6,Annet drivstoff,VareCampBiler,Vare- og campingbiler,2001M04,2001M04,0,
B,Bruktimporterte kjøretøy,6,Annet drivstoff,VareCampBiler,Vare- og campingbiler,2001M05,2001M05,0,
B,Bruktimporterte kjøretøy,6,Annet drivstoff,VareCampBiler,Vare- og campingbiler,2001M06,2001M06,0,
B,Bruktimporterte kjøretøy,6,Annet drivstoff,VareCampBiler,Vare- og campingbiler,2001M07,2001M07,0,
B,Bruktimporterte kjøretøy,6,Annet drivstoff,VareCampBiler,Vare- og campingbiler,2001M08,2001M08,0,
B,Bruktimporterte kjøretøy,6,Annet drivstoff,VareCampBiler,Vare- og campingbiler,2001M09,2001M09,0,
B,Bruktimporterte kjøretøy,6,Annet drivstoff,VareCampBiler,Vare- og campingbiler,2001M10,2001M10,0,
B,Bruktimporterte kjøretøy,6,Annet drivstoff,VareCampBiler,Vare- og campingbiler,2001M11,2001M11,0,
B,Bruktimporterte kjøretøy,6,Annet drivstoff,VareCampBiler,Vare- og campingbiler,2001M12,2001M12,0,
B,Bruktimporterte kjøretøy,6,Annet drivstoff,VareCampBiler,Vare- og campingbiler,2002M01,2002M01,0,
B,Bruktimporterte kjøretøy,6,Annet drivstoff,VareCampBiler,Vare- og campingbiler,2002M02,2002M02,0,
B,Bruktimporterte kjøretøy,6,Annet drivstoff,VareCampBiler,Vare- og campingbiler,2002M03,2002M03,0,
B,Bruktimporterte kjøretøy,6,Annet drivstoff,VareCampBiler,Vare- og campingbiler,2002M04,2002M04,0,
B,Bruktimporterte kjøretøy,6,Annet drivstoff,VareCampBiler,Vare- og campingbiler,2002M05,2002M05,0,
B,Bruktimporterte kjøretøy,6,Annet drivstoff,VareCampBiler,Vare- og campingbiler,2002M06,2002M06,0,
B,Bruktimporterte kjøretøy,6,Annet drivstoff,VareCampBiler,Vare- og campingbiler,2002M07,2002M07,0,
B,Bruktimporterte kjøretøy,6,Annet drivstoff,VareCampBiler,Vare- og campingbiler,2002M08,2002M08,0,
B,Bruktimporterte kjøretøy,6,Annet drivstoff,VareCampBiler,Vare- og campingbiler,2002M09,2002M09,0,
B,Bruktimporterte kjøretøy,6,Annet drivstoff,VareCampBiler,Vare- og campingbiler,2002M10,2002M10,0,
B,Bruktimporterte kjøretøy,6,Annet drivstoff,VareCampBiler,Vare- og campingbiler,2002M11,2002M11,0,
B,Bruktimporterte kjøretøy,6,Annet drivstoff,VareCampBiler,Vare- og campingbiler,2002M12,2002M12,0,
B,Bruktimporterte kjøretøy,6,Annet drivstoff,VareCampBiler,Vare- og campingbiler,2003M01,2003M01,0,
B,Bruktimporterte kjøretøy,6,Annet drivstoff,VareCampBiler,Vare- og campingbiler,2003M02,2003M02,0,
B,Bruktimporterte kjøretøy,6,Annet drivstoff,VareCampBiler,Vare- og campingbiler,2003M03,2003M03,0,
B,Bruktimporterte kjøretøy,6,Annet drivstoff,VareCampBiler,Vare- og campingbiler,2003M04,2003M04,0,
B,Bruktimporterte kjøretøy,6,Annet drivstoff,VareCampBiler,Vare- og campingbiler,2003M05,2003M05,0,
B,Bruktimporterte kjøretøy,6,Annet drivstoff,VareCampBiler,Vare- og campingbiler,2003M06,2003M06,0,
B,Bruktimporterte kjøretøy,6,Annet drivstoff,VareCampBiler,Vare- og campingbiler,2003M07,2003M07,0,
B,Bruktimporterte kjøretøy,6,Annet drivstoff,VareCampBiler,Vare- og campingbiler,2003M08,2003M08,0,
B,Bruktimporterte kjøretøy,6,Annet drivstoff,VareCampBiler,Vare- og campingbiler,2003M09,2003M09,0,
B,Bruktimporterte kjøretøy,6,Annet drivstoff,VareCampBiler,Vare- og campingbiler,2003M10,2003M10,0,
B,Bruktimporterte kjøretøy,6,Annet drivstoff,VareCampBiler,Vare- og campingbiler,2003M11,2003M11,0,
B,Bruktimporterte kjøretøy,6,Annet drivstoff,VareCampBiler,Vare- og campingbiler,2003M12,2003M12,0,
B,Bruktimporterte kjøretøy,6,Annet drivstoff,VareCampBiler,Vare- og campingbiler,2004M01,2004M01,0,
B,Bruktimporterte kjøretøy,6,Annet drivstoff,VareCampBiler,Vare- og campingbiler,2004M02,2004M02,0,
B,Bruktimporterte kjøretøy,6,Annet drivstoff,VareCampBiler,Vare- og campingbiler,2004M03,2004M03,0,
B,Bruktimporterte kjøretøy,6,Annet drivstoff,VareCampBiler,Vare- og campingbiler,2004M04,2004M04,0,
B,Bruktimporterte kjøretøy,6,Annet drivstoff,VareCampBiler,Vare- og campingbiler,2004M05,2004M05,0,
B,Bruktimporterte kjøretøy,6,Annet drivstoff,VareCampBiler,Vare- og campingbiler,2004M06,2004M06,0,
B,Bruktimporterte kjøretøy,6,Annet drivstoff,VareCampBiler,Vare- og campingbiler,2004M07,2004M07,0,
B,Bruktimporterte kjøretøy,6,Annet drivstoff,VareCampBiler,Vare- og campingbiler,2004M08,2004M08,0,
B,Bruktimporterte kjøretøy,6,Annet drivstoff,VareCampBiler,Vare- og campingbiler,2004M09,2004M09,0,
B,Bruktimporterte kjøretøy,6,Annet drivstoff,VareCampBiler,Vare- og campingbiler,2004M10,2004M10,0,
B,Bruktimporterte kjøretøy,6,Annet drivstoff,VareCampBiler,Vare- og campingbiler,2004M11,2004M11,1,
B,Bruktimporterte kjøretøy,6,Annet drivstoff,VareCampBiler,Vare- og campingbiler,2004M12,2004M12,0,
B,Bruktimporterte kjøretøy,6,Annet drivstoff,VareCampBiler,Vare- og campingbiler,2005M01,2005M01,0,
B,Bruktimporterte kjøretøy,6,Annet drivstoff,VareCampBiler,Vare- og campingbiler,2005M02,2005M02,0,
B,Bruktimporterte kjøretøy,6,Annet drivstoff,VareCampBiler,Vare- og campingbiler,2005M03,2005M03,0,
B,Bruktimporterte kjøretøy,6,Annet drivstoff,VareCampBiler,Vare- og campingbiler,2005M04,2005M04,0,
B,Bruktimporterte kjøretøy,6,Annet drivstoff,VareCampBiler,Vare- og campingbiler,2005M05,2005M05,0,
B,Bruktimporterte kjøretøy,6,Annet drivstoff,VareCampBiler,Vare- og campingbiler,2005M06,2005M06,0,
B,Bruktimporterte kjøretøy,6,Annet drivstoff,VareCampBiler,Vare- og campingbiler,2005M07,2005M07,0,
B,Bruktimporterte kjøretøy,6,Annet drivstoff,VareCampBiler,Vare- og campingbiler,2005M08,2005M08,0,
B,Bruktimporterte kjøretøy,6,Annet drivstoff,VareCampBiler,Vare- og campingbiler,2005M09,2005M09,0,
B,Bruktimporterte kjøretøy,6,Annet drivstoff,VareCampBiler,Vare- og campingbiler,2005M10,2005M10,0,
B,Bruktimporterte kjøretøy,6,Annet drivstoff,VareCampBiler,Vare- og campingbiler,2005M11,2005M11,0,
B,Bruktimporterte kjøretøy,6,Annet drivstoff,VareCampBiler,Vare- og campingbiler,2005M12,2005M12,0,
B,Bruktimporterte kjøretøy,6,Annet drivstoff,VareCampBiler,Vare- og campingbiler,2006M01,2006M01,0,
B,Bruktimporterte kjøretøy,6,Annet drivstoff,VareCampBiler,Vare- og campingbiler,2006M02,2006M02,0,
B,Bruktimporterte kjøretøy,6,Annet drivstoff,VareCampBiler,Vare- og campingbiler,2006M03,2006M03,0,
B,Bruktimporterte kjøretøy,6,Annet drivstoff,VareCampBiler,Vare- og campingbiler,2006M04,2006M04,0,
B,Bruktimporterte kjøretøy,6,Annet drivstoff,VareCampBiler,Vare- og campingbiler,2006M05,2006M05,0,
B,Bruktimporterte kjøretøy,6,Annet drivstoff,VareCampBiler,Vare- og campingbiler,2006M06,2006M06,0,
B,Bruktimporterte kjøretøy,6,Annet drivstoff,VareCampBiler,Vare- og campingbiler,2006M07,2006M07,0,
B,Bruktimporterte kjøretøy,6,Annet drivstoff,VareCampBiler,Vare- og campingbiler,2006M08,2006M08,0,
B,Bruktimporterte kjøretøy,6,Annet drivstoff,VareCampBiler,Vare- og campingbiler,2006M09,2006M09,0,
B,Bruktimporterte kjøretøy,6,Annet drivstoff,VareCampBiler,Vare- og campingbiler,2006M10,2006M10,0,
B,Bruktimporterte kjøretøy,6,Annet drivstoff,VareCampBiler,Vare- og campingbiler,2006M11,2006M11,0,
B,Bruktimporterte kjøretøy,6,Annet drivstoff,VareCampBiler,Vare- og campingbiler,2006M12,2006M12,0,
B,Bruktimporterte kjøretøy,6,Annet drivstoff,VareCampBiler,Vare- og campingbiler,2007M01,2007M01,0,
B,Bruktimporterte kjøretøy,6,Annet drivstoff,VareCampBiler,Vare- og campingbiler,2007M02,2007M02,0,
B,Bruktimporterte kjøretøy,6,Annet drivstoff,VareCampBiler,Vare- og campingbiler,2007M03,2007M03,0,
B,Bruktimporterte kjøretøy,6,Annet drivstoff,VareCampBiler,Vare- og campingbiler,2007M04,2007M04,0,
B,Bruktimporterte kjøretøy,6,Annet drivstoff,VareCampBiler,Vare- og campingbiler,2007M05,2007M05,0,
B,Bruktimporterte kjøretøy,6,Annet drivstoff,VareCampBiler,Vare- og campingbiler,2007M06,2007M06,0,
B,Bruktimporterte kjøretøy,6,Annet drivstoff,VareCampBiler,Vare- og campingbiler,2007M07,2007M07,0,
B,Bruktimporterte kjøretøy,6,Annet drivstoff,VareCampBiler,Vare- og campingbiler,2007M08,2007M08,0,
B,Bruktimporterte kjøretøy,6,Annet drivstoff,VareCampBiler,Vare- og campingbiler,2007M09,2007M09,0,
B,Bruktimporterte kjøretøy,6,Annet drivstoff,VareCampBiler,Vare- og campingbiler,2007M10,2007M10,0,
B,Bruktimporterte kjøretøy,6,Annet drivstoff,VareCampBiler,Vare- og campingbiler,2007M11,2007M11,0,
B,Bruktimporterte kjøretøy,6,Annet drivstoff,VareCampBiler,Vare- og campingbiler,2007M12,2007M12,0,
B,Bruktimporterte kjøretøy,6,Annet drivstoff,VareCampBiler,Vare- og campingbiler,2008M01,2008M01,0,
B,Bruktimporterte kjøretøy,6,Annet drivstoff,VareCampBiler,Vare- og campingbiler,2008M02,2008M02,0,
B,Bruktimporterte kjøretøy,6,Annet drivstoff,VareCampBiler,Vare- og campingbiler,2008M03,2008M03,0,
B,Bruktimporterte kjøretøy,6,Annet drivstoff,VareCampBiler,Vare- og campingbiler,2008M04,2008M04,0,
B,Bruktimporterte kjøretøy,6,Annet drivstoff,VareCampBiler,Vare- og campingbiler,2008M05,2008M05,0,
B,Bruktimporterte kjøretøy,6,Annet drivstoff,VareCampBiler,Vare- og campingbiler,2008M06,2008M06,0,
B,Bruktimporterte kjøretøy,6,Annet drivstoff,VareCampBiler,Vare- og campingbiler,2008M07,2008M07,0,
B,Bruktimporterte kjøretøy,6,Annet drivstoff,VareCampBiler,Vare- og campingbiler,2008M08,2008M08,0,
B,Bruktimporterte kjøretøy,6,Annet drivstoff,VareCampBiler,Vare- og campingbiler,2008M09,2008M09,0,
B,Bruktimporterte kjøretøy,6,Annet drivstoff,VareCampBiler,Vare- og campingbiler,2008M10,2008M10,0,
B,Bruktimporterte kjøretøy,6,Annet drivstoff,VareCampBiler,Vare- og campingbiler,2008M11,2008M11,0,
B,Bruktimporterte kjøretøy,6,Annet drivstoff,VareCampBiler,Vare- og campingbiler,2008M12,2008M12,0,
B,Bruktimporterte kjøretøy,6,Annet drivstoff,VareCampBiler,Vare- og campingbiler,2009M01,2009M01,0,
B,Bruktimporterte kjøretøy,6,Annet drivstoff,VareCampBiler,Vare- og campingbiler,2009M02,2009M02,0,
B,Bruktimporterte kjøretøy,6,Annet drivstoff,VareCampBiler,Vare- og campingbiler,2009M03,2009M03,0,
B,Bruktimporterte kjøretøy,6,Annet drivstoff,VareCampBiler,Vare- og campingbiler,2009M04,2009M04,0,
B,Bruktimporterte kjøretøy,6,Annet drivstoff,VareCampBiler,Vare- og campingbiler,2009M05,2009M05,0,
B,Bruktimporterte kjøretøy,6,Annet drivstoff,VareCampBiler,Vare- og campingbiler,2009M06,2009M06,0,
B,Bruktimporterte kjøretøy,6,Annet drivstoff,VareCampBiler,Vare- og campingbiler,2009M07,2009M07,0,
B,Bruktimporterte kjøretøy,6,Annet drivstoff,VareCampBiler,Vare- og campingbiler,2009M08,2009M08,0,
B,Bruktimporterte kjøretøy,6,Annet drivstoff,VareCampBiler,Vare- og campingbiler,2009M09,2009M09,0,
B,Bruktimporterte kjøretøy,6,Annet drivstoff,VareCampBiler,Vare- og campingbiler,2009M10,2009M10,0,
B,Bruktimporterte kjøretøy,6,Annet drivstoff,VareCampBiler,Vare- og campingbiler,2009M11,2009M11,0,
B,Bruktimporterte kjøretøy,6,Annet drivstoff,VareCampBiler,Vare- og campingbiler,2009M12,2009M12,0,
B,Bruktimporterte kjøretøy,6,Annet drivstoff,VareCampBiler,Vare- og campingbiler,2010M01,2010M01,0,
B,Bruktimporterte kjøretøy,6,Annet drivstoff,VareCampBiler,Vare- og campingbiler,2010M02,2010M02,0,
B,Bruktimporterte kjøretøy,6,Annet drivstoff,VareCampBiler,Vare- og campingbiler,2010M03,2010M03,0,
B,Bruktimporterte kjøretøy,6,Annet drivstoff,VareCampBiler,Vare- og campingbiler,2010M04,2010M04,0,
B,Bruktimporterte kjøretøy,6,Annet drivstoff,VareCampBiler,Vare- og campingbiler,2010M05,2010M05,0,
B,Bruktimporterte kjøretøy,6,Annet drivstoff,VareCampBiler,Vare- og campingbiler,2010M06,2010M06,0,
B,Bruktimporterte kjøretøy,6,Annet drivstoff,VareCampBiler,Vare- og campingbiler,2010M07,2010M07,0,
B,Bruktimporterte kjøretøy,6,Annet drivstoff,VareCampBiler,Vare- og campingbiler,2010M08,2010M08,0,
B,Bruktimporterte kjøretøy,6,Annet drivstoff,VareCampBiler,Vare- og campingbiler,2010M09,2010M09,0,
B,Bruktimporterte kjøretøy,6,Annet drivstoff,VareCampBiler,Vare- og campingbiler,2010M10,2010M10,0,
B,Bruktimporterte kjøretøy,6,Annet drivstoff,VareCampBiler,Vare- og campingbiler,2010M11,2010M11,0,
B,Bruktimporterte kjøretøy,6,Annet drivstoff,VareCampBiler,Vare- og campingbiler,2010M12,2010M12,0,
B,Bruktimporterte kjøretøy,6,Annet drivstoff,VareCampBiler,Vare- og campingbiler,2011M01,2011M01,0,
B,Bruktimporterte kjøretøy,6,Annet drivstoff,VareCampBiler,Vare- og campingbiler,2011M02,2011M02,0,
B,Bruktimporterte kjøretøy,6,Annet drivstoff,VareCampBiler,Vare- og campingbiler,2011M03,2011M03,0,
B,Bruktimporterte kjøretøy,6,Annet drivstoff,VareCampBiler,Vare- og campingbiler,2011M04,2011M04,0,
B,Bruktimporterte kjøretøy,6,Annet drivstoff,VareCampBiler,Vare- og campingbiler,2011M05,2011M05,0,
B,Bruktimporterte kjøretøy,6,Annet drivstoff,VareCampBiler,Vare- og campingbiler,2011M06,2011M06,0,
B,Bruktimporterte kjøretøy,6,Annet drivstoff,VareCampBiler,Vare- og campingbiler,2011M07,2011M07,0,
B,Bruktimporterte kjøretøy,6,Annet drivstoff,VareCampBiler,Vare- og campingbiler,2011M08,2011M08,0,
B,Bruktimporterte kjøretøy,6,Annet drivstoff,VareCampBiler,Vare- og campingbiler,2011M09,2011M09,0,
B,Bruktimporterte kjøretøy,6,Annet drivstoff,VareCampBiler,Vare- og campingbiler,2011M10,2011M10,0,
B,Bruktimporterte kjøretøy,6,Annet drivstoff,VareCampBiler,Vare- og campingbiler,2011M11,2011M11,0,
B,Bruktimporterte kjøretøy,6,Annet drivstoff,VareCampBiler,Vare- og campingbiler,2011M12,2011M12,0,
B,Bruktimporterte kjøretøy,6,Annet drivstoff,VareCampBiler,Vare- og campingbiler,2012M01,2012M01,0,
B,Bruktimporterte kjøretøy,6,Annet drivstoff,VareCampBiler,Vare- og campingbiler,2012M02,2012M02,0,
B,Bruktimporterte kjøretøy,6,Annet drivstoff,VareCampBiler,Vare- og campingbiler,2012M03,2012M03,0,
B,Bruktimporterte kjøretøy,6,Annet drivstoff,VareCampBiler,Vare- og campingbiler,2012M04,2012M04,0,
B,Bruktimporterte kjøretøy,6,Annet drivstoff,VareCampBiler,Vare- og campingbiler,2012M05,2012M05,0,
B,Bruktimporterte kjøretøy,6,Annet drivstoff,VareCampBiler,Vare- og campingbiler,2012M06,2012M06,0,
B,Bruktimporterte kjøretøy,6,Annet drivstoff,VareCampBiler,Vare- og campingbiler,2012M07,2012M07,0,
B,Bruktimporterte kjøretøy,6,Annet drivstoff,VareCampBiler,Vare- og campingbiler,2012M08,2012M08,0,
B,Bruktimporterte kjøretøy,6,Annet drivstoff,VareCampBiler,Vare- og campingbiler,2012M09,2012M09,0,
B,Bruktimporterte kjøretøy,6,Annet drivstoff,VareCampBiler,Vare- og campingbiler,2012M10,2012M10,0,
B,Bruktimporterte kjøretøy,6,Annet drivstoff,VareCampBiler,Vare- og campingbiler,2012M11,2012M11,0,
B,Bruktimporterte kjøretøy,6,Annet drivstoff,VareCampBiler,Vare- og campingbiler,2012M12,2012M12,0,
B,Bruktimporterte kjøretøy,6,Annet drivstoff,VareCampBiler,Vare- og campingbiler,2013M01,2013M01,0,
B,Bruktimporterte kjøretøy,6,Annet drivstoff,VareCampBiler,Vare- og campingbiler,2013M02,2013M02,0,
B,Bruktimporterte kjøretøy,6,Annet drivstoff,VareCampBiler,Vare- og campingbiler,2013M03,2013M03,0,
B,Bruktimporterte kjøretøy,6,Annet drivstoff,VareCampBiler,Vare- og campingbiler,2013M04,2013M04,0,
B,Bruktimporterte kjøretøy,6,Annet drivstoff,VareCampBiler,Vare- og campingbiler,2013M05,2013M05,0,
B,Bruktimporterte kjøretøy,6,Annet drivstoff,VareCampBiler,Vare- og campingbiler,2013M06,2013M06,0,
B,Bruktimporterte kjøretøy,6,Annet drivstoff,VareCampBiler,Vare- og campingbiler,2013M07,2013M07,0,
B,Bruktimporterte kjøretøy,6,Annet drivstoff,VareCampBiler,Vare- og campingbiler,2013M08,2013M08,0,
B,Bruktimporterte kjøretøy,6,Annet drivstoff,VareCampBiler,Vare- og campingbiler,2013M09,2013M09,0,
B,Bruktimporterte kjøretøy,6,Annet drivstoff,VareCampBiler,Vare- og campingbiler,2013M10,2013M10,0,
B,Bruktimporterte kjøretøy,6,Annet drivstoff,VareCampBiler,Vare- og campingbiler,2013M11,2013M11,0,
B,Bruktimporterte kjøretøy,6,Annet drivstoff,VareCampBiler,Vare- og campingbiler,2013M12,2013M12,0,
B,Bruktimporterte kjøretøy,6,Annet drivstoff,VareCampBiler,Vare- og campingbiler,2014M01,2014M01,0,
B,Bruktimporterte kjøretøy,6,Annet drivstoff,VareCampBiler,Vare- og campingbiler,2014M02,2014M02,0,
B,Bruktimporterte kjøretøy,6,Annet drivstoff,VareCampBiler,Vare- og campingbiler,2014M03,2014M03,0,
B,Bruktimporterte kjøretøy,6,Annet drivstoff,VareCampBiler,Vare- og campingbiler,2014M04,2014M04,0,
B,Bruktimporterte kjøretøy,6,Annet drivstoff,VareCampBiler,Vare- og campingbiler,2014M05,2014M05,0,
B,Bruktimporterte kjøretøy,6,Annet drivstoff,VareCampBiler,Vare- og campingbiler,2014M06,2014M06,0,
B,Bruktimporterte kjøretøy,6,Annet drivstoff,VareCampBiler,Vare- og campingbiler,2014M07,2014M07,0,
B,Bruktimporterte kjøretøy,6,Annet drivstoff,VareCampBiler,Vare- og campingbiler,2014M08,2014M08,0,
B,Bruktimporterte kjøretøy,6,Annet drivstoff,VareCampBiler,Vare- og campingbiler,2014M09,2014M09,0,
B,Bruktimporterte kjøretøy,6,Annet drivstoff,VareCampBiler,Vare- og campingbiler,2014M10,2014M10,0,
B,Bruktimporterte kjøretøy,6,Annet drivstoff,VareCampBiler,Vare- og campingbiler,2014M11,2014M11,0,
B,Bruktimporterte kjøretøy,6,Annet drivstoff,VareCampBiler,Vare- og campingbiler,2014M12,2014M12,0,
B,Bruktimporterte kjøretøy,6,Annet drivstoff,VareCampBiler,Vare- og campingbiler,2015M01,2015M01,0,
B,Bruktimporterte kjøretøy,6,Annet drivstoff,VareCampBiler,Vare- og campingbiler,2015M02,2015M02,0,
B,Bruktimporterte kjøretøy,6,Annet drivstoff,VareCampBiler,Vare- og campingbiler,2015M03,2015M03,0,
B,Bruktimporterte kjøretøy,6,Annet drivstoff,VareCampBiler,Vare- og campingbiler,2015M04,2015M04,0,
B,Bruktimporterte kjøretøy,6,Annet drivstoff,VareCampBiler,Vare- og campingbiler,2015M05,2015M05,0,
B,Bruktimporterte kjøretøy,6,Annet drivstoff,VareCampBiler,Vare- og campingbiler,2015M06,2015M06,0,
B,Bruktimporterte kjøretøy,6,Annet drivstoff,VareCampBiler,Vare- og campingbiler,2015M07,2015M07,0,
B,Bruktimporterte kjøretøy,6,Annet drivstoff,VareCampBiler,Vare- og campingbiler,2015M08,2015M08,0,
B,Bruktimporterte kjøretøy,6,Annet drivstoff,VareCampBiler,Vare- og campingbiler,2015M09,2015M09,0,
B,Bruktimporterte kjøretøy,6,Annet drivstoff,VareCampBiler,Vare- og campingbiler,2015M10,2015M10,0,
B,Bruktimporterte kjøretøy,6,Annet drivstoff,VareCampBiler,Vare- og campingbiler,2015M11,2015M11,0,
B,Bruktimporterte kjøretøy,6,Annet drivstoff,VareCampBiler,Vare- og campingbiler,2015M12,2015M12,0,
B,Bruktimporterte kjøretøy,6,Annet drivstoff,VareCampBiler,Vare- og campingbiler,2016M01,2016M01,0,
B,Bruktimporterte kjøretøy,6,Annet drivstoff,VareCampBiler,Vare- og campingbiler,2016M02,2016M02,0,
B,Bruktimporterte kjøretøy,6,Annet drivstoff,VareCampBiler,Vare- og campingbiler,2016M03,2016M03,0,
B,Bruktimporterte kjøretøy,6,Annet drivstoff,VareCampBiler,Vare- og campingbiler,2016M04,2016M04,0,
B,Bruktimporterte kjøretøy,6,Annet drivstoff,VareCampBiler,Vare- og campingbiler,2016M05,2016M05,0,
B,Bruktimporterte kjøretøy,6,Annet drivstoff,VareCampBiler,Vare- og campingbiler,2016M06,2016M06,0,
B,Bruktimporterte kjøretøy,6,Annet drivstoff,VareCampBiler,Vare- og campingbiler,2016M07,2016M07,0,
B,Bruktimporterte kjøretøy,6,Annet drivstoff,VareCampBiler,Vare- og campingbiler,2016M08,2016M08,0,
B,Bruktimporterte kjøretøy,6,Annet drivstoff,VareCampBiler,Vare- og campingbiler,2016M09,2016M09,0,
B,Bruktimporterte kjøretøy,6,Annet drivstoff,VareCampBiler,Vare- og campingbiler,2016M10,2016M10,0,
B,Bruktimporterte kjøretøy,6,Annet drivstoff,VareCampBiler,Vare- og campingbiler,2016M11,2016M11,0,
B,Bruktimporterte kjøretøy,6,Annet drivstoff,VareCampBiler,Vare- og campingbiler,2016M12,2016M12,0,
B,Bruktimporterte kjøretøy,6,Annet drivstoff,VareCampBiler,Vare- og campingbiler,2017M01,2017M01,0,
B,Bruktimporterte kjøretøy,6,Annet drivstoff,VareCampBiler,Vare- og campingbiler,2017M02,2017M02,0,
B,Bruktimporterte kjøretøy,6,Annet drivstoff,VareCampBiler,Vare- og campingbiler,2017M03,2017M03,0,
B,Bruktimporterte kjøretøy,6,Annet drivstoff,VareCampBiler,Vare- og campingbiler,2017M04,2017M04,0,
B,Bruktimporterte kjøretøy,6,Annet drivstoff,VareCampBiler,Vare- og campingbiler,2017M05,2017M05,0,
B,Bruktimporterte kjøretøy,6,Annet drivstoff,VareCampBiler,Vare- og campingbiler,2017M06,2017M06,0,
B,Bruktimporterte kjøretøy,6,Annet drivstoff,VareCampBiler,Vare- og campingbiler,2017M07,2017M07,0,
B,Bruktimporterte kjøretøy,6,Annet drivstoff,VareCampBiler,Vare- og campingbiler,2017M08,2017M08,0,
B,Bruktimporterte kjøretøy,6,Annet drivstoff,VareCampBiler,Vare- og campingbiler,2017M09,2017M09,0,
B,Bruktimporterte kjøretøy,6,Annet drivstoff,VareCampBiler,Vare- og campingbiler,2017M10,2017M10,0,
B,Bruktimporterte kjøretøy,6,Annet drivstoff,VareCampBiler,Vare- og campingbiler,2017M11,2017M11,0,
B,Bruktimporterte kjøretøy,6,Annet drivstoff,VareCampBiler,Vare- og campingbiler,2017M12,2017M12,0,
B,Bruktimporterte kjøretøy,6,Annet drivstoff,VareCampBiler,Vare- og campingbiler,2018M01,2018M01,0,
B,Bruktimporterte kjøretøy,6,Annet drivstoff,VareCampBiler,Vare- og campingbiler,2018M02,2018M02,0,
B,Bruktimporterte kjøretøy,6,Annet drivstoff,VareCampBiler,Vare- og campingbiler,2018M03,2018M03,0,
B,Bruktimporterte kjøretøy,6,Annet drivstoff,VareCampBiler,Vare- og campingbiler,2018M04,2018M04,0,
B,Bruktimporterte kjøretøy,6,Annet drivstoff,VareCampBiler,Vare- og campingbiler,2018M05,2018M05,0,
B,Bruktimporterte kjøretøy,6,Annet drivstoff,VareCampBiler,Vare- og campingbiler,2018M06,2018M06,0,
B,Bruktimporterte kjøretøy,6,Annet drivstoff,VareCampBiler,Vare- og campingbiler,2018M07,2018M07,0,
B,Bruktimporterte kjøretøy,6,Annet drivstoff,VareCampBiler,Vare- og campingbiler,2018M08,2018M08,0,
B,Bruktimporterte kjøretøy,6,Annet drivstoff,VareCampBiler,Vare- og campingbiler,2018M09,2018M09,0,
B,Bruktimporterte kjøretøy,6,Annet drivstoff,VareCampBiler,Vare- og campingbiler,2018M10,2018M10,0,
B,Bruktimporterte kjøretøy,6,Annet drivstoff,VareCampBiler,Vare- og campingbiler,2018M11,2018M11,0,
B,Bruktimporterte kjøretøy,6,Annet drivstoff,VareCampBiler,Vare- og campingbiler,2018M12,2018M12,0,
B,Bruktimporterte kjøretøy,6,Annet drivstoff,VareCampBiler,Vare- og campingbiler,2019M01,2019M01,0,
B,Bruktimporterte kjøretøy,6,Annet drivstoff,VareCampBiler,Vare- og campingbiler,2019M02,2019M02,0,
B,Bruktimporterte kjøretøy,6,Annet drivstoff,VareCampBiler,Vare- og campingbiler,2019M03,2019M03,0,
B,Bruktimporterte kjøretøy,6,Annet drivstoff,VareCampBiler,Vare- og campingbiler,2019M04,2019M04,0,
B,Bruktimporterte kjøretøy,6,Annet drivstoff,VareCampBiler,Vare- og campingbiler,2019M05,2019M05,0,
B,Bruktimporterte kjøretøy,6,Annet drivstoff,VareCampBiler,Vare- og campingbiler,2019M06,2019M06,0,
B,Bruktimporterte kjøretøy,6,Annet drivstoff,VareCampBiler,Vare- og campingbiler,2019M07,2019M07,0,
B,Bruktimporterte kjøretøy,6,Annet drivstoff,VareCampBiler,Vare- og campingbiler,2019M08,2019M08,0,
B,Bruktimporterte kjøretøy,6,Annet drivstoff,VareCampBiler,Vare- og campingbiler,2019M09,2019M09,0,
B,Bruktimporterte kjøretøy,6,Annet drivstoff,VareCampBiler,Vare- og campingbiler,2019M10,2019M10,0,
B,Bruktimporterte kjøretøy,6,Annet drivstoff,VareCampBiler,Vare- og campingbiler,2019M11,2019M11,0,
B,Bruktimporterte kjøretøy,6,Annet drivstoff,VareCampBiler,Vare- og campingbiler,2019M12,2019M12,0,
B,Bruktimporterte kjøretøy,6,Annet drivstoff,VareCampBiler,Vare- og campingbiler,2020M01,2020M01,0,
B,Bruktimporterte kjøretøy,6,Annet drivstoff,VareCampBiler,Vare- og campingbiler,2020M02,2020M02,0,
B,Bruktimporterte kjøretøy,6,Annet drivstoff,VareCampBiler,Vare- og campingbiler,2020M03,2020M03,0,
B,Bruktimporterte kjøretøy,6,Annet drivstoff,VareCampBiler,Vare- og campingbiler,2020M04,2020M04,0,
B,Bruktimporterte kjøretøy,6,Annet drivstoff,VareCampBiler,Vare- og campingbiler,2020M05,2020M05,0,
B,Bruktimporterte kjøretøy,6,Annet drivstoff,VareCampBiler,Vare- og campingbiler,2020M06,2020M06,0,
B,Bruktimporterte kjøretøy,6,Annet drivstoff,VareCampBiler,Vare- og campingbiler,2020M07,2020M07,0,
B,Bruktimporterte kjøretøy,6,Annet drivstoff,VareCampBiler,Vare- og campingbiler,2020M08,2020M08,0,
B,Bruktimporterte kjøretøy,6,Annet drivstoff,VareCampBiler,Vare- og campingbiler,2020M09,2020M09,0,
B,Bruktimporterte kjøretøy,6,Annet drivstoff,VareCampBiler,Vare- og campingbiler,2020M10,2020M10,0,
B,Bruktimporterte kjøretøy,6,Annet drivstoff,VareCampBiler,Vare- og campingbiler,2020M11,2020M11,0,
B,Bruktimporterte kjøretøy,6,Annet drivstoff,VareCampBiler,Vare- og campingbiler,2020M12,2020M12,0,
B,Bruktimporterte kjøretøy,6,Annet drivstoff,VareCampBiler,Vare- og campingbiler,2021M01,2021M01,0,
B,Bruktimporterte kjøretøy,6,Annet drivstoff,VareCampBiler,Vare- og campingbiler,2021M02,2021M02,0,
B,Bruktimporterte kjøretøy,6,Annet drivstoff,VareCampBiler,Vare- og campingbiler,2021M03,2021M03,0,
B,Bruktimporterte kjøretøy,6,Annet drivstoff,VareCampBiler,Vare- og campingbiler,2021M04,2021M04,0,
B,Bruktimporterte kjøretøy,6,Annet drivstoff,VareCampBiler,Vare- og campingbiler,2021M05,2021M05,0,
B,Bruktimporterte kjøretøy,6,Annet drivstoff,VareCampBiler,Vare- og campingbiler,2021M06,2021M06,0,
B,Bruktimporterte kjøretøy,6,Annet drivstoff,VareCampBiler,Vare- og campingbiler,2021M07,2021M07,0,
B,Bruktimporterte kjøretøy,6,Annet drivstoff,VareCampBiler,Vare- og campingbiler,2021M08,2021M08,0,
B,Bruktimporterte kjøretøy,6,Annet drivstoff,VareCampBiler,Vare- og campingbiler,2021M09,2021M09,0,
B,Bruktimporterte kjøretøy,6,Annet drivstoff,VareCampBiler,Vare- og campingbiler,2021M10,2021M10,0,
B,Bruktimporterte kjøretøy,6,Annet drivstoff,VareCampBiler,Vare- og campingbiler,2021M11,2021M11,0,
B,Bruktimporterte kjøretøy,6,Annet drivstoff,VareCampBiler,Vare- og campingbiler,2021M12,2021M12,0,
B,Bruktimporterte kjøretøy,6,Annet drivstoff,VareCampBiler,Vare- og campingbiler,2022M01,2022M01,0,
B,Bruktimporterte kjøretøy,6,Annet drivstoff,VareCampBiler,Vare- og campingbiler,2022M02,2022M02,0,
B,Bruktimporterte kjøretøy,6,Annet drivstoff,VareCampBiler,Vare- og campingbiler,2022M03,2022M03,0,
B,Bruktimporterte kjøretøy,6,Annet drivstoff,VareCampBiler,Vare- og campingbiler,2022M04,2022M04,0,
B,Bruktimporterte kjøretøy,6,Annet drivstoff,VareCampBiler,Vare- og campingbiler,2022M05,2022M05,0,
B,Bruktimporterte kjøretøy,6,Annet drivstoff,VareCampBiler,Vare- og campingbiler,2022M06,2022M06,0,
B,Bruktimporterte kjøretøy,6,Annet drivstoff,VareCampBiler,Vare- og campingbiler,2022M07,2022M07,0,
B,Bruktimporterte kjøretøy,6,Annet drivstoff,VareCampBiler,Vare- og campingbiler,2022M08,2022M08,0,
B,Bruktimporterte kjøretøy,6,Annet drivstoff,VareCampBiler,Vare- og campingbiler,2022M09,2022M09,0,
B,Bruktimporterte kjøretøy,6,Annet drivstoff,VareCampBiler,Vare- og campingbiler,2022M10,2022M10,0,
B,Bruktimporterte kjøretøy,6,Annet drivstoff,VareCampBiler,Vare- og campingbiler,2022M11,2022M11,0,
B,Bruktimporterte kjøretøy,6,Annet drivstoff,VareCampBiler,Vare- og campingbiler,2022M12,2022M12,0,
B,Bruktimporterte kjøretøy,6,Annet drivstoff,VareCampBiler,Vare- og campingbiler,2023M01,2023M01,0,
B,Bruktimporterte kjøretøy,6,Annet drivstoff,VareCampBiler,Vare- og campingbiler,2023M02,2023M02,0,
B,Bruktimporterte kjøretøy,6,Annet drivstoff,VareCampBiler,Vare- og campingbiler,2023M03,2023M03,0,
B,Bruktimporterte kjøretøy,6,Annet drivstoff,VareCampBiler,Vare- og campingbiler,2023M04,2023M04,0,
B,Bruktimporterte kjøretøy,6,Annet drivstoff,VareCampBiler,Vare- og campingbiler,2023M05,2023M05,0,
B,Bruktimporterte kjøretøy,6,Annet drivstoff,VareCampBiler,Vare- og campingbiler,2023M06,2023M06,0,
B,Bruktimporterte kjøretøy,6,Annet drivstoff,VareCampBiler,Vare- og campingbiler,2023M07,2023M07,0,
B,Bruktimporterte kjøretøy,6,Annet drivstoff,VareCampBiler,Vare- og campingbiler,2023M08,2023M08,0,
B,Bruktimporterte kjøretøy,6,Annet drivstoff,VareCampBiler,Vare- og campingbiler,2023M09,2023M09,0,
B,Bruktimporterte kjøretøy,6,Annet drivstoff,VareCampBiler,Vare- og campingbiler,2023M10,2023M10,0,
B,Bruktimporterte kjøretøy,6,Annet drivstoff,VareCampBiler,Vare- og campingbiler,2023M11,2023M11,0,
B,Bruktimporterte kjøretøy,6,Annet drivstoff,VareCampBiler,Vare- og campingbiler,2023M12,2023M12,0,
B,Bruktimporterte kjøretøy,6,Annet drivstoff,VareCampBiler,Vare- og campingbiler,2024M01,2024M01,0,
B,Bruktimporterte kjøretøy,6,Annet drivstoff,VareCampBiler,Vare- og campingbiler,2024M02,2024M02,0,
B,Bruktimporterte kjøretøy,6,Annet drivstoff,VareCampBiler,Vare- og campingbiler,2024M03,2024M03,0,
B,Bruktimporterte kjøretøy,6,Annet drivstoff,VareCampBiler,Vare- og campingbiler,2024M04,2024M04,0,
B,Bruktimporterte kjøretøy,6,Annet drivstoff,VareCampBiler,Vare- og campingbiler,2024M05,2024M05,0,
B,Bruktimporterte kjøretøy,6,Annet drivstoff,VareCampBiler,Vare- og campingbiler,2024M06,2024M06,0,
B,Bruktimporterte kjøretøy,6,Annet drivstoff,VareCampBiler,Vare- og campingbiler,2024M07,2024M07,0,
B,Bruktimporterte kjøretøy,6,Annet drivstoff,VareCampBiler,Vare- og campingbiler,2024M08,2024M08,0,
B,Bruktimporterte kjøretøy,6,Annet drivstoff,VareCampBiler,Vare- og campingbiler,2024M09,2024M09,0,
B,Bruktimporterte kjøretøy,6,Annet drivstoff,VareCampBiler,Vare- og campingbiler,2024M10,2024M10,0,
B,Bruktimporterte kjøretøy,6,Annet drivstoff,VareCampBiler,Vare- og campingbiler,2024M11,2024M11,0,
B,Bruktimporterte kjøretøy,6,Annet drivstoff,VareCampBiler,Vare- og campingbiler,2024M12,2024M12,0,
B,Bruktimporterte kjøretøy,6,Annet drivstoff,VareCampBiler,Vare- og campingbiler,2025M01,2025M01,0,
B,Bruktimporterte kjøretøy,6,Annet drivstoff,VareCampBiler,Vare- og campingbiler,2025M02,2025M02,0,
B,Bruktimporterte kjøretøy,6,Annet drivstoff,VareCampBiler,Vare- og campingbiler,2025M03,2025M03,0,
B,Bruktimporterte kjøretøy,6,Annet drivstoff,VareCampBiler,Vare- og campingbiler,2025M04,2025M04,0,
B,Bruktimporterte kjøretøy,6,Annet drivstoff,VareCampBiler,Vare- og campingbiler,2025M05,2025M05,0,
B,Bruktimporterte kjøretøy,6,Annet drivstoff,VareCampBiler,Vare- og campingbiler,2025M06,2025M06,0,
B,Bruktimporterte kjøretøy,6,Annet drivstoff,VareCampBiler,Vare- og campingbiler,2025M07,2025M07,0,
B,Bruktimporterte kjøretøy,6,Annet drivstoff,VareCampBiler,Vare- og campingbiler,2025M08,2025M08,0,
B,Bruktimporterte kjøretøy,6,Annet drivstoff,VareCampBiler,Vare- og campingbiler,2025M09,2025M09,0,
B,Bruktimporterte kjøretøy,6,Annet drivstoff,VareCampBiler,Vare- og campingbiler,2025M10,2025M10,0,
B,Bruktimporterte kjøretøy,6,Annet drivstoff,VareCampBiler,Vare- og campingbiler,2025M11,2025M11,0,
B,Bruktimporterte kjøretøy,6,Annet drivstoff,VareCampBiler,Vare- og campingbiler,2025M12,2025M12,0,
B,Bruktimporterte kjøretøy,6,Annet drivstoff,VareCampBiler,Vare- og campingbiler,2026M01,2026M01,0,
B,Bruktimporterte kjøretøy,6,Annet drivstoff,VareCampBiler,Vare- og campingbiler,2026M02,2026M02,0,
B,Bruktimporterte kjøretøy,6,Annet drivstoff,VareCampBiler,Vare- og campingbiler,2026M03,2026M03,0,
B,Bruktimporterte kjøretøy,6,Annet drivstoff,VareCampBiler,Vare- og campingbiler,2026M04,2026M04,0,
B,Bruktimporterte kjøretøy,6,Annet drivstoff,VareCampBiler,Vare- og campingbiler,2026M05,2026M05,0,
B,Bruktimporterte kjøretøy,6,Annet drivstoff,VareCampBiler,Vare- og campingbiler,2026M06,2026M06,0,
B,Bruktimporterte kjøretøy,6,Annet drivstoff,VareCampBiler,Vare- og campingbiler,2026M07,2026M07,0,
