Kjoretoytype,Kjoretoytype_label,DrivstoffType,DrivstoffType_label,ContentsCode,ContentsCode_label,Tid,Tid_label,value,status
0,Kjøretøy i alt,0,Alle typer drivstoff,Kjorelengde,Kjørelengde (mill. km),2005,2005,37743.6,
0,Kjøretøy i alt,0,Alle typer drivstoff,Kjorelengde,Kjørelengde (mill. km),2006,2006,39342.7,
0,Kjøretøy i alt,0,Alle typer drivstoff,Kjorelengde,Kjørelengde (mill. km),2007,2007,42366.4,
0,Kjøretøy i alt,0,Alle typer drivstoff,Kjorelengde,Kjørelengde (mill. km),2008,2008,43034.2,
0,Kjøretøy i alt,0,Alle typer drivstoff,Kjorelengde,Kjørelengde (mill. km),2009,2009,42609.7,
0,Kjøretøy i alt,0,Alle typer drivstoff,Kjorelengde,Kjørelengde (mill. km),2010,2010,42561.1,
0,Kjøretøy i alt,0,Alle typer drivstoff,Kjorelengde,Kjørelengde (mill. km),2011,2011,42903.5,
0,Kjøretøy i alt,0,Alle typer drivstoff,Kjorelengde,Kjørelengde (mill. km),2012,2012,43952.0,
0,Kjøretøy i alt,0,Alle typer drivstoff,Kjorelengde,Kjørelengde (mill. km),2013,2013,43913.1,
0,Kjøretøy i alt,0,Alle typer drivstoff,Kjorelengde,Kjørelengde (mill. km),2014,2014,43738.2,
0,Kjøretøy i alt,0,Alle typer drivstoff,Kjorelengde,Kjørelengde (mill. km),2015,2015,44118.0,
0,Kjøretøy i alt,0,Alle typer drivstoff,Kjorelengde,Kjørelengde (mill. km),2016,2016,44625.1,
0,Kjøretøy i alt,0,Alle typer drivstoff,Kjorelengde,Kjørelengde (mill. km),2017,2017,45283.4,
0,Kjøretøy i alt,0,Alle typer drivstoff,Kjorelengde,Kjørelengde (mill. km),2018,2018,45999.1,
0,Kjøretøy i alt,0,Alle typer drivstoff,Kjorelengde,Kjørelengde (mill. km),2019,2019,45562.3,
0,Kjøretøy i alt,0,Alle typer drivstoff,Kjorelengde,Kjørelengde (mill. km),2020,2020,43624.2,
0,Kjøretøy i alt,0,Alle typer drivstoff,Kjorelengde,Kjørelengde (mill. km),2021,2021,45097.2,
0,Kjøretøy i alt,0,Alle typer drivstoff,Kjorelengde,Kjørelengde (mill. km),2022,2022,45403.6,
0,Kjøretøy i alt,0,Alle typer drivstoff,Kjorelengde,Kjørelengde (mill. km),2023,2023,45699.1,
0,Kjøretøy i alt,0,Alle typer drivstoff,Kjorelengde,Kjørelengde (mill. km),2024,2024,45599.4,
0,Kjøretøy i alt,0,Alle typer drivstoff,Kjorelengde,Kjørelengde (mill. km),2025,2025,46191.7,
0,Kjøretøy i alt,0,Alle typer drivstoff,GjsnittKjorelengde,Gjennomsnittlig kjørelengde per kjøretøy (km),2005,2005,14031.0,
0,Kjøretøy i alt,0,Alle typer drivstoff,GjsnittKjorelengde,Gjennomsnittlig kjørelengde per kjøretøy (km),2006,2006,14230.0,
0,Kjøretøy i alt,0,Alle typer drivstoff,GjsnittKjorelengde,Gjennomsnittlig kjørelengde per kjøretøy (km),2007,2007,14825.0,
0,Kjøretøy i alt,0,Alle typer drivstoff,GjsnittKjorelengde,Gjennomsnittlig kjørelengde per kjøretøy (km),2008,2008,14762.0,
0,Kjøretøy i alt,0,Alle typer drivstoff,GjsnittKjorelengde,Gjennomsnittlig kjørelengde per kjøretøy (km),2009,2009,14479.0,
0,Kjøretøy i alt,0,Alle typer drivstoff,GjsnittKjorelengde,Gjennomsnittlig kjørelengde per kjøretøy (km),2010,2010,14112.0,
0,Kjøretøy i alt,0,Alle typer drivstoff,GjsnittKjorelengde,Gjennomsnittlig kjørelengde per kjøretøy (km),2011,2011,13843.0,
0,Kjøretøy i alt,0,Alle typer drivstoff,GjsnittKjorelengde,Gjennomsnittlig kjørelengde per kjøretøy (km),2012,2012,13844.0,
0,Kjøretøy i alt,0,Alle typer drivstoff,GjsnittKjorelengde,Gjennomsnittlig kjørelengde per kjøretøy (km),2013,2013,13523.0,
0,Kjøretøy i alt,0,Alle typer drivstoff,GjsnittKjorelengde,Gjennomsnittlig kjørelengde per kjøretøy (km),2014,2014,13264.0,
0,Kjøretøy i alt,0,Alle typer drivstoff,GjsnittKjorelengde,Gjennomsnittlig kjørelengde per kjøretøy (km),2015,2015,13152.0,
0,Kjøretøy i alt,0,Alle typer drivstoff,GjsnittKjorelengde,Gjennomsnittlig kjørelengde per kjøretøy (km),2016,2016,12989.0,
0,Kjøretøy i alt,0,Alle typer drivstoff,GjsnittKjorelengde,Gjennomsnittlig kjørelengde per kjøretøy (km),2017,2017,12935.0,
0,Kjøretøy i alt,0,Alle typer drivstoff,GjsnittKjorelengde,Gjennomsnittlig kjørelengde per kjøretøy (km),2018,2018,12924.0,
0,Kjøretøy i alt,0,Alle typer drivstoff,GjsnittKjorelengde,Gjennomsnittlig kjørelengde per kjøretøy (km),2019,2019,12685.0,
0,Kjøretøy i alt,0,Alle typer drivstoff,GjsnittKjorelengde,Gjennomsnittlig kjørelengde per kjøretøy (km),2020,2020,11953.0,
0,Kjøretøy i alt,0,Alle typer drivstoff,GjsnittKjorelengde,Gjennomsnittlig kjørelengde per kjøretøy (km),2021,2021,12097.0,
0,Kjøretøy i alt,0,Alle typer drivstoff,GjsnittKjorelengde,Gjennomsnittlig kjørelengde per kjøretøy (km),2022,2022,11927.0,
0,Kjøretøy i alt,0,Alle typer drivstoff,GjsnittKjorelengde,Gjennomsnittlig kjørelengde per kjøretøy (km),2023,2023,12045.0,
0,Kjøretøy i alt,0,Alle typer drivstoff,GjsnittKjorelengde,Gjennomsnittlig kjørelengde per kjøretøy (km),2024,2024,12007.0,
0,Kjøretøy i alt,0,Alle typer drivstoff,GjsnittKjorelengde,Gjennomsnittlig kjørelengde per kjøretøy (km),2025,2025,12089.0,
0,Kjøretøy i alt,1,Bensin,Kjorelengde,Kjørelengde (mill. km),2005,2005,23913.9,
0,Kjøretøy i alt,1,Bensin,Kjorelengde,Kjørelengde (mill. km),2006,2006,23360.1,
0,Kjøretøy i alt,1,Bensin,Kjorelengde,Kjørelengde (mill. km),2007,2007,22849.6,
0,Kjøretøy i alt,1,Bensin,Kjorelengde,Kjørelengde (mill. km),2008,2008,21406.9,
0,Kjøretøy i alt,1,Bensin,Kjorelengde,Kjørelengde (mill. km),2009,2009,20005.7,
0,Kjøretøy i alt,1,Bensin,Kjorelengde,Kjørelengde (mill. km),2010,2010,18680.7,
0,Kjøretøy i alt,1,Bensin,Kjorelengde,Kjørelengde (mill. km),2011,2011,17423.8,
0,Kjøretøy i alt,1,Bensin,Kjorelengde,Kjørelengde (mill. km),2012,2012,16346.6,
0,Kjøretøy i alt,1,Bensin,Kjorelengde,Kjørelengde (mill. km),2013,2013,15380.8,
0,Kjøretøy i alt,1,Bensin,Kjorelengde,Kjørelengde (mill. km),2014,2014,14427.3,
0,Kjøretøy i alt,1,Bensin,Kjorelengde,Kjørelengde (mill. km),2015,2015,13735.7,
0,Kjøretøy i alt,1,Bensin,Kjorelengde,Kjørelengde (mill. km),2016,2016,12441.9,
0,Kjøretøy i alt,1,Bensin,Kjorelengde,Kjørelengde (mill. km),2017,2017,11730.3,
0,Kjøretøy i alt,1,Bensin,Kjorelengde,Kjørelengde (mill. km),2018,2018,10930.1,
0,Kjøretøy i alt,1,Bensin,Kjorelengde,Kjørelengde (mill. km),2019,2019,9994.5,
0,Kjøretøy i alt,1,Bensin,Kjorelengde,Kjørelengde (mill. km),2020,2020,8770.1,
0,Kjøretøy i alt,1,Bensin,Kjorelengde,Kjørelengde (mill. km),2021,2021,8152.2,
0,Kjøretøy i alt,1,Bensin,Kjorelengde,Kjørelengde (mill. km),2022,2022,7317.6,
0,Kjøretøy i alt,1,Bensin,Kjorelengde,Kjørelengde (mill. km),2023,2023,6607.3,
0,Kjøretøy i alt,1,Bensin,Kjorelengde,Kjørelengde (mill. km),2024,2024,6069.1,
0,Kjøretøy i alt,1,Bensin,Kjorelengde,Kjørelengde (mill. km),2025,2025,5575.9,
0,Kjøretøy i alt,1,Bensin,GjsnittKjorelengde,Gjennomsnittlig kjørelengde per kjøretøy (km),2005,2005,12216.0,
0,Kjøretøy i alt,1,Bensin,GjsnittKjorelengde,Gjennomsnittlig kjørelengde per kjøretøy (km),2006,2006,12132.0,
0,Kjøretøy i alt,1,Bensin,GjsnittKjorelengde,Gjennomsnittlig kjørelengde per kjøretøy (km),2007,2007,12265.0,
0,Kjøretøy i alt,1,Bensin,GjsnittKjorelengde,Gjennomsnittlig kjørelengde per kjøretøy (km),2008,2008,11885.0,
0,Kjøretøy i alt,1,Bensin,GjsnittKjorelengde,Gjennomsnittlig kjørelengde per kjøretøy (km),2009,2009,11514.0,
0,Kjøretøy i alt,1,Bensin,GjsnittKjorelengde,Gjennomsnittlig kjørelengde per kjøretøy (km),2010,2010,11092.0,
0,Kjøretøy i alt,1,Bensin,GjsnittKjorelengde,Gjennomsnittlig kjørelengde per kjøretøy (km),2011,2011,10708.0,
0,Kjøretøy i alt,1,Bensin,GjsnittKjorelengde,Gjennomsnittlig kjørelengde per kjøretøy (km),2012,2012,10339.0,
0,Kjøretøy i alt,1,Bensin,GjsnittKjorelengde,Gjennomsnittlig kjørelengde per kjøretøy (km),2013,2013,9959.0,
0,Kjøretøy i alt,1,Bensin,GjsnittKjorelengde,Gjennomsnittlig kjørelengde per kjøretøy (km),2014,2014,9659.0,
0,Kjøretøy i alt,1,Bensin,GjsnittKjorelengde,Gjennomsnittlig kjørelengde per kjøretøy (km),2015,2015,9463.0,
0,Kjøretøy i alt,1,Bensin,GjsnittKjorelengde,Gjennomsnittlig kjørelengde per kjøretøy (km),2016,2016,9267.0,
0,Kjøretøy i alt,1,Bensin,GjsnittKjorelengde,Gjennomsnittlig kjørelengde per kjøretøy (km),2017,2017,9161.0,
0,Kjøretøy i alt,1,Bensin,GjsnittKjorelengde,Gjennomsnittlig kjørelengde per kjøretøy (km),2018,2018,8995.0,
0,Kjøretøy i alt,1,Bensin,GjsnittKjorelengde,Gjennomsnittlig kjørelengde per kjøretøy (km),2019,2019,8776.0,
0,Kjøretøy i alt,1,Bensin,GjsnittKjorelengde,Gjennomsnittlig kjørelengde per kjøretøy (km),2020,2020,8127.0,
0,Kjøretøy i alt,1,Bensin,GjsnittKjorelengde,Gjennomsnittlig kjørelengde per kjøretøy (km),2021,2021,8092.0,
0,Kjøretøy i alt,1,Bensin,GjsnittKjorelengde,Gjennomsnittlig kjørelengde per kjøretøy (km),2022,2022,7743.0,
0,Kjøretøy i alt,1,Bensin,GjsnittKjorelengde,Gjennomsnittlig kjørelengde per kjøretøy (km),2023,2023,7546.0,
0,Kjøretøy i alt,1,Bensin,GjsnittKjorelengde,Gjennomsnittlig kjørelengde per kjøretøy (km),2024,2024,7401.0,
0,Kjøretøy i alt,1,Bensin,GjsnittKjorelengde,Gjennomsnittlig kjørelengde per kjøretøy (km),2025,2025,7613.0,
0,Kjøretøy i alt,2,Diesel,Kjorelengde,Kjørelengde (mill. km),2005,2005,13812.9,
0,Kjøretøy i alt,2,Diesel,Kjorelengde,Kjørelengde (mill. km),2006,2006,15962.2,
0,Kjøretøy i alt,2,Diesel,Kjorelengde,Kjørelengde (mill. km),2007,2007,19494.7,
0,Kjøretøy i alt,2,Diesel,Kjorelengde,Kjørelengde (mill. km),2008,2008,21601.9,
0,Kjøretøy i alt,2,Diesel,Kjorelengde,Kjørelengde (mill. km),2009,2009,22573.2,
0,Kjøretøy i alt,2,Diesel,Kjorelengde,Kjørelengde (mill. km),2010,2010,23847.2,
0,Kjøretøy i alt,2,Diesel,Kjorelengde,Kjørelengde (mill. km),2011,2011,25428.0,
0,Kjøretøy i alt,2,Diesel,Kjorelengde,Kjørelengde (mill. km),2012,2012,27505.6,
0,Kjøretøy i alt,2,Diesel,Kjorelengde,Kjørelengde (mill. km),2013,2013,28370.1,
0,Kjøretøy i alt,2,Diesel,Kjorelengde,Kjørelengde (mill. km),2014,2014,28942.3,
0,Kjøretøy i alt,2,Diesel,Kjorelengde,Kjørelengde (mill. km),2015,2015,29515.1,
0,Kjøretøy i alt,2,Diesel,Kjorelengde,Kjørelengde (mill. km),2016,2016,29858.8,
0,Kjøretøy i alt,2,Diesel,Kjorelengde,Kjørelengde (mill. km),2017,2017,29999.6,
0,Kjøretøy i alt,2,Diesel,Kjorelengde,Kjørelengde (mill. km),2018,2018,29817.8,
0,Kjøretøy i alt,2,Diesel,Kjorelengde,Kjørelengde (mill. km),2019,2019,28893.2,
0,Kjøretøy i alt,2,Diesel,Kjorelengde,Kjørelengde (mill. km),2020,2020,26800.1,
0,Kjøretøy i alt,2,Diesel,Kjorelengde,Kjørelengde (mill. km),2021,2021,26342.8,
0,Kjøretøy i alt,2,Diesel,Kjorelengde,Kjørelengde (mill. km),2022,2022,24925.1,
0,Kjøretøy i alt,2,Diesel,Kjorelengde,Kjørelengde (mill. km),2023,2023,23552.7,
0,Kjøretøy i alt,2,Diesel,Kjorelengde,Kjørelengde (mill. km),2024,2024,22522.2,
0,Kjøretøy i alt,2,Diesel,Kjorelengde,Kjørelengde (mill. km),2025,2025,21252.5,
0,Kjøretøy i alt,2,Diesel,GjsnittKjorelengde,Gjennomsnittlig kjørelengde per kjøretøy (km),2005,2005,18895.0,
0,Kjøretøy i alt,2,Diesel,GjsnittKjorelengde,Gjennomsnittlig kjørelengde per kjøretøy (km),2006,2006,19062.0,
0,Kjøretøy i alt,2,Diesel,GjsnittKjorelengde,Gjennomsnittlig kjørelengde per kjøretøy (km),2007,2007,19637.0,
0,Kjøretøy i alt,2,Diesel,GjsnittKjorelengde,Gjennomsnittlig kjørelengde per kjøretøy (km),2008,2008,19430.0,
0,Kjøretøy i alt,2,Diesel,GjsnittKjorelengde,Gjennomsnittlig kjørelengde per kjøretøy (km),2009,2009,18766.0,
0,Kjøretøy i alt,2,Diesel,GjsnittKjorelengde,Gjennomsnittlig kjørelengde per kjøretøy (km),2010,2010,17948.0,
0,Kjøretøy i alt,2,Diesel,GjsnittKjorelengde,Gjennomsnittlig kjørelengde per kjøretøy (km),2011,2011,17336.0,
0,Kjøretøy i alt,2,Diesel,GjsnittKjorelengde,Gjennomsnittlig kjørelengde per kjøretøy (km),2012,2012,17368.0,
0,Kjøretøy i alt,2,Diesel,GjsnittKjorelengde,Gjennomsnittlig kjørelengde per kjøretøy (km),2013,2013,16879.0,
0,Kjøretøy i alt,2,Diesel,GjsnittKjorelengde,Gjennomsnittlig kjørelengde per kjøretøy (km),2014,2014,16434.0,
0,Kjøretøy i alt,2,Diesel,GjsnittKjorelengde,Gjennomsnittlig kjørelengde per kjøretøy (km),2015,2015,16139.0,
0,Kjøretøy i alt,2,Diesel,GjsnittKjorelengde,Gjennomsnittlig kjørelengde per kjøretøy (km),2016,2016,15738.0,
0,Kjøretøy i alt,2,Diesel,GjsnittKjorelengde,Gjennomsnittlig kjørelengde per kjøretøy (km),2017,2017,15563.0,
0,Kjøretøy i alt,2,Diesel,GjsnittKjorelengde,Gjennomsnittlig kjørelengde per kjøretøy (km),2018,2018,15332.0,
0,Kjøretøy i alt,2,Diesel,GjsnittKjorelengde,Gjennomsnittlig kjørelengde per kjøretøy (km),2019,2019,14862.0,
0,Kjøretøy i alt,2,Diesel,GjsnittKjorelengde,Gjennomsnittlig kjørelengde per kjøretøy (km),2020,2020,13871.0,
0,Kjøretøy i alt,2,Diesel,GjsnittKjorelengde,Gjennomsnittlig kjørelengde per kjøretøy (km),2021,2021,13870.0,
0,Kjøretøy i alt,2,Diesel,GjsnittKjorelengde,Gjennomsnittlig kjørelengde per kjøretøy (km),2022,2022,13442.0,
0,Kjøretøy i alt,2,Diesel,GjsnittKjorelengde,Gjennomsnittlig kjørelengde per kjøretøy (km),2023,2023,13191.0,
0,Kjøretøy i alt,2,Diesel,GjsnittKjorelengde,Gjennomsnittlig kjørelengde per kjøretøy (km),2024,2024,13077.0,
0,Kjøretøy i alt,2,Diesel,GjsnittKjorelengde,Gjennomsnittlig kjørelengde per kjøretøy (km),2025,2025,12868.0,
0,Kjøretøy i alt,18,Elektrisitet,Kjorelengde,Kjørelengde (mill. km),2005,2005,10.5,
0,Kjøretøy i alt,18,Elektrisitet,Kjorelengde,Kjørelengde (mill. km),2006,2006,11.8,
0,Kjøretøy i alt,18,Elektrisitet,Kjorelengde,Kjørelengde (mill. km),2007,2007,12.0,
0,Kjøretøy i alt,18,Elektrisitet,Kjorelengde,Kjørelengde (mill. km),2008,2008,12.5,
0,Kjøretøy i alt,18,Elektrisitet,Kjorelengde,Kjørelengde (mill. km),2009,2009,15.9,
0,Kjøretøy i alt,18,Elektrisitet,Kjorelengde,Kjørelengde (mill. km),2010,2010,15.7,
0,Kjøretøy i alt,18,Elektrisitet,Kjorelengde,Kjørelengde (mill. km),2011,2011,27.2,
0,Kjøretøy i alt,18,Elektrisitet,Kjorelengde,Kjørelengde (mill. km),2012,2012,64.3,
0,Kjøretøy i alt,18,Elektrisitet,Kjorelengde,Kjørelengde (mill. km),2013,2013,106.6,
0,Kjøretøy i alt,18,Elektrisitet,Kjorelengde,Kjørelengde (mill. km),2014,2014,313.0,
0,Kjøretøy i alt,18,Elektrisitet,Kjorelengde,Kjørelengde (mill. km),2015,2015,804.2,
0,Kjøretøy i alt,18,Elektrisitet,Kjorelengde,Kjørelengde (mill. km),2016,2016,1182.9,
0,Kjøretøy i alt,18,Elektrisitet,Kjorelengde,Kjørelengde (mill. km),2017,2017,1682.0,
0,Kjøretøy i alt,18,Elektrisitet,Kjorelengde,Kjørelengde (mill. km),2018,2018,2449.8,
0,Kjøretøy i alt,18,Elektrisitet,Kjorelengde,Kjørelengde (mill. km),2019,2019,3399.8,
0,Kjøretøy i alt,18,Elektrisitet,Kjorelengde,Kjørelengde (mill. km),2020,2020,4306.0,
0,Kjøretøy i alt,18,Elektrisitet,Kjorelengde,Kjørelengde (mill. km),2021,2021,6128.0,
0,Kjøretøy i alt,18,Elektrisitet,Kjorelengde,Kjørelengde (mill. km),2022,2022,8242.3,
0,Kjøretøy i alt,18,Elektrisitet,Kjorelengde,Kjørelengde (mill. km),2023,2023,10304.3,
0,Kjøretøy i alt,18,Elektrisitet,Kjorelengde,Kjørelengde (mill. km),2024,2024,11607.8,
0,Kjøretøy i alt,18,Elektrisitet,Kjorelengde,Kjørelengde (mill. km),2025,2025,13943.1,
0,Kjøretøy i alt,18,Elektrisitet,GjsnittKjorelengde,Gjennomsnittlig kjørelengde per kjøretøy (km),2005,2005,7806.0,
0,Kjøretøy i alt,18,Elektrisitet,GjsnittKjorelengde,Gjennomsnittlig kjørelengde per kjøretøy (km),2006,2006,7649.0,
0,Kjøretøy i alt,18,Elektrisitet,GjsnittKjorelengde,Gjennomsnittlig kjørelengde per kjøretøy (km),2007,2007,7462.0,
0,Kjøretøy i alt,18,Elektrisitet,GjsnittKjorelengde,Gjennomsnittlig kjørelengde per kjøretøy (km),2008,2008,6824.0,
0,Kjøretøy i alt,18,Elektrisitet,GjsnittKjorelengde,Gjennomsnittlig kjørelengde per kjøretøy (km),2009,2009,8029.0,
0,Kjøretøy i alt,18,Elektrisitet,GjsnittKjorelengde,Gjennomsnittlig kjørelengde per kjøretøy (km),2010,2010,6911.0,
0,Kjøretøy i alt,18,Elektrisitet,GjsnittKjorelengde,Gjennomsnittlig kjørelengde per kjøretøy (km),2011,2011,6411.0,
0,Kjøretøy i alt,18,Elektrisitet,GjsnittKjorelengde,Gjennomsnittlig kjørelengde per kjøretøy (km),2012,2012,7645.0,
0,Kjøretøy i alt,18,Elektrisitet,GjsnittKjorelengde,Gjennomsnittlig kjørelengde per kjøretøy (km),2013,2013,5721.0,
0,Kjøretøy i alt,18,Elektrisitet,GjsnittKjorelengde,Gjennomsnittlig kjørelengde per kjøretøy (km),2014,2014,7800.0,
0,Kjøretøy i alt,18,Elektrisitet,GjsnittKjorelengde,Gjennomsnittlig kjørelengde per kjøretøy (km),2015,2015,11234.0,
0,Kjøretøy i alt,18,Elektrisitet,GjsnittKjorelengde,Gjennomsnittlig kjørelengde per kjøretøy (km),2016,2016,11678.0,
0,Kjøretøy i alt,18,Elektrisitet,GjsnittKjorelengde,Gjennomsnittlig kjørelengde per kjøretøy (km),2017,2017,11731.0,
0,Kjøretøy i alt,18,Elektrisitet,GjsnittKjorelengde,Gjennomsnittlig kjørelengde per kjøretøy (km),2018,2018,12077.0,
0,Kjøretøy i alt,18,Elektrisitet,GjsnittKjorelengde,Gjennomsnittlig kjørelengde per kjøretøy (km),2019,2019,12525.0,
0,Kjøretøy i alt,18,Elektrisitet,GjsnittKjorelengde,Gjennomsnittlig kjørelengde per kjøretøy (km),2020,2020,12111.0,
0,Kjøretøy i alt,18,Elektrisitet,GjsnittKjorelengde,Gjennomsnittlig kjørelengde per kjøretøy (km),2021,2021,12668.0,
0,Kjøretøy i alt,18,Elektrisitet,GjsnittKjorelengde,Gjennomsnittlig kjørelengde per kjøretøy (km),2022,2022,12862.0,
0,Kjøretøy i alt,18,Elektrisitet,GjsnittKjorelengde,Gjennomsnittlig kjørelengde per kjøretøy (km),2023,2023,13770.0,
0,Kjøretøy i alt,18,Elektrisitet,GjsnittKjorelengde,Gjennomsnittlig kjørelengde per kjøretøy (km),2024,2024,13478.0,
0,Kjøretøy i alt,18,Elektrisitet,GjsnittKjorelengde,Gjennomsnittlig kjørelengde per kjøretøy (km),2025,2025,13412.0,
0,Kjøretøy i alt,14,"Bensin hybrid, ladbar",Kjorelengde,Kjørelengde (mill. km),2005,2005,,.
0,Kjøretøy i alt,14,"Bensin hybrid, ladbar",Kjorelengde,Kjørelengde (mill. km),2006,2006,,.
0,Kjøretøy i alt,14,"Bensin hybrid, ladbar",Kjorelengde,Kjørelengde (mill. km),2007,2007,,.
0,Kjøretøy i alt,14,"Bensin hybrid, ladbar",Kjorelengde,Kjørelengde (mill. km),2008,2008,,.
0,Kjøretøy i alt,14,"Bensin hybrid, ladbar",Kjorelengde,Kjørelengde (mill. km),2009,2009,,.
0,Kjøretøy i alt,14,"Bensin hybrid, ladbar",Kjorelengde,Kjørelengde (mill. km),2010,2010,,.
0,Kjøretøy i alt,14,"Bensin hybrid, ladbar",Kjorelengde,Kjørelengde (mill. km),2011,2011,,.
0,Kjøretøy i alt,14,"Bensin hybrid, ladbar",Kjorelengde,Kjørelengde (mill. km),2012,2012,,.
0,Kjøretøy i alt,14,"Bensin hybrid, ladbar",Kjorelengde,Kjørelengde (mill. km),2013,2013,,.
0,Kjøretøy i alt,14,"Bensin hybrid, ladbar",Kjorelengde,Kjørelengde (mill. km),2014,2014,,.
0,Kjøretøy i alt,14,"Bensin hybrid, ladbar",Kjorelengde,Kjørelengde (mill. km),2015,2015,,.
0,Kjøretøy i alt,14,"Bensin hybrid, ladbar",Kjorelengde,Kjørelengde (mill. km),2016,2016,314.0,
0,Kjøretøy i alt,14,"Bensin hybrid, ladbar",Kjorelengde,Kjørelengde (mill. km),2017,2017,721.2,
0,Kjøretøy i alt,14,"Bensin hybrid, ladbar",Kjorelengde,Kjørelengde (mill. km),2018,2018,1312.6,
0,Kjøretøy i alt,14,"Bensin hybrid, ladbar",Kjorelengde,Kjørelengde (mill. km),2019,2019,1578.9,
0,Kjøretøy i alt,14,"Bensin hybrid, ladbar",Kjorelengde,Kjørelengde (mill. km),2020,2020,1890.8,
0,Kjøretøy i alt,14,"Bensin hybrid, ladbar",Kjorelengde,Kjørelengde (mill. km),2021,2021,2404.5,
0,Kjøretøy i alt,14,"Bensin hybrid, ladbar",Kjorelengde,Kjørelengde (mill. km),2022,2022,2711.0,
0,Kjøretøy i alt,14,"Bensin hybrid, ladbar",Kjorelengde,Kjørelengde (mill. km),2023,2023,2891.6,
0,Kjøretøy i alt,14,"Bensin hybrid, ladbar",Kjorelengde,Kjørelengde (mill. km),2024,2024,2986.1,
0,Kjøretøy i alt,14,"Bensin hybrid, ladbar",Kjorelengde,Kjørelengde (mill. km),2025,2025,2984.8,
0,Kjøretøy i alt,14,"Bensin hybrid, ladbar",GjsnittKjorelengde,Gjennomsnittlig kjørelengde per kjøretøy (km),2005,2005,,.
0,Kjøretøy i alt,14,"Bensin hybrid, ladbar",GjsnittKjorelengde,Gjennomsnittlig kjørelengde per kjøretøy (km),2006,2006,,.
0,Kjøretøy i alt,14,"Bensin hybrid, ladbar",GjsnittKjorelengde,Gjennomsnittlig kjørelengde per kjøretøy (km),2007,2007,,.
0,Kjøretøy i alt,14,"Bensin hybrid, ladbar",GjsnittKjorelengde,Gjennomsnittlig kjørelengde per kjøretøy (km),2008,2008,,.
0,Kjøretøy i alt,14,"Bensin hybrid, ladbar",GjsnittKjorelengde,Gjennomsnittlig kjørelengde per kjøretøy (km),2009,2009,,.
0,Kjøretøy i alt,14,"Bensin hybrid, ladbar",GjsnittKjorelengde,Gjennomsnittlig kjørelengde per kjøretøy (km),2010,2010,,.
0,Kjøretøy i alt,14,"Bensin hybrid, ladbar",GjsnittKjorelengde,Gjennomsnittlig kjørelengde per kjøretøy (km),2011,2011,,.
0,Kjøretøy i alt,14,"Bensin hybrid, ladbar",GjsnittKjorelengde,Gjennomsnittlig kjørelengde per kjøretøy (km),2012,2012,,.
0,Kjøretøy i alt,14,"Bensin hybrid, ladbar",GjsnittKjorelengde,Gjennomsnittlig kjørelengde per kjøretøy (km),2013,2013,,.
0,Kjøretøy i alt,14,"Bensin hybrid, ladbar",GjsnittKjorelengde,Gjennomsnittlig kjørelengde per kjøretøy (km),2014,2014,,.
0,Kjøretøy i alt,14,"Bensin hybrid, ladbar",GjsnittKjorelengde,Gjennomsnittlig kjørelengde per kjøretøy (km),2015,2015,,.
0,Kjøretøy i alt,14,"Bensin hybrid, ladbar",GjsnittKjorelengde,Gjennomsnittlig kjørelengde per kjøretøy (km),2016,2016,9652.0,
0,Kjøretøy i alt,14,"Bensin hybrid, ladbar",GjsnittKjorelengde,Gjennomsnittlig kjørelengde per kjøretøy (km),2017,2017,11376.0,
0,Kjøretøy i alt,14,"Bensin hybrid, ladbar",GjsnittKjorelengde,Gjennomsnittlig kjørelengde per kjøretøy (km),2018,2018,14352.0,
0,Kjøretøy i alt,14,"Bensin hybrid, ladbar",GjsnittKjorelengde,Gjennomsnittlig kjørelengde per kjøretøy (km),2019,2019,14075.0,
0,Kjøretøy i alt,14,"Bensin hybrid, ladbar",GjsnittKjorelengde,Gjennomsnittlig kjørelengde per kjøretøy (km),2020,2020,13402.0,
0,Kjøretøy i alt,14,"Bensin hybrid, ladbar",GjsnittKjorelengde,Gjennomsnittlig kjørelengde per kjøretøy (km),2021,2021,13371.0,
0,Kjøretøy i alt,14,"Bensin hybrid, ladbar",GjsnittKjorelengde,Gjennomsnittlig kjørelengde per kjøretøy (km),2022,2022,13864.0,
0,Kjøretøy i alt,14,"Bensin hybrid, ladbar",GjsnittKjorelengde,Gjennomsnittlig kjørelengde per kjøretøy (km),2023,2023,14119.0,
0,Kjøretøy i alt,14,"Bensin hybrid, ladbar",GjsnittKjorelengde,Gjennomsnittlig kjørelengde per kjøretøy (km),2024,2024,14388.0,
0,Kjøretøy i alt,14,"Bensin hybrid, ladbar",GjsnittKjorelengde,Gjennomsnittlig kjørelengde per kjøretøy (km),2025,2025,14272.0,
0,Kjøretøy i alt,15,"Bensin hybrid, ikke ladbar",Kjorelengde,Kjørelengde (mill. km),2005,2005,,.
0,Kjøretøy i alt,15,"Bensin hybrid, ikke ladbar",Kjorelengde,Kjørelengde (mill. km),2006,2006,,.
0,Kjøretøy i alt,15,"Bensin hybrid, ikke ladbar",Kjorelengde,Kjørelengde (mill. km),2007,2007,,.
0,Kjøretøy i alt,15,"Bensin hybrid, ikke ladbar",Kjorelengde,Kjørelengde (mill. km),2008,2008,,.
0,Kjøretøy i alt,15,"Bensin hybrid, ikke ladbar",Kjorelengde,Kjørelengde (mill. km),2009,2009,,.
0,Kjøretøy i alt,15,"Bensin hybrid, ikke ladbar",Kjorelengde,Kjørelengde (mill. km),2010,2010,,.
0,Kjøretøy i alt,15,"Bensin hybrid, ikke ladbar",Kjorelengde,Kjørelengde (mill. km),2011,2011,,.
0,Kjøretøy i alt,15,"Bensin hybrid, ikke ladbar",Kjorelengde,Kjørelengde (mill. km),2012,2012,,.
0,Kjøretøy i alt,15,"Bensin hybrid, ikke ladbar",Kjorelengde,Kjørelengde (mill. km),2013,2013,,.
0,Kjøretøy i alt,15,"Bensin hybrid, ikke ladbar",Kjorelengde,Kjørelengde (mill. km),2014,2014,,.
0,Kjøretøy i alt,15,"Bensin hybrid, ikke ladbar",Kjorelengde,Kjørelengde (mill. km),2015,2015,,.
0,Kjøretøy i alt,15,"Bensin hybrid, ikke ladbar",Kjorelengde,Kjørelengde (mill. km),2016,2016,718.2,
0,Kjøretøy i alt,15,"Bensin hybrid, ikke ladbar",Kjorelengde,Kjørelengde (mill. km),2017,2017,1000.4,
0,Kjøretøy i alt,15,"Bensin hybrid, ikke ladbar",Kjorelengde,Kjørelengde (mill. km),2018,2018,1284.5,
0,Kjøretøy i alt,15,"Bensin hybrid, ikke ladbar",Kjorelengde,Kjørelengde (mill. km),2019,2019,1459.6,
0,Kjøretøy i alt,15,"Bensin hybrid, ikke ladbar",Kjorelengde,Kjørelengde (mill. km),2020,2020,1588.7,
0,Kjøretøy i alt,15,"Bensin hybrid, ikke ladbar",Kjorelengde,Kjørelengde (mill. km),2021,2021,1750.5,
0,Kjøretøy i alt,15,"Bensin hybrid, ikke ladbar",Kjorelengde,Kjørelengde (mill. km),2022,2022,1849.0,
0,Kjøretøy i alt,15,"Bensin hybrid, ikke ladbar",Kjorelengde,Kjørelengde (mill. km),2023,2023,1948.7,
0,Kjøretøy i alt,15,"Bensin hybrid, ikke ladbar",Kjorelengde,Kjørelengde (mill. km),2024,2024,1973.7,
0,Kjøretøy i alt,15,"Bensin hybrid, ikke ladbar",Kjorelengde,Kjørelengde (mill. km),2025,2025,1946.7,
0,Kjøretøy i alt,15,"Bensin hybrid, ikke ladbar",GjsnittKjorelengde,Gjennomsnittlig kjørelengde per kjøretøy (km),2005,2005,,.
0,Kjøretøy i alt,15,"Bensin hybrid, ikke ladbar",GjsnittKjorelengde,Gjennomsnittlig kjørelengde per kjøretøy (km),2006,2006,,.
0,Kjøretøy i alt,15,"Bensin hybrid, ikke ladbar",GjsnittKjorelengde,Gjennomsnittlig kjørelengde per kjøretøy (km),2007,2007,,.
0,Kjøretøy i alt,15,"Bensin hybrid, ikke ladbar",GjsnittKjorelengde,Gjennomsnittlig kjørelengde per kjøretøy (km),2008,2008,,.
0,Kjøretøy i alt,15,"Bensin hybrid, ikke ladbar",GjsnittKjorelengde,Gjennomsnittlig kjørelengde per kjøretøy (km),2009,2009,,.
0,Kjøretøy i alt,15,"Bensin hybrid, ikke ladbar",GjsnittKjorelengde,Gjennomsnittlig kjørelengde per kjøretøy (km),2010,2010,,.
0,Kjøretøy i alt,15,"Bensin hybrid, ikke ladbar",GjsnittKjorelengde,Gjennomsnittlig kjørelengde per kjøretøy (km),2011,2011,,.
0,Kjøretøy i alt,15,"Bensin hybrid, ikke ladbar",GjsnittKjorelengde,Gjennomsnittlig kjørelengde per kjøretøy (km),2012,2012,,.
0,Kjøretøy i alt,15,"Bensin hybrid, ikke ladbar",GjsnittKjorelengde,Gjennomsnittlig kjørelengde per kjøretøy (km),2013,2013,,.
0,Kjøretøy i alt,15,"Bensin hybrid, ikke ladbar",GjsnittKjorelengde,Gjennomsnittlig kjørelengde per kjøretøy (km),2014,2014,,.
0,Kjøretøy i alt,15,"Bensin hybrid, ikke ladbar",GjsnittKjorelengde,Gjennomsnittlig kjørelengde per kjøretøy (km),2015,2015,,.
0,Kjøretøy i alt,15,"Bensin hybrid, ikke ladbar",GjsnittKjorelengde,Gjennomsnittlig kjørelengde per kjøretøy (km),2016,2016,12612.0,
0,Kjøretøy i alt,15,"Bensin hybrid, ikke ladbar",GjsnittKjorelengde,Gjennomsnittlig kjørelengde per kjøretøy (km),2017,2017,12834.0,
0,Kjøretøy i alt,15,"Bensin hybrid, ikke ladbar",GjsnittKjorelengde,Gjennomsnittlig kjørelengde per kjøretøy (km),2018,2018,13571.0,
0,Kjøretøy i alt,15,"Bensin hybrid, ikke ladbar",GjsnittKjorelengde,Gjennomsnittlig kjørelengde per kjøretøy (km),2019,2019,12892.0,
0,Kjøretøy i alt,15,"Bensin hybrid, ikke ladbar",GjsnittKjorelengde,Gjennomsnittlig kjørelengde per kjøretøy (km),2020,2020,12501.0,
0,Kjøretøy i alt,15,"Bensin hybrid, ikke ladbar",GjsnittKjorelengde,Gjennomsnittlig kjørelengde per kjøretøy (km),2021,2021,12480.0,
0,Kjøretøy i alt,15,"Bensin hybrid, ikke ladbar",GjsnittKjorelengde,Gjennomsnittlig kjørelengde per kjøretøy (km),2022,2022,12161.0,
0,Kjøretøy i alt,15,"Bensin hybrid, ikke ladbar",GjsnittKjorelengde,Gjennomsnittlig kjørelengde per kjøretøy (km),2023,2023,12267.0,
0,Kjøretøy i alt,15,"Bensin hybrid, ikke ladbar",GjsnittKjorelengde,Gjennomsnittlig kjørelengde per kjøretøy (km),2024,2024,11989.0,
0,Kjøretøy i alt,15,"Bensin hybrid, ikke ladbar",GjsnittKjorelengde,Gjennomsnittlig kjørelengde per kjøretøy (km),2025,2025,11805.0,
0,Kjøretøy i alt,16,"Diesel hybrid, ladbar",Kjorelengde,Kjørelengde (mill. km),2005,2005,,.
0,Kjøretøy i alt,16,"Diesel hybrid, ladbar",Kjorelengde,Kjørelengde (mill. km),2006,2006,,.
0,Kjøretøy i alt,16,"Diesel hybrid, ladbar",Kjorelengde,Kjørelengde (mill. km),2007,2007,,.
0,Kjøretøy i alt,16,"Diesel hybrid, ladbar",Kjorelengde,Kjørelengde (mill. km),2008,2008,,.
0,Kjøretøy i alt,16,"Diesel hybrid, ladbar",Kjorelengde,Kjørelengde (mill. km),2009,2009,,.
0,Kjøretøy i alt,16,"Diesel hybrid, ladbar",Kjorelengde,Kjørelengde (mill. km),2010,2010,,.
0,Kjøretøy i alt,16,"Diesel hybrid, ladbar",Kjorelengde,Kjørelengde (mill. km),2011,2011,,.
0,Kjøretøy i alt,16,"Diesel hybrid, ladbar",Kjorelengde,Kjørelengde (mill. km),2012,2012,,.
0,Kjøretøy i alt,16,"Diesel hybrid, ladbar",Kjorelengde,Kjørelengde (mill. km),2013,2013,,.
0,Kjøretøy i alt,16,"Diesel hybrid, ladbar",Kjorelengde,Kjørelengde (mill. km),2014,2014,,.
0,Kjøretøy i alt,16,"Diesel hybrid, ladbar",Kjorelengde,Kjørelengde (mill. km),2015,2015,,.
0,Kjøretøy i alt,16,"Diesel hybrid, ladbar",Kjorelengde,Kjørelengde (mill. km),2016,2016,30.9,
0,Kjøretøy i alt,16,"Diesel hybrid, ladbar",Kjorelengde,Kjørelengde (mill. km),2017,2017,63.8,
0,Kjøretøy i alt,16,"Diesel hybrid, ladbar",Kjorelengde,Kjørelengde (mill. km),2018,2018,103.1,
0,Kjøretøy i alt,16,"Diesel hybrid, ladbar",Kjorelengde,Kjørelengde (mill. km),2019,2019,126.7,
0,Kjøretøy i alt,16,"Diesel hybrid, ladbar",Kjorelengde,Kjørelengde (mill. km),2020,2020,148.7,
0,Kjøretøy i alt,16,"Diesel hybrid, ladbar",Kjorelengde,Kjørelengde (mill. km),2021,2021,178.6,
0,Kjøretøy i alt,16,"Diesel hybrid, ladbar",Kjorelengde,Kjørelengde (mill. km),2022,2022,197.4,
0,Kjøretøy i alt,16,"Diesel hybrid, ladbar",Kjorelengde,Kjørelengde (mill. km),2023,2023,204.9,
0,Kjøretøy i alt,16,"Diesel hybrid, ladbar",Kjorelengde,Kjørelengde (mill. km),2024,2024,201.8,
0,Kjøretøy i alt,16,"Diesel hybrid, ladbar",Kjorelengde,Kjørelengde (mill. km),2025,2025,196.4,
0,Kjøretøy i alt,16,"Diesel hybrid, ladbar",GjsnittKjorelengde,Gjennomsnittlig kjørelengde per kjøretøy (km),2005,2005,,.
0,Kjøretøy i alt,16,"Diesel hybrid, ladbar",GjsnittKjorelengde,Gjennomsnittlig kjørelengde per kjøretøy (km),2006,2006,,.
0,Kjøretøy i alt,16,"Diesel hybrid, ladbar",GjsnittKjorelengde,Gjennomsnittlig kjørelengde per kjøretøy (km),2007,2007,,.
0,Kjøretøy i alt,16,"Diesel hybrid, ladbar",GjsnittKjorelengde,Gjennomsnittlig kjørelengde per kjøretøy (km),2008,2008,,.
0,Kjøretøy i alt,16,"Diesel hybrid, ladbar",GjsnittKjorelengde,Gjennomsnittlig kjørelengde per kjøretøy (km),2009,2009,,.
0,Kjøretøy i alt,16,"Diesel hybrid, ladbar",GjsnittKjorelengde,Gjennomsnittlig kjørelengde per kjøretøy (km),2010,2010,,.
0,Kjøretøy i alt,16,"Diesel hybrid, ladbar",GjsnittKjorelengde,Gjennomsnittlig kjørelengde per kjøretøy (km),2011,2011,,.
0,Kjøretøy i alt,16,"Diesel hybrid, ladbar",GjsnittKjorelengde,Gjennomsnittlig kjørelengde per kjøretøy (km),2012,2012,,.
0,Kjøretøy i alt,16,"Diesel hybrid, ladbar",GjsnittKjorelengde,Gjennomsnittlig kjørelengde per kjøretøy (km),2013,2013,,.
0,Kjøretøy i alt,16,"Diesel hybrid, ladbar",GjsnittKjorelengde,Gjennomsnittlig kjørelengde per kjøretøy (km),2014,2014,,.
0,Kjøretøy i alt,16,"Diesel hybrid, ladbar",GjsnittKjorelengde,Gjennomsnittlig kjørelengde per kjøretøy (km),2015,2015,,.
0,Kjøretøy i alt,16,"Diesel hybrid, ladbar",GjsnittKjorelengde,Gjennomsnittlig kjørelengde per kjøretøy (km),2016,2016,13949.0,
0,Kjøretøy i alt,16,"Diesel hybrid, ladbar",GjsnittKjorelengde,Gjennomsnittlig kjørelengde per kjøretøy (km),2017,2017,13287.0,
0,Kjøretøy i alt,16,"Diesel hybrid, ladbar",GjsnittKjorelengde,Gjennomsnittlig kjørelengde per kjøretøy (km),2018,2018,15434.0,
0,Kjøretøy i alt,16,"Diesel hybrid, ladbar",GjsnittKjorelengde,Gjennomsnittlig kjørelengde per kjøretøy (km),2019,2019,16411.0,
0,Kjøretøy i alt,16,"Diesel hybrid, ladbar",GjsnittKjorelengde,Gjennomsnittlig kjørelengde per kjøretøy (km),2020,2020,16050.0,
0,Kjøretøy i alt,16,"Diesel hybrid, ladbar",GjsnittKjorelengde,Gjennomsnittlig kjørelengde per kjøretøy (km),2021,2021,16286.0,
0,Kjøretøy i alt,16,"Diesel hybrid, ladbar",GjsnittKjorelengde,Gjennomsnittlig kjørelengde per kjøretøy (km),2022,2022,17158.0,
0,Kjøretøy i alt,16,"Diesel hybrid, ladbar",GjsnittKjorelengde,Gjennomsnittlig kjørelengde per kjøretøy (km),2023,2023,17542.0,
0,Kjøretøy i alt,16,"Diesel hybrid, ladbar",GjsnittKjorelengde,Gjennomsnittlig kjørelengde per kjøretøy (km),2024,2024,17343.0,
0,Kjøretøy i alt,16,"Diesel hybrid, ladbar",GjsnittKjorelengde,Gjennomsnittlig kjørelengde per kjøretøy (km),2025,2025,16785.0,
0,Kjøretøy i alt,17,"Diesel hybrid, ikke ladbar",Kjorelengde,Kjørelengde (mill. km),2005,2005,,.
0,Kjøretøy i alt,17,"Diesel hybrid, ikke ladbar",Kjorelengde,Kjørelengde (mill. km),2006,2006,,.
0,Kjøretøy i alt,17,"Diesel hybrid, ikke ladbar",Kjorelengde,Kjørelengde (mill. km),2007,2007,,.
0,Kjøretøy i alt,17,"Diesel hybrid, ikke ladbar",Kjorelengde,Kjørelengde (mill. km),2008,2008,,.
0,Kjøretøy i alt,17,"Diesel hybrid, ikke ladbar",Kjorelengde,Kjørelengde (mill. km),2009,2009,,.
0,Kjøretøy i alt,17,"Diesel hybrid, ikke ladbar",Kjorelengde,Kjørelengde (mill. km),2010,2010,,.
0,Kjøretøy i alt,17,"Diesel hybrid, ikke ladbar",Kjorelengde,Kjørelengde (mill. km),2011,2011,,.
0,Kjøretøy i alt,17,"Diesel hybrid, ikke ladbar",Kjorelengde,Kjørelengde (mill. km),2012,2012,,.
0,Kjøretøy i alt,17,"Diesel hybrid, ikke ladbar",Kjorelengde,Kjørelengde (mill. km),2013,2013,,.
0,Kjøretøy i alt,17,"Diesel hybrid, ikke ladbar",Kjorelengde,Kjørelengde (mill. km),2014,2014,,.
0,Kjøretøy i alt,17,"Diesel hybrid, ikke ladbar",Kjorelengde,Kjørelengde (mill. km),2015,2015,,.
0,Kjøretøy i alt,17,"Diesel hybrid, ikke ladbar",Kjorelengde,Kjørelengde (mill. km),2016,2016,25.7,
0,Kjøretøy i alt,17,"Diesel hybrid, ikke ladbar",Kjorelengde,Kjørelengde (mill. km),2017,2017,26.5,
0,Kjøretøy i alt,17,"Diesel hybrid, ikke ladbar",Kjorelengde,Kjørelengde (mill. km),2018,2018,30.5,
0,Kjøretøy i alt,17,"Diesel hybrid, ikke ladbar",Kjorelengde,Kjørelengde (mill. km),2019,2019,37.2,
0,Kjøretøy i alt,17,"Diesel hybrid, ikke ladbar",Kjorelengde,Kjørelengde (mill. km),2020,2020,48.1,
0,Kjøretøy i alt,17,"Diesel hybrid, ikke ladbar",Kjorelengde,Kjørelengde (mill. km),2021,2021,65.6,
0,Kjøretøy i alt,17,"Diesel hybrid, ikke ladbar",Kjorelengde,Kjørelengde (mill. km),2022,2022,79.3,
0,Kjøretøy i alt,17,"Diesel hybrid, ikke ladbar",Kjorelengde,Kjørelengde (mill. km),2023,2023,89.1,
0,Kjøretøy i alt,17,"Diesel hybrid, ikke ladbar",Kjorelengde,Kjørelengde (mill. km),2024,2024,97.2,
0,Kjøretøy i alt,17,"Diesel hybrid, ikke ladbar",Kjorelengde,Kjørelengde (mill. km),2025,2025,110.6,
0,Kjøretøy i alt,17,"Diesel hybrid, ikke ladbar",GjsnittKjorelengde,Gjennomsnittlig kjørelengde per kjøretøy (km),2005,2005,,.
0,Kjøretøy i alt,17,"Diesel hybrid, ikke ladbar",GjsnittKjorelengde,Gjennomsnittlig kjørelengde per kjøretøy (km),2006,2006,,.
0,Kjøretøy i alt,17,"Diesel hybrid, ikke ladbar",GjsnittKjorelengde,Gjennomsnittlig kjørelengde per kjøretøy (km),2007,2007,,.
0,Kjøretøy i alt,17,"Diesel hybrid, ikke ladbar",GjsnittKjorelengde,Gjennomsnittlig kjørelengde per kjøretøy (km),2008,2008,,.
0,Kjøretøy i alt,17,"Diesel hybrid, ikke ladbar",GjsnittKjorelengde,Gjennomsnittlig kjørelengde per kjøretøy (km),2009,2009,,.
0,Kjøretøy i alt,17,"Diesel hybrid, ikke ladbar",GjsnittKjorelengde,Gjennomsnittlig kjørelengde per kjøretøy (km),2010,2010,,.
0,Kjøretøy i alt,17,"Diesel hybrid, ikke ladbar",GjsnittKjorelengde,Gjennomsnittlig kjørelengde per kjøretøy (km),2011,2011,,.
0,Kjøretøy i alt,17,"Diesel hybrid, ikke ladbar",GjsnittKjorelengde,Gjennomsnittlig kjørelengde per kjøretøy (km),2012,2012,,.
0,Kjøretøy i alt,17,"Diesel hybrid, ikke ladbar",GjsnittKjorelengde,Gjennomsnittlig kjørelengde per kjøretøy (km),2013,2013,,.
0,Kjøretøy i alt,17,"Diesel hybrid, ikke ladbar",GjsnittKjorelengde,Gjennomsnittlig kjørelengde per kjøretøy (km),2014,2014,,.
0,Kjøretøy i alt,17,"Diesel hybrid, ikke ladbar",GjsnittKjorelengde,Gjennomsnittlig kjørelengde per kjøretøy (km),2015,2015,,.
0,Kjøretøy i alt,17,"Diesel hybrid, ikke ladbar",GjsnittKjorelengde,Gjennomsnittlig kjørelengde per kjøretøy (km),2016,2016,22137.0,
0,Kjøretøy i alt,17,"Diesel hybrid, ikke ladbar",GjsnittKjorelengde,Gjennomsnittlig kjørelengde per kjøretøy (km),2017,2017,21556.0,
0,Kjøretøy i alt,17,"Diesel hybrid, ikke ladbar",GjsnittKjorelengde,Gjennomsnittlig kjørelengde per kjøretøy (km),2018,2018,21773.0,
0,Kjøretøy i alt,17,"Diesel hybrid, ikke ladbar",GjsnittKjorelengde,Gjennomsnittlig kjørelengde per kjøretøy (km),2019,2019,18650.0,
0,Kjøretøy i alt,17,"Diesel hybrid, ikke ladbar",GjsnittKjorelengde,Gjennomsnittlig kjørelengde per kjøretøy (km),2020,2020,16977.0,
0,Kjøretøy i alt,17,"Diesel hybrid, ikke ladbar",GjsnittKjorelengde,Gjennomsnittlig kjørelengde per kjøretøy (km),2021,2021,16883.0,
0,Kjøretøy i alt,17,"Diesel hybrid, ikke ladbar",GjsnittKjorelengde,Gjennomsnittlig kjørelengde per kjøretøy (km),2022,2022,16656.0,
0,Kjøretøy i alt,17,"Diesel hybrid, ikke ladbar",GjsnittKjorelengde,Gjennomsnittlig kjørelengde per kjøretøy (km),2023,2023,17331.0,
0,Kjøretøy i alt,17,"Diesel hybrid, ikke ladbar",GjsnittKjorelengde,Gjennomsnittlig kjørelengde per kjøretøy (km),2024,2024,17504.0,
0,Kjøretøy i alt,17,"Diesel hybrid, ikke ladbar",GjsnittKjorelengde,Gjennomsnittlig kjørelengde per kjøretøy (km),2025,2025,17306.0,
0,Kjøretøy i alt,3,Parafin,Kjorelengde,Kjørelengde (mill. km),2005,2005,,.
0,Kjøretøy i alt,3,Parafin,Kjorelengde,Kjørelengde (mill. km),2006,2006,,.
0,Kjøretøy i alt,3,Parafin,Kjorelengde,Kjørelengde (mill. km),2007,2007,,.
0,Kjøretøy i alt,3,Parafin,Kjorelengde,Kjørelengde (mill. km),2008,2008,,.
0,Kjøretøy i alt,3,Parafin,Kjorelengde,Kjørelengde (mill. km),2009,2009,,.
0,Kjøretøy i alt,3,Parafin,Kjorelengde,Kjørelengde (mill. km),2010,2010,,.
0,Kjøretøy i alt,3,Parafin,Kjorelengde,Kjørelengde (mill. km),2011,2011,,.
0,Kjøretøy i alt,3,Parafin,Kjorelengde,Kjørelengde (mill. km),2012,2012,,.
0,Kjøretøy i alt,3,Parafin,Kjorelengde,Kjørelengde (mill. km),2013,2013,,.
0,Kjøretøy i alt,3,Parafin,Kjorelengde,Kjørelengde (mill. km),2014,2014,,.
0,Kjøretøy i alt,3,Parafin,Kjorelengde,Kjørelengde (mill. km),2015,2015,,.
0,Kjøretøy i alt,3,Parafin,Kjorelengde,Kjørelengde (mill. km),2016,2016,0.5,
0,Kjøretøy i alt,3,Parafin,Kjorelengde,Kjørelengde (mill. km),2017,2017,0.5,
0,Kjøretøy i alt,3,Parafin,Kjorelengde,Kjørelengde (mill. km),2018,2018,0.5,
0,Kjøretøy i alt,3,Parafin,Kjorelengde,Kjørelengde (mill. km),2019,2019,0.6,
0,Kjøretøy i alt,3,Parafin,Kjorelengde,Kjørelengde (mill. km),2020,2020,0.7,
0,Kjøretøy i alt,3,Parafin,Kjorelengde,Kjørelengde (mill. km),2021,2021,0.6,
0,Kjøretøy i alt,3,Parafin,Kjorelengde,Kjørelengde (mill. km),2022,2022,0.5,
0,Kjøretøy i alt,3,Parafin,Kjorelengde,Kjørelengde (mill. km),2023,2023,0.2,
0,Kjøretøy i alt,3,Parafin,Kjorelengde,Kjørelengde (mill. km),2024,2024,0.2,
0,Kjøretøy i alt,3,Parafin,Kjorelengde,Kjørelengde (mill. km),2025,2025,0.1,
0,Kjøretøy i alt,3,Parafin,GjsnittKjorelengde,Gjennomsnittlig kjørelengde per kjøretøy (km),2005,2005,,.
0,Kjøretøy i alt,3,Parafin,GjsnittKjorelengde,Gjennomsnittlig kjørelengde per kjøretøy (km),2006,2006,,.
0,Kjøretøy i alt,3,Parafin,GjsnittKjorelengde,Gjennomsnittlig kjørelengde per kjøretøy (km),2007,2007,,.
0,Kjøretøy i alt,3,Parafin,GjsnittKjorelengde,Gjennomsnittlig kjørelengde per kjøretøy (km),2008,2008,,.
0,Kjøretøy i alt,3,Parafin,GjsnittKjorelengde,Gjennomsnittlig kjørelengde per kjøretøy (km),2009,2009,,.
0,Kjøretøy i alt,3,Parafin,GjsnittKjorelengde,Gjennomsnittlig kjørelengde per kjøretøy (km),2010,2010,,.
0,Kjøretøy i alt,3,Parafin,GjsnittKjorelengde,Gjennomsnittlig kjørelengde per kjøretøy (km),2011,2011,,.
0,Kjøretøy i alt,3,Parafin,GjsnittKjorelengde,Gjennomsnittlig kjørelengde per kjøretøy (km),2012,2012,,.
0,Kjøretøy i alt,3,Parafin,GjsnittKjorelengde,Gjennomsnittlig kjørelengde per kjøretøy (km),2013,2013,,.
0,Kjøretøy i alt,3,Parafin,GjsnittKjorelengde,Gjennomsnittlig kjørelengde per kjøretøy (km),2014,2014,,.
0,Kjøretøy i alt,3,Parafin,GjsnittKjorelengde,Gjennomsnittlig kjørelengde per kjøretøy (km),2015,2015,,.
0,Kjøretøy i alt,3,Parafin,GjsnittKjorelengde,Gjennomsnittlig kjørelengde per kjøretøy (km),2016,2016,13041.0,
0,Kjøretøy i alt,3,Parafin,GjsnittKjorelengde,Gjennomsnittlig kjørelengde per kjøretøy (km),2017,2017,14172.0,
0,Kjøretøy i alt,3,Parafin,GjsnittKjorelengde,Gjennomsnittlig kjørelengde per kjøretøy (km),2018,2018,12751.0,
0,Kjøretøy i alt,3,Parafin,GjsnittKjorelengde,Gjennomsnittlig kjørelengde per kjøretøy (km),2019,2019,14466.0,
0,Kjøretøy i alt,3,Parafin,GjsnittKjorelengde,Gjennomsnittlig kjørelengde per kjøretøy (km),2020,2020,15443.0,
0,Kjøretøy i alt,3,Parafin,GjsnittKjorelengde,Gjennomsnittlig kjørelengde per kjøretøy (km),2021,2021,14208.0,
0,Kjøretøy i alt,3,Parafin,GjsnittKjorelengde,Gjennomsnittlig kjørelengde per kjøretøy (km),2022,2022,12008.0,
0,Kjøretøy i alt,3,Parafin,GjsnittKjorelengde,Gjennomsnittlig kjørelengde per kjøretøy (km),2023,2023,9011.0,
0,Kjøretøy i alt,3,Parafin,GjsnittKjorelengde,Gjennomsnittlig kjørelengde per kjøretøy (km),2024,2024,6945.0,
0,Kjøretøy i alt,3,Parafin,GjsnittKjorelengde,Gjennomsnittlig kjørelengde per kjøretøy (km),2025,2025,10222.0,
0,Kjøretøy i alt,4,Gass,Kjorelengde,Kjørelengde (mill. km),2005,2005,,.
0,Kjøretøy i alt,4,Gass,Kjorelengde,Kjørelengde (mill. km),2006,2006,,.
0,Kjøretøy i alt,4,Gass,Kjorelengde,Kjørelengde (mill. km),2007,2007,,.
0,Kjøretøy i alt,4,Gass,Kjorelengde,Kjørelengde (mill. km),2008,2008,,.
0,Kjøretøy i alt,4,Gass,Kjorelengde,Kjørelengde (mill. km),2009,2009,,.
0,Kjøretøy i alt,4,Gass,Kjorelengde,Kjørelengde (mill. km),2010,2010,,.
0,Kjøretøy i alt,4,Gass,Kjorelengde,Kjørelengde (mill. km),2011,2011,,.
0,Kjøretøy i alt,4,Gass,Kjorelengde,Kjørelengde (mill. km),2012,2012,,.
0,Kjøretøy i alt,4,Gass,Kjorelengde,Kjørelengde (mill. km),2013,2013,,.
0,Kjøretøy i alt,4,Gass,Kjorelengde,Kjørelengde (mill. km),2014,2014,,.
0,Kjøretøy i alt,4,Gass,Kjorelengde,Kjørelengde (mill. km),2015,2015,,.
0,Kjøretøy i alt,4,Gass,Kjorelengde,Kjørelengde (mill. km),2016,2016,50.1,
0,Kjøretøy i alt,4,Gass,Kjorelengde,Kjørelengde (mill. km),2017,2017,56.4,
0,Kjøretøy i alt,4,Gass,Kjorelengde,Kjørelengde (mill. km),2018,2018,66.5,
0,Kjøretøy i alt,4,Gass,Kjorelengde,Kjørelengde (mill. km),2019,2019,67.6,
0,Kjøretøy i alt,4,Gass,Kjorelengde,Kjørelengde (mill. km),2020,2020,67.0,
0,Kjøretøy i alt,4,Gass,Kjorelengde,Kjørelengde (mill. km),2021,2021,70.4,
0,Kjøretøy i alt,4,Gass,Kjorelengde,Kjørelengde (mill. km),2022,2022,75.7,
0,Kjøretøy i alt,4,Gass,Kjorelengde,Kjørelengde (mill. km),2023,2023,91.9,
0,Kjøretøy i alt,4,Gass,Kjorelengde,Kjørelengde (mill. km),2024,2024,114.6,
0,Kjøretøy i alt,4,Gass,Kjorelengde,Kjørelengde (mill. km),2025,2025,144.7,
0,Kjøretøy i alt,4,Gass,GjsnittKjorelengde,Gjennomsnittlig kjørelengde per kjøretøy (km),2005,2005,,.
0,Kjøretøy i alt,4,Gass,GjsnittKjorelengde,Gjennomsnittlig kjørelengde per kjøretøy (km),2006,2006,,.
0,Kjøretøy i alt,4,Gass,GjsnittKjorelengde,Gjennomsnittlig kjørelengde per kjøretøy (km),2007,2007,,.
0,Kjøretøy i alt,4,Gass,GjsnittKjorelengde,Gjennomsnittlig kjørelengde per kjøretøy (km),2008,2008,,.
0,Kjøretøy i alt,4,Gass,GjsnittKjorelengde,Gjennomsnittlig kjørelengde per kjøretøy (km),2009,2009,,.
0,Kjøretøy i alt,4,Gass,GjsnittKjorelengde,Gjennomsnittlig kjørelengde per kjøretøy (km),2010,2010,,.
0,Kjøretøy i alt,4,Gass,GjsnittKjorelengde,Gjennomsnittlig kjørelengde per kjøretøy (km),2011,2011,,.
0,Kjøretøy i alt,4,Gass,GjsnittKjorelengde,Gjennomsnittlig kjørelengde per kjøretøy (km),2012,2012,,.
0,Kjøretøy i alt,4,Gass,GjsnittKjorelengde,Gjennomsnittlig kjørelengde per kjøretøy (km),2013,2013,,.
0,Kjøretøy i alt,4,Gass,GjsnittKjorelengde,Gjennomsnittlig kjørelengde per kjøretøy (km),2014,2014,,.
0,Kjøretøy i alt,4,Gass,GjsnittKjorelengde,Gjennomsnittlig kjørelengde per kjøretøy (km),2015,2015,,.
0,Kjøretøy i alt,4,Gass,GjsnittKjorelengde,Gjennomsnittlig kjørelengde per kjøretøy (km),2016,2016,32530.0,
0,Kjøretøy i alt,4,Gass,GjsnittKjorelengde,Gjennomsnittlig kjørelengde per kjøretøy (km),2017,2017,31651.0,
0,Kjøretøy i alt,4,Gass,GjsnittKjorelengde,Gjennomsnittlig kjørelengde per kjøretøy (km),2018,2018,35200.0,
0,Kjøretøy i alt,4,Gass,GjsnittKjorelengde,Gjennomsnittlig kjørelengde per kjøretøy (km),2019,2019,30698.0,
0,Kjøretøy i alt,4,Gass,GjsnittKjorelengde,Gjennomsnittlig kjørelengde per kjøretøy (km),2020,2020,29845.0,
0,Kjøretøy i alt,4,Gass,GjsnittKjorelengde,Gjennomsnittlig kjørelengde per kjøretøy (km),2021,2021,32272.0,
0,Kjøretøy i alt,4,Gass,GjsnittKjorelengde,Gjennomsnittlig kjørelengde per kjøretøy (km),2022,2022,31411.0,
0,Kjøretøy i alt,4,Gass,GjsnittKjorelengde,Gjennomsnittlig kjørelengde per kjøretøy (km),2023,2023,32572.0,
0,Kjøretøy i alt,4,Gass,GjsnittKjorelengde,Gjennomsnittlig kjørelengde per kjøretøy (km),2024,2024,35301.0,
0,Kjøretøy i alt,4,Gass,GjsnittKjorelengde,Gjennomsnittlig kjørelengde per kjøretøy (km),2025,2025,39513.0,
0,Kjøretøy i alt,13,Hydrogen,Kjorelengde,Kjørelengde (mill. km),2005,2005,,.
0,Kjøretøy i alt,13,Hydrogen,Kjorelengde,Kjørelengde (mill. km),2006,2006,,.
0,Kjøretøy i alt,13,Hydrogen,Kjorelengde,Kjørelengde (mill. km),2007,2007,,.
0,Kjøretøy i alt,13,Hydrogen,Kjorelengde,Kjørelengde (mill. km),2008,2008,,.
0,Kjøretøy i alt,13,Hydrogen,Kjorelengde,Kjørelengde (mill. km),2009,2009,,.
0,Kjøretøy i alt,13,Hydrogen,Kjorelengde,Kjørelengde (mill. km),2010,2010,,.
0,Kjøretøy i alt,13,Hydrogen,Kjorelengde,Kjørelengde (mill. km),2011,2011,,.
0,Kjøretøy i alt,13,Hydrogen,Kjorelengde,Kjørelengde (mill. km),2012,2012,,.
0,Kjøretøy i alt,13,Hydrogen,Kjorelengde,Kjørelengde (mill. km),2013,2013,,.
0,Kjøretøy i alt,13,Hydrogen,Kjorelengde,Kjørelengde (mill. km),2014,2014,,.
0,Kjøretøy i alt,13,Hydrogen,Kjorelengde,Kjørelengde (mill. km),2015,2015,,.
0,Kjøretøy i alt,13,Hydrogen,Kjorelengde,Kjørelengde (mill. km),2016,2016,0.5,
0,Kjøretøy i alt,13,Hydrogen,Kjorelengde,Kjørelengde (mill. km),2017,2017,1.2,
0,Kjøretøy i alt,13,Hydrogen,Kjorelengde,Kjørelengde (mill. km),2018,2018,2.2,
0,Kjøretøy i alt,13,Hydrogen,Kjorelengde,Kjørelengde (mill. km),2019,2019,2.7,
0,Kjøretøy i alt,13,Hydrogen,Kjorelengde,Kjørelengde (mill. km),2020,2020,1.7,
0,Kjøretøy i alt,13,Hydrogen,Kjorelengde,Kjørelengde (mill. km),2021,2021,1.8,
0,Kjøretøy i alt,13,Hydrogen,Kjorelengde,Kjørelengde (mill. km),2022,2022,3.8,
0,Kjøretøy i alt,13,Hydrogen,Kjorelengde,Kjørelengde (mill. km),2023,2023,4.1,
0,Kjøretøy i alt,13,Hydrogen,Kjorelengde,Kjørelengde (mill. km),2024,2024,2.8,
0,Kjøretøy i alt,13,Hydrogen,Kjorelengde,Kjørelengde (mill. km),2025,2025,2.2,
0,Kjøretøy i alt,13,Hydrogen,GjsnittKjorelengde,Gjennomsnittlig kjørelengde per kjøretøy (km),2005,2005,,.
0,Kjøretøy i alt,13,Hydrogen,GjsnittKjorelengde,Gjennomsnittlig kjørelengde per kjøretøy (km),2006,2006,,.
0,Kjøretøy i alt,13,Hydrogen,GjsnittKjorelengde,Gjennomsnittlig kjørelengde per kjøretøy (km),2007,2007,,.
0,Kjøretøy i alt,13,Hydrogen,GjsnittKjorelengde,Gjennomsnittlig kjørelengde per kjøretøy (km),2008,2008,,.
0,Kjøretøy i alt,13,Hydrogen,GjsnittKjorelengde,Gjennomsnittlig kjørelengde per kjøretøy (km),2009,2009,,.
0,Kjøretøy i alt,13,Hydrogen,GjsnittKjorelengde,Gjennomsnittlig kjørelengde per kjøretøy (km),2010,2010,,.
0,Kjøretøy i alt,13,Hydrogen,GjsnittKjorelengde,Gjennomsnittlig kjørelengde per kjøretøy (km),2011,2011,,.
0,Kjøretøy i alt,13,Hydrogen,GjsnittKjorelengde,Gjennomsnittlig kjørelengde per kjøretøy (km),2012,2012,,.
0,Kjøretøy i alt,13,Hydrogen,GjsnittKjorelengde,Gjennomsnittlig kjørelengde per kjøretøy (km),2013,2013,,.
0,Kjøretøy i alt,13,Hydrogen,GjsnittKjorelengde,Gjennomsnittlig kjørelengde per kjøretøy (km),2014,2014,,.
0,Kjøretøy i alt,13,Hydrogen,GjsnittKjorelengde,Gjennomsnittlig kjørelengde per kjøretøy (km),2015,2015,,.
0,Kjøretøy i alt,13,Hydrogen,GjsnittKjorelengde,Gjennomsnittlig kjørelengde per kjøretøy (km),2016,2016,10727.0,
0,Kjøretøy i alt,13,Hydrogen,GjsnittKjorelengde,Gjennomsnittlig kjørelengde per kjøretøy (km),2017,2017,11804.0,
0,Kjøretøy i alt,13,Hydrogen,GjsnittKjorelengde,Gjennomsnittlig kjørelengde per kjøretøy (km),2018,2018,14178.0,
0,Kjøretøy i alt,13,Hydrogen,GjsnittKjorelengde,Gjennomsnittlig kjørelengde per kjøretøy (km),2019,2019,14953.0,
0,Kjøretøy i alt,13,Hydrogen,GjsnittKjorelengde,Gjennomsnittlig kjørelengde per kjøretøy (km),2020,2020,8940.0,
0,Kjøretøy i alt,13,Hydrogen,GjsnittKjorelengde,Gjennomsnittlig kjørelengde per kjøretøy (km),2021,2021,8221.0,
0,Kjøretøy i alt,13,Hydrogen,GjsnittKjorelengde,Gjennomsnittlig kjørelengde per kjøretøy (km),2022,2022,13923.0,
0,Kjøretøy i alt,13,Hydrogen,GjsnittKjorelengde,Gjennomsnittlig kjørelengde per kjøretøy (km),2023,2023,15737.0,
0,Kjøretøy i alt,13,Hydrogen,GjsnittKjorelengde,Gjennomsnittlig kjørelengde per kjøretøy (km),2024,2024,13384.0,
0,Kjøretøy i alt,13,Hydrogen,GjsnittKjorelengde,Gjennomsnittlig kjørelengde per kjøretøy (km),2025,2025,10114.0,
0,Kjøretøy i alt,7,Andre drivstoff,Kjorelengde,Kjørelengde (mill. km),2005,2005,6.4,
0,Kjøretøy i alt,7,Andre drivstoff,Kjorelengde,Kjørelengde (mill. km),2006,2006,8.5,
0,Kjøretøy i alt,7,Andre drivstoff,Kjorelengde,Kjørelengde (mill. km),2007,2007,10.1,
0,Kjøretøy i alt,7,Andre drivstoff,Kjorelengde,Kjørelengde (mill. km),2008,2008,12.9,
0,Kjøretøy i alt,7,Andre drivstoff,Kjorelengde,Kjørelengde (mill. km),2009,2009,15.0,
0,Kjøretøy i alt,7,Andre drivstoff,Kjorelengde,Kjørelengde (mill. km),2010,2010,17.4,
0,Kjøretøy i alt,7,Andre drivstoff,Kjorelengde,Kjørelengde (mill. km),2011,2011,24.6,
0,Kjøretøy i alt,7,Andre drivstoff,Kjorelengde,Kjørelengde (mill. km),2012,2012,35.4,
0,Kjøretøy i alt,7,Andre drivstoff,Kjorelengde,Kjørelengde (mill. km),2013,2013,55.6,
0,Kjøretøy i alt,7,Andre drivstoff,Kjorelengde,Kjørelengde (mill. km),2014,2014,55.6,
0,Kjøretøy i alt,7,Andre drivstoff,Kjorelengde,Kjørelengde (mill. km),2015,2015,63.0,
0,Kjøretøy i alt,7,Andre drivstoff,Kjorelengde,Kjørelengde (mill. km),2016,2016,1.6,
0,Kjøretøy i alt,7,Andre drivstoff,Kjorelengde,Kjørelengde (mill. km),2017,2017,1.4,
0,Kjøretøy i alt,7,Andre drivstoff,Kjorelengde,Kjørelengde (mill. km),2018,2018,1.5,
0,Kjøretøy i alt,7,Andre drivstoff,Kjorelengde,Kjørelengde (mill. km),2019,2019,1.6,
0,Kjøretøy i alt,7,Andre drivstoff,Kjorelengde,Kjørelengde (mill. km),2020,2020,2.4,
0,Kjøretøy i alt,7,Andre drivstoff,Kjorelengde,Kjørelengde (mill. km),2021,2021,2.1,
0,Kjøretøy i alt,7,Andre drivstoff,Kjorelengde,Kjørelengde (mill. km),2022,2022,1.8,
0,Kjøretøy i alt,7,Andre drivstoff,Kjorelengde,Kjørelengde (mill. km),2023,2023,4.3,
0,Kjøretøy i alt,7,Andre drivstoff,Kjorelengde,Kjørelengde (mill. km),2024,2024,24.0,
0,Kjøretøy i alt,7,Andre drivstoff,Kjorelengde,Kjørelengde (mill. km),2025,2025,34.7,
0,Kjøretøy i alt,7,Andre drivstoff,GjsnittKjorelengde,Gjennomsnittlig kjørelengde per kjøretøy (km),2005,2005,34219.0,
0,Kjøretøy i alt,7,Andre drivstoff,GjsnittKjorelengde,Gjennomsnittlig kjørelengde per kjøretøy (km),2006,2006,32074.0,
0,Kjøretøy i alt,7,Andre drivstoff,GjsnittKjorelengde,Gjennomsnittlig kjørelengde per kjøretøy (km),2007,2007,29360.0,
0,Kjøretøy i alt,7,Andre drivstoff,GjsnittKjorelengde,Gjennomsnittlig kjørelengde per kjøretøy (km),2008,2008,26605.0,
0,Kjøretøy i alt,7,Andre drivstoff,GjsnittKjorelengde,Gjennomsnittlig kjørelengde per kjøretøy (km),2009,2009,26811.0,
0,Kjøretøy i alt,7,Andre drivstoff,GjsnittKjorelengde,Gjennomsnittlig kjørelengde per kjøretøy (km),2010,2010,22609.0,
0,Kjøretøy i alt,7,Andre drivstoff,GjsnittKjorelengde,Gjennomsnittlig kjørelengde per kjøretøy (km),2011,2011,22213.0,
0,Kjøretøy i alt,7,Andre drivstoff,GjsnittKjorelengde,Gjennomsnittlig kjørelengde per kjøretøy (km),2012,2012,24299.0,
0,Kjøretøy i alt,7,Andre drivstoff,GjsnittKjorelengde,Gjennomsnittlig kjørelengde per kjøretøy (km),2013,2013,16458.0,
0,Kjøretøy i alt,7,Andre drivstoff,GjsnittKjorelengde,Gjennomsnittlig kjørelengde per kjøretøy (km),2014,2014,22819.0,
0,Kjøretøy i alt,7,Andre drivstoff,GjsnittKjorelengde,Gjennomsnittlig kjørelengde per kjøretøy (km),2015,2015,24683.0,
0,Kjøretøy i alt,7,Andre drivstoff,GjsnittKjorelengde,Gjennomsnittlig kjørelengde per kjøretøy (km),2016,2016,15126.0,
0,Kjøretøy i alt,7,Andre drivstoff,GjsnittKjorelengde,Gjennomsnittlig kjørelengde per kjøretøy (km),2017,2017,16078.0,
0,Kjøretøy i alt,7,Andre drivstoff,GjsnittKjorelengde,Gjennomsnittlig kjørelengde per kjøretøy (km),2018,2018,17605.0,
0,Kjøretøy i alt,7,Andre drivstoff,GjsnittKjorelengde,Gjennomsnittlig kjørelengde per kjøretøy (km),2019,2019,14570.0,
0,Kjøretøy i alt,7,Andre drivstoff,GjsnittKjorelengde,Gjennomsnittlig kjørelengde per kjøretøy (km),2020,2020,17327.0,
0,Kjøretøy i alt,7,Andre drivstoff,GjsnittKjorelengde,Gjennomsnittlig kjørelengde per kjøretøy (km),2021,2021,15841.0,
0,Kjøretøy i alt,7,Andre drivstoff,GjsnittKjorelengde,Gjennomsnittlig kjørelengde per kjøretøy (km),2022,2022,23326.0,
0,Kjøretøy i alt,7,Andre drivstoff,GjsnittKjorelengde,Gjennomsnittlig kjørelengde per kjøretøy (km),2023,2023,3765.0,
0,Kjøretøy i alt,7,Andre drivstoff,GjsnittKjorelengde,Gjennomsnittlig kjørelengde per kjøretøy (km),2024,2024,17166.0,
0,Kjøretøy i alt,7,Andre drivstoff,GjsnittKjorelengde,Gjennomsnittlig kjørelengde per kjøretøy (km),2025,2025,24957.0,
00,Små godsbiler i alt,0,Alle typer drivstoff,Kjorelengde,Kjørelengde (mill. km),2005,2005,6503.2,
00,Små godsbiler i alt,0,Alle typer drivstoff,Kjorelengde,Kjørelengde (mill. km),2006,2006,6862.9,
00,Små godsbiler i alt,0,Alle typer drivstoff,Kjorelengde,Kjørelengde (mill. km),2007,2007,7385.9,
00,Små godsbiler i alt,0,Alle typer drivstoff,Kjorelengde,Kjørelengde (mill. km),2008,2008,7604.9,
00,Små godsbiler i alt,0,Alle typer drivstoff,Kjorelengde,Kjørelengde (mill. km),2009,2009,7445.2,
00,Små godsbiler i alt,0,Alle typer drivstoff,Kjorelengde,Kjørelengde (mill. km),2010,2010,7390.4,
00,Små godsbiler i alt,0,Alle typer drivstoff,Kjorelengde,Kjørelengde (mill. km),2011,2011,7382.2,
00,Små godsbiler i alt,0,Alle typer drivstoff,Kjorelengde,Kjørelengde (mill. km),2012,2012,7541.0,
00,Små godsbiler i alt,0,Alle typer drivstoff,Kjorelengde,Kjørelengde (mill. km),2013,2013,7466.6,
00,Små godsbiler i alt,0,Alle typer drivstoff,Kjorelengde,Kjørelengde (mill. km),2014,2014,7364.4,
00,Små godsbiler i alt,0,Alle typer drivstoff,Kjorelengde,Kjørelengde (mill. km),2015,2015,7265.4,
00,Små godsbiler i alt,0,Alle typer drivstoff,Kjorelengde,Kjørelengde (mill. km),2016,2016,7245.1,
00,Små godsbiler i alt,0,Alle typer drivstoff,Kjorelengde,Kjørelengde (mill. km),2017,2017,7305.9,
00,Små godsbiler i alt,0,Alle typer drivstoff,Kjorelengde,Kjørelengde (mill. km),2018,2018,7388.3,
00,Små godsbiler i alt,0,Alle typer drivstoff,Kjorelengde,Kjørelengde (mill. km),2019,2019,7393.1,
00,Små godsbiler i alt,0,Alle typer drivstoff,Kjorelengde,Kjørelengde (mill. km),2020,2020,7183.2,
00,Små godsbiler i alt,0,Alle typer drivstoff,Kjorelengde,Kjørelengde (mill. km),2021,2021,7450.0,
00,Små godsbiler i alt,0,Alle typer drivstoff,Kjorelengde,Kjørelengde (mill. km),2022,2022,7461.6,
00,Små godsbiler i alt,0,Alle typer drivstoff,Kjorelengde,Kjørelengde (mill. km),2023,2023,7408.2,
00,Små godsbiler i alt,0,Alle typer drivstoff,Kjorelengde,Kjørelengde (mill. km),2024,2024,7521.5,
00,Små godsbiler i alt,0,Alle typer drivstoff,Kjorelengde,Kjørelengde (mill. km),2025,2025,7485.6,
00,Små godsbiler i alt,0,Alle typer drivstoff,GjsnittKjorelengde,Gjennomsnittlig kjørelengde per kjøretøy (km),2005,2005,15328.0,
00,Små godsbiler i alt,0,Alle typer drivstoff,GjsnittKjorelengde,Gjennomsnittlig kjørelengde per kjøretøy (km),2006,2006,15452.0,
00,Små godsbiler i alt,0,Alle typer drivstoff,GjsnittKjorelengde,Gjennomsnittlig kjørelengde per kjøretøy (km),2007,2007,15876.0,
00,Små godsbiler i alt,0,Alle typer drivstoff,GjsnittKjorelengde,Gjennomsnittlig kjørelengde per kjøretøy (km),2008,2008,16009.0,
00,Små godsbiler i alt,0,Alle typer drivstoff,GjsnittKjorelengde,Gjennomsnittlig kjørelengde per kjøretøy (km),2009,2009,15790.0,
00,Små godsbiler i alt,0,Alle typer drivstoff,GjsnittKjorelengde,Gjennomsnittlig kjørelengde per kjøretøy (km),2010,2010,15559.0,
00,Små godsbiler i alt,0,Alle typer drivstoff,GjsnittKjorelengde,Gjennomsnittlig kjørelengde per kjøretøy (km),2011,2011,15258.0,
00,Små godsbiler i alt,0,Alle typer drivstoff,GjsnittKjorelengde,Gjennomsnittlig kjørelengde per kjøretøy (km),2012,2012,15362.0,
00,Små godsbiler i alt,0,Alle typer drivstoff,GjsnittKjorelengde,Gjennomsnittlig kjørelengde per kjøretøy (km),2013,2013,15031.0,
00,Små godsbiler i alt,0,Alle typer drivstoff,GjsnittKjorelengde,Gjennomsnittlig kjørelengde per kjøretøy (km),2014,2014,14789.0,
00,Små godsbiler i alt,0,Alle typer drivstoff,GjsnittKjorelengde,Gjennomsnittlig kjørelengde per kjøretøy (km),2015,2015,14476.0,
00,Små godsbiler i alt,0,Alle typer drivstoff,GjsnittKjorelengde,Gjennomsnittlig kjørelengde per kjøretøy (km),2016,2016,14294.0,
00,Små godsbiler i alt,0,Alle typer drivstoff,GjsnittKjorelengde,Gjennomsnittlig kjørelengde per kjøretøy (km),2017,2017,14244.0,
00,Små godsbiler i alt,0,Alle typer drivstoff,GjsnittKjorelengde,Gjennomsnittlig kjørelengde per kjøretøy (km),2018,2018,14186.0,
00,Små godsbiler i alt,0,Alle typer drivstoff,GjsnittKjorelengde,Gjennomsnittlig kjørelengde per kjøretøy (km),2019,2019,13994.0,
00,Små godsbiler i alt,0,Alle typer drivstoff,GjsnittKjorelengde,Gjennomsnittlig kjørelengde per kjøretøy (km),2020,2020,13355.0,
00,Små godsbiler i alt,0,Alle typer drivstoff,GjsnittKjorelengde,Gjennomsnittlig kjørelengde per kjøretøy (km),2021,2021,13649.0,
00,Små godsbiler i alt,0,Alle typer drivstoff,GjsnittKjorelengde,Gjennomsnittlig kjørelengde per kjøretøy (km),2022,2022,13499.0,
00,Små godsbiler i alt,0,Alle typer drivstoff,GjsnittKjorelengde,Gjennomsnittlig kjørelengde per kjøretøy (km),2023,2023,13298.0,
00,Små godsbiler i alt,0,Alle typer drivstoff,GjsnittKjorelengde,Gjennomsnittlig kjørelengde per kjøretøy (km),2024,2024,13355.0,
00,Små godsbiler i alt,0,Alle typer drivstoff,GjsnittKjorelengde,Gjennomsnittlig kjørelengde per kjøretøy (km),2025,2025,13158.0,
00,Små godsbiler i alt,1,Bensin,Kjorelengde,Kjørelengde (mill. km),2005,2005,1393.2,
00,Små godsbiler i alt,1,Bensin,Kjorelengde,Kjørelengde (mill. km),2006,2006,1279.7,
00,Små godsbiler i alt,1,Bensin,Kjorelengde,Kjørelengde (mill. km),2007,2007,1181.1,
00,Små godsbiler i alt,1,Bensin,Kjorelengde,Kjørelengde (mill. km),2008,2008,1032.7,
00,Små godsbiler i alt,1,Bensin,Kjorelengde,Kjørelengde (mill. km),2009,2009,897.2,
00,Små godsbiler i alt,1,Bensin,Kjorelengde,Kjørelengde (mill. km),2010,2010,763.8,
00,Små godsbiler i alt,1,Bensin,Kjorelengde,Kjørelengde (mill. km),2011,2011,639.4,
00,Små godsbiler i alt,1,Bensin,Kjorelengde,Kjørelengde (mill. km),2012,2012,541.7,
00,Små godsbiler i alt,1,Bensin,Kjorelengde,Kjørelengde (mill. km),2013,2013,453.8,
00,Små godsbiler i alt,1,Bensin,Kjorelengde,Kjørelengde (mill. km),2014,2014,375.9,
00,Små godsbiler i alt,1,Bensin,Kjorelengde,Kjørelengde (mill. km),2015,2015,316.9,
00,Små godsbiler i alt,1,Bensin,Kjorelengde,Kjørelengde (mill. km),2016,2016,268.0,
00,Små godsbiler i alt,1,Bensin,Kjorelengde,Kjørelengde (mill. km),2017,2017,230.3,
00,Små godsbiler i alt,1,Bensin,Kjorelengde,Kjørelengde (mill. km),2018,2018,208.1,
00,Små godsbiler i alt,1,Bensin,Kjorelengde,Kjørelengde (mill. km),2019,2019,190.9,
00,Små godsbiler i alt,1,Bensin,Kjorelengde,Kjørelengde (mill. km),2020,2020,163.6,
00,Små godsbiler i alt,1,Bensin,Kjorelengde,Kjørelengde (mill. km),2021,2021,156.5,
00,Små godsbiler i alt,1,Bensin,Kjorelengde,Kjørelengde (mill. km),2022,2022,142.5,
00,Små godsbiler i alt,1,Bensin,Kjorelengde,Kjørelengde (mill. km),2023,2023,132.0,
00,Små godsbiler i alt,1,Bensin,Kjorelengde,Kjørelengde (mill. km),2024,2024,124.9,
00,Små godsbiler i alt,1,Bensin,Kjorelengde,Kjørelengde (mill. km),2025,2025,118.2,
00,Små godsbiler i alt,1,Bensin,GjsnittKjorelengde,Gjennomsnittlig kjørelengde per kjøretøy (km),2005,2005,12511.0,
00,Små godsbiler i alt,1,Bensin,GjsnittKjorelengde,Gjennomsnittlig kjørelengde per kjøretøy (km),2006,2006,12429.0,
00,Små godsbiler i alt,1,Bensin,GjsnittKjorelengde,Gjennomsnittlig kjørelengde per kjøretøy (km),2007,2007,12548.0,
00,Små godsbiler i alt,1,Bensin,GjsnittKjorelengde,Gjennomsnittlig kjørelengde per kjøretøy (km),2008,2008,12004.0,
00,Små godsbiler i alt,1,Bensin,GjsnittKjorelengde,Gjennomsnittlig kjørelengde per kjøretøy (km),2009,2009,11465.0,
00,Små godsbiler i alt,1,Bensin,GjsnittKjorelengde,Gjennomsnittlig kjørelengde per kjøretøy (km),2010,2010,10799.0,
00,Små godsbiler i alt,1,Bensin,GjsnittKjorelengde,Gjennomsnittlig kjørelengde per kjøretøy (km),2011,2011,10201.0,
00,Små godsbiler i alt,1,Bensin,GjsnittKjorelengde,Gjennomsnittlig kjørelengde per kjøretøy (km),2012,2012,9653.0,
00,Små godsbiler i alt,1,Bensin,GjsnittKjorelengde,Gjennomsnittlig kjørelengde per kjøretøy (km),2013,2013,9066.0,
00,Små godsbiler i alt,1,Bensin,GjsnittKjorelengde,Gjennomsnittlig kjørelengde per kjøretøy (km),2014,2014,8496.0,
00,Små godsbiler i alt,1,Bensin,GjsnittKjorelengde,Gjennomsnittlig kjørelengde per kjøretøy (km),2015,2015,8088.0,
00,Små godsbiler i alt,1,Bensin,GjsnittKjorelengde,Gjennomsnittlig kjørelengde per kjøretøy (km),2016,2016,7753.0,
00,Små godsbiler i alt,1,Bensin,GjsnittKjorelengde,Gjennomsnittlig kjørelengde per kjøretøy (km),2017,2017,7304.0,
00,Små godsbiler i alt,1,Bensin,GjsnittKjorelengde,Gjennomsnittlig kjørelengde per kjøretøy (km),2018,2018,7381.0,
00,Små godsbiler i alt,1,Bensin,GjsnittKjorelengde,Gjennomsnittlig kjørelengde per kjøretøy (km),2019,2019,7414.0,
00,Små godsbiler i alt,1,Bensin,GjsnittKjorelengde,Gjennomsnittlig kjørelengde per kjøretøy (km),2020,2020,6771.0,
00,Små godsbiler i alt,1,Bensin,GjsnittKjorelengde,Gjennomsnittlig kjørelengde per kjøretøy (km),2021,2021,7005.0,
00,Små godsbiler i alt,1,Bensin,GjsnittKjorelengde,Gjennomsnittlig kjørelengde per kjøretøy (km),2022,2022,6797.0,
00,Små godsbiler i alt,1,Bensin,GjsnittKjorelengde,Gjennomsnittlig kjørelengde per kjøretøy (km),2023,2023,6719.0,
00,Små godsbiler i alt,1,Bensin,GjsnittKjorelengde,Gjennomsnittlig kjørelengde per kjøretøy (km),2024,2024,6689.0,
00,Små godsbiler i alt,1,Bensin,GjsnittKjorelengde,Gjennomsnittlig kjørelengde per kjøretøy (km),2025,2025,7214.0,
00,Små godsbiler i alt,2,Diesel,Kjorelengde,Kjørelengde (mill. km),2005,2005,5109.1,
00,Små godsbiler i alt,2,Diesel,Kjorelengde,Kjørelengde (mill. km),2006,2006,5582.0,
00,Små godsbiler i alt,2,Diesel,Kjorelengde,Kjørelengde (mill. km),2007,2007,6203.1,
00,Små godsbiler i alt,2,Diesel,Kjorelengde,Kjørelengde (mill. km),2008,2008,6569.9,
00,Små godsbiler i alt,2,Diesel,Kjorelengde,Kjørelengde (mill. km),2009,2009,6545.0,
00,Små godsbiler i alt,2,Diesel,Kjorelengde,Kjørelengde (mill. km),2010,2010,6623.1,
00,Små godsbiler i alt,2,Diesel,Kjorelengde,Kjørelengde (mill. km),2011,2011,6738.7,
00,Små godsbiler i alt,2,Diesel,Kjorelengde,Kjørelengde (mill. km),2012,2012,6993.8,
00,Små godsbiler i alt,2,Diesel,Kjorelengde,Kjørelengde (mill. km),2013,2013,7004.6,
00,Små godsbiler i alt,2,Diesel,Kjorelengde,Kjørelengde (mill. km),2014,2014,6971.2,
00,Små godsbiler i alt,2,Diesel,Kjorelengde,Kjørelengde (mill. km),2015,2015,6933.5,
00,Små godsbiler i alt,2,Diesel,Kjorelengde,Kjørelengde (mill. km),2016,2016,6952.6,
00,Små godsbiler i alt,2,Diesel,Kjorelengde,Kjørelengde (mill. km),2017,2017,7039.9,
00,Små godsbiler i alt,2,Diesel,Kjorelengde,Kjørelengde (mill. km),2018,2018,7126.9,
00,Små godsbiler i alt,2,Diesel,Kjorelengde,Kjørelengde (mill. km),2019,2019,7130.6,
00,Små godsbiler i alt,2,Diesel,Kjorelengde,Kjørelengde (mill. km),2020,2020,6926.6,
00,Små godsbiler i alt,2,Diesel,Kjorelengde,Kjørelengde (mill. km),2021,2021,7150.6,
00,Små godsbiler i alt,2,Diesel,Kjorelengde,Kjørelengde (mill. km),2022,2022,7091.8,
00,Små godsbiler i alt,2,Diesel,Kjorelengde,Kjørelengde (mill. km),2023,2023,6956.7,
00,Små godsbiler i alt,2,Diesel,Kjorelengde,Kjørelengde (mill. km),2024,2024,6901.7,
00,Små godsbiler i alt,2,Diesel,Kjorelengde,Kjørelengde (mill. km),2025,2025,6708.2,
00,Små godsbiler i alt,2,Diesel,GjsnittKjorelengde,Gjennomsnittlig kjørelengde per kjøretøy (km),2005,2005,16334.0,
00,Små godsbiler i alt,2,Diesel,GjsnittKjorelengde,Gjennomsnittlig kjørelengde per kjøretøy (km),2006,2006,16366.0,
00,Små godsbiler i alt,2,Diesel,GjsnittKjorelengde,Gjennomsnittlig kjørelengde per kjøretøy (km),2007,2007,16722.0,
00,Små godsbiler i alt,2,Diesel,GjsnittKjorelengde,Gjennomsnittlig kjørelengde per kjøretøy (km),2008,2008,16896.0,
00,Små godsbiler i alt,2,Diesel,GjsnittKjorelengde,Gjennomsnittlig kjørelengde per kjøretøy (km),2009,2009,16652.0,
00,Små godsbiler i alt,2,Diesel,GjsnittKjorelengde,Gjennomsnittlig kjørelengde per kjøretøy (km),2010,2010,16395.0,
00,Små godsbiler i alt,2,Diesel,GjsnittKjorelengde,Gjennomsnittlig kjørelengde per kjøretøy (km),2011,2011,16016.0,
00,Små godsbiler i alt,2,Diesel,GjsnittKjorelengde,Gjennomsnittlig kjørelengde per kjøretøy (km),2012,2012,16105.0,
00,Små godsbiler i alt,2,Diesel,GjsnittKjorelengde,Gjennomsnittlig kjørelengde per kjøretøy (km),2013,2013,15713.0,
00,Små godsbiler i alt,2,Diesel,GjsnittKjorelengde,Gjennomsnittlig kjørelengde per kjøretøy (km),2014,2014,15415.0,
00,Små godsbiler i alt,2,Diesel,GjsnittKjorelengde,Gjennomsnittlig kjørelengde per kjøretøy (km),2015,2015,15058.0,
00,Små godsbiler i alt,2,Diesel,GjsnittKjorelengde,Gjennomsnittlig kjørelengde per kjøretøy (km),2016,2016,14818.0,
00,Små godsbiler i alt,2,Diesel,GjsnittKjorelengde,Gjennomsnittlig kjørelengde per kjøretøy (km),2017,2017,14750.0,
00,Små godsbiler i alt,2,Diesel,GjsnittKjorelengde,Gjennomsnittlig kjørelengde per kjøretøy (km),2018,2018,14646.0,
00,Små godsbiler i alt,2,Diesel,GjsnittKjorelengde,Gjennomsnittlig kjørelengde per kjøretøy (km),2019,2019,14423.0,
00,Små godsbiler i alt,2,Diesel,GjsnittKjorelengde,Gjennomsnittlig kjørelengde per kjøretøy (km),2020,2020,13773.0,
00,Små godsbiler i alt,2,Diesel,GjsnittKjorelengde,Gjennomsnittlig kjørelengde per kjøretøy (km),2021,2021,14110.0,
00,Små godsbiler i alt,2,Diesel,GjsnittKjorelengde,Gjennomsnittlig kjørelengde per kjøretøy (km),2022,2022,13971.0,
00,Små godsbiler i alt,2,Diesel,GjsnittKjorelengde,Gjennomsnittlig kjørelengde per kjøretøy (km),2023,2023,13832.0,
00,Små godsbiler i alt,2,Diesel,GjsnittKjorelengde,Gjennomsnittlig kjørelengde per kjøretøy (km),2024,2024,13768.0,
00,Små godsbiler i alt,2,Diesel,GjsnittKjorelengde,Gjennomsnittlig kjørelengde per kjøretøy (km),2025,2025,13551.0,
00,Små godsbiler i alt,18,Elektrisitet,Kjorelengde,Kjørelengde (mill. km),2005,2005,0.6,
00,Små godsbiler i alt,18,Elektrisitet,Kjorelengde,Kjørelengde (mill. km),2006,2006,0.5,
00,Små godsbiler i alt,18,Elektrisitet,Kjorelengde,Kjørelengde (mill. km),2007,2007,0.6,
00,Små godsbiler i alt,18,Elektrisitet,Kjorelengde,Kjørelengde (mill. km),2008,2008,0.5,
00,Små godsbiler i alt,18,Elektrisitet,Kjorelengde,Kjørelengde (mill. km),2009,2009,0.5,
00,Små godsbiler i alt,18,Elektrisitet,Kjorelengde,Kjørelengde (mill. km),2010,2010,0.5,
00,Små godsbiler i alt,18,Elektrisitet,Kjorelengde,Kjørelengde (mill. km),2011,2011,0.5,
00,Små godsbiler i alt,18,Elektrisitet,Kjorelengde,Kjørelengde (mill. km),2012,2012,1.3,
00,Små godsbiler i alt,18,Elektrisitet,Kjorelengde,Kjørelengde (mill. km),2013,2013,3.2,
00,Små godsbiler i alt,18,Elektrisitet,Kjorelengde,Kjørelengde (mill. km),2014,2014,11.1,
00,Små godsbiler i alt,18,Elektrisitet,Kjorelengde,Kjørelengde (mill. km),2015,2015,10.4,
00,Små godsbiler i alt,18,Elektrisitet,Kjorelengde,Kjørelengde (mill. km),2016,2016,19.4,
00,Små godsbiler i alt,18,Elektrisitet,Kjorelengde,Kjørelengde (mill. km),2017,2017,28.7,
00,Små godsbiler i alt,18,Elektrisitet,Kjorelengde,Kjørelengde (mill. km),2018,2018,46.1,
00,Små godsbiler i alt,18,Elektrisitet,Kjorelengde,Kjørelengde (mill. km),2019,2019,64.3,
00,Små godsbiler i alt,18,Elektrisitet,Kjorelengde,Kjørelengde (mill. km),2020,2020,84.9,
00,Små godsbiler i alt,18,Elektrisitet,Kjorelengde,Kjørelengde (mill. km),2021,2021,130.0,
00,Små godsbiler i alt,18,Elektrisitet,Kjorelengde,Kjørelengde (mill. km),2022,2022,206.6,
00,Små godsbiler i alt,18,Elektrisitet,Kjorelengde,Kjørelengde (mill. km),2023,2023,287.1,
00,Små godsbiler i alt,18,Elektrisitet,Kjorelengde,Kjørelengde (mill. km),2024,2024,436.4,
00,Små godsbiler i alt,18,Elektrisitet,Kjorelengde,Kjørelengde (mill. km),2025,2025,578.7,
00,Små godsbiler i alt,18,Elektrisitet,GjsnittKjorelengde,Gjennomsnittlig kjørelengde per kjøretøy (km),2005,2005,7568.0,
00,Små godsbiler i alt,18,Elektrisitet,GjsnittKjorelengde,Gjennomsnittlig kjørelengde per kjøretøy (km),2006,2006,7140.0,
00,Små godsbiler i alt,18,Elektrisitet,GjsnittKjorelengde,Gjennomsnittlig kjørelengde per kjøretøy (km),2007,2007,7367.0,
00,Små godsbiler i alt,18,Elektrisitet,GjsnittKjorelengde,Gjennomsnittlig kjørelengde per kjøretøy (km),2008,2008,7370.0,
00,Små godsbiler i alt,18,Elektrisitet,GjsnittKjorelengde,Gjennomsnittlig kjørelengde per kjøretøy (km),2009,2009,6912.0,
00,Små godsbiler i alt,18,Elektrisitet,GjsnittKjorelengde,Gjennomsnittlig kjørelengde per kjøretøy (km),2010,2010,7369.0,
00,Små godsbiler i alt,18,Elektrisitet,GjsnittKjorelengde,Gjennomsnittlig kjørelengde per kjøretøy (km),2011,2011,4303.0,
00,Små godsbiler i alt,18,Elektrisitet,GjsnittKjorelengde,Gjennomsnittlig kjørelengde per kjøretøy (km),2012,2012,7706.0,
00,Små godsbiler i alt,18,Elektrisitet,GjsnittKjorelengde,Gjennomsnittlig kjørelengde per kjøretøy (km),2013,2013,6111.0,
00,Små godsbiler i alt,18,Elektrisitet,GjsnittKjorelengde,Gjennomsnittlig kjørelengde per kjøretøy (km),2014,2014,10163.0,
00,Små godsbiler i alt,18,Elektrisitet,GjsnittKjorelengde,Gjennomsnittlig kjørelengde per kjøretøy (km),2015,2015,5621.0,
00,Små godsbiler i alt,18,Elektrisitet,GjsnittKjorelengde,Gjennomsnittlig kjørelengde per kjøretøy (km),2016,2016,7461.0,
00,Små godsbiler i alt,18,Elektrisitet,GjsnittKjorelengde,Gjennomsnittlig kjørelengde per kjøretøy (km),2017,2017,8156.0,
00,Små godsbiler i alt,18,Elektrisitet,GjsnittKjorelengde,Gjennomsnittlig kjørelengde per kjøretøy (km),2018,2018,8479.0,
00,Små godsbiler i alt,18,Elektrisitet,GjsnittKjorelengde,Gjennomsnittlig kjørelengde per kjøretøy (km),2019,2019,8562.0,
00,Små godsbiler i alt,18,Elektrisitet,GjsnittKjorelengde,Gjennomsnittlig kjørelengde per kjøretøy (km),2020,2020,8457.0,
00,Små godsbiler i alt,18,Elektrisitet,GjsnittKjorelengde,Gjennomsnittlig kjørelengde per kjøretøy (km),2021,2021,8394.0,
00,Små godsbiler i alt,18,Elektrisitet,GjsnittKjorelengde,Gjennomsnittlig kjørelengde per kjøretøy (km),2022,2022,9182.0,
00,Små godsbiler i alt,18,Elektrisitet,GjsnittKjorelengde,Gjennomsnittlig kjørelengde per kjøretøy (km),2023,2023,9118.0,
00,Små godsbiler i alt,18,Elektrisitet,GjsnittKjorelengde,Gjennomsnittlig kjørelengde per kjøretøy (km),2024,2024,11030.0,
00,Små godsbiler i alt,18,Elektrisitet,GjsnittKjorelengde,Gjennomsnittlig kjørelengde per kjøretøy (km),2025,2025,10975.0,
00,Små godsbiler i alt,14,"Bensin hybrid, ladbar",Kjorelengde,Kjørelengde (mill. km),2005,2005,,.
00,Små godsbiler i alt,14,"Bensin hybrid, ladbar",Kjorelengde,Kjørelengde (mill. km),2006,2006,,.
00,Små godsbiler i alt,14,"Bensin hybrid, ladbar",Kjorelengde,Kjørelengde (mill. km),2007,2007,,.
00,Små godsbiler i alt,14,"Bensin hybrid, ladbar",Kjorelengde,Kjørelengde (mill. km),2008,2008,,.
00,Små godsbiler i alt,14,"Bensin hybrid, ladbar",Kjorelengde,Kjørelengde (mill. km),2009,2009,,.
00,Små godsbiler i alt,14,"Bensin hybrid, ladbar",Kjorelengde,Kjørelengde (mill. km),2010,2010,,.
00,Små godsbiler i alt,14,"Bensin hybrid, ladbar",Kjorelengde,Kjørelengde (mill. km),2011,2011,,.
00,Små godsbiler i alt,14,"Bensin hybrid, ladbar",Kjorelengde,Kjørelengde (mill. km),2012,2012,,.
00,Små godsbiler i alt,14,"Bensin hybrid, ladbar",Kjorelengde,Kjørelengde (mill. km),2013,2013,,.
00,Små godsbiler i alt,14,"Bensin hybrid, ladbar",Kjorelengde,Kjørelengde (mill. km),2014,2014,,.
00,Små godsbiler i alt,14,"Bensin hybrid, ladbar",Kjorelengde,Kjørelengde (mill. km),2015,2015,,.
00,Små godsbiler i alt,14,"Bensin hybrid, ladbar",Kjorelengde,Kjørelengde (mill. km),2016,2016,,:
00,Små godsbiler i alt,14,"Bensin hybrid, ladbar",Kjorelengde,Kjørelengde (mill. km),2017,2017,0.2,
00,Små godsbiler i alt,14,"Bensin hybrid, ladbar",Kjorelengde,Kjørelengde (mill. km),2018,2018,0.4,
00,Små godsbiler i alt,14,"Bensin hybrid, ladbar",Kjorelengde,Kjørelengde (mill. km),2019,2019,0.6,
00,Små godsbiler i alt,14,"Bensin hybrid, ladbar",Kjorelengde,Kjørelengde (mill. km),2020,2020,0.7,
00,Små godsbiler i alt,14,"Bensin hybrid, ladbar",Kjorelengde,Kjørelengde (mill. km),2021,2021,2.9,
00,Små godsbiler i alt,14,"Bensin hybrid, ladbar",Kjorelengde,Kjørelengde (mill. km),2022,2022,7.0,
00,Små godsbiler i alt,14,"Bensin hybrid, ladbar",Kjorelengde,Kjørelengde (mill. km),2023,2023,11.0,
00,Små godsbiler i alt,14,"Bensin hybrid, ladbar",Kjorelengde,Kjørelengde (mill. km),2024,2024,15.1,
00,Små godsbiler i alt,14,"Bensin hybrid, ladbar",Kjorelengde,Kjørelengde (mill. km),2025,2025,16.1,
00,Små godsbiler i alt,14,"Bensin hybrid, ladbar",GjsnittKjorelengde,Gjennomsnittlig kjørelengde per kjøretøy (km),2005,2005,,.
00,Små godsbiler i alt,14,"Bensin hybrid, ladbar",GjsnittKjorelengde,Gjennomsnittlig kjørelengde per kjøretøy (km),2006,2006,,.
00,Små godsbiler i alt,14,"Bensin hybrid, ladbar",GjsnittKjorelengde,Gjennomsnittlig kjørelengde per kjøretøy (km),2007,2007,,.
00,Små godsbiler i alt,14,"Bensin hybrid, ladbar",GjsnittKjorelengde,Gjennomsnittlig kjørelengde per kjøretøy (km),2008,2008,,.
00,Små godsbiler i alt,14,"Bensin hybrid, ladbar",GjsnittKjorelengde,Gjennomsnittlig kjørelengde per kjøretøy (km),2009,2009,,.
00,Små godsbiler i alt,14,"Bensin hybrid, ladbar",GjsnittKjorelengde,Gjennomsnittlig kjørelengde per kjøretøy (km),2010,2010,,.
00,Små godsbiler i alt,14,"Bensin hybrid, ladbar",GjsnittKjorelengde,Gjennomsnittlig kjørelengde per kjøretøy (km),2011,2011,,.
00,Små godsbiler i alt,14,"Bensin hybrid, ladbar",GjsnittKjorelengde,Gjennomsnittlig kjørelengde per kjøretøy (km),2012,2012,,.
00,Små godsbiler i alt,14,"Bensin hybrid, ladbar",GjsnittKjorelengde,Gjennomsnittlig kjørelengde per kjøretøy (km),2013,2013,,.
00,Små godsbiler i alt,14,"Bensin hybrid, ladbar",GjsnittKjorelengde,Gjennomsnittlig kjørelengde per kjøretøy (km),2014,2014,,.
00,Små godsbiler i alt,14,"Bensin hybrid, ladbar",GjsnittKjorelengde,Gjennomsnittlig kjørelengde per kjøretøy (km),2015,2015,,.
00,Små godsbiler i alt,14,"Bensin hybrid, ladbar",GjsnittKjorelengde,Gjennomsnittlig kjørelengde per kjøretøy (km),2016,2016,,:
00,Små godsbiler i alt,14,"Bensin hybrid, ladbar",GjsnittKjorelengde,Gjennomsnittlig kjørelengde per kjøretøy (km),2017,2017,15711.0,
00,Små godsbiler i alt,14,"Bensin hybrid, ladbar",GjsnittKjorelengde,Gjennomsnittlig kjørelengde per kjøretøy (km),2018,2018,13646.0,
00,Små godsbiler i alt,14,"Bensin hybrid, ladbar",GjsnittKjorelengde,Gjennomsnittlig kjørelengde per kjøretøy (km),2019,2019,16074.0,
00,Små godsbiler i alt,14,"Bensin hybrid, ladbar",GjsnittKjorelengde,Gjennomsnittlig kjørelengde per kjøretøy (km),2020,2020,12208.0,
00,Små godsbiler i alt,14,"Bensin hybrid, ladbar",GjsnittKjorelengde,Gjennomsnittlig kjørelengde per kjøretøy (km),2021,2021,9117.0,
00,Små godsbiler i alt,14,"Bensin hybrid, ladbar",GjsnittKjorelengde,Gjennomsnittlig kjørelengde per kjøretøy (km),2022,2022,13185.0,
00,Små godsbiler i alt,14,"Bensin hybrid, ladbar",GjsnittKjorelengde,Gjennomsnittlig kjørelengde per kjøretøy (km),2023,2023,16721.0,
00,Små godsbiler i alt,14,"Bensin hybrid, ladbar",GjsnittKjorelengde,Gjennomsnittlig kjørelengde per kjøretøy (km),2024,2024,20163.0,
00,Små godsbiler i alt,14,"Bensin hybrid, ladbar",GjsnittKjorelengde,Gjennomsnittlig kjørelengde per kjøretøy (km),2025,2025,15242.0,
00,Små godsbiler i alt,15,"Bensin hybrid, ikke ladbar",Kjorelengde,Kjørelengde (mill. km),2005,2005,,.
00,Små godsbiler i alt,15,"Bensin hybrid, ikke ladbar",Kjorelengde,Kjørelengde (mill. km),2006,2006,,.
00,Små godsbiler i alt,15,"Bensin hybrid, ikke ladbar",Kjorelengde,Kjørelengde (mill. km),2007,2007,,.
00,Små godsbiler i alt,15,"Bensin hybrid, ikke ladbar",Kjorelengde,Kjørelengde (mill. km),2008,2008,,.
00,Små godsbiler i alt,15,"Bensin hybrid, ikke ladbar",Kjorelengde,Kjørelengde (mill. km),2009,2009,,.
00,Små godsbiler i alt,15,"Bensin hybrid, ikke ladbar",Kjorelengde,Kjørelengde (mill. km),2010,2010,,.
00,Små godsbiler i alt,15,"Bensin hybrid, ikke ladbar",Kjorelengde,Kjørelengde (mill. km),2011,2011,,.
00,Små godsbiler i alt,15,"Bensin hybrid, ikke ladbar",Kjorelengde,Kjørelengde (mill. km),2012,2012,,.
00,Små godsbiler i alt,15,"Bensin hybrid, ikke ladbar",Kjorelengde,Kjørelengde (mill. km),2013,2013,,.
00,Små godsbiler i alt,15,"Bensin hybrid, ikke ladbar",Kjorelengde,Kjørelengde (mill. km),2014,2014,,.
00,Små godsbiler i alt,15,"Bensin hybrid, ikke ladbar",Kjorelengde,Kjørelengde (mill. km),2015,2015,,.
00,Små godsbiler i alt,15,"Bensin hybrid, ikke ladbar",Kjorelengde,Kjørelengde (mill. km),2016,2016,0.7,
00,Små godsbiler i alt,15,"Bensin hybrid, ikke ladbar",Kjorelengde,Kjørelengde (mill. km),2017,2017,0.7,
00,Små godsbiler i alt,15,"Bensin hybrid, ikke ladbar",Kjorelengde,Kjørelengde (mill. km),2018,2018,0.7,
00,Små godsbiler i alt,15,"Bensin hybrid, ikke ladbar",Kjorelengde,Kjørelengde (mill. km),2019,2019,0.7,
00,Små godsbiler i alt,15,"Bensin hybrid, ikke ladbar",Kjorelengde,Kjørelengde (mill. km),2020,2020,0.0,
00,Små godsbiler i alt,15,"Bensin hybrid, ikke ladbar",Kjorelengde,Kjørelengde (mill. km),2021,2021,0.3,
00,Små godsbiler i alt,15,"Bensin hybrid, ikke ladbar",Kjorelengde,Kjørelengde (mill. km),2022,2022,0.6,
00,Små godsbiler i alt,15,"Bensin hybrid, ikke ladbar",Kjorelengde,Kjørelengde (mill. km),2023,2023,1.0,
00,Små godsbiler i alt,15,"Bensin hybrid, ikke ladbar",Kjorelengde,Kjørelengde (mill. km),2024,2024,1.2,
00,Små godsbiler i alt,15,"Bensin hybrid, ikke ladbar",Kjorelengde,Kjørelengde (mill. km),2025,2025,1.8,
00,Små godsbiler i alt,15,"Bensin hybrid, ikke ladbar",GjsnittKjorelengde,Gjennomsnittlig kjørelengde per kjøretøy (km),2005,2005,,.
00,Små godsbiler i alt,15,"Bensin hybrid, ikke ladbar",GjsnittKjorelengde,Gjennomsnittlig kjørelengde per kjøretøy (km),2006,2006,,.
00,Små godsbiler i alt,15,"Bensin hybrid, ikke ladbar",GjsnittKjorelengde,Gjennomsnittlig kjørelengde per kjøretøy (km),2007,2007,,.
00,Små godsbiler i alt,15,"Bensin hybrid, ikke ladbar",GjsnittKjorelengde,Gjennomsnittlig kjørelengde per kjøretøy (km),2008,2008,,.
00,Små godsbiler i alt,15,"Bensin hybrid, ikke ladbar",GjsnittKjorelengde,Gjennomsnittlig kjørelengde per kjøretøy (km),2009,2009,,.
00,Små godsbiler i alt,15,"Bensin hybrid, ikke ladbar",GjsnittKjorelengde,Gjennomsnittlig kjørelengde per kjøretøy (km),2010,2010,,.
00,Små godsbiler i alt,15,"Bensin hybrid, ikke ladbar",GjsnittKjorelengde,Gjennomsnittlig kjørelengde per kjøretøy (km),2011,2011,,.
00,Små godsbiler i alt,15,"Bensin hybrid, ikke ladbar",GjsnittKjorelengde,Gjennomsnittlig kjørelengde per kjøretøy (km),2012,2012,,.
00,Små godsbiler i alt,15,"Bensin hybrid, ikke ladbar",GjsnittKjorelengde,Gjennomsnittlig kjørelengde per kjøretøy (km),2013,2013,,.
00,Små godsbiler i alt,15,"Bensin hybrid, ikke ladbar",GjsnittKjorelengde,Gjennomsnittlig kjørelengde per kjøretøy (km),2014,2014,,.
00,Små godsbiler i alt,15,"Bensin hybrid, ikke ladbar",GjsnittKjorelengde,Gjennomsnittlig kjørelengde per kjøretøy (km),2015,2015,,.
00,Små godsbiler i alt,15,"Bensin hybrid, ikke ladbar",GjsnittKjorelengde,Gjennomsnittlig kjørelengde per kjøretøy (km),2016,2016,10477.0,
00,Små godsbiler i alt,15,"Bensin hybrid, ikke ladbar",GjsnittKjorelengde,Gjennomsnittlig kjørelengde per kjøretøy (km),2017,2017,10885.0,
00,Små godsbiler i alt,15,"Bensin hybrid, ikke ladbar",GjsnittKjorelengde,Gjennomsnittlig kjørelengde per kjøretøy (km),2018,2018,12009.0,
00,Små godsbiler i alt,15,"Bensin hybrid, ikke ladbar",GjsnittKjorelengde,Gjennomsnittlig kjørelengde per kjøretøy (km),2019,2019,11612.0,
00,Små godsbiler i alt,15,"Bensin hybrid, ikke ladbar",GjsnittKjorelengde,Gjennomsnittlig kjørelengde per kjøretøy (km),2020,2020,1931.0,
00,Små godsbiler i alt,15,"Bensin hybrid, ikke ladbar",GjsnittKjorelengde,Gjennomsnittlig kjørelengde per kjøretøy (km),2021,2021,11035.0,
00,Små godsbiler i alt,15,"Bensin hybrid, ikke ladbar",GjsnittKjorelengde,Gjennomsnittlig kjørelengde per kjøretøy (km),2022,2022,13598.0,
00,Små godsbiler i alt,15,"Bensin hybrid, ikke ladbar",GjsnittKjorelengde,Gjennomsnittlig kjørelengde per kjøretøy (km),2023,2023,15892.0,
00,Små godsbiler i alt,15,"Bensin hybrid, ikke ladbar",GjsnittKjorelengde,Gjennomsnittlig kjørelengde per kjøretøy (km),2024,2024,11417.0,
00,Små godsbiler i alt,15,"Bensin hybrid, ikke ladbar",GjsnittKjorelengde,Gjennomsnittlig kjørelengde per kjøretøy (km),2025,2025,11856.0,
00,Små godsbiler i alt,16,"Diesel hybrid, ladbar",Kjorelengde,Kjørelengde (mill. km),2005,2005,,.
00,Små godsbiler i alt,16,"Diesel hybrid, ladbar",Kjorelengde,Kjørelengde (mill. km),2006,2006,,.
00,Små godsbiler i alt,16,"Diesel hybrid, ladbar",Kjorelengde,Kjørelengde (mill. km),2007,2007,,.
00,Små godsbiler i alt,16,"Diesel hybrid, ladbar",Kjorelengde,Kjørelengde (mill. km),2008,2008,,.
00,Små godsbiler i alt,16,"Diesel hybrid, ladbar",Kjorelengde,Kjørelengde (mill. km),2009,2009,,.
00,Små godsbiler i alt,16,"Diesel hybrid, ladbar",Kjorelengde,Kjørelengde (mill. km),2010,2010,,.
00,Små godsbiler i alt,16,"Diesel hybrid, ladbar",Kjorelengde,Kjørelengde (mill. km),2011,2011,,.
00,Små godsbiler i alt,16,"Diesel hybrid, ladbar",Kjorelengde,Kjørelengde (mill. km),2012,2012,,.
00,Små godsbiler i alt,16,"Diesel hybrid, ladbar",Kjorelengde,Kjørelengde (mill. km),2013,2013,,.
00,Små godsbiler i alt,16,"Diesel hybrid, ladbar",Kjorelengde,Kjørelengde (mill. km),2014,2014,,.
00,Små godsbiler i alt,16,"Diesel hybrid, ladbar",Kjorelengde,Kjørelengde (mill. km),2015,2015,,.
00,Små godsbiler i alt,16,"Diesel hybrid, ladbar",Kjorelengde,Kjørelengde (mill. km),2016,2016,,:
00,Små godsbiler i alt,16,"Diesel hybrid, ladbar",Kjorelengde,Kjørelengde (mill. km),2017,2017,,:
00,Små godsbiler i alt,16,"Diesel hybrid, ladbar",Kjorelengde,Kjørelengde (mill. km),2018,2018,,:
00,Små godsbiler i alt,16,"Diesel hybrid, ladbar",Kjorelengde,Kjørelengde (mill. km),2019,2019,,:
00,Små godsbiler i alt,16,"Diesel hybrid, ladbar",Kjorelengde,Kjørelengde (mill. km),2020,2020,,:
00,Små godsbiler i alt,16,"Diesel hybrid, ladbar",Kjorelengde,Kjørelengde (mill. km),2021,2021,,:
00,Små godsbiler i alt,16,"Diesel hybrid, ladbar",Kjorelengde,Kjørelengde (mill. km),2022,2022,,:
00,Små godsbiler i alt,16,"Diesel hybrid, ladbar",Kjorelengde,Kjørelengde (mill. km),2023,2023,0.1,
00,Små godsbiler i alt,16,"Diesel hybrid, ladbar",Kjorelengde,Kjørelengde (mill. km),2024,2024,,:
00,Små godsbiler i alt,16,"Diesel hybrid, ladbar",Kjorelengde,Kjørelengde (mill. km),2025,2025,0.2,
00,Små godsbiler i alt,16,"Diesel hybrid, ladbar",GjsnittKjorelengde,Gjennomsnittlig kjørelengde per kjøretøy (km),2005,2005,,.
00,Små godsbiler i alt,16,"Diesel hybrid, ladbar",GjsnittKjorelengde,Gjennomsnittlig kjørelengde per kjøretøy (km),2006,2006,,.
00,Små godsbiler i alt,16,"Diesel hybrid, ladbar",GjsnittKjorelengde,Gjennomsnittlig kjørelengde per kjøretøy (km),2007,2007,,.
00,Små godsbiler i alt,16,"Diesel hybrid, ladbar",GjsnittKjorelengde,Gjennomsnittlig kjørelengde per kjøretøy (km),2008,2008,,.
00,Små godsbiler i alt,16,"Diesel hybrid, ladbar",GjsnittKjorelengde,Gjennomsnittlig kjørelengde per kjøretøy (km),2009,2009,,.
00,Små godsbiler i alt,16,"Diesel hybrid, ladbar",GjsnittKjorelengde,Gjennomsnittlig kjørelengde per kjøretøy (km),2010,2010,,.
00,Små godsbiler i alt,16,"Diesel hybrid, ladbar",GjsnittKjorelengde,Gjennomsnittlig kjørelengde per kjøretøy (km),2011,2011,,.
00,Små godsbiler i alt,16,"Diesel hybrid, ladbar",GjsnittKjorelengde,Gjennomsnittlig kjørelengde per kjøretøy (km),2012,2012,,.
00,Små godsbiler i alt,16,"Diesel hybrid, ladbar",GjsnittKjorelengde,Gjennomsnittlig kjørelengde per kjøretøy (km),2013,2013,,.
00,Små godsbiler i alt,16,"Diesel hybrid, ladbar",GjsnittKjorelengde,Gjennomsnittlig kjørelengde per kjøretøy (km),2014,2014,,.
00,Små godsbiler i alt,16,"Diesel hybrid, ladbar",GjsnittKjorelengde,Gjennomsnittlig kjørelengde per kjøretøy (km),2015,2015,,.
00,Små godsbiler i alt,16,"Diesel hybrid, ladbar",GjsnittKjorelengde,Gjennomsnittlig kjørelengde per kjøretøy (km),2016,2016,,:
00,Små godsbiler i alt,16,"Diesel hybrid, ladbar",GjsnittKjorelengde,Gjennomsnittlig kjørelengde per kjøretøy (km),2017,2017,,:
00,Små godsbiler i alt,16,"Diesel hybrid, ladbar",GjsnittKjorelengde,Gjennomsnittlig kjørelengde per kjøretøy (km),2018,2018,,:
00,Små godsbiler i alt,16,"Diesel hybrid, ladbar",GjsnittKjorelengde,Gjennomsnittlig kjørelengde per kjøretøy (km),2019,2019,,:
00,Små godsbiler i alt,16,"Diesel hybrid, ladbar",GjsnittKjorelengde,Gjennomsnittlig kjørelengde per kjøretøy (km),2020,2020,,:
00,Små godsbiler i alt,16,"Diesel hybrid, ladbar",GjsnittKjorelengde,Gjennomsnittlig kjørelengde per kjøretøy (km),2021,2021,,:
00,Små godsbiler i alt,16,"Diesel hybrid, ladbar",GjsnittKjorelengde,Gjennomsnittlig kjørelengde per kjøretøy (km),2022,2022,,:
00,Små godsbiler i alt,16,"Diesel hybrid, ladbar",GjsnittKjorelengde,Gjennomsnittlig kjørelengde per kjøretøy (km),2023,2023,17181.0,
00,Små godsbiler i alt,16,"Diesel hybrid, ladbar",GjsnittKjorelengde,Gjennomsnittlig kjørelengde per kjøretøy (km),2024,2024,,:
00,Små godsbiler i alt,16,"Diesel hybrid, ladbar",GjsnittKjorelengde,Gjennomsnittlig kjørelengde per kjøretøy (km),2025,2025,19190.0,
00,Små godsbiler i alt,17,"Diesel hybrid, ikke ladbar",Kjorelengde,Kjørelengde (mill. km),2005,2005,,.
00,Små godsbiler i alt,17,"Diesel hybrid, ikke ladbar",Kjorelengde,Kjørelengde (mill. km),2006,2006,,.
00,Små godsbiler i alt,17,"Diesel hybrid, ikke ladbar",Kjorelengde,Kjørelengde (mill. km),2007,2007,,.
00,Små godsbiler i alt,17,"Diesel hybrid, ikke ladbar",Kjorelengde,Kjørelengde (mill. km),2008,2008,,.
00,Små godsbiler i alt,17,"Diesel hybrid, ikke ladbar",Kjorelengde,Kjørelengde (mill. km),2009,2009,,.
00,Små godsbiler i alt,17,"Diesel hybrid, ikke ladbar",Kjorelengde,Kjørelengde (mill. km),2010,2010,,.
00,Små godsbiler i alt,17,"Diesel hybrid, ikke ladbar",Kjorelengde,Kjørelengde (mill. km),2011,2011,,.
00,Små godsbiler i alt,17,"Diesel hybrid, ikke ladbar",Kjorelengde,Kjørelengde (mill. km),2012,2012,,.
00,Små godsbiler i alt,17,"Diesel hybrid, ikke ladbar",Kjorelengde,Kjørelengde (mill. km),2013,2013,,.
00,Små godsbiler i alt,17,"Diesel hybrid, ikke ladbar",Kjorelengde,Kjørelengde (mill. km),2014,2014,,.
00,Små godsbiler i alt,17,"Diesel hybrid, ikke ladbar",Kjorelengde,Kjørelengde (mill. km),2015,2015,,.
00,Små godsbiler i alt,17,"Diesel hybrid, ikke ladbar",Kjorelengde,Kjørelengde (mill. km),2016,2016,0.0,
00,Små godsbiler i alt,17,"Diesel hybrid, ikke ladbar",Kjorelengde,Kjørelengde (mill. km),2017,2017,0.1,
00,Små godsbiler i alt,17,"Diesel hybrid, ikke ladbar",Kjorelengde,Kjørelengde (mill. km),2018,2018,0.1,
00,Små godsbiler i alt,17,"Diesel hybrid, ikke ladbar",Kjorelengde,Kjørelengde (mill. km),2019,2019,0.2,
00,Små godsbiler i alt,17,"Diesel hybrid, ikke ladbar",Kjorelengde,Kjørelengde (mill. km),2020,2020,1.3,
00,Små godsbiler i alt,17,"Diesel hybrid, ikke ladbar",Kjorelengde,Kjørelengde (mill. km),2021,2021,3.7,
00,Små godsbiler i alt,17,"Diesel hybrid, ikke ladbar",Kjorelengde,Kjørelengde (mill. km),2022,2022,7.5,
00,Små godsbiler i alt,17,"Diesel hybrid, ikke ladbar",Kjorelengde,Kjørelengde (mill. km),2023,2023,11.1,
00,Små godsbiler i alt,17,"Diesel hybrid, ikke ladbar",Kjorelengde,Kjørelengde (mill. km),2024,2024,12.9,
00,Små godsbiler i alt,17,"Diesel hybrid, ikke ladbar",Kjorelengde,Kjørelengde (mill. km),2025,2025,22.2,
00,Små godsbiler i alt,17,"Diesel hybrid, ikke ladbar",GjsnittKjorelengde,Gjennomsnittlig kjørelengde per kjøretøy (km),2005,2005,,.
00,Små godsbiler i alt,17,"Diesel hybrid, ikke ladbar",GjsnittKjorelengde,Gjennomsnittlig kjørelengde per kjøretøy (km),2006,2006,,.
00,Små godsbiler i alt,17,"Diesel hybrid, ikke ladbar",GjsnittKjorelengde,Gjennomsnittlig kjørelengde per kjøretøy (km),2007,2007,,.
00,Små godsbiler i alt,17,"Diesel hybrid, ikke ladbar",GjsnittKjorelengde,Gjennomsnittlig kjørelengde per kjøretøy (km),2008,2008,,.
00,Små godsbiler i alt,17,"Diesel hybrid, ikke ladbar",GjsnittKjorelengde,Gjennomsnittlig kjørelengde per kjøretøy (km),2009,2009,,.
00,Små godsbiler i alt,17,"Diesel hybrid, ikke ladbar",GjsnittKjorelengde,Gjennomsnittlig kjørelengde per kjøretøy (km),2010,2010,,.
00,Små godsbiler i alt,17,"Diesel hybrid, ikke ladbar",GjsnittKjorelengde,Gjennomsnittlig kjørelengde per kjøretøy (km),2011,2011,,.
00,Små godsbiler i alt,17,"Diesel hybrid, ikke ladbar",GjsnittKjorelengde,Gjennomsnittlig kjørelengde per kjøretøy (km),2012,2012,,.
00,Små godsbiler i alt,17,"Diesel hybrid, ikke ladbar",GjsnittKjorelengde,Gjennomsnittlig kjørelengde per kjøretøy (km),2013,2013,,.
00,Små godsbiler i alt,17,"Diesel hybrid, ikke ladbar",GjsnittKjorelengde,Gjennomsnittlig kjørelengde per kjøretøy (km),2014,2014,,.
00,Små godsbiler i alt,17,"Diesel hybrid, ikke ladbar",GjsnittKjorelengde,Gjennomsnittlig kjørelengde per kjøretøy (km),2015,2015,,.
00,Små godsbiler i alt,17,"Diesel hybrid, ikke ladbar",GjsnittKjorelengde,Gjennomsnittlig kjørelengde per kjøretøy (km),2016,2016,6258.0,
00,Små godsbiler i alt,17,"Diesel hybrid, ikke ladbar",GjsnittKjorelengde,Gjennomsnittlig kjørelengde per kjøretøy (km),2017,2017,12782.0,
00,Små godsbiler i alt,17,"Diesel hybrid, ikke ladbar",GjsnittKjorelengde,Gjennomsnittlig kjørelengde per kjøretøy (km),2018,2018,13193.0,
00,Små godsbiler i alt,17,"Diesel hybrid, ikke ladbar",GjsnittKjorelengde,Gjennomsnittlig kjørelengde per kjøretøy (km),2019,2019,6606.0,
00,Små godsbiler i alt,17,"Diesel hybrid, ikke ladbar",GjsnittKjorelengde,Gjennomsnittlig kjørelengde per kjøretøy (km),2020,2020,12059.0,
00,Små godsbiler i alt,17,"Diesel hybrid, ikke ladbar",GjsnittKjorelengde,Gjennomsnittlig kjørelengde per kjøretøy (km),2021,2021,11639.0,
00,Små godsbiler i alt,17,"Diesel hybrid, ikke ladbar",GjsnittKjorelengde,Gjennomsnittlig kjørelengde per kjøretøy (km),2022,2022,13787.0,
00,Små godsbiler i alt,17,"Diesel hybrid, ikke ladbar",GjsnittKjorelengde,Gjennomsnittlig kjørelengde per kjøretøy (km),2023,2023,16176.0,
00,Små godsbiler i alt,17,"Diesel hybrid, ikke ladbar",GjsnittKjorelengde,Gjennomsnittlig kjørelengde per kjøretøy (km),2024,2024,13758.0,
00,Små godsbiler i alt,17,"Diesel hybrid, ikke ladbar",GjsnittKjorelengde,Gjennomsnittlig kjørelengde per kjøretøy (km),2025,2025,13322.0,
00,Små godsbiler i alt,3,Parafin,Kjorelengde,Kjørelengde (mill. km),2005,2005,,.
00,Små godsbiler i alt,3,Parafin,Kjorelengde,Kjørelengde (mill. km),2006,2006,,.
00,Små godsbiler i alt,3,Parafin,Kjorelengde,Kjørelengde (mill. km),2007,2007,,.
00,Små godsbiler i alt,3,Parafin,Kjorelengde,Kjørelengde (mill. km),2008,2008,,.
00,Små godsbiler i alt,3,Parafin,Kjorelengde,Kjørelengde (mill. km),2009,2009,,.
00,Små godsbiler i alt,3,Parafin,Kjorelengde,Kjørelengde (mill. km),2010,2010,,.
00,Små godsbiler i alt,3,Parafin,Kjorelengde,Kjørelengde (mill. km),2011,2011,,.
00,Små godsbiler i alt,3,Parafin,Kjorelengde,Kjørelengde (mill. km),2012,2012,,.
00,Små godsbiler i alt,3,Parafin,Kjorelengde,Kjørelengde (mill. km),2013,2013,,.
00,Små godsbiler i alt,3,Parafin,Kjorelengde,Kjørelengde (mill. km),2014,2014,,.
00,Små godsbiler i alt,3,Parafin,Kjorelengde,Kjørelengde (mill. km),2015,2015,,.
00,Små godsbiler i alt,3,Parafin,Kjorelengde,Kjørelengde (mill. km),2016,2016,0.0,
00,Små godsbiler i alt,3,Parafin,Kjorelengde,Kjørelengde (mill. km),2017,2017,0.0,
00,Små godsbiler i alt,3,Parafin,Kjorelengde,Kjørelengde (mill. km),2018,2018,0.0,
00,Små godsbiler i alt,3,Parafin,Kjorelengde,Kjørelengde (mill. km),2019,2019,0.0,
00,Små godsbiler i alt,3,Parafin,Kjorelengde,Kjørelengde (mill. km),2020,2020,0.1,
00,Små godsbiler i alt,3,Parafin,Kjorelengde,Kjørelengde (mill. km),2021,2021,0.0,
00,Små godsbiler i alt,3,Parafin,Kjorelengde,Kjørelengde (mill. km),2022,2022,0.1,
00,Små godsbiler i alt,3,Parafin,Kjorelengde,Kjørelengde (mill. km),2023,2023,0.1,
00,Små godsbiler i alt,3,Parafin,Kjorelengde,Kjørelengde (mill. km),2024,2024,0.1,
00,Små godsbiler i alt,3,Parafin,Kjorelengde,Kjørelengde (mill. km),2025,2025,0.0,
00,Små godsbiler i alt,3,Parafin,GjsnittKjorelengde,Gjennomsnittlig kjørelengde per kjøretøy (km),2005,2005,,.
00,Små godsbiler i alt,3,Parafin,GjsnittKjorelengde,Gjennomsnittlig kjørelengde per kjøretøy (km),2006,2006,,.
00,Små godsbiler i alt,3,Parafin,GjsnittKjorelengde,Gjennomsnittlig kjørelengde per kjøretøy (km),2007,2007,,.
00,Små godsbiler i alt,3,Parafin,GjsnittKjorelengde,Gjennomsnittlig kjørelengde per kjøretøy (km),2008,2008,,.
00,Små godsbiler i alt,3,Parafin,GjsnittKjorelengde,Gjennomsnittlig kjørelengde per kjøretøy (km),2009,2009,,.
00,Små godsbiler i alt,3,Parafin,GjsnittKjorelengde,Gjennomsnittlig kjørelengde per kjøretøy (km),2010,2010,,.
00,Små godsbiler i alt,3,Parafin,GjsnittKjorelengde,Gjennomsnittlig kjørelengde per kjøretøy (km),2011,2011,,.
00,Små godsbiler i alt,3,Parafin,GjsnittKjorelengde,Gjennomsnittlig kjørelengde per kjøretøy (km),2012,2012,,.
00,Små godsbiler i alt,3,Parafin,GjsnittKjorelengde,Gjennomsnittlig kjørelengde per kjøretøy (km),2013,2013,,.
00,Små godsbiler i alt,3,Parafin,GjsnittKjorelengde,Gjennomsnittlig kjørelengde per kjøretøy (km),2014,2014,,.
00,Små godsbiler i alt,3,Parafin,GjsnittKjorelengde,Gjennomsnittlig kjørelengde per kjøretøy (km),2015,2015,,.
00,Små godsbiler i alt,3,Parafin,GjsnittKjorelengde,Gjennomsnittlig kjørelengde per kjøretøy (km),2016,2016,8766.0,
00,Små godsbiler i alt,3,Parafin,GjsnittKjorelengde,Gjennomsnittlig kjørelengde per kjøretøy (km),2017,2017,7333.0,
00,Små godsbiler i alt,3,Parafin,GjsnittKjorelengde,Gjennomsnittlig kjørelengde per kjøretøy (km),2018,2018,5245.0,
00,Små godsbiler i alt,3,Parafin,GjsnittKjorelengde,Gjennomsnittlig kjørelengde per kjøretøy (km),2019,2019,4409.0,
00,Små godsbiler i alt,3,Parafin,GjsnittKjorelengde,Gjennomsnittlig kjørelengde per kjøretøy (km),2020,2020,14594.0,
00,Små godsbiler i alt,3,Parafin,GjsnittKjorelengde,Gjennomsnittlig kjørelengde per kjøretøy (km),2021,2021,12288.0,
00,Små godsbiler i alt,3,Parafin,GjsnittKjorelengde,Gjennomsnittlig kjørelengde per kjøretøy (km),2022,2022,17664.0,
00,Små godsbiler i alt,3,Parafin,GjsnittKjorelengde,Gjennomsnittlig kjørelengde per kjøretøy (km),2023,2023,23399.0,
00,Små godsbiler i alt,3,Parafin,GjsnittKjorelengde,Gjennomsnittlig kjørelengde per kjøretøy (km),2024,2024,22932.0,
00,Små godsbiler i alt,3,Parafin,GjsnittKjorelengde,Gjennomsnittlig kjørelengde per kjøretøy (km),2025,2025,2247.0,
00,Små godsbiler i alt,4,Gass,Kjorelengde,Kjørelengde (mill. km),2005,2005,,.
00,Små godsbiler i alt,4,Gass,Kjorelengde,Kjørelengde (mill. km),2006,2006,,.
00,Små godsbiler i alt,4,Gass,Kjorelengde,Kjørelengde (mill. km),2007,2007,,.
00,Små godsbiler i alt,4,Gass,Kjorelengde,Kjørelengde (mill. km),2008,2008,,.
00,Små godsbiler i alt,4,Gass,Kjorelengde,Kjørelengde (mill. km),2009,2009,,.
00,Små godsbiler i alt,4,Gass,Kjorelengde,Kjørelengde (mill. km),2010,2010,,.
00,Små godsbiler i alt,4,Gass,Kjorelengde,Kjørelengde (mill. km),2011,2011,,.
00,Små godsbiler i alt,4,Gass,Kjorelengde,Kjørelengde (mill. km),2012,2012,,.
00,Små godsbiler i alt,4,Gass,Kjorelengde,Kjørelengde (mill. km),2013,2013,,.
00,Små godsbiler i alt,4,Gass,Kjorelengde,Kjørelengde (mill. km),2014,2014,,.
00,Små godsbiler i alt,4,Gass,Kjorelengde,Kjørelengde (mill. km),2015,2015,,.
00,Små godsbiler i alt,4,Gass,Kjorelengde,Kjørelengde (mill. km),2016,2016,4.2,
00,Små godsbiler i alt,4,Gass,Kjorelengde,Kjørelengde (mill. km),2017,2017,5.9,
00,Små godsbiler i alt,4,Gass,Kjorelengde,Kjørelengde (mill. km),2018,2018,5.9,
00,Små godsbiler i alt,4,Gass,Kjorelengde,Kjørelengde (mill. km),2019,2019,5.7,
00,Små godsbiler i alt,4,Gass,Kjorelengde,Kjørelengde (mill. km),2020,2020,5.7,
00,Små godsbiler i alt,4,Gass,Kjorelengde,Kjørelengde (mill. km),2021,2021,5.7,
00,Små godsbiler i alt,4,Gass,Kjorelengde,Kjørelengde (mill. km),2022,2022,5.2,
00,Små godsbiler i alt,4,Gass,Kjorelengde,Kjørelengde (mill. km),2023,2023,5.2,
00,Små godsbiler i alt,4,Gass,Kjorelengde,Kjørelengde (mill. km),2024,2024,5.6,
00,Små godsbiler i alt,4,Gass,Kjorelengde,Kjørelengde (mill. km),2025,2025,5.9,
00,Små godsbiler i alt,4,Gass,GjsnittKjorelengde,Gjennomsnittlig kjørelengde per kjøretøy (km),2005,2005,,.
00,Små godsbiler i alt,4,Gass,GjsnittKjorelengde,Gjennomsnittlig kjørelengde per kjøretøy (km),2006,2006,,.
00,Små godsbiler i alt,4,Gass,GjsnittKjorelengde,Gjennomsnittlig kjørelengde per kjøretøy (km),2007,2007,,.
00,Små godsbiler i alt,4,Gass,GjsnittKjorelengde,Gjennomsnittlig kjørelengde per kjøretøy (km),2008,2008,,.
00,Små godsbiler i alt,4,Gass,GjsnittKjorelengde,Gjennomsnittlig kjørelengde per kjøretøy (km),2009,2009,,.
00,Små godsbiler i alt,4,Gass,GjsnittKjorelengde,Gjennomsnittlig kjørelengde per kjøretøy (km),2010,2010,,.
00,Små godsbiler i alt,4,Gass,GjsnittKjorelengde,Gjennomsnittlig kjørelengde per kjøretøy (km),2011,2011,,.
00,Små godsbiler i alt,4,Gass,GjsnittKjorelengde,Gjennomsnittlig kjørelengde per kjøretøy (km),2012,2012,,.
00,Små godsbiler i alt,4,Gass,GjsnittKjorelengde,Gjennomsnittlig kjørelengde per kjøretøy (km),2013,2013,,.
00,Små godsbiler i alt,4,Gass,GjsnittKjorelengde,Gjennomsnittlig kjørelengde per kjøretøy (km),2014,2014,,.
00,Små godsbiler i alt,4,Gass,GjsnittKjorelengde,Gjennomsnittlig kjørelengde per kjøretøy (km),2015,2015,,.
00,Små godsbiler i alt,4,Gass,GjsnittKjorelengde,Gjennomsnittlig kjørelengde per kjøretøy (km),2016,2016,10133.0,
00,Små godsbiler i alt,4,Gass,GjsnittKjorelengde,Gjennomsnittlig kjørelengde per kjøretøy (km),2017,2017,12865.0,
00,Små godsbiler i alt,4,Gass,GjsnittKjorelengde,Gjennomsnittlig kjørelengde per kjøretøy (km),2018,2018,11967.0,
00,Små godsbiler i alt,4,Gass,GjsnittKjorelengde,Gjennomsnittlig kjørelengde per kjøretøy (km),2019,2019,11249.0,
00,Små godsbiler i alt,4,Gass,GjsnittKjorelengde,Gjennomsnittlig kjørelengde per kjøretøy (km),2020,2020,10580.0,
00,Små godsbiler i alt,4,Gass,GjsnittKjorelengde,Gjennomsnittlig kjørelengde per kjøretøy (km),2021,2021,10706.0,
00,Små godsbiler i alt,4,Gass,GjsnittKjorelengde,Gjennomsnittlig kjørelengde per kjøretøy (km),2022,2022,9749.0,
00,Små godsbiler i alt,4,Gass,GjsnittKjorelengde,Gjennomsnittlig kjørelengde per kjøretøy (km),2023,2023,10452.0,
00,Små godsbiler i alt,4,Gass,GjsnittKjorelengde,Gjennomsnittlig kjørelengde per kjøretøy (km),2024,2024,10949.0,
00,Små godsbiler i alt,4,Gass,GjsnittKjorelengde,Gjennomsnittlig kjørelengde per kjøretøy (km),2025,2025,11989.0,
00,Små godsbiler i alt,13,Hydrogen,Kjorelengde,Kjørelengde (mill. km),2005,2005,,.
00,Små godsbiler i alt,13,Hydrogen,Kjorelengde,Kjørelengde (mill. km),2006,2006,,.
00,Små godsbiler i alt,13,Hydrogen,Kjorelengde,Kjørelengde (mill. km),2007,2007,,.
00,Små godsbiler i alt,13,Hydrogen,Kjorelengde,Kjørelengde (mill. km),2008,2008,,.
00,Små godsbiler i alt,13,Hydrogen,Kjorelengde,Kjørelengde (mill. km),2009,2009,,.
00,Små godsbiler i alt,13,Hydrogen,Kjorelengde,Kjørelengde (mill. km),2010,2010,,.
00,Små godsbiler i alt,13,Hydrogen,Kjorelengde,Kjørelengde (mill. km),2011,2011,,.
00,Små godsbiler i alt,13,Hydrogen,Kjorelengde,Kjørelengde (mill. km),2012,2012,,.
00,Små godsbiler i alt,13,Hydrogen,Kjorelengde,Kjørelengde (mill. km),2013,2013,,.
00,Små godsbiler i alt,13,Hydrogen,Kjorelengde,Kjørelengde (mill. km),2014,2014,,.
00,Små godsbiler i alt,13,Hydrogen,Kjorelengde,Kjørelengde (mill. km),2015,2015,,.
00,Små godsbiler i alt,13,Hydrogen,Kjorelengde,Kjørelengde (mill. km),2016,2016,,.
00,Små godsbiler i alt,13,Hydrogen,Kjorelengde,Kjørelengde (mill. km),2017,2017,,:
00,Små godsbiler i alt,13,Hydrogen,Kjorelengde,Kjørelengde (mill. km),2018,2018,,:
00,Små godsbiler i alt,13,Hydrogen,Kjorelengde,Kjørelengde (mill. km),2019,2019,,:
00,Små godsbiler i alt,13,Hydrogen,Kjorelengde,Kjørelengde (mill. km),2020,2020,,:
00,Små godsbiler i alt,13,Hydrogen,Kjorelengde,Kjørelengde (mill. km),2021,2021,,:
00,Små godsbiler i alt,13,Hydrogen,Kjorelengde,Kjørelengde (mill. km),2022,2022,,:
00,Små godsbiler i alt,13,Hydrogen,Kjorelengde,Kjørelengde (mill. km),2023,2023,,:
00,Små godsbiler i alt,13,Hydrogen,Kjorelengde,Kjørelengde (mill. km),2024,2024,,:
00,Små godsbiler i alt,13,Hydrogen,Kjorelengde,Kjørelengde (mill. km),2025,2025,0.0,
00,Små godsbiler i alt,13,Hydrogen,GjsnittKjorelengde,Gjennomsnittlig kjørelengde per kjøretøy (km),2005,2005,,.
00,Små godsbiler i alt,13,Hydrogen,GjsnittKjorelengde,Gjennomsnittlig kjørelengde per kjøretøy (km),2006,2006,,.
00,Små godsbiler i alt,13,Hydrogen,GjsnittKjorelengde,Gjennomsnittlig kjørelengde per kjøretøy (km),2007,2007,,.
00,Små godsbiler i alt,13,Hydrogen,GjsnittKjorelengde,Gjennomsnittlig kjørelengde per kjøretøy (km),2008,2008,,.
00,Små godsbiler i alt,13,Hydrogen,GjsnittKjorelengde,Gjennomsnittlig kjørelengde per kjøretøy (km),2009,2009,,.
00,Små godsbiler i alt,13,Hydrogen,GjsnittKjorelengde,Gjennomsnittlig kjørelengde per kjøretøy (km),2010,2010,,.
00,Små godsbiler i alt,13,Hydrogen,GjsnittKjorelengde,Gjennomsnittlig kjørelengde per kjøretøy (km),2011,2011,,.
00,Små godsbiler i alt,13,Hydrogen,GjsnittKjorelengde,Gjennomsnittlig kjørelengde per kjøretøy (km),2012,2012,,.
00,Små godsbiler i alt,13,Hydrogen,GjsnittKjorelengde,Gjennomsnittlig kjørelengde per kjøretøy (km),2013,2013,,.
00,Små godsbiler i alt,13,Hydrogen,GjsnittKjorelengde,Gjennomsnittlig kjørelengde per kjøretøy (km),2014,2014,,.
00,Små godsbiler i alt,13,Hydrogen,GjsnittKjorelengde,Gjennomsnittlig kjørelengde per kjøretøy (km),2015,2015,,.
00,Små godsbiler i alt,13,Hydrogen,GjsnittKjorelengde,Gjennomsnittlig kjørelengde per kjøretøy (km),2016,2016,,.
00,Små godsbiler i alt,13,Hydrogen,GjsnittKjorelengde,Gjennomsnittlig kjørelengde per kjøretøy (km),2017,2017,,:
00,Små godsbiler i alt,13,Hydrogen,GjsnittKjorelengde,Gjennomsnittlig kjørelengde per kjøretøy (km),2018,2018,,:
00,Små godsbiler i alt,13,Hydrogen,GjsnittKjorelengde,Gjennomsnittlig kjørelengde per kjøretøy (km),2019,2019,,:
00,Små godsbiler i alt,13,Hydrogen,GjsnittKjorelengde,Gjennomsnittlig kjørelengde per kjøretøy (km),2020,2020,,:
00,Små godsbiler i alt,13,Hydrogen,GjsnittKjorelengde,Gjennomsnittlig kjørelengde per kjøretøy (km),2021,2021,,:
00,Små godsbiler i alt,13,Hydrogen,GjsnittKjorelengde,Gjennomsnittlig kjørelengde per kjøretøy (km),2022,2022,,:
00,Små godsbiler i alt,13,Hydrogen,GjsnittKjorelengde,Gjennomsnittlig kjørelengde per kjøretøy (km),2023,2023,,:
00,Små godsbiler i alt,13,Hydrogen,GjsnittKjorelengde,Gjennomsnittlig kjørelengde per kjøretøy (km),2024,2024,,:
00,Små godsbiler i alt,13,Hydrogen,GjsnittKjorelengde,Gjennomsnittlig kjørelengde per kjøretøy (km),2025,2025,4950.0,
00,Små godsbiler i alt,7,Andre drivstoff,Kjorelengde,Kjørelengde (mill. km),2005,2005,0.3,
00,Små godsbiler i alt,7,Andre drivstoff,Kjorelengde,Kjørelengde (mill. km),2006,2006,0.6,
00,Små godsbiler i alt,7,Andre drivstoff,Kjorelengde,Kjørelengde (mill. km),2007,2007,1.2,
00,Små godsbiler i alt,7,Andre drivstoff,Kjorelengde,Kjørelengde (mill. km),2008,2008,1.8,
00,Små godsbiler i alt,7,Andre drivstoff,Kjorelengde,Kjørelengde (mill. km),2009,2009,2.5,
00,Små godsbiler i alt,7,Andre drivstoff,Kjorelengde,Kjørelengde (mill. km),2010,2010,2.9,
00,Små godsbiler i alt,7,Andre drivstoff,Kjorelengde,Kjørelengde (mill. km),2011,2011,3.5,
00,Små godsbiler i alt,7,Andre drivstoff,Kjorelengde,Kjørelengde (mill. km),2012,2012,4.2,
00,Små godsbiler i alt,7,Andre drivstoff,Kjorelengde,Kjørelengde (mill. km),2013,2013,5.0,
00,Små godsbiler i alt,7,Andre drivstoff,Kjorelengde,Kjørelengde (mill. km),2014,2014,6.2,
00,Små godsbiler i alt,7,Andre drivstoff,Kjorelengde,Kjørelengde (mill. km),2015,2015,4.6,
00,Små godsbiler i alt,7,Andre drivstoff,Kjorelengde,Kjørelengde (mill. km),2016,2016,,:
00,Små godsbiler i alt,7,Andre drivstoff,Kjorelengde,Kjørelengde (mill. km),2017,2017,,:
00,Små godsbiler i alt,7,Andre drivstoff,Kjorelengde,Kjørelengde (mill. km),2018,2018,,:
00,Små godsbiler i alt,7,Andre drivstoff,Kjorelengde,Kjørelengde (mill. km),2019,2019,,:
00,Små godsbiler i alt,7,Andre drivstoff,Kjorelengde,Kjørelengde (mill. km),2020,2020,0.3,
00,Små godsbiler i alt,7,Andre drivstoff,Kjorelengde,Kjørelengde (mill. km),2021,2021,0.3,
00,Små godsbiler i alt,7,Andre drivstoff,Kjorelengde,Kjørelengde (mill. km),2022,2022,0.2,
00,Små godsbiler i alt,7,Andre drivstoff,Kjorelengde,Kjørelengde (mill. km),2023,2023,,:
00,Små godsbiler i alt,7,Andre drivstoff,Kjorelengde,Kjørelengde (mill. km),2024,2024,23.4,
00,Små godsbiler i alt,7,Andre drivstoff,Kjorelengde,Kjørelengde (mill. km),2025,2025,34.3,
00,Små godsbiler i alt,7,Andre drivstoff,GjsnittKjorelengde,Gjennomsnittlig kjørelengde per kjøretøy (km),2005,2005,9427.0,
00,Små godsbiler i alt,7,Andre drivstoff,GjsnittKjorelengde,Gjennomsnittlig kjørelengde per kjøretøy (km),2006,2006,13084.0,
00,Små godsbiler i alt,7,Andre drivstoff,GjsnittKjorelengde,Gjennomsnittlig kjørelengde per kjøretøy (km),2007,2007,15514.0,
00,Små godsbiler i alt,7,Andre drivstoff,GjsnittKjorelengde,Gjennomsnittlig kjørelengde per kjøretøy (km),2008,2008,17117.0,
00,Små godsbiler i alt,7,Andre drivstoff,GjsnittKjorelengde,Gjennomsnittlig kjørelengde per kjøretøy (km),2009,2009,16947.0,
00,Små godsbiler i alt,7,Andre drivstoff,GjsnittKjorelengde,Gjennomsnittlig kjørelengde per kjøretøy (km),2010,2010,13439.0,
00,Små godsbiler i alt,7,Andre drivstoff,GjsnittKjorelengde,Gjennomsnittlig kjørelengde per kjøretøy (km),2011,2011,13333.0,
00,Små godsbiler i alt,7,Andre drivstoff,GjsnittKjorelengde,Gjennomsnittlig kjørelengde per kjøretøy (km),2012,2012,11905.0,
00,Små godsbiler i alt,7,Andre drivstoff,GjsnittKjorelengde,Gjennomsnittlig kjørelengde per kjøretøy (km),2013,2013,12967.0,
00,Små godsbiler i alt,7,Andre drivstoff,GjsnittKjorelengde,Gjennomsnittlig kjørelengde per kjøretøy (km),2014,2014,15415.0,
00,Små godsbiler i alt,7,Andre drivstoff,GjsnittKjorelengde,Gjennomsnittlig kjørelengde per kjøretøy (km),2015,2015,11142.0,
00,Små godsbiler i alt,7,Andre drivstoff,GjsnittKjorelengde,Gjennomsnittlig kjørelengde per kjøretøy (km),2016,2016,,:
00,Små godsbiler i alt,7,Andre drivstoff,GjsnittKjorelengde,Gjennomsnittlig kjørelengde per kjøretøy (km),2017,2017,,:
00,Små godsbiler i alt,7,Andre drivstoff,GjsnittKjorelengde,Gjennomsnittlig kjørelengde per kjøretøy (km),2018,2018,,:
00,Små godsbiler i alt,7,Andre drivstoff,GjsnittKjorelengde,Gjennomsnittlig kjørelengde per kjøretøy (km),2019,2019,,:
00,Små godsbiler i alt,7,Andre drivstoff,GjsnittKjorelengde,Gjennomsnittlig kjørelengde per kjøretøy (km),2020,2020,14126.0,
00,Små godsbiler i alt,7,Andre drivstoff,GjsnittKjorelengde,Gjennomsnittlig kjørelengde per kjøretøy (km),2021,2021,10644.0,
00,Små godsbiler i alt,7,Andre drivstoff,GjsnittKjorelengde,Gjennomsnittlig kjørelengde per kjøretøy (km),2022,2022,11414.0,
00,Små godsbiler i alt,7,Andre drivstoff,GjsnittKjorelengde,Gjennomsnittlig kjørelengde per kjøretøy (km),2023,2023,,:
00,Små godsbiler i alt,7,Andre drivstoff,GjsnittKjorelengde,Gjennomsnittlig kjørelengde per kjøretøy (km),2024,2024,17187.0,
00,Små godsbiler i alt,7,Andre drivstoff,GjsnittKjorelengde,Gjennomsnittlig kjørelengde per kjøretøy (km),2025,2025,25187.0,
15,Personbiler i alt,0,Alle typer drivstoff,Kjorelengde,Kjørelengde (mill. km),2005,2005,28708.4,
15,Personbiler i alt,0,Alle typer drivstoff,Kjorelengde,Kjørelengde (mill. km),2006,2006,29879.9,
15,Personbiler i alt,0,Alle typer drivstoff,Kjorelengde,Kjørelengde (mill. km),2007,2007,32247.2,
15,Personbiler i alt,0,Alle typer drivstoff,Kjorelengde,Kjørelengde (mill. km),2008,2008,32713.7,
15,Personbiler i alt,0,Alle typer drivstoff,Kjorelengde,Kjørelengde (mill. km),2009,2009,32631.1,
15,Personbiler i alt,0,Alle typer drivstoff,Kjorelengde,Kjørelengde (mill. km),2010,2010,32737.3,
15,Personbiler i alt,0,Alle typer drivstoff,Kjorelengde,Kjørelengde (mill. km),2011,2011,33032.0,
15,Personbiler i alt,0,Alle typer drivstoff,Kjorelengde,Kjørelengde (mill. km),2012,2012,33876.2,
15,Personbiler i alt,0,Alle typer drivstoff,Kjorelengde,Kjørelengde (mill. km),2013,2013,33930.5,
15,Personbiler i alt,0,Alle typer drivstoff,Kjorelengde,Kjørelengde (mill. km),2014,2014,33841.1,
15,Personbiler i alt,0,Alle typer drivstoff,Kjorelengde,Kjørelengde (mill. km),2015,2015,34324.1,
15,Personbiler i alt,0,Alle typer drivstoff,Kjorelengde,Kjørelengde (mill. km),2016,2016,34848.5,
15,Personbiler i alt,0,Alle typer drivstoff,Kjorelengde,Kjørelengde (mill. km),2017,2017,35406.6,
15,Personbiler i alt,0,Alle typer drivstoff,Kjorelengde,Kjørelengde (mill. km),2018,2018,35988.2,
15,Personbiler i alt,0,Alle typer drivstoff,Kjorelengde,Kjørelengde (mill. km),2019,2019,35504.3,
15,Personbiler i alt,0,Alle typer drivstoff,Kjorelengde,Kjørelengde (mill. km),2020,2020,33872.7,
15,Personbiler i alt,0,Alle typer drivstoff,Kjorelengde,Kjørelengde (mill. km),2021,2021,35097.6,
15,Personbiler i alt,0,Alle typer drivstoff,Kjorelengde,Kjørelengde (mill. km),2022,2022,35310.2,
15,Personbiler i alt,0,Alle typer drivstoff,Kjorelengde,Kjørelengde (mill. km),2023,2023,35675.7,
15,Personbiler i alt,0,Alle typer drivstoff,Kjorelengde,Kjørelengde (mill. km),2024,2024,35442.9,
15,Personbiler i alt,0,Alle typer drivstoff,Kjorelengde,Kjørelengde (mill. km),2025,2025,36091.1,
15,Personbiler i alt,0,Alle typer drivstoff,GjsnittKjorelengde,Gjennomsnittlig kjørelengde per kjøretøy (km),2005,2005,13108.0,
15,Personbiler i alt,0,Alle typer drivstoff,GjsnittKjorelengde,Gjennomsnittlig kjørelengde per kjøretøy (km),2006,2006,13306.0,
15,Personbiler i alt,0,Alle typer drivstoff,GjsnittKjorelengde,Gjennomsnittlig kjørelengde per kjøretøy (km),2007,2007,13916.0,
15,Personbiler i alt,0,Alle typer drivstoff,GjsnittKjorelengde,Gjennomsnittlig kjørelengde per kjøretøy (km),2008,2008,13835.0,
15,Personbiler i alt,0,Alle typer drivstoff,GjsnittKjorelengde,Gjennomsnittlig kjørelengde per kjøretøy (km),2009,2009,13606.0,
15,Personbiler i alt,0,Alle typer drivstoff,GjsnittKjorelengde,Gjennomsnittlig kjørelengde per kjøretøy (km),2010,2010,13257.0,
15,Personbiler i alt,0,Alle typer drivstoff,GjsnittKjorelengde,Gjennomsnittlig kjørelengde per kjøretøy (km),2011,2011,12985.0,
15,Personbiler i alt,0,Alle typer drivstoff,GjsnittKjorelengde,Gjennomsnittlig kjørelengde per kjøretøy (km),2012,2012,12969.0,
15,Personbiler i alt,0,Alle typer drivstoff,GjsnittKjorelengde,Gjennomsnittlig kjørelengde per kjøretøy (km),2013,2013,12670.0,
15,Personbiler i alt,0,Alle typer drivstoff,GjsnittKjorelengde,Gjennomsnittlig kjørelengde per kjøretøy (km),2014,2014,12411.0,
15,Personbiler i alt,0,Alle typer drivstoff,GjsnittKjorelengde,Gjennomsnittlig kjørelengde per kjøretøy (km),2015,2015,12347.0,
15,Personbiler i alt,0,Alle typer drivstoff,GjsnittKjorelengde,Gjennomsnittlig kjørelengde per kjøretøy (km),2016,2016,12204.0,
15,Personbiler i alt,0,Alle typer drivstoff,GjsnittKjorelengde,Gjennomsnittlig kjørelengde per kjøretøy (km),2017,2017,12148.0,
15,Personbiler i alt,0,Alle typer drivstoff,GjsnittKjorelengde,Gjennomsnittlig kjørelengde per kjøretøy (km),2018,2018,12139.0,
15,Personbiler i alt,0,Alle typer drivstoff,GjsnittKjorelengde,Gjennomsnittlig kjørelengde per kjøretøy (km),2019,2019,11883.0,
15,Personbiler i alt,0,Alle typer drivstoff,GjsnittKjorelengde,Gjennomsnittlig kjørelengde per kjøretøy (km),2020,2020,11152.0,
15,Personbiler i alt,0,Alle typer drivstoff,GjsnittKjorelengde,Gjennomsnittlig kjørelengde per kjøretøy (km),2021,2021,11288.0,
15,Personbiler i alt,0,Alle typer drivstoff,GjsnittKjorelengde,Gjennomsnittlig kjørelengde per kjøretøy (km),2022,2022,11097.0,
15,Personbiler i alt,0,Alle typer drivstoff,GjsnittKjorelengde,Gjennomsnittlig kjørelengde per kjøretøy (km),2023,2023,11274.0,
15,Personbiler i alt,0,Alle typer drivstoff,GjsnittKjorelengde,Gjennomsnittlig kjørelengde per kjøretøy (km),2024,2024,11215.0,
15,Personbiler i alt,0,Alle typer drivstoff,GjsnittKjorelengde,Gjennomsnittlig kjørelengde per kjøretøy (km),2025,2025,11350.0,
15,Personbiler i alt,1,Bensin,Kjorelengde,Kjørelengde (mill. km),2005,2005,22487.1,
15,Personbiler i alt,1,Bensin,Kjorelengde,Kjørelengde (mill. km),2006,2006,22051.5,
15,Personbiler i alt,1,Bensin,Kjorelengde,Kjørelengde (mill. km),2007,2007,21643.8,
15,Personbiler i alt,1,Bensin,Kjorelengde,Kjørelengde (mill. km),2008,2008,20355.3,
15,Personbiler i alt,1,Bensin,Kjorelengde,Kjørelengde (mill. km),2009,2009,19094.9,
15,Personbiler i alt,1,Bensin,Kjorelengde,Kjørelengde (mill. km),2010,2010,17906.9,
15,Personbiler i alt,1,Bensin,Kjorelengde,Kjørelengde (mill. km),2011,2011,16776.7,
15,Personbiler i alt,1,Bensin,Kjorelengde,Kjørelengde (mill. km),2012,2012,15799.0,
15,Personbiler i alt,1,Bensin,Kjorelengde,Kjørelengde (mill. km),2013,2013,14922.5,
15,Personbiler i alt,1,Bensin,Kjorelengde,Kjørelengde (mill. km),2014,2014,14048.1,
15,Personbiler i alt,1,Bensin,Kjorelengde,Kjørelengde (mill. km),2015,2015,13416.1,
15,Personbiler i alt,1,Bensin,Kjorelengde,Kjørelengde (mill. km),2016,2016,12172.2,
15,Personbiler i alt,1,Bensin,Kjorelengde,Kjørelengde (mill. km),2017,2017,11498.7,
15,Personbiler i alt,1,Bensin,Kjorelengde,Kjørelengde (mill. km),2018,2018,10721.0,
15,Personbiler i alt,1,Bensin,Kjorelengde,Kjørelengde (mill. km),2019,2019,9802.8,
15,Personbiler i alt,1,Bensin,Kjorelengde,Kjørelengde (mill. km),2020,2020,8605.5,
15,Personbiler i alt,1,Bensin,Kjorelengde,Kjørelengde (mill. km),2021,2021,7995.0,
15,Personbiler i alt,1,Bensin,Kjorelengde,Kjørelengde (mill. km),2022,2022,7174.3,
15,Personbiler i alt,1,Bensin,Kjorelengde,Kjørelengde (mill. km),2023,2023,6474.7,
15,Personbiler i alt,1,Bensin,Kjorelengde,Kjørelengde (mill. km),2024,2024,5943.4,
15,Personbiler i alt,1,Bensin,Kjorelengde,Kjørelengde (mill. km),2025,2025,5457.2,
15,Personbiler i alt,1,Bensin,GjsnittKjorelengde,Gjennomsnittlig kjørelengde per kjøretøy (km),2005,2005,12196.0,
15,Personbiler i alt,1,Bensin,GjsnittKjorelengde,Gjennomsnittlig kjørelengde per kjøretøy (km),2006,2006,12113.0,
15,Personbiler i alt,1,Bensin,GjsnittKjorelengde,Gjennomsnittlig kjørelengde per kjøretøy (km),2007,2007,12249.0,
15,Personbiler i alt,1,Bensin,GjsnittKjorelengde,Gjennomsnittlig kjørelengde per kjøretøy (km),2008,2008,11878.0,
15,Personbiler i alt,1,Bensin,GjsnittKjorelengde,Gjennomsnittlig kjørelengde per kjøretøy (km),2009,2009,11517.0,
15,Personbiler i alt,1,Bensin,GjsnittKjorelengde,Gjennomsnittlig kjørelengde per kjøretøy (km),2010,2010,11106.0,
15,Personbiler i alt,1,Bensin,GjsnittKjorelengde,Gjennomsnittlig kjørelengde per kjøretøy (km),2011,2011,10729.0,
15,Personbiler i alt,1,Bensin,GjsnittKjorelengde,Gjennomsnittlig kjørelengde per kjøretøy (km),2012,2012,10365.0,
15,Personbiler i alt,1,Bensin,GjsnittKjorelengde,Gjennomsnittlig kjørelengde per kjøretøy (km),2013,2013,9990.0,
15,Personbiler i alt,1,Bensin,GjsnittKjorelengde,Gjennomsnittlig kjørelengde per kjøretøy (km),2014,2014,9695.0,
15,Personbiler i alt,1,Bensin,GjsnittKjorelengde,Gjennomsnittlig kjørelengde per kjøretøy (km),2015,2015,9502.0,
15,Personbiler i alt,1,Bensin,GjsnittKjorelengde,Gjennomsnittlig kjørelengde per kjøretøy (km),2016,2016,9309.0,
15,Personbiler i alt,1,Bensin,GjsnittKjorelengde,Gjennomsnittlig kjørelengde per kjøretøy (km),2017,2017,9210.0,
15,Personbiler i alt,1,Bensin,GjsnittKjorelengde,Gjennomsnittlig kjørelengde per kjøretøy (km),2018,2018,9034.0,
15,Personbiler i alt,1,Bensin,GjsnittKjorelengde,Gjennomsnittlig kjørelengde per kjøretøy (km),2019,2019,8809.0,
15,Personbiler i alt,1,Bensin,GjsnittKjorelengde,Gjennomsnittlig kjørelengde per kjøretøy (km),2020,2020,8159.0,
15,Personbiler i alt,1,Bensin,GjsnittKjorelengde,Gjennomsnittlig kjørelengde per kjøretøy (km),2021,2021,8117.0,
15,Personbiler i alt,1,Bensin,GjsnittKjorelengde,Gjennomsnittlig kjørelengde per kjøretøy (km),2022,2022,7765.0,
15,Personbiler i alt,1,Bensin,GjsnittKjorelengde,Gjennomsnittlig kjørelengde per kjøretøy (km),2023,2023,7566.0,
15,Personbiler i alt,1,Bensin,GjsnittKjorelengde,Gjennomsnittlig kjørelengde per kjøretøy (km),2024,2024,7417.0,
15,Personbiler i alt,1,Bensin,GjsnittKjorelengde,Gjennomsnittlig kjørelengde per kjøretøy (km),2025,2025,7622.0,
15,Personbiler i alt,2,Diesel,Kjorelengde,Kjørelengde (mill. km),2005,2005,6211.1,
15,Personbiler i alt,2,Diesel,Kjorelengde,Kjørelengde (mill. km),2006,2006,7816.6,
15,Personbiler i alt,2,Diesel,Kjorelengde,Kjørelengde (mill. km),2007,2007,10591.0,
15,Personbiler i alt,2,Diesel,Kjorelengde,Kjørelengde (mill. km),2008,2008,12344.9,
15,Personbiler i alt,2,Diesel,Kjorelengde,Kjørelengde (mill. km),2009,2009,13518.7,
15,Personbiler i alt,2,Diesel,Kjorelengde,Kjørelengde (mill. km),2010,2010,14813.0,
15,Personbiler i alt,2,Diesel,Kjorelengde,Kjørelengde (mill. km),2011,2011,16225.5,
15,Personbiler i alt,2,Diesel,Kjorelengde,Kjørelengde (mill. km),2012,2012,18009.8,
15,Personbiler i alt,2,Diesel,Kjorelengde,Kjørelengde (mill. km),2013,2013,18889.2,
15,Personbiler i alt,2,Diesel,Kjorelengde,Kjørelengde (mill. km),2014,2014,19478.4,
15,Personbiler i alt,2,Diesel,Kjorelengde,Kjørelengde (mill. km),2015,2015,20097.3,
15,Personbiler i alt,2,Diesel,Kjorelengde,Kjørelengde (mill. km),2016,2016,20424.7,
15,Personbiler i alt,2,Diesel,Kjorelengde,Kjørelengde (mill. km),2017,2017,20443.8,
15,Personbiler i alt,2,Diesel,Kjorelengde,Kjørelengde (mill. km),2018,2018,20136.7,
15,Personbiler i alt,2,Diesel,Kjorelengde,Kjørelengde (mill. km),2019,2019,19175.2,
15,Personbiler i alt,2,Diesel,Kjorelengde,Kjørelengde (mill. km),2020,2020,17393.8,
15,Personbiler i alt,2,Diesel,Kjorelengde,Kjørelengde (mill. km),2021,2021,16744.3,
15,Personbiler i alt,2,Diesel,Kjorelengde,Kjørelengde (mill. km),2022,2022,15324.7,
15,Personbiler i alt,2,Diesel,Kjorelengde,Kjørelengde (mill. km),2023,2023,14147.2,
15,Personbiler i alt,2,Diesel,Kjorelengde,Kjørelengde (mill. km),2024,2024,13202.9,
15,Personbiler i alt,2,Diesel,Kjorelengde,Kjørelengde (mill. km),2025,2025,12216.6,
15,Personbiler i alt,2,Diesel,GjsnittKjorelengde,Gjennomsnittlig kjørelengde per kjøretøy (km),2005,2005,18004.0,
15,Personbiler i alt,2,Diesel,GjsnittKjorelengde,Gjennomsnittlig kjørelengde per kjøretøy (km),2006,2006,18449.0,
15,Personbiler i alt,2,Diesel,GjsnittKjorelengde,Gjennomsnittlig kjørelengde per kjøretøy (km),2007,2007,19309.0,
15,Personbiler i alt,2,Diesel,GjsnittKjorelengde,Gjennomsnittlig kjørelengde per kjøretøy (km),2008,2008,19024.0,
15,Personbiler i alt,2,Diesel,GjsnittKjorelengde,Gjennomsnittlig kjørelengde per kjøretøy (km),2009,2009,18312.0,
15,Personbiler i alt,2,Diesel,GjsnittKjorelengde,Gjennomsnittlig kjørelengde per kjøretøy (km),2010,2010,17335.0,
15,Personbiler i alt,2,Diesel,GjsnittKjorelengde,Gjennomsnittlig kjørelengde per kjøretøy (km),2011,2011,16626.0,
15,Personbiler i alt,2,Diesel,GjsnittKjorelengde,Gjennomsnittlig kjørelengde per kjøretøy (km),2012,2012,16691.0,
15,Personbiler i alt,2,Diesel,GjsnittKjorelengde,Gjennomsnittlig kjørelengde per kjøretøy (km),2013,2013,16229.0,
15,Personbiler i alt,2,Diesel,GjsnittKjorelengde,Gjennomsnittlig kjørelengde per kjøretøy (km),2014,2014,15741.0,
15,Personbiler i alt,2,Diesel,GjsnittKjorelengde,Gjennomsnittlig kjørelengde per kjøretøy (km),2015,2015,15494.0,
15,Personbiler i alt,2,Diesel,GjsnittKjorelengde,Gjennomsnittlig kjørelengde per kjøretøy (km),2016,2016,15059.0,
15,Personbiler i alt,2,Diesel,GjsnittKjorelengde,Gjennomsnittlig kjørelengde per kjøretøy (km),2017,2017,14829.0,
15,Personbiler i alt,2,Diesel,GjsnittKjorelengde,Gjennomsnittlig kjørelengde per kjøretøy (km),2018,2018,14527.0,
15,Personbiler i alt,2,Diesel,GjsnittKjorelengde,Gjennomsnittlig kjørelengde per kjøretøy (km),2019,2019,13936.0,
15,Personbiler i alt,2,Diesel,GjsnittKjorelengde,Gjennomsnittlig kjørelengde per kjøretøy (km),2020,2020,12816.0,
15,Personbiler i alt,2,Diesel,GjsnittKjorelengde,Gjennomsnittlig kjørelengde per kjøretøy (km),2021,2021,12665.0,
15,Personbiler i alt,2,Diesel,GjsnittKjorelengde,Gjennomsnittlig kjørelengde per kjøretøy (km),2022,2022,11995.0,
15,Personbiler i alt,2,Diesel,GjsnittKjorelengde,Gjennomsnittlig kjørelengde per kjøretøy (km),2023,2023,11651.0,
15,Personbiler i alt,2,Diesel,GjsnittKjorelengde,Gjennomsnittlig kjørelengde per kjøretøy (km),2024,2024,11460.0,
15,Personbiler i alt,2,Diesel,GjsnittKjorelengde,Gjennomsnittlig kjørelengde per kjøretøy (km),2025,2025,11196.0,
15,Personbiler i alt,18,Elektrisitet,Kjorelengde,Kjørelengde (mill. km),2005,2005,9.5,
15,Personbiler i alt,18,Elektrisitet,Kjorelengde,Kjørelengde (mill. km),2006,2006,10.8,
15,Personbiler i alt,18,Elektrisitet,Kjorelengde,Kjørelengde (mill. km),2007,2007,11.0,
15,Personbiler i alt,18,Elektrisitet,Kjorelengde,Kjørelengde (mill. km),2008,2008,11.6,
15,Personbiler i alt,18,Elektrisitet,Kjorelengde,Kjørelengde (mill. km),2009,2009,15.0,
15,Personbiler i alt,18,Elektrisitet,Kjorelengde,Kjørelengde (mill. km),2010,2010,14.9,
15,Personbiler i alt,18,Elektrisitet,Kjorelengde,Kjørelengde (mill. km),2011,2011,26.5,
15,Personbiler i alt,18,Elektrisitet,Kjorelengde,Kjørelengde (mill. km),2012,2012,62.7,
15,Personbiler i alt,18,Elektrisitet,Kjorelengde,Kjørelengde (mill. km),2013,2013,103.0,
15,Personbiler i alt,18,Elektrisitet,Kjorelengde,Kjørelengde (mill. km),2014,2014,301.7,
15,Personbiler i alt,18,Elektrisitet,Kjorelengde,Kjørelengde (mill. km),2015,2015,793.6,
15,Personbiler i alt,18,Elektrisitet,Kjorelengde,Kjørelengde (mill. km),2016,2016,1163.2,
15,Personbiler i alt,18,Elektrisitet,Kjorelengde,Kjørelengde (mill. km),2017,2017,1652.4,
15,Personbiler i alt,18,Elektrisitet,Kjorelengde,Kjørelengde (mill. km),2018,2018,2401.9,
15,Personbiler i alt,18,Elektrisitet,Kjorelengde,Kjørelengde (mill. km),2019,2019,3331.3,
15,Personbiler i alt,18,Elektrisitet,Kjorelengde,Kjørelengde (mill. km),2020,2020,4206.7,
15,Personbiler i alt,18,Elektrisitet,Kjorelengde,Kjørelengde (mill. km),2021,2021,5972.6,
15,Personbiler i alt,18,Elektrisitet,Kjorelengde,Kjørelengde (mill. km),2022,2022,7994.8,
15,Personbiler i alt,18,Elektrisitet,Kjorelengde,Kjørelengde (mill. km),2023,2023,9947.9,
15,Personbiler i alt,18,Elektrisitet,Kjorelengde,Kjørelengde (mill. km),2024,2024,11074.7,
15,Personbiler i alt,18,Elektrisitet,Kjorelengde,Kjørelengde (mill. km),2025,2025,13227.0,
15,Personbiler i alt,18,Elektrisitet,GjsnittKjorelengde,Gjennomsnittlig kjørelengde per kjøretøy (km),2005,2005,7566.0,
15,Personbiler i alt,18,Elektrisitet,GjsnittKjorelengde,Gjennomsnittlig kjørelengde per kjøretøy (km),2006,2006,7407.0,
15,Personbiler i alt,18,Elektrisitet,GjsnittKjorelengde,Gjennomsnittlig kjørelengde per kjøretøy (km),2007,2007,7248.0,
15,Personbiler i alt,18,Elektrisitet,GjsnittKjorelengde,Gjennomsnittlig kjørelengde per kjøretøy (km),2008,2008,6635.0,
15,Personbiler i alt,18,Elektrisitet,GjsnittKjorelengde,Gjennomsnittlig kjørelengde per kjøretøy (km),2009,2009,7926.0,
15,Personbiler i alt,18,Elektrisitet,GjsnittKjorelengde,Gjennomsnittlig kjørelengde per kjøretøy (km),2010,2010,6806.0,
15,Personbiler i alt,18,Elektrisitet,GjsnittKjorelengde,Gjennomsnittlig kjørelengde per kjøretøy (km),2011,2011,6427.0,
15,Personbiler i alt,18,Elektrisitet,GjsnittKjorelengde,Gjennomsnittlig kjørelengde per kjøretøy (km),2012,2012,7612.0,
15,Personbiler i alt,18,Elektrisitet,GjsnittKjorelengde,Gjennomsnittlig kjørelengde per kjøretøy (km),2013,2013,5692.0,
15,Personbiler i alt,18,Elektrisitet,GjsnittKjorelengde,Gjennomsnittlig kjørelengde per kjøretøy (km),2014,2014,7729.0,
15,Personbiler i alt,18,Elektrisitet,GjsnittKjorelengde,Gjennomsnittlig kjørelengde per kjøretøy (km),2015,2015,11380.0,
15,Personbiler i alt,18,Elektrisitet,GjsnittKjorelengde,Gjennomsnittlig kjørelengde per kjøretøy (km),2016,2016,11788.0,
15,Personbiler i alt,18,Elektrisitet,GjsnittKjorelengde,Gjennomsnittlig kjørelengde per kjøretøy (km),2017,2017,11818.0,
15,Personbiler i alt,18,Elektrisitet,GjsnittKjorelengde,Gjennomsnittlig kjørelengde per kjøretøy (km),2018,2018,12171.0,
15,Personbiler i alt,18,Elektrisitet,GjsnittKjorelengde,Gjennomsnittlig kjørelengde per kjøretøy (km),2019,2019,12631.0,
15,Personbiler i alt,18,Elektrisitet,GjsnittKjorelengde,Gjennomsnittlig kjørelengde per kjøretøy (km),2020,2020,12193.0,
15,Personbiler i alt,18,Elektrisitet,GjsnittKjorelengde,Gjennomsnittlig kjørelengde per kjøretøy (km),2021,2021,12772.0,
15,Personbiler i alt,18,Elektrisitet,GjsnittKjorelengde,Gjennomsnittlig kjørelengde per kjøretøy (km),2022,2022,12953.0,
15,Personbiler i alt,18,Elektrisitet,GjsnittKjorelengde,Gjennomsnittlig kjørelengde per kjøretøy (km),2023,2023,13913.0,
15,Personbiler i alt,18,Elektrisitet,GjsnittKjorelengde,Gjennomsnittlig kjørelengde per kjøretøy (km),2024,2024,13521.0,
15,Personbiler i alt,18,Elektrisitet,GjsnittKjorelengde,Gjennomsnittlig kjørelengde per kjøretøy (km),2025,2025,13453.0,
15,Personbiler i alt,14,"Bensin hybrid, ladbar",Kjorelengde,Kjørelengde (mill. km),2005,2005,,.
15,Personbiler i alt,14,"Bensin hybrid, ladbar",Kjorelengde,Kjørelengde (mill. km),2006,2006,,.
15,Personbiler i alt,14,"Bensin hybrid, ladbar",Kjorelengde,Kjørelengde (mill. km),2007,2007,,.
15,Personbiler i alt,14,"Bensin hybrid, ladbar",Kjorelengde,Kjørelengde (mill. km),2008,2008,,.
15,Personbiler i alt,14,"Bensin hybrid, ladbar",Kjorelengde,Kjørelengde (mill. km),2009,2009,,.
15,Personbiler i alt,14,"Bensin hybrid, ladbar",Kjorelengde,Kjørelengde (mill. km),2010,2010,,.
15,Personbiler i alt,14,"Bensin hybrid, ladbar",Kjorelengde,Kjørelengde (mill. km),2011,2011,,.
15,Personbiler i alt,14,"Bensin hybrid, ladbar",Kjorelengde,Kjørelengde (mill. km),2012,2012,,.
15,Personbiler i alt,14,"Bensin hybrid, ladbar",Kjorelengde,Kjørelengde (mill. km),2013,2013,,.
15,Personbiler i alt,14,"Bensin hybrid, ladbar",Kjorelengde,Kjørelengde (mill. km),2014,2014,,.
15,Personbiler i alt,14,"Bensin hybrid, ladbar",Kjorelengde,Kjørelengde (mill. km),2015,2015,,.
15,Personbiler i alt,14,"Bensin hybrid, ladbar",Kjorelengde,Kjørelengde (mill. km),2016,2016,314.0,
15,Personbiler i alt,14,"Bensin hybrid, ladbar",Kjorelengde,Kjørelengde (mill. km),2017,2017,721.0,
15,Personbiler i alt,14,"Bensin hybrid, ladbar",Kjorelengde,Kjørelengde (mill. km),2018,2018,1312.2,
15,Personbiler i alt,14,"Bensin hybrid, ladbar",Kjorelengde,Kjørelengde (mill. km),2019,2019,1578.3,
15,Personbiler i alt,14,"Bensin hybrid, ladbar",Kjorelengde,Kjørelengde (mill. km),2020,2020,1890.2,
15,Personbiler i alt,14,"Bensin hybrid, ladbar",Kjorelengde,Kjørelengde (mill. km),2021,2021,2401.6,
15,Personbiler i alt,14,"Bensin hybrid, ladbar",Kjorelengde,Kjørelengde (mill. km),2022,2022,2704.0,
15,Personbiler i alt,14,"Bensin hybrid, ladbar",Kjorelengde,Kjørelengde (mill. km),2023,2023,2880.6,
15,Personbiler i alt,14,"Bensin hybrid, ladbar",Kjorelengde,Kjørelengde (mill. km),2024,2024,2971.0,
15,Personbiler i alt,14,"Bensin hybrid, ladbar",Kjorelengde,Kjørelengde (mill. km),2025,2025,2968.7,
15,Personbiler i alt,14,"Bensin hybrid, ladbar",GjsnittKjorelengde,Gjennomsnittlig kjørelengde per kjøretøy (km),2005,2005,,.
15,Personbiler i alt,14,"Bensin hybrid, ladbar",GjsnittKjorelengde,Gjennomsnittlig kjørelengde per kjøretøy (km),2006,2006,,.
15,Personbiler i alt,14,"Bensin hybrid, ladbar",GjsnittKjorelengde,Gjennomsnittlig kjørelengde per kjøretøy (km),2007,2007,,.
15,Personbiler i alt,14,"Bensin hybrid, ladbar",GjsnittKjorelengde,Gjennomsnittlig kjørelengde per kjøretøy (km),2008,2008,,.
15,Personbiler i alt,14,"Bensin hybrid, ladbar",GjsnittKjorelengde,Gjennomsnittlig kjørelengde per kjøretøy (km),2009,2009,,.
15,Personbiler i alt,14,"Bensin hybrid, ladbar",GjsnittKjorelengde,Gjennomsnittlig kjørelengde per kjøretøy (km),2010,2010,,.
15,Personbiler i alt,14,"Bensin hybrid, ladbar",GjsnittKjorelengde,Gjennomsnittlig kjørelengde per kjøretøy (km),2011,2011,,.
15,Personbiler i alt,14,"Bensin hybrid, ladbar",GjsnittKjorelengde,Gjennomsnittlig kjørelengde per kjøretøy (km),2012,2012,,.
15,Personbiler i alt,14,"Bensin hybrid, ladbar",GjsnittKjorelengde,Gjennomsnittlig kjørelengde per kjøretøy (km),2013,2013,,.
15,Personbiler i alt,14,"Bensin hybrid, ladbar",GjsnittKjorelengde,Gjennomsnittlig kjørelengde per kjøretøy (km),2014,2014,,.
15,Personbiler i alt,14,"Bensin hybrid, ladbar",GjsnittKjorelengde,Gjennomsnittlig kjørelengde per kjøretøy (km),2015,2015,,.
15,Personbiler i alt,14,"Bensin hybrid, ladbar",GjsnittKjorelengde,Gjennomsnittlig kjørelengde per kjøretøy (km),2016,2016,9652.0,
15,Personbiler i alt,14,"Bensin hybrid, ladbar",GjsnittKjorelengde,Gjennomsnittlig kjørelengde per kjøretøy (km),2017,2017,11375.0,
15,Personbiler i alt,14,"Bensin hybrid, ladbar",GjsnittKjorelengde,Gjennomsnittlig kjørelengde per kjøretøy (km),2018,2018,14353.0,
15,Personbiler i alt,14,"Bensin hybrid, ladbar",GjsnittKjorelengde,Gjennomsnittlig kjørelengde per kjøretøy (km),2019,2019,14074.0,
15,Personbiler i alt,14,"Bensin hybrid, ladbar",GjsnittKjorelengde,Gjennomsnittlig kjørelengde per kjøretøy (km),2020,2020,13403.0,
15,Personbiler i alt,14,"Bensin hybrid, ladbar",GjsnittKjorelengde,Gjennomsnittlig kjørelengde per kjøretøy (km),2021,2021,13378.0,
15,Personbiler i alt,14,"Bensin hybrid, ladbar",GjsnittKjorelengde,Gjennomsnittlig kjørelengde per kjøretøy (km),2022,2022,13866.0,
15,Personbiler i alt,14,"Bensin hybrid, ladbar",GjsnittKjorelengde,Gjennomsnittlig kjørelengde per kjøretøy (km),2023,2023,14111.0,
15,Personbiler i alt,14,"Bensin hybrid, ladbar",GjsnittKjorelengde,Gjennomsnittlig kjørelengde per kjøretøy (km),2024,2024,14367.0,
15,Personbiler i alt,14,"Bensin hybrid, ladbar",GjsnittKjorelengde,Gjennomsnittlig kjørelengde per kjøretøy (km),2025,2025,14267.0,
15,Personbiler i alt,15,"Bensin hybrid, ikke ladbar",Kjorelengde,Kjørelengde (mill. km),2005,2005,,.
15,Personbiler i alt,15,"Bensin hybrid, ikke ladbar",Kjorelengde,Kjørelengde (mill. km),2006,2006,,.
15,Personbiler i alt,15,"Bensin hybrid, ikke ladbar",Kjorelengde,Kjørelengde (mill. km),2007,2007,,.
15,Personbiler i alt,15,"Bensin hybrid, ikke ladbar",Kjorelengde,Kjørelengde (mill. km),2008,2008,,.
15,Personbiler i alt,15,"Bensin hybrid, ikke ladbar",Kjorelengde,Kjørelengde (mill. km),2009,2009,,.
15,Personbiler i alt,15,"Bensin hybrid, ikke ladbar",Kjorelengde,Kjørelengde (mill. km),2010,2010,,.
15,Personbiler i alt,15,"Bensin hybrid, ikke ladbar",Kjorelengde,Kjørelengde (mill. km),2011,2011,,.
15,Personbiler i alt,15,"Bensin hybrid, ikke ladbar",Kjorelengde,Kjørelengde (mill. km),2012,2012,,.
15,Personbiler i alt,15,"Bensin hybrid, ikke ladbar",Kjorelengde,Kjørelengde (mill. km),2013,2013,,.
15,Personbiler i alt,15,"Bensin hybrid, ikke ladbar",Kjorelengde,Kjørelengde (mill. km),2014,2014,,.
15,Personbiler i alt,15,"Bensin hybrid, ikke ladbar",Kjorelengde,Kjørelengde (mill. km),2015,2015,,.
15,Personbiler i alt,15,"Bensin hybrid, ikke ladbar",Kjorelengde,Kjørelengde (mill. km),2016,2016,717.5,
15,Personbiler i alt,15,"Bensin hybrid, ikke ladbar",Kjorelengde,Kjørelengde (mill. km),2017,2017,999.7,
15,Personbiler i alt,15,"Bensin hybrid, ikke ladbar",Kjorelengde,Kjørelengde (mill. km),2018,2018,1283.7,
15,Personbiler i alt,15,"Bensin hybrid, ikke ladbar",Kjorelengde,Kjørelengde (mill. km),2019,2019,1458.9,
15,Personbiler i alt,15,"Bensin hybrid, ikke ladbar",Kjorelengde,Kjørelengde (mill. km),2020,2020,1588.6,
15,Personbiler i alt,15,"Bensin hybrid, ikke ladbar",Kjorelengde,Kjørelengde (mill. km),2021,2021,1750.2,
15,Personbiler i alt,15,"Bensin hybrid, ikke ladbar",Kjorelengde,Kjørelengde (mill. km),2022,2022,1848.4,
15,Personbiler i alt,15,"Bensin hybrid, ikke ladbar",Kjorelengde,Kjørelengde (mill. km),2023,2023,1947.7,
15,Personbiler i alt,15,"Bensin hybrid, ikke ladbar",Kjorelengde,Kjørelengde (mill. km),2024,2024,1972.5,
15,Personbiler i alt,15,"Bensin hybrid, ikke ladbar",Kjorelengde,Kjørelengde (mill. km),2025,2025,1944.9,
15,Personbiler i alt,15,"Bensin hybrid, ikke ladbar",GjsnittKjorelengde,Gjennomsnittlig kjørelengde per kjøretøy (km),2005,2005,,.
15,Personbiler i alt,15,"Bensin hybrid, ikke ladbar",GjsnittKjorelengde,Gjennomsnittlig kjørelengde per kjøretøy (km),2006,2006,,.
15,Personbiler i alt,15,"Bensin hybrid, ikke ladbar",GjsnittKjorelengde,Gjennomsnittlig kjørelengde per kjøretøy (km),2007,2007,,.
15,Personbiler i alt,15,"Bensin hybrid, ikke ladbar",GjsnittKjorelengde,Gjennomsnittlig kjørelengde per kjøretøy (km),2008,2008,,.
15,Personbiler i alt,15,"Bensin hybrid, ikke ladbar",GjsnittKjorelengde,Gjennomsnittlig kjørelengde per kjøretøy (km),2009,2009,,.
15,Personbiler i alt,15,"Bensin hybrid, ikke ladbar",GjsnittKjorelengde,Gjennomsnittlig kjørelengde per kjøretøy (km),2010,2010,,.
15,Personbiler i alt,15,"Bensin hybrid, ikke ladbar",GjsnittKjorelengde,Gjennomsnittlig kjørelengde per kjøretøy (km),2011,2011,,.
15,Personbiler i alt,15,"Bensin hybrid, ikke ladbar",GjsnittKjorelengde,Gjennomsnittlig kjørelengde per kjøretøy (km),2012,2012,,.
15,Personbiler i alt,15,"Bensin hybrid, ikke ladbar",GjsnittKjorelengde,Gjennomsnittlig kjørelengde per kjøretøy (km),2013,2013,,.
15,Personbiler i alt,15,"Bensin hybrid, ikke ladbar",GjsnittKjorelengde,Gjennomsnittlig kjørelengde per kjøretøy (km),2014,2014,,.
15,Personbiler i alt,15,"Bensin hybrid, ikke ladbar",GjsnittKjorelengde,Gjennomsnittlig kjørelengde per kjøretøy (km),2015,2015,,.
15,Personbiler i alt,15,"Bensin hybrid, ikke ladbar",GjsnittKjorelengde,Gjennomsnittlig kjørelengde per kjøretøy (km),2016,2016,12614.0,
15,Personbiler i alt,15,"Bensin hybrid, ikke ladbar",GjsnittKjorelengde,Gjennomsnittlig kjørelengde per kjøretøy (km),2017,2017,12835.0,
15,Personbiler i alt,15,"Bensin hybrid, ikke ladbar",GjsnittKjorelengde,Gjennomsnittlig kjørelengde per kjøretøy (km),2018,2018,13572.0,
15,Personbiler i alt,15,"Bensin hybrid, ikke ladbar",GjsnittKjorelengde,Gjennomsnittlig kjørelengde per kjøretøy (km),2019,2019,12893.0,
15,Personbiler i alt,15,"Bensin hybrid, ikke ladbar",GjsnittKjorelengde,Gjennomsnittlig kjørelengde per kjøretøy (km),2020,2020,12501.0,
15,Personbiler i alt,15,"Bensin hybrid, ikke ladbar",GjsnittKjorelengde,Gjennomsnittlig kjørelengde per kjøretøy (km),2021,2021,12481.0,
15,Personbiler i alt,15,"Bensin hybrid, ikke ladbar",GjsnittKjorelengde,Gjennomsnittlig kjørelengde per kjøretøy (km),2022,2022,12161.0,
15,Personbiler i alt,15,"Bensin hybrid, ikke ladbar",GjsnittKjorelengde,Gjennomsnittlig kjørelengde per kjøretøy (km),2023,2023,12266.0,
15,Personbiler i alt,15,"Bensin hybrid, ikke ladbar",GjsnittKjorelengde,Gjennomsnittlig kjørelengde per kjøretøy (km),2024,2024,11989.0,
15,Personbiler i alt,15,"Bensin hybrid, ikke ladbar",GjsnittKjorelengde,Gjennomsnittlig kjørelengde per kjøretøy (km),2025,2025,11805.0,
15,Personbiler i alt,16,"Diesel hybrid, ladbar",Kjorelengde,Kjørelengde (mill. km),2005,2005,,.
15,Personbiler i alt,16,"Diesel hybrid, ladbar",Kjorelengde,Kjørelengde (mill. km),2006,2006,,.
15,Personbiler i alt,16,"Diesel hybrid, ladbar",Kjorelengde,Kjørelengde (mill. km),2007,2007,,.
15,Personbiler i alt,16,"Diesel hybrid, ladbar",Kjorelengde,Kjørelengde (mill. km),2008,2008,,.
15,Personbiler i alt,16,"Diesel hybrid, ladbar",Kjorelengde,Kjørelengde (mill. km),2009,2009,,.
15,Personbiler i alt,16,"Diesel hybrid, ladbar",Kjorelengde,Kjørelengde (mill. km),2010,2010,,.
15,Personbiler i alt,16,"Diesel hybrid, ladbar",Kjorelengde,Kjørelengde (mill. km),2011,2011,,.
15,Personbiler i alt,16,"Diesel hybrid, ladbar",Kjorelengde,Kjørelengde (mill. km),2012,2012,,.
15,Personbiler i alt,16,"Diesel hybrid, ladbar",Kjorelengde,Kjørelengde (mill. km),2013,2013,,.
15,Personbiler i alt,16,"Diesel hybrid, ladbar",Kjorelengde,Kjørelengde (mill. km),2014,2014,,.
15,Personbiler i alt,16,"Diesel hybrid, ladbar",Kjorelengde,Kjørelengde (mill. km),2015,2015,,.
15,Personbiler i alt,16,"Diesel hybrid, ladbar",Kjorelengde,Kjørelengde (mill. km),2016,2016,30.9,
15,Personbiler i alt,16,"Diesel hybrid, ladbar",Kjorelengde,Kjørelengde (mill. km),2017,2017,63.8,
15,Personbiler i alt,16,"Diesel hybrid, ladbar",Kjorelengde,Kjørelengde (mill. km),2018,2018,103.1,
15,Personbiler i alt,16,"Diesel hybrid, ladbar",Kjorelengde,Kjørelengde (mill. km),2019,2019,125.4,
15,Personbiler i alt,16,"Diesel hybrid, ladbar",Kjorelengde,Kjørelengde (mill. km),2020,2020,145.2,
15,Personbiler i alt,16,"Diesel hybrid, ladbar",Kjorelengde,Kjørelengde (mill. km),2021,2021,175.2,
15,Personbiler i alt,16,"Diesel hybrid, ladbar",Kjorelengde,Kjørelengde (mill. km),2022,2022,194.2,
15,Personbiler i alt,16,"Diesel hybrid, ladbar",Kjorelengde,Kjørelengde (mill. km),2023,2023,201.6,
15,Personbiler i alt,16,"Diesel hybrid, ladbar",Kjorelengde,Kjørelengde (mill. km),2024,2024,198.4,
15,Personbiler i alt,16,"Diesel hybrid, ladbar",Kjorelengde,Kjørelengde (mill. km),2025,2025,192.9,
15,Personbiler i alt,16,"Diesel hybrid, ladbar",GjsnittKjorelengde,Gjennomsnittlig kjørelengde per kjøretøy (km),2005,2005,,.
15,Personbiler i alt,16,"Diesel hybrid, ladbar",GjsnittKjorelengde,Gjennomsnittlig kjørelengde per kjøretøy (km),2006,2006,,.
15,Personbiler i alt,16,"Diesel hybrid, ladbar",GjsnittKjorelengde,Gjennomsnittlig kjørelengde per kjøretøy (km),2007,2007,,.
15,Personbiler i alt,16,"Diesel hybrid, ladbar",GjsnittKjorelengde,Gjennomsnittlig kjørelengde per kjøretøy (km),2008,2008,,.
15,Personbiler i alt,16,"Diesel hybrid, ladbar",GjsnittKjorelengde,Gjennomsnittlig kjørelengde per kjøretøy (km),2009,2009,,.
15,Personbiler i alt,16,"Diesel hybrid, ladbar",GjsnittKjorelengde,Gjennomsnittlig kjørelengde per kjøretøy (km),2010,2010,,.
15,Personbiler i alt,16,"Diesel hybrid, ladbar",GjsnittKjorelengde,Gjennomsnittlig kjørelengde per kjøretøy (km),2011,2011,,.
15,Personbiler i alt,16,"Diesel hybrid, ladbar",GjsnittKjorelengde,Gjennomsnittlig kjørelengde per kjøretøy (km),2012,2012,,.
15,Personbiler i alt,16,"Diesel hybrid, ladbar",GjsnittKjorelengde,Gjennomsnittlig kjørelengde per kjøretøy (km),2013,2013,,.
15,Personbiler i alt,16,"Diesel hybrid, ladbar",GjsnittKjorelengde,Gjennomsnittlig kjørelengde per kjøretøy (km),2014,2014,,.
15,Personbiler i alt,16,"Diesel hybrid, ladbar",GjsnittKjorelengde,Gjennomsnittlig kjørelengde per kjøretøy (km),2015,2015,,.
15,Personbiler i alt,16,"Diesel hybrid, ladbar",GjsnittKjorelengde,Gjennomsnittlig kjørelengde per kjøretøy (km),2016,2016,13953.0,
15,Personbiler i alt,16,"Diesel hybrid, ladbar",GjsnittKjorelengde,Gjennomsnittlig kjørelengde per kjøretøy (km),2017,2017,13286.0,
15,Personbiler i alt,16,"Diesel hybrid, ladbar",GjsnittKjorelengde,Gjennomsnittlig kjørelengde per kjøretøy (km),2018,2018,15438.0,
15,Personbiler i alt,16,"Diesel hybrid, ladbar",GjsnittKjorelengde,Gjennomsnittlig kjørelengde per kjøretøy (km),2019,2019,16379.0,
15,Personbiler i alt,16,"Diesel hybrid, ladbar",GjsnittKjorelengde,Gjennomsnittlig kjørelengde per kjøretøy (km),2020,2020,15771.0,
15,Personbiler i alt,16,"Diesel hybrid, ladbar",GjsnittKjorelengde,Gjennomsnittlig kjørelengde per kjøretøy (km),2021,2021,16064.0,
15,Personbiler i alt,16,"Diesel hybrid, ladbar",GjsnittKjorelengde,Gjennomsnittlig kjørelengde per kjøretøy (km),2022,2022,16964.0,
15,Personbiler i alt,16,"Diesel hybrid, ladbar",GjsnittKjorelengde,Gjennomsnittlig kjørelengde per kjøretøy (km),2023,2023,17354.0,
15,Personbiler i alt,16,"Diesel hybrid, ladbar",GjsnittKjorelengde,Gjennomsnittlig kjørelengde per kjøretøy (km),2024,2024,17149.0,
15,Personbiler i alt,16,"Diesel hybrid, ladbar",GjsnittKjorelengde,Gjennomsnittlig kjørelengde per kjøretøy (km),2025,2025,16580.0,
15,Personbiler i alt,17,"Diesel hybrid, ikke ladbar",Kjorelengde,Kjørelengde (mill. km),2005,2005,,.
15,Personbiler i alt,17,"Diesel hybrid, ikke ladbar",Kjorelengde,Kjørelengde (mill. km),2006,2006,,.
15,Personbiler i alt,17,"Diesel hybrid, ikke ladbar",Kjorelengde,Kjørelengde (mill. km),2007,2007,,.
15,Personbiler i alt,17,"Diesel hybrid, ikke ladbar",Kjorelengde,Kjørelengde (mill. km),2008,2008,,.
15,Personbiler i alt,17,"Diesel hybrid, ikke ladbar",Kjorelengde,Kjørelengde (mill. km),2009,2009,,.
15,Personbiler i alt,17,"Diesel hybrid, ikke ladbar",Kjorelengde,Kjørelengde (mill. km),2010,2010,,.
15,Personbiler i alt,17,"Diesel hybrid, ikke ladbar",Kjorelengde,Kjørelengde (mill. km),2011,2011,,.
15,Personbiler i alt,17,"Diesel hybrid, ikke ladbar",Kjorelengde,Kjørelengde (mill. km),2012,2012,,.
15,Personbiler i alt,17,"Diesel hybrid, ikke ladbar",Kjorelengde,Kjørelengde (mill. km),2013,2013,,.
15,Personbiler i alt,17,"Diesel hybrid, ikke ladbar",Kjorelengde,Kjørelengde (mill. km),2014,2014,,.
15,Personbiler i alt,17,"Diesel hybrid, ikke ladbar",Kjorelengde,Kjørelengde (mill. km),2015,2015,,.
15,Personbiler i alt,17,"Diesel hybrid, ikke ladbar",Kjorelengde,Kjørelengde (mill. km),2016,2016,22.5,
15,Personbiler i alt,17,"Diesel hybrid, ikke ladbar",Kjorelengde,Kjørelengde (mill. km),2017,2017,22.6,
15,Personbiler i alt,17,"Diesel hybrid, ikke ladbar",Kjorelengde,Kjørelengde (mill. km),2018,2018,23.0,
15,Personbiler i alt,17,"Diesel hybrid, ikke ladbar",Kjorelengde,Kjørelengde (mill. km),2019,2019,25.2,
15,Personbiler i alt,17,"Diesel hybrid, ikke ladbar",Kjorelengde,Kjørelengde (mill. km),2020,2020,37.2,
15,Personbiler i alt,17,"Diesel hybrid, ikke ladbar",Kjorelengde,Kjørelengde (mill. km),2021,2021,53.2,
15,Personbiler i alt,17,"Diesel hybrid, ikke ladbar",Kjorelengde,Kjørelengde (mill. km),2022,2022,62.9,
15,Personbiler i alt,17,"Diesel hybrid, ikke ladbar",Kjorelengde,Kjørelengde (mill. km),2023,2023,69.5,
15,Personbiler i alt,17,"Diesel hybrid, ikke ladbar",Kjorelengde,Kjørelengde (mill. km),2024,2024,75.1,
15,Personbiler i alt,17,"Diesel hybrid, ikke ladbar",Kjorelengde,Kjørelengde (mill. km),2025,2025,79.9,
15,Personbiler i alt,17,"Diesel hybrid, ikke ladbar",GjsnittKjorelengde,Gjennomsnittlig kjørelengde per kjøretøy (km),2005,2005,,.
15,Personbiler i alt,17,"Diesel hybrid, ikke ladbar",GjsnittKjorelengde,Gjennomsnittlig kjørelengde per kjøretøy (km),2006,2006,,.
15,Personbiler i alt,17,"Diesel hybrid, ikke ladbar",GjsnittKjorelengde,Gjennomsnittlig kjørelengde per kjøretøy (km),2007,2007,,.
15,Personbiler i alt,17,"Diesel hybrid, ikke ladbar",GjsnittKjorelengde,Gjennomsnittlig kjørelengde per kjøretøy (km),2008,2008,,.
15,Personbiler i alt,17,"Diesel hybrid, ikke ladbar",GjsnittKjorelengde,Gjennomsnittlig kjørelengde per kjøretøy (km),2009,2009,,.
15,Personbiler i alt,17,"Diesel hybrid, ikke ladbar",GjsnittKjorelengde,Gjennomsnittlig kjørelengde per kjøretøy (km),2010,2010,,.
15,Personbiler i alt,17,"Diesel hybrid, ikke ladbar",GjsnittKjorelengde,Gjennomsnittlig kjørelengde per kjøretøy (km),2011,2011,,.
15,Personbiler i alt,17,"Diesel hybrid, ikke ladbar",GjsnittKjorelengde,Gjennomsnittlig kjørelengde per kjøretøy (km),2012,2012,,.
15,Personbiler i alt,17,"Diesel hybrid, ikke ladbar",GjsnittKjorelengde,Gjennomsnittlig kjørelengde per kjøretøy (km),2013,2013,,.
15,Personbiler i alt,17,"Diesel hybrid, ikke ladbar",GjsnittKjorelengde,Gjennomsnittlig kjørelengde per kjøretøy (km),2014,2014,,.
15,Personbiler i alt,17,"Diesel hybrid, ikke ladbar",GjsnittKjorelengde,Gjennomsnittlig kjørelengde per kjøretøy (km),2015,2015,,.
15,Personbiler i alt,17,"Diesel hybrid, ikke ladbar",GjsnittKjorelengde,Gjennomsnittlig kjørelengde per kjøretøy (km),2016,2016,20606.0,
15,Personbiler i alt,17,"Diesel hybrid, ikke ladbar",GjsnittKjorelengde,Gjennomsnittlig kjørelengde per kjøretøy (km),2017,2017,19734.0,
15,Personbiler i alt,17,"Diesel hybrid, ikke ladbar",GjsnittKjorelengde,Gjennomsnittlig kjørelengde per kjøretøy (km),2018,2018,18664.0,
15,Personbiler i alt,17,"Diesel hybrid, ikke ladbar",GjsnittKjorelengde,Gjennomsnittlig kjørelengde per kjøretøy (km),2019,2019,14079.0,
15,Personbiler i alt,17,"Diesel hybrid, ikke ladbar",GjsnittKjorelengde,Gjennomsnittlig kjørelengde per kjøretøy (km),2020,2020,14372.0,
15,Personbiler i alt,17,"Diesel hybrid, ikke ladbar",GjsnittKjorelengde,Gjennomsnittlig kjørelengde per kjøretøy (km),2021,2021,15423.0,
15,Personbiler i alt,17,"Diesel hybrid, ikke ladbar",GjsnittKjorelengde,Gjennomsnittlig kjørelengde per kjøretøy (km),2022,2022,15342.0,
15,Personbiler i alt,17,"Diesel hybrid, ikke ladbar",GjsnittKjorelengde,Gjennomsnittlig kjørelengde per kjøretøy (km),2023,2023,15970.0,
15,Personbiler i alt,17,"Diesel hybrid, ikke ladbar",GjsnittKjorelengde,Gjennomsnittlig kjørelengde per kjøretøy (km),2024,2024,16696.0,
15,Personbiler i alt,17,"Diesel hybrid, ikke ladbar",GjsnittKjorelengde,Gjennomsnittlig kjørelengde per kjøretøy (km),2025,2025,17344.0,
15,Personbiler i alt,3,Parafin,Kjorelengde,Kjørelengde (mill. km),2005,2005,,.
15,Personbiler i alt,3,Parafin,Kjorelengde,Kjørelengde (mill. km),2006,2006,,.
15,Personbiler i alt,3,Parafin,Kjorelengde,Kjørelengde (mill. km),2007,2007,,.
15,Personbiler i alt,3,Parafin,Kjorelengde,Kjørelengde (mill. km),2008,2008,,.
15,Personbiler i alt,3,Parafin,Kjorelengde,Kjørelengde (mill. km),2009,2009,,.
15,Personbiler i alt,3,Parafin,Kjorelengde,Kjørelengde (mill. km),2010,2010,,.
15,Personbiler i alt,3,Parafin,Kjorelengde,Kjørelengde (mill. km),2011,2011,,.
15,Personbiler i alt,3,Parafin,Kjorelengde,Kjørelengde (mill. km),2012,2012,,.
15,Personbiler i alt,3,Parafin,Kjorelengde,Kjørelengde (mill. km),2013,2013,,.
15,Personbiler i alt,3,Parafin,Kjorelengde,Kjørelengde (mill. km),2014,2014,,.
15,Personbiler i alt,3,Parafin,Kjorelengde,Kjørelengde (mill. km),2015,2015,,.
15,Personbiler i alt,3,Parafin,Kjorelengde,Kjørelengde (mill. km),2016,2016,0.2,
15,Personbiler i alt,3,Parafin,Kjorelengde,Kjørelengde (mill. km),2017,2017,0.1,
15,Personbiler i alt,3,Parafin,Kjorelengde,Kjørelengde (mill. km),2018,2018,0.1,
15,Personbiler i alt,3,Parafin,Kjorelengde,Kjørelengde (mill. km),2019,2019,,:
15,Personbiler i alt,3,Parafin,Kjorelengde,Kjørelengde (mill. km),2020,2020,0.1,
15,Personbiler i alt,3,Parafin,Kjorelengde,Kjørelengde (mill. km),2021,2021,0.1,
15,Personbiler i alt,3,Parafin,Kjorelengde,Kjørelengde (mill. km),2022,2022,0.1,
15,Personbiler i alt,3,Parafin,Kjorelengde,Kjørelengde (mill. km),2023,2023,0.0,
15,Personbiler i alt,3,Parafin,Kjorelengde,Kjørelengde (mill. km),2024,2024,0.0,
15,Personbiler i alt,3,Parafin,Kjorelengde,Kjørelengde (mill. km),2025,2025,0.0,
15,Personbiler i alt,3,Parafin,GjsnittKjorelengde,Gjennomsnittlig kjørelengde per kjøretøy (km),2005,2005,,.
15,Personbiler i alt,3,Parafin,GjsnittKjorelengde,Gjennomsnittlig kjørelengde per kjøretøy (km),2006,2006,,.
15,Personbiler i alt,3,Parafin,GjsnittKjorelengde,Gjennomsnittlig kjørelengde per kjøretøy (km),2007,2007,,.
15,Personbiler i alt,3,Parafin,GjsnittKjorelengde,Gjennomsnittlig kjørelengde per kjøretøy (km),2008,2008,,.
15,Personbiler i alt,3,Parafin,GjsnittKjorelengde,Gjennomsnittlig kjørelengde per kjøretøy (km),2009,2009,,.
15,Personbiler i alt,3,Parafin,GjsnittKjorelengde,Gjennomsnittlig kjørelengde per kjøretøy (km),2010,2010,,.
15,Personbiler i alt,3,Parafin,GjsnittKjorelengde,Gjennomsnittlig kjørelengde per kjøretøy (km),2011,2011,,.
15,Personbiler i alt,3,Parafin,GjsnittKjorelengde,Gjennomsnittlig kjørelengde per kjøretøy (km),2012,2012,,.
15,Personbiler i alt,3,Parafin,GjsnittKjorelengde,Gjennomsnittlig kjørelengde per kjøretøy (km),2013,2013,,.
15,Personbiler i alt,3,Parafin,GjsnittKjorelengde,Gjennomsnittlig kjørelengde per kjøretøy (km),2014,2014,,.
15,Personbiler i alt,3,Parafin,GjsnittKjorelengde,Gjennomsnittlig kjørelengde per kjøretøy (km),2015,2015,,.
15,Personbiler i alt,3,Parafin,GjsnittKjorelengde,Gjennomsnittlig kjørelengde per kjøretøy (km),2016,2016,11337.0,
15,Personbiler i alt,3,Parafin,GjsnittKjorelengde,Gjennomsnittlig kjørelengde per kjøretøy (km),2017,2017,10787.0,
15,Personbiler i alt,3,Parafin,GjsnittKjorelengde,Gjennomsnittlig kjørelengde per kjøretøy (km),2018,2018,8543.0,
15,Personbiler i alt,3,Parafin,GjsnittKjorelengde,Gjennomsnittlig kjørelengde per kjøretøy (km),2019,2019,,:
15,Personbiler i alt,3,Parafin,GjsnittKjorelengde,Gjennomsnittlig kjørelengde per kjøretøy (km),2020,2020,5571.0,
15,Personbiler i alt,3,Parafin,GjsnittKjorelengde,Gjennomsnittlig kjørelengde per kjøretøy (km),2021,2021,6185.0,
15,Personbiler i alt,3,Parafin,GjsnittKjorelengde,Gjennomsnittlig kjørelengde per kjøretøy (km),2022,2022,6039.0,
15,Personbiler i alt,3,Parafin,GjsnittKjorelengde,Gjennomsnittlig kjørelengde per kjøretøy (km),2023,2023,4630.0,
15,Personbiler i alt,3,Parafin,GjsnittKjorelengde,Gjennomsnittlig kjørelengde per kjøretøy (km),2024,2024,3622.0,
15,Personbiler i alt,3,Parafin,GjsnittKjorelengde,Gjennomsnittlig kjørelengde per kjøretøy (km),2025,2025,4241.0,
15,Personbiler i alt,4,Gass,Kjorelengde,Kjørelengde (mill. km),2005,2005,,.
15,Personbiler i alt,4,Gass,Kjorelengde,Kjørelengde (mill. km),2006,2006,,.
15,Personbiler i alt,4,Gass,Kjorelengde,Kjørelengde (mill. km),2007,2007,,.
15,Personbiler i alt,4,Gass,Kjorelengde,Kjørelengde (mill. km),2008,2008,,.
15,Personbiler i alt,4,Gass,Kjorelengde,Kjørelengde (mill. km),2009,2009,,.
15,Personbiler i alt,4,Gass,Kjorelengde,Kjørelengde (mill. km),2010,2010,,.
15,Personbiler i alt,4,Gass,Kjorelengde,Kjørelengde (mill. km),2011,2011,,.
15,Personbiler i alt,4,Gass,Kjorelengde,Kjørelengde (mill. km),2012,2012,,.
15,Personbiler i alt,4,Gass,Kjorelengde,Kjørelengde (mill. km),2013,2013,,.
15,Personbiler i alt,4,Gass,Kjorelengde,Kjørelengde (mill. km),2014,2014,,.
15,Personbiler i alt,4,Gass,Kjorelengde,Kjørelengde (mill. km),2015,2015,,.
15,Personbiler i alt,4,Gass,Kjorelengde,Kjørelengde (mill. km),2016,2016,2.8,
15,Personbiler i alt,4,Gass,Kjorelengde,Kjørelengde (mill. km),2017,2017,3.2,
15,Personbiler i alt,4,Gass,Kjorelengde,Kjørelengde (mill. km),2018,2018,4.3,
15,Personbiler i alt,4,Gass,Kjorelengde,Kjørelengde (mill. km),2019,2019,4.4,
15,Personbiler i alt,4,Gass,Kjorelengde,Kjørelengde (mill. km),2020,2020,3.6,
15,Personbiler i alt,4,Gass,Kjorelengde,Kjørelengde (mill. km),2021,2021,3.5,
15,Personbiler i alt,4,Gass,Kjorelengde,Kjørelengde (mill. km),2022,2022,3.1,
15,Personbiler i alt,4,Gass,Kjorelengde,Kjørelengde (mill. km),2023,2023,2.5,
15,Personbiler i alt,4,Gass,Kjorelengde,Kjørelengde (mill. km),2024,2024,1.9,
15,Personbiler i alt,4,Gass,Kjorelengde,Kjørelengde (mill. km),2025,2025,1.7,
15,Personbiler i alt,4,Gass,GjsnittKjorelengde,Gjennomsnittlig kjørelengde per kjøretøy (km),2005,2005,,.
15,Personbiler i alt,4,Gass,GjsnittKjorelengde,Gjennomsnittlig kjørelengde per kjøretøy (km),2006,2006,,.
15,Personbiler i alt,4,Gass,GjsnittKjorelengde,Gjennomsnittlig kjørelengde per kjøretøy (km),2007,2007,,.
15,Personbiler i alt,4,Gass,GjsnittKjorelengde,Gjennomsnittlig kjørelengde per kjøretøy (km),2008,2008,,.
15,Personbiler i alt,4,Gass,GjsnittKjorelengde,Gjennomsnittlig kjørelengde per kjøretøy (km),2009,2009,,.
15,Personbiler i alt,4,Gass,GjsnittKjorelengde,Gjennomsnittlig kjørelengde per kjøretøy (km),2010,2010,,.
15,Personbiler i alt,4,Gass,GjsnittKjorelengde,Gjennomsnittlig kjørelengde per kjøretøy (km),2011,2011,,.
15,Personbiler i alt,4,Gass,GjsnittKjorelengde,Gjennomsnittlig kjørelengde per kjøretøy (km),2012,2012,,.
15,Personbiler i alt,4,Gass,GjsnittKjorelengde,Gjennomsnittlig kjørelengde per kjøretøy (km),2013,2013,,.
15,Personbiler i alt,4,Gass,GjsnittKjorelengde,Gjennomsnittlig kjørelengde per kjøretøy (km),2014,2014,,.
15,Personbiler i alt,4,Gass,GjsnittKjorelengde,Gjennomsnittlig kjørelengde per kjøretøy (km),2015,2015,,.
15,Personbiler i alt,4,Gass,GjsnittKjorelengde,Gjennomsnittlig kjørelengde per kjøretøy (km),2016,2016,20273.0,
15,Personbiler i alt,4,Gass,GjsnittKjorelengde,Gjennomsnittlig kjørelengde per kjøretøy (km),2017,2017,16783.0,
15,Personbiler i alt,4,Gass,GjsnittKjorelengde,Gjennomsnittlig kjørelengde per kjøretøy (km),2018,2018,17116.0,
15,Personbiler i alt,4,Gass,GjsnittKjorelengde,Gjennomsnittlig kjørelengde per kjøretøy (km),2019,2019,16757.0,
15,Personbiler i alt,4,Gass,GjsnittKjorelengde,Gjennomsnittlig kjørelengde per kjøretøy (km),2020,2020,13407.0,
15,Personbiler i alt,4,Gass,GjsnittKjorelengde,Gjennomsnittlig kjørelengde per kjøretøy (km),2021,2021,13495.0,
15,Personbiler i alt,4,Gass,GjsnittKjorelengde,Gjennomsnittlig kjørelengde per kjøretøy (km),2022,2022,12618.0,
15,Personbiler i alt,4,Gass,GjsnittKjorelengde,Gjennomsnittlig kjørelengde per kjøretøy (km),2023,2023,10912.0,
15,Personbiler i alt,4,Gass,GjsnittKjorelengde,Gjennomsnittlig kjørelengde per kjøretøy (km),2024,2024,9657.0,
15,Personbiler i alt,4,Gass,GjsnittKjorelengde,Gjennomsnittlig kjørelengde per kjøretøy (km),2025,2025,9128.0,
15,Personbiler i alt,13,Hydrogen,Kjorelengde,Kjørelengde (mill. km),2005,2005,,.
15,Personbiler i alt,13,Hydrogen,Kjorelengde,Kjørelengde (mill. km),2006,2006,,.
15,Personbiler i alt,13,Hydrogen,Kjorelengde,Kjørelengde (mill. km),2007,2007,,.
15,Personbiler i alt,13,Hydrogen,Kjorelengde,Kjørelengde (mill. km),2008,2008,,.
15,Personbiler i alt,13,Hydrogen,Kjorelengde,Kjørelengde (mill. km),2009,2009,,.
15,Personbiler i alt,13,Hydrogen,Kjorelengde,Kjørelengde (mill. km),2010,2010,,.
15,Personbiler i alt,13,Hydrogen,Kjorelengde,Kjørelengde (mill. km),2011,2011,,.
15,Personbiler i alt,13,Hydrogen,Kjorelengde,Kjørelengde (mill. km),2012,2012,,.
15,Personbiler i alt,13,Hydrogen,Kjorelengde,Kjørelengde (mill. km),2013,2013,,.
15,Personbiler i alt,13,Hydrogen,Kjorelengde,Kjørelengde (mill. km),2014,2014,,.
15,Personbiler i alt,13,Hydrogen,Kjorelengde,Kjørelengde (mill. km),2015,2015,,.
15,Personbiler i alt,13,Hydrogen,Kjorelengde,Kjørelengde (mill. km),2016,2016,0.4,
15,Personbiler i alt,13,Hydrogen,Kjorelengde,Kjørelengde (mill. km),2017,2017,1.1,
15,Personbiler i alt,13,Hydrogen,Kjorelengde,Kjørelengde (mill. km),2018,2018,2.0,
15,Personbiler i alt,13,Hydrogen,Kjorelengde,Kjørelengde (mill. km),2019,2019,2.6,
15,Personbiler i alt,13,Hydrogen,Kjorelengde,Kjørelengde (mill. km),2020,2020,1.6,
15,Personbiler i alt,13,Hydrogen,Kjorelengde,Kjørelengde (mill. km),2021,2021,1.6,
15,Personbiler i alt,13,Hydrogen,Kjorelengde,Kjørelengde (mill. km),2022,2022,3.7,
15,Personbiler i alt,13,Hydrogen,Kjorelengde,Kjørelengde (mill. km),2023,2023,4.0,
15,Personbiler i alt,13,Hydrogen,Kjorelengde,Kjørelengde (mill. km),2024,2024,2.8,
15,Personbiler i alt,13,Hydrogen,Kjorelengde,Kjørelengde (mill. km),2025,2025,2.1,
15,Personbiler i alt,13,Hydrogen,GjsnittKjorelengde,Gjennomsnittlig kjørelengde per kjøretøy (km),2005,2005,,.
15,Personbiler i alt,13,Hydrogen,GjsnittKjorelengde,Gjennomsnittlig kjørelengde per kjøretøy (km),2006,2006,,.
15,Personbiler i alt,13,Hydrogen,GjsnittKjorelengde,Gjennomsnittlig kjørelengde per kjøretøy (km),2007,2007,,.
15,Personbiler i alt,13,Hydrogen,GjsnittKjorelengde,Gjennomsnittlig kjørelengde per kjøretøy (km),2008,2008,,.
15,Personbiler i alt,13,Hydrogen,GjsnittKjorelengde,Gjennomsnittlig kjørelengde per kjøretøy (km),2009,2009,,.
15,Personbiler i alt,13,Hydrogen,GjsnittKjorelengde,Gjennomsnittlig kjørelengde per kjøretøy (km),2010,2010,,.
15,Personbiler i alt,13,Hydrogen,GjsnittKjorelengde,Gjennomsnittlig kjørelengde per kjøretøy (km),2011,2011,,.
15,Personbiler i alt,13,Hydrogen,GjsnittKjorelengde,Gjennomsnittlig kjørelengde per kjøretøy (km),2012,2012,,.
15,Personbiler i alt,13,Hydrogen,GjsnittKjorelengde,Gjennomsnittlig kjørelengde per kjøretøy (km),2013,2013,,.
15,Personbiler i alt,13,Hydrogen,GjsnittKjorelengde,Gjennomsnittlig kjørelengde per kjøretøy (km),2014,2014,,.
15,Personbiler i alt,13,Hydrogen,GjsnittKjorelengde,Gjennomsnittlig kjørelengde per kjøretøy (km),2015,2015,,.
15,Personbiler i alt,13,Hydrogen,GjsnittKjorelengde,Gjennomsnittlig kjørelengde per kjøretøy (km),2016,2016,9806.0,
15,Personbiler i alt,13,Hydrogen,GjsnittKjorelengde,Gjennomsnittlig kjørelengde per kjøretøy (km),2017,2017,11251.0,
15,Personbiler i alt,13,Hydrogen,GjsnittKjorelengde,Gjennomsnittlig kjørelengde per kjøretøy (km),2018,2018,13798.0,
15,Personbiler i alt,13,Hydrogen,GjsnittKjorelengde,Gjennomsnittlig kjørelengde per kjøretøy (km),2019,2019,14801.0,
15,Personbiler i alt,13,Hydrogen,GjsnittKjorelengde,Gjennomsnittlig kjørelengde per kjøretøy (km),2020,2020,8738.0,
15,Personbiler i alt,13,Hydrogen,GjsnittKjorelengde,Gjennomsnittlig kjørelengde per kjøretøy (km),2021,2021,7710.0,
15,Personbiler i alt,13,Hydrogen,GjsnittKjorelengde,Gjennomsnittlig kjørelengde per kjøretøy (km),2022,2022,13711.0,
15,Personbiler i alt,13,Hydrogen,GjsnittKjorelengde,Gjennomsnittlig kjørelengde per kjøretøy (km),2023,2023,15807.0,
15,Personbiler i alt,13,Hydrogen,GjsnittKjorelengde,Gjennomsnittlig kjørelengde per kjøretøy (km),2024,2024,13428.0,
15,Personbiler i alt,13,Hydrogen,GjsnittKjorelengde,Gjennomsnittlig kjørelengde per kjøretøy (km),2025,2025,9888.0,
15,Personbiler i alt,7,Andre drivstoff,Kjorelengde,Kjørelengde (mill. km),2005,2005,0.7,
15,Personbiler i alt,7,Andre drivstoff,Kjorelengde,Kjørelengde (mill. km),2006,2006,1.0,
15,Personbiler i alt,7,Andre drivstoff,Kjorelengde,Kjørelengde (mill. km),2007,2007,1.3,
15,Personbiler i alt,7,Andre drivstoff,Kjorelengde,Kjørelengde (mill. km),2008,2008,1.9,
15,Personbiler i alt,7,Andre drivstoff,Kjorelengde,Kjørelengde (mill. km),2009,2009,2.4,
15,Personbiler i alt,7,Andre drivstoff,Kjorelengde,Kjørelengde (mill. km),2010,2010,2.4,
15,Personbiler i alt,7,Andre drivstoff,Kjorelengde,Kjørelengde (mill. km),2011,2011,3.3,
15,Personbiler i alt,7,Andre drivstoff,Kjorelengde,Kjørelengde (mill. km),2012,2012,4.7,
15,Personbiler i alt,7,Andre drivstoff,Kjorelengde,Kjørelengde (mill. km),2013,2013,15.8,
15,Personbiler i alt,7,Andre drivstoff,Kjorelengde,Kjørelengde (mill. km),2014,2014,12.9,
15,Personbiler i alt,7,Andre drivstoff,Kjorelengde,Kjørelengde (mill. km),2015,2015,17.2,
15,Personbiler i alt,7,Andre drivstoff,Kjorelengde,Kjørelengde (mill. km),2016,2016,0.2,
15,Personbiler i alt,7,Andre drivstoff,Kjorelengde,Kjørelengde (mill. km),2017,2017,0.2,
15,Personbiler i alt,7,Andre drivstoff,Kjorelengde,Kjørelengde (mill. km),2018,2018,0.2,
15,Personbiler i alt,7,Andre drivstoff,Kjorelengde,Kjørelengde (mill. km),2019,2019,,:
15,Personbiler i alt,7,Andre drivstoff,Kjorelengde,Kjørelengde (mill. km),2020,2020,0.2,
15,Personbiler i alt,7,Andre drivstoff,Kjorelengde,Kjørelengde (mill. km),2021,2021,0.1,
15,Personbiler i alt,7,Andre drivstoff,Kjorelengde,Kjørelengde (mill. km),2022,2022,0.1,
15,Personbiler i alt,7,Andre drivstoff,Kjorelengde,Kjørelengde (mill. km),2023,2023,0.1,
15,Personbiler i alt,7,Andre drivstoff,Kjorelengde,Kjørelengde (mill. km),2024,2024,0.1,
15,Personbiler i alt,7,Andre drivstoff,Kjorelengde,Kjørelengde (mill. km),2025,2025,0.1,
15,Personbiler i alt,7,Andre drivstoff,GjsnittKjorelengde,Gjennomsnittlig kjørelengde per kjøretøy (km),2005,2005,16598.0,
15,Personbiler i alt,7,Andre drivstoff,GjsnittKjorelengde,Gjennomsnittlig kjørelengde per kjøretøy (km),2006,2006,13746.0,
15,Personbiler i alt,7,Andre drivstoff,GjsnittKjorelengde,Gjennomsnittlig kjørelengde per kjøretøy (km),2007,2007,11077.0,
15,Personbiler i alt,7,Andre drivstoff,GjsnittKjorelengde,Gjennomsnittlig kjørelengde per kjøretøy (km),2008,2008,10746.0,
15,Personbiler i alt,7,Andre drivstoff,GjsnittKjorelengde,Gjennomsnittlig kjørelengde per kjøretøy (km),2009,2009,13123.0,
15,Personbiler i alt,7,Andre drivstoff,GjsnittKjorelengde,Gjennomsnittlig kjørelengde per kjøretøy (km),2010,2010,11549.0,
15,Personbiler i alt,7,Andre drivstoff,GjsnittKjorelengde,Gjennomsnittlig kjørelengde per kjøretøy (km),2011,2011,13479.0,
15,Personbiler i alt,7,Andre drivstoff,GjsnittKjorelengde,Gjennomsnittlig kjørelengde per kjøretøy (km),2012,2012,10328.0,
15,Personbiler i alt,7,Andre drivstoff,GjsnittKjorelengde,Gjennomsnittlig kjørelengde per kjøretøy (km),2013,2013,7117.0,
15,Personbiler i alt,7,Andre drivstoff,GjsnittKjorelengde,Gjennomsnittlig kjørelengde per kjøretøy (km),2014,2014,10804.0,
15,Personbiler i alt,7,Andre drivstoff,GjsnittKjorelengde,Gjennomsnittlig kjørelengde per kjøretøy (km),2015,2015,14561.0,
15,Personbiler i alt,7,Andre drivstoff,GjsnittKjorelengde,Gjennomsnittlig kjørelengde per kjøretøy (km),2016,2016,4498.0,
15,Personbiler i alt,7,Andre drivstoff,GjsnittKjorelengde,Gjennomsnittlig kjørelengde per kjøretøy (km),2017,2017,4442.0,
15,Personbiler i alt,7,Andre drivstoff,GjsnittKjorelengde,Gjennomsnittlig kjørelengde per kjøretøy (km),2018,2018,4696.0,
15,Personbiler i alt,7,Andre drivstoff,GjsnittKjorelengde,Gjennomsnittlig kjørelengde per kjøretøy (km),2019,2019,,:
15,Personbiler i alt,7,Andre drivstoff,GjsnittKjorelengde,Gjennomsnittlig kjørelengde per kjøretøy (km),2020,2020,3751.0,
15,Personbiler i alt,7,Andre drivstoff,GjsnittKjorelengde,Gjennomsnittlig kjørelengde per kjøretøy (km),2021,2021,1936.0,
15,Personbiler i alt,7,Andre drivstoff,GjsnittKjorelengde,Gjennomsnittlig kjørelengde per kjøretøy (km),2022,2022,5771.0,
15,Personbiler i alt,7,Andre drivstoff,GjsnittKjorelengde,Gjennomsnittlig kjørelengde per kjøretøy (km),2023,2023,3697.0,
15,Personbiler i alt,7,Andre drivstoff,GjsnittKjorelengde,Gjennomsnittlig kjørelengde per kjøretøy (km),2024,2024,3227.0,
15,Personbiler i alt,7,Andre drivstoff,GjsnittKjorelengde,Gjennomsnittlig kjørelengde per kjøretøy (km),2025,2025,4753.0,
16,Busser i alt,0,Alle typer drivstoff,Kjorelengde,Kjørelengde (mill. km),2005,2005,774.0,
16,Busser i alt,0,Alle typer drivstoff,Kjorelengde,Kjørelengde (mill. km),2006,2006,745.5,
16,Busser i alt,0,Alle typer drivstoff,Kjorelengde,Kjørelengde (mill. km),2007,2007,721.6,
16,Busser i alt,0,Alle typer drivstoff,Kjorelengde,Kjørelengde (mill. km),2008,2008,694.2,
16,Busser i alt,0,Alle typer drivstoff,Kjorelengde,Kjørelengde (mill. km),2009,2009,644.9,
16,Busser i alt,0,Alle typer drivstoff,Kjorelengde,Kjørelengde (mill. km),2010,2010,622.6,
16,Busser i alt,0,Alle typer drivstoff,Kjorelengde,Kjørelengde (mill. km),2011,2011,611.0,
16,Busser i alt,0,Alle typer drivstoff,Kjorelengde,Kjørelengde (mill. km),2012,2012,596.9,
16,Busser i alt,0,Alle typer drivstoff,Kjorelengde,Kjørelengde (mill. km),2013,2013,583.1,
16,Busser i alt,0,Alle typer drivstoff,Kjorelengde,Kjørelengde (mill. km),2014,2014,572.1,
16,Busser i alt,0,Alle typer drivstoff,Kjorelengde,Kjørelengde (mill. km),2015,2015,564.3,
16,Busser i alt,0,Alle typer drivstoff,Kjorelengde,Kjørelengde (mill. km),2016,2016,568.5,
16,Busser i alt,0,Alle typer drivstoff,Kjorelengde,Kjørelengde (mill. km),2017,2017,573.3,
16,Busser i alt,0,Alle typer drivstoff,Kjorelengde,Kjørelengde (mill. km),2018,2018,579.4,
16,Busser i alt,0,Alle typer drivstoff,Kjorelengde,Kjørelengde (mill. km),2019,2019,583.5,
16,Busser i alt,0,Alle typer drivstoff,Kjorelengde,Kjørelengde (mill. km),2020,2020,551.5,
16,Busser i alt,0,Alle typer drivstoff,Kjorelengde,Kjørelengde (mill. km),2021,2021,501.4,
16,Busser i alt,0,Alle typer drivstoff,Kjorelengde,Kjørelengde (mill. km),2022,2022,541.3,
16,Busser i alt,0,Alle typer drivstoff,Kjorelengde,Kjørelengde (mill. km),2023,2023,563.9,
16,Busser i alt,0,Alle typer drivstoff,Kjorelengde,Kjørelengde (mill. km),2024,2024,577.0,
16,Busser i alt,0,Alle typer drivstoff,Kjorelengde,Kjørelengde (mill. km),2025,2025,581.7,
16,Busser i alt,0,Alle typer drivstoff,GjsnittKjorelengde,Gjennomsnittlig kjørelengde per kjøretøy (km),2005,2005,26490.0,
16,Busser i alt,0,Alle typer drivstoff,GjsnittKjorelengde,Gjennomsnittlig kjørelengde per kjøretøy (km),2006,2006,27297.0,
16,Busser i alt,0,Alle typer drivstoff,GjsnittKjorelengde,Gjennomsnittlig kjørelengde per kjøretøy (km),2007,2007,28144.0,
16,Busser i alt,0,Alle typer drivstoff,GjsnittKjorelengde,Gjennomsnittlig kjørelengde per kjøretøy (km),2008,2008,28761.0,
16,Busser i alt,0,Alle typer drivstoff,GjsnittKjorelengde,Gjennomsnittlig kjørelengde per kjøretøy (km),2009,2009,29020.0,
16,Busser i alt,0,Alle typer drivstoff,GjsnittKjorelengde,Gjennomsnittlig kjørelengde per kjøretøy (km),2010,2010,29469.0,
16,Busser i alt,0,Alle typer drivstoff,GjsnittKjorelengde,Gjennomsnittlig kjørelengde per kjøretøy (km),2011,2011,30107.0,
16,Busser i alt,0,Alle typer drivstoff,GjsnittKjorelengde,Gjennomsnittlig kjørelengde per kjøretøy (km),2012,2012,30973.0,
16,Busser i alt,0,Alle typer drivstoff,GjsnittKjorelengde,Gjennomsnittlig kjørelengde per kjøretøy (km),2013,2013,31363.0,
16,Busser i alt,0,Alle typer drivstoff,GjsnittKjorelengde,Gjennomsnittlig kjørelengde per kjøretøy (km),2014,2014,31966.0,
16,Busser i alt,0,Alle typer drivstoff,GjsnittKjorelengde,Gjennomsnittlig kjørelengde per kjøretøy (km),2015,2015,32374.0,
16,Busser i alt,0,Alle typer drivstoff,GjsnittKjorelengde,Gjennomsnittlig kjørelengde per kjøretøy (km),2016,2016,32488.0,
16,Busser i alt,0,Alle typer drivstoff,GjsnittKjorelengde,Gjennomsnittlig kjørelengde per kjøretøy (km),2017,2017,33764.0,
16,Busser i alt,0,Alle typer drivstoff,GjsnittKjorelengde,Gjennomsnittlig kjørelengde per kjøretøy (km),2018,2018,34836.0,
16,Busser i alt,0,Alle typer drivstoff,GjsnittKjorelengde,Gjennomsnittlig kjørelengde per kjøretøy (km),2019,2019,32983.0,
16,Busser i alt,0,Alle typer drivstoff,GjsnittKjorelengde,Gjennomsnittlig kjørelengde per kjøretøy (km),2020,2020,32562.0,
16,Busser i alt,0,Alle typer drivstoff,GjsnittKjorelengde,Gjennomsnittlig kjørelengde per kjøretøy (km),2021,2021,31113.0,
16,Busser i alt,0,Alle typer drivstoff,GjsnittKjorelengde,Gjennomsnittlig kjørelengde per kjøretøy (km),2022,2022,35138.0,
16,Busser i alt,0,Alle typer drivstoff,GjsnittKjorelengde,Gjennomsnittlig kjørelengde per kjøretøy (km),2023,2023,36454.0,
16,Busser i alt,0,Alle typer drivstoff,GjsnittKjorelengde,Gjennomsnittlig kjørelengde per kjøretøy (km),2024,2024,36916.0,
16,Busser i alt,0,Alle typer drivstoff,GjsnittKjorelengde,Gjennomsnittlig kjørelengde per kjøretøy (km),2025,2025,36567.0,
16,Busser i alt,1,Bensin,Kjorelengde,Kjørelengde (mill. km),2005,2005,32.3,
16,Busser i alt,1,Bensin,Kjorelengde,Kjørelengde (mill. km),2006,2006,27.7,
16,Busser i alt,1,Bensin,Kjorelengde,Kjørelengde (mill. km),2007,2007,24.1,
16,Busser i alt,1,Bensin,Kjorelengde,Kjørelengde (mill. km),2008,2008,18.5,
16,Busser i alt,1,Bensin,Kjorelengde,Kjørelengde (mill. km),2009,2009,13.3,
16,Busser i alt,1,Bensin,Kjorelengde,Kjørelengde (mill. km),2010,2010,9.8,
16,Busser i alt,1,Bensin,Kjorelengde,Kjørelengde (mill. km),2011,2011,7.5,
16,Busser i alt,1,Bensin,Kjorelengde,Kjørelengde (mill. km),2012,2012,5.8,
16,Busser i alt,1,Bensin,Kjorelengde,Kjørelengde (mill. km),2013,2013,4.4,
16,Busser i alt,1,Bensin,Kjorelengde,Kjørelengde (mill. km),2014,2014,3.2,
16,Busser i alt,1,Bensin,Kjorelengde,Kjørelengde (mill. km),2015,2015,2.6,
16,Busser i alt,1,Bensin,Kjorelengde,Kjørelengde (mill. km),2016,2016,1.6,
16,Busser i alt,1,Bensin,Kjorelengde,Kjørelengde (mill. km),2017,2017,1.3,
16,Busser i alt,1,Bensin,Kjorelengde,Kjørelengde (mill. km),2018,2018,0.9,
16,Busser i alt,1,Bensin,Kjorelengde,Kjørelengde (mill. km),2019,2019,0.7,
16,Busser i alt,1,Bensin,Kjorelengde,Kjørelengde (mill. km),2020,2020,0.7,
16,Busser i alt,1,Bensin,Kjorelengde,Kjørelengde (mill. km),2021,2021,0.5,
16,Busser i alt,1,Bensin,Kjorelengde,Kjørelengde (mill. km),2022,2022,0.5,
16,Busser i alt,1,Bensin,Kjorelengde,Kjørelengde (mill. km),2023,2023,0.4,
16,Busser i alt,1,Bensin,Kjorelengde,Kjørelengde (mill. km),2024,2024,0.3,
16,Busser i alt,1,Bensin,Kjorelengde,Kjørelengde (mill. km),2025,2025,0.3,
16,Busser i alt,1,Bensin,GjsnittKjorelengde,Gjennomsnittlig kjørelengde per kjøretøy (km),2005,2005,14221.0,
16,Busser i alt,1,Bensin,GjsnittKjorelengde,Gjennomsnittlig kjørelengde per kjøretøy (km),2006,2006,13955.0,
16,Busser i alt,1,Bensin,GjsnittKjorelengde,Gjennomsnittlig kjørelengde per kjøretøy (km),2007,2007,14070.0,
16,Busser i alt,1,Bensin,GjsnittKjorelengde,Gjennomsnittlig kjørelengde per kjøretøy (km),2008,2008,13281.0,
16,Busser i alt,1,Bensin,GjsnittKjorelengde,Gjennomsnittlig kjørelengde per kjøretøy (km),2009,2009,12313.0,
16,Busser i alt,1,Bensin,GjsnittKjorelengde,Gjennomsnittlig kjørelengde per kjøretøy (km),2010,2010,10932.0,
16,Busser i alt,1,Bensin,GjsnittKjorelengde,Gjennomsnittlig kjørelengde per kjøretøy (km),2011,2011,10155.0,
16,Busser i alt,1,Bensin,GjsnittKjorelengde,Gjennomsnittlig kjørelengde per kjøretøy (km),2012,2012,9633.0,
16,Busser i alt,1,Bensin,GjsnittKjorelengde,Gjennomsnittlig kjørelengde per kjøretøy (km),2013,2013,8790.0,
16,Busser i alt,1,Bensin,GjsnittKjorelengde,Gjennomsnittlig kjørelengde per kjøretøy (km),2014,2014,7669.0,
16,Busser i alt,1,Bensin,GjsnittKjorelengde,Gjennomsnittlig kjørelengde per kjøretøy (km),2015,2015,7687.0,
16,Busser i alt,1,Bensin,GjsnittKjorelengde,Gjennomsnittlig kjørelengde per kjøretøy (km),2016,2016,5799.0,
16,Busser i alt,1,Bensin,GjsnittKjorelengde,Gjennomsnittlig kjørelengde per kjøretøy (km),2017,2017,5320.0,
16,Busser i alt,1,Bensin,GjsnittKjorelengde,Gjennomsnittlig kjørelengde per kjøretøy (km),2018,2018,4888.0,
16,Busser i alt,1,Bensin,GjsnittKjorelengde,Gjennomsnittlig kjørelengde per kjøretøy (km),2019,2019,3960.0,
16,Busser i alt,1,Bensin,GjsnittKjorelengde,Gjennomsnittlig kjørelengde per kjøretøy (km),2020,2020,4538.0,
16,Busser i alt,1,Bensin,GjsnittKjorelengde,Gjennomsnittlig kjørelengde per kjøretøy (km),2021,2021,3577.0,
16,Busser i alt,1,Bensin,GjsnittKjorelengde,Gjennomsnittlig kjørelengde per kjøretøy (km),2022,2022,3998.0,
16,Busser i alt,1,Bensin,GjsnittKjorelengde,Gjennomsnittlig kjørelengde per kjøretøy (km),2023,2023,3255.0,
16,Busser i alt,1,Bensin,GjsnittKjorelengde,Gjennomsnittlig kjørelengde per kjøretøy (km),2024,2024,3224.0,
16,Busser i alt,1,Bensin,GjsnittKjorelengde,Gjennomsnittlig kjørelengde per kjøretøy (km),2025,2025,2869.0,
16,Busser i alt,2,Diesel,Kjorelengde,Kjørelengde (mill. km),2005,2005,736.0,
16,Busser i alt,2,Diesel,Kjorelengde,Kjørelengde (mill. km),2006,2006,710.7,
16,Busser i alt,2,Diesel,Kjorelengde,Kjørelengde (mill. km),2007,2007,690.1,
16,Busser i alt,2,Diesel,Kjorelengde,Kjørelengde (mill. km),2008,2008,666.6,
16,Busser i alt,2,Diesel,Kjorelengde,Kjørelengde (mill. km),2009,2009,622.0,
16,Busser i alt,2,Diesel,Kjorelengde,Kjørelengde (mill. km),2010,2010,601.8,
16,Busser i alt,2,Diesel,Kjorelengde,Kjørelengde (mill. km),2011,2011,587.1,
16,Busser i alt,2,Diesel,Kjorelengde,Kjørelengde (mill. km),2012,2012,566.1,
16,Busser i alt,2,Diesel,Kjorelengde,Kjørelengde (mill. km),2013,2013,546.2,
16,Busser i alt,2,Diesel,Kjorelengde,Kjørelengde (mill. km),2014,2014,536.0,
16,Busser i alt,2,Diesel,Kjorelengde,Kjørelengde (mill. km),2015,2015,525.6,
16,Busser i alt,2,Diesel,Kjorelengde,Kjørelengde (mill. km),2016,2016,525.0,
16,Busser i alt,2,Diesel,Kjorelengde,Kjørelengde (mill. km),2017,2017,526.0,
16,Busser i alt,2,Diesel,Kjorelengde,Kjørelengde (mill. km),2018,2018,520.5,
16,Busser i alt,2,Diesel,Kjorelengde,Kjørelengde (mill. km),2019,2019,517.7,
16,Busser i alt,2,Diesel,Kjorelengde,Kjørelengde (mill. km),2020,2020,476.6,
16,Busser i alt,2,Diesel,Kjorelengde,Kjørelengde (mill. km),2021,2021,418.7,
16,Busser i alt,2,Diesel,Kjorelengde,Kjørelengde (mill. km),2022,2022,445.0,
16,Busser i alt,2,Diesel,Kjorelengde,Kjørelengde (mill. km),2023,2023,450.4,
16,Busser i alt,2,Diesel,Kjorelengde,Kjørelengde (mill. km),2024,2024,444.9,
16,Busser i alt,2,Diesel,Kjorelengde,Kjørelengde (mill. km),2025,2025,425.1,
16,Busser i alt,2,Diesel,GjsnittKjorelengde,Gjennomsnittlig kjørelengde per kjøretøy (km),2005,2005,27423.0,
16,Busser i alt,2,Diesel,GjsnittKjorelengde,Gjennomsnittlig kjørelengde per kjøretøy (km),2006,2006,28217.0,
16,Busser i alt,2,Diesel,GjsnittKjorelengde,Gjennomsnittlig kjørelengde per kjøretøy (km),2007,2007,29004.0,
16,Busser i alt,2,Diesel,GjsnittKjorelengde,Gjennomsnittlig kjørelengde per kjøretøy (km),2008,2008,29552.0,
16,Busser i alt,2,Diesel,GjsnittKjorelengde,Gjennomsnittlig kjørelengde per kjøretøy (km),2009,2009,29676.0,
16,Busser i alt,2,Diesel,GjsnittKjorelengde,Gjennomsnittlig kjørelengde per kjøretøy (km),2010,2010,30126.0,
16,Busser i alt,2,Diesel,GjsnittKjorelengde,Gjennomsnittlig kjørelengde per kjøretøy (km),2011,2011,30805.0,
16,Busser i alt,2,Diesel,GjsnittKjorelengde,Gjennomsnittlig kjørelengde per kjøretøy (km),2012,2012,31221.0,
16,Busser i alt,2,Diesel,GjsnittKjorelengde,Gjennomsnittlig kjørelengde per kjøretøy (km),2013,2013,31231.0,
16,Busser i alt,2,Diesel,GjsnittKjorelengde,Gjennomsnittlig kjørelengde per kjøretøy (km),2014,2014,31802.0,
16,Busser i alt,2,Diesel,GjsnittKjorelengde,Gjennomsnittlig kjørelengde per kjøretøy (km),2015,2015,32046.0,
16,Busser i alt,2,Diesel,GjsnittKjorelengde,Gjennomsnittlig kjørelengde per kjøretøy (km),2016,2016,31957.0,
16,Busser i alt,2,Diesel,GjsnittKjorelengde,Gjennomsnittlig kjørelengde per kjøretøy (km),2017,2017,33222.0,
16,Busser i alt,2,Diesel,GjsnittKjorelengde,Gjennomsnittlig kjørelengde per kjøretøy (km),2018,2018,33744.0,
16,Busser i alt,2,Diesel,GjsnittKjorelengde,Gjennomsnittlig kjørelengde per kjøretøy (km),2019,2019,32144.0,
16,Busser i alt,2,Diesel,GjsnittKjorelengde,Gjennomsnittlig kjørelengde per kjøretøy (km),2020,2020,31346.0,
16,Busser i alt,2,Diesel,GjsnittKjorelengde,Gjennomsnittlig kjørelengde per kjøretøy (km),2021,2021,28917.0,
16,Busser i alt,2,Diesel,GjsnittKjorelengde,Gjennomsnittlig kjørelengde per kjøretøy (km),2022,2022,33012.0,
16,Busser i alt,2,Diesel,GjsnittKjorelengde,Gjennomsnittlig kjørelengde per kjøretøy (km),2023,2023,34811.0,
16,Busser i alt,2,Diesel,GjsnittKjorelengde,Gjennomsnittlig kjørelengde per kjøretøy (km),2024,2024,34596.0,
16,Busser i alt,2,Diesel,GjsnittKjorelengde,Gjennomsnittlig kjørelengde per kjøretøy (km),2025,2025,34290.0,
16,Busser i alt,18,Elektrisitet,Kjorelengde,Kjørelengde (mill. km),2005,2005,0.4,
16,Busser i alt,18,Elektrisitet,Kjorelengde,Kjørelengde (mill. km),2006,2006,0.5,
16,Busser i alt,18,Elektrisitet,Kjorelengde,Kjørelengde (mill. km),2007,2007,0.4,
16,Busser i alt,18,Elektrisitet,Kjorelengde,Kjørelengde (mill. km),2008,2008,0.4,
16,Busser i alt,18,Elektrisitet,Kjorelengde,Kjørelengde (mill. km),2009,2009,0.4,
16,Busser i alt,18,Elektrisitet,Kjorelengde,Kjørelengde (mill. km),2010,2010,0.3,
16,Busser i alt,18,Elektrisitet,Kjorelengde,Kjørelengde (mill. km),2011,2011,0.2,
16,Busser i alt,18,Elektrisitet,Kjorelengde,Kjørelengde (mill. km),2012,2012,0.3,
16,Busser i alt,18,Elektrisitet,Kjorelengde,Kjørelengde (mill. km),2013,2013,0.4,
16,Busser i alt,18,Elektrisitet,Kjorelengde,Kjørelengde (mill. km),2014,2014,0.3,
16,Busser i alt,18,Elektrisitet,Kjorelengde,Kjørelengde (mill. km),2015,2015,0.3,
16,Busser i alt,18,Elektrisitet,Kjorelengde,Kjørelengde (mill. km),2016,2016,0.3,
16,Busser i alt,18,Elektrisitet,Kjorelengde,Kjørelengde (mill. km),2017,2017,0.8,
16,Busser i alt,18,Elektrisitet,Kjorelengde,Kjørelengde (mill. km),2018,2018,1.5,
16,Busser i alt,18,Elektrisitet,Kjorelengde,Kjørelengde (mill. km),2019,2019,3.8,
16,Busser i alt,18,Elektrisitet,Kjorelengde,Kjørelengde (mill. km),2020,2020,14.2,
16,Busser i alt,18,Elektrisitet,Kjorelengde,Kjørelengde (mill. km),2021,2021,24.8,
16,Busser i alt,18,Elektrisitet,Kjorelengde,Kjørelengde (mill. km),2022,2022,37.6,
16,Busser i alt,18,Elektrisitet,Kjorelengde,Kjørelengde (mill. km),2023,2023,58.3,
16,Busser i alt,18,Elektrisitet,Kjorelengde,Kjørelengde (mill. km),2024,2024,80.8,
16,Busser i alt,18,Elektrisitet,Kjorelengde,Kjørelengde (mill. km),2025,2025,107.2,
16,Busser i alt,18,Elektrisitet,GjsnittKjorelengde,Gjennomsnittlig kjørelengde per kjøretøy (km),2005,2005,48252.0,
16,Busser i alt,18,Elektrisitet,GjsnittKjorelengde,Gjennomsnittlig kjørelengde per kjøretøy (km),2006,2006,57059.0,
16,Busser i alt,18,Elektrisitet,GjsnittKjorelengde,Gjennomsnittlig kjørelengde per kjøretøy (km),2007,2007,49421.0,
16,Busser i alt,18,Elektrisitet,GjsnittKjorelengde,Gjennomsnittlig kjørelengde per kjøretøy (km),2008,2008,39608.0,
16,Busser i alt,18,Elektrisitet,GjsnittKjorelengde,Gjennomsnittlig kjørelengde per kjøretøy (km),2009,2009,39491.0,
16,Busser i alt,18,Elektrisitet,GjsnittKjorelengde,Gjennomsnittlig kjørelengde per kjøretøy (km),2010,2010,29540.0,
16,Busser i alt,18,Elektrisitet,GjsnittKjorelengde,Gjennomsnittlig kjørelengde per kjøretøy (km),2011,2011,26039.0,
16,Busser i alt,18,Elektrisitet,GjsnittKjorelengde,Gjennomsnittlig kjørelengde per kjøretøy (km),2012,2012,36634.0,
16,Busser i alt,18,Elektrisitet,GjsnittKjorelengde,Gjennomsnittlig kjørelengde per kjøretøy (km),2013,2013,42381.0,
16,Busser i alt,18,Elektrisitet,GjsnittKjorelengde,Gjennomsnittlig kjørelengde per kjøretøy (km),2014,2014,28713.0,
16,Busser i alt,18,Elektrisitet,GjsnittKjorelengde,Gjennomsnittlig kjørelengde per kjøretøy (km),2015,2015,27747.0,
16,Busser i alt,18,Elektrisitet,GjsnittKjorelengde,Gjennomsnittlig kjørelengde per kjøretøy (km),2016,2016,26328.0,
16,Busser i alt,18,Elektrisitet,GjsnittKjorelengde,Gjennomsnittlig kjørelengde per kjøretøy (km),2017,2017,28478.0,
16,Busser i alt,18,Elektrisitet,GjsnittKjorelengde,Gjennomsnittlig kjørelengde per kjøretøy (km),2018,2018,33927.0,
16,Busser i alt,18,Elektrisitet,GjsnittKjorelengde,Gjennomsnittlig kjørelengde per kjøretøy (km),2019,2019,18682.0,
16,Busser i alt,18,Elektrisitet,GjsnittKjorelengde,Gjennomsnittlig kjørelengde per kjøretøy (km),2020,2020,30955.0,
16,Busser i alt,18,Elektrisitet,GjsnittKjorelengde,Gjennomsnittlig kjørelengde per kjøretøy (km),2021,2021,44404.0,
16,Busser i alt,18,Elektrisitet,GjsnittKjorelengde,Gjennomsnittlig kjørelengde per kjøretøy (km),2022,2022,44470.0,
16,Busser i alt,18,Elektrisitet,GjsnittKjorelengde,Gjennomsnittlig kjørelengde per kjøretøy (km),2023,2023,41250.0,
16,Busser i alt,18,Elektrisitet,GjsnittKjorelengde,Gjennomsnittlig kjørelengde per kjøretøy (km),2024,2024,45627.0,
16,Busser i alt,18,Elektrisitet,GjsnittKjorelengde,Gjennomsnittlig kjørelengde per kjøretøy (km),2025,2025,42673.0,
16,Busser i alt,14,"Bensin hybrid, ladbar",Kjorelengde,Kjørelengde (mill. km),2005,2005,,.
16,Busser i alt,14,"Bensin hybrid, ladbar",Kjorelengde,Kjørelengde (mill. km),2006,2006,,.
16,Busser i alt,14,"Bensin hybrid, ladbar",Kjorelengde,Kjørelengde (mill. km),2007,2007,,.
16,Busser i alt,14,"Bensin hybrid, ladbar",Kjorelengde,Kjørelengde (mill. km),2008,2008,,.
16,Busser i alt,14,"Bensin hybrid, ladbar",Kjorelengde,Kjørelengde (mill. km),2009,2009,,.
16,Busser i alt,14,"Bensin hybrid, ladbar",Kjorelengde,Kjørelengde (mill. km),2010,2010,,.
16,Busser i alt,14,"Bensin hybrid, ladbar",Kjorelengde,Kjørelengde (mill. km),2011,2011,,.
16,Busser i alt,14,"Bensin hybrid, ladbar",Kjorelengde,Kjørelengde (mill. km),2012,2012,,.
16,Busser i alt,14,"Bensin hybrid, ladbar",Kjorelengde,Kjørelengde (mill. km),2013,2013,,.
16,Busser i alt,14,"Bensin hybrid, ladbar",Kjorelengde,Kjørelengde (mill. km),2014,2014,,.
16,Busser i alt,14,"Bensin hybrid, ladbar",Kjorelengde,Kjørelengde (mill. km),2015,2015,,.
16,Busser i alt,14,"Bensin hybrid, ladbar",Kjorelengde,Kjørelengde (mill. km),2016,2016,,.
16,Busser i alt,14,"Bensin hybrid, ladbar",Kjorelengde,Kjørelengde (mill. km),2017,2017,,.
16,Busser i alt,14,"Bensin hybrid, ladbar",Kjorelengde,Kjørelengde (mill. km),2018,2018,,.
16,Busser i alt,14,"Bensin hybrid, ladbar",Kjorelengde,Kjørelengde (mill. km),2019,2019,,.
16,Busser i alt,14,"Bensin hybrid, ladbar",Kjorelengde,Kjørelengde (mill. km),2020,2020,,.
16,Busser i alt,14,"Bensin hybrid, ladbar",Kjorelengde,Kjørelengde (mill. km),2021,2021,,.
16,Busser i alt,14,"Bensin hybrid, ladbar",Kjorelengde,Kjørelengde (mill. km),2022,2022,,.
16,Busser i alt,14,"Bensin hybrid, ladbar",Kjorelengde,Kjørelengde (mill. km),2023,2023,,.
16,Busser i alt,14,"Bensin hybrid, ladbar",Kjorelengde,Kjørelengde (mill. km),2024,2024,,.
16,Busser i alt,14,"Bensin hybrid, ladbar",Kjorelengde,Kjørelengde (mill. km),2025,2025,,.
16,Busser i alt,14,"Bensin hybrid, ladbar",GjsnittKjorelengde,Gjennomsnittlig kjørelengde per kjøretøy (km),2005,2005,,.
16,Busser i alt,14,"Bensin hybrid, ladbar",GjsnittKjorelengde,Gjennomsnittlig kjørelengde per kjøretøy (km),2006,2006,,.
16,Busser i alt,14,"Bensin hybrid, ladbar",GjsnittKjorelengde,Gjennomsnittlig kjørelengde per kjøretøy (km),2007,2007,,.
16,Busser i alt,14,"Bensin hybrid, ladbar",GjsnittKjorelengde,Gjennomsnittlig kjørelengde per kjøretøy (km),2008,2008,,.
16,Busser i alt,14,"Bensin hybrid, ladbar",GjsnittKjorelengde,Gjennomsnittlig kjørelengde per kjøretøy (km),2009,2009,,.
16,Busser i alt,14,"Bensin hybrid, ladbar",GjsnittKjorelengde,Gjennomsnittlig kjørelengde per kjøretøy (km),2010,2010,,.
16,Busser i alt,14,"Bensin hybrid, ladbar",GjsnittKjorelengde,Gjennomsnittlig kjørelengde per kjøretøy (km),2011,2011,,.
16,Busser i alt,14,"Bensin hybrid, ladbar",GjsnittKjorelengde,Gjennomsnittlig kjørelengde per kjøretøy (km),2012,2012,,.
16,Busser i alt,14,"Bensin hybrid, ladbar",GjsnittKjorelengde,Gjennomsnittlig kjørelengde per kjøretøy (km),2013,2013,,.
16,Busser i alt,14,"Bensin hybrid, ladbar",GjsnittKjorelengde,Gjennomsnittlig kjørelengde per kjøretøy (km),2014,2014,,.
16,Busser i alt,14,"Bensin hybrid, ladbar",GjsnittKjorelengde,Gjennomsnittlig kjørelengde per kjøretøy (km),2015,2015,,.
16,Busser i alt,14,"Bensin hybrid, ladbar",GjsnittKjorelengde,Gjennomsnittlig kjørelengde per kjøretøy (km),2016,2016,,.
16,Busser i alt,14,"Bensin hybrid, ladbar",GjsnittKjorelengde,Gjennomsnittlig kjørelengde per kjøretøy (km),2017,2017,,.
16,Busser i alt,14,"Bensin hybrid, ladbar",GjsnittKjorelengde,Gjennomsnittlig kjørelengde per kjøretøy (km),2018,2018,,.
16,Busser i alt,14,"Bensin hybrid, ladbar",GjsnittKjorelengde,Gjennomsnittlig kjørelengde per kjøretøy (km),2019,2019,,.
16,Busser i alt,14,"Bensin hybrid, ladbar",GjsnittKjorelengde,Gjennomsnittlig kjørelengde per kjøretøy (km),2020,2020,,.
16,Busser i alt,14,"Bensin hybrid, ladbar",GjsnittKjorelengde,Gjennomsnittlig kjørelengde per kjøretøy (km),2021,2021,,.
16,Busser i alt,14,"Bensin hybrid, ladbar",GjsnittKjorelengde,Gjennomsnittlig kjørelengde per kjøretøy (km),2022,2022,,.
16,Busser i alt,14,"Bensin hybrid, ladbar",GjsnittKjorelengde,Gjennomsnittlig kjørelengde per kjøretøy (km),2023,2023,,.
16,Busser i alt,14,"Bensin hybrid, ladbar",GjsnittKjorelengde,Gjennomsnittlig kjørelengde per kjøretøy (km),2024,2024,,.
16,Busser i alt,14,"Bensin hybrid, ladbar",GjsnittKjorelengde,Gjennomsnittlig kjørelengde per kjøretøy (km),2025,2025,,.
16,Busser i alt,15,"Bensin hybrid, ikke ladbar",Kjorelengde,Kjørelengde (mill. km),2005,2005,,.
16,Busser i alt,15,"Bensin hybrid, ikke ladbar",Kjorelengde,Kjørelengde (mill. km),2006,2006,,.
16,Busser i alt,15,"Bensin hybrid, ikke ladbar",Kjorelengde,Kjørelengde (mill. km),2007,2007,,.
16,Busser i alt,15,"Bensin hybrid, ikke ladbar",Kjorelengde,Kjørelengde (mill. km),2008,2008,,.
16,Busser i alt,15,"Bensin hybrid, ikke ladbar",Kjorelengde,Kjørelengde (mill. km),2009,2009,,.
16,Busser i alt,15,"Bensin hybrid, ikke ladbar",Kjorelengde,Kjørelengde (mill. km),2010,2010,,.
16,Busser i alt,15,"Bensin hybrid, ikke ladbar",Kjorelengde,Kjørelengde (mill. km),2011,2011,,.
16,Busser i alt,15,"Bensin hybrid, ikke ladbar",Kjorelengde,Kjørelengde (mill. km),2012,2012,,.
16,Busser i alt,15,"Bensin hybrid, ikke ladbar",Kjorelengde,Kjørelengde (mill. km),2013,2013,,.
16,Busser i alt,15,"Bensin hybrid, ikke ladbar",Kjorelengde,Kjørelengde (mill. km),2014,2014,,.
16,Busser i alt,15,"Bensin hybrid, ikke ladbar",Kjorelengde,Kjørelengde (mill. km),2015,2015,,.
16,Busser i alt,15,"Bensin hybrid, ikke ladbar",Kjorelengde,Kjørelengde (mill. km),2016,2016,,.
16,Busser i alt,15,"Bensin hybrid, ikke ladbar",Kjorelengde,Kjørelengde (mill. km),2017,2017,,.
16,Busser i alt,15,"Bensin hybrid, ikke ladbar",Kjorelengde,Kjørelengde (mill. km),2018,2018,,.
16,Busser i alt,15,"Bensin hybrid, ikke ladbar",Kjorelengde,Kjørelengde (mill. km),2019,2019,,.
16,Busser i alt,15,"Bensin hybrid, ikke ladbar",Kjorelengde,Kjørelengde (mill. km),2020,2020,,.
16,Busser i alt,15,"Bensin hybrid, ikke ladbar",Kjorelengde,Kjørelengde (mill. km),2021,2021,,.
16,Busser i alt,15,"Bensin hybrid, ikke ladbar",Kjorelengde,Kjørelengde (mill. km),2022,2022,,.
16,Busser i alt,15,"Bensin hybrid, ikke ladbar",Kjorelengde,Kjørelengde (mill. km),2023,2023,,.
16,Busser i alt,15,"Bensin hybrid, ikke ladbar",Kjorelengde,Kjørelengde (mill. km),2024,2024,,.
16,Busser i alt,15,"Bensin hybrid, ikke ladbar",Kjorelengde,Kjørelengde (mill. km),2025,2025,,.
16,Busser i alt,15,"Bensin hybrid, ikke ladbar",GjsnittKjorelengde,Gjennomsnittlig kjørelengde per kjøretøy (km),2005,2005,,.
16,Busser i alt,15,"Bensin hybrid, ikke ladbar",GjsnittKjorelengde,Gjennomsnittlig kjørelengde per kjøretøy (km),2006,2006,,.
16,Busser i alt,15,"Bensin hybrid, ikke ladbar",GjsnittKjorelengde,Gjennomsnittlig kjørelengde per kjøretøy (km),2007,2007,,.
16,Busser i alt,15,"Bensin hybrid, ikke ladbar",GjsnittKjorelengde,Gjennomsnittlig kjørelengde per kjøretøy (km),2008,2008,,.
16,Busser i alt,15,"Bensin hybrid, ikke ladbar",GjsnittKjorelengde,Gjennomsnittlig kjørelengde per kjøretøy (km),2009,2009,,.
16,Busser i alt,15,"Bensin hybrid, ikke ladbar",GjsnittKjorelengde,Gjennomsnittlig kjørelengde per kjøretøy (km),2010,2010,,.
16,Busser i alt,15,"Bensin hybrid, ikke ladbar",GjsnittKjorelengde,Gjennomsnittlig kjørelengde per kjøretøy (km),2011,2011,,.
16,Busser i alt,15,"Bensin hybrid, ikke ladbar",GjsnittKjorelengde,Gjennomsnittlig kjørelengde per kjøretøy (km),2012,2012,,.
16,Busser i alt,15,"Bensin hybrid, ikke ladbar",GjsnittKjorelengde,Gjennomsnittlig kjørelengde per kjøretøy (km),2013,2013,,.
16,Busser i alt,15,"Bensin hybrid, ikke ladbar",GjsnittKjorelengde,Gjennomsnittlig kjørelengde per kjøretøy (km),2014,2014,,.
16,Busser i alt,15,"Bensin hybrid, ikke ladbar",GjsnittKjorelengde,Gjennomsnittlig kjørelengde per kjøretøy (km),2015,2015,,.
16,Busser i alt,15,"Bensin hybrid, ikke ladbar",GjsnittKjorelengde,Gjennomsnittlig kjørelengde per kjøretøy (km),2016,2016,,.
16,Busser i alt,15,"Bensin hybrid, ikke ladbar",GjsnittKjorelengde,Gjennomsnittlig kjørelengde per kjøretøy (km),2017,2017,,.
16,Busser i alt,15,"Bensin hybrid, ikke ladbar",GjsnittKjorelengde,Gjennomsnittlig kjørelengde per kjøretøy (km),2018,2018,,.
16,Busser i alt,15,"Bensin hybrid, ikke ladbar",GjsnittKjorelengde,Gjennomsnittlig kjørelengde per kjøretøy (km),2019,2019,,.
16,Busser i alt,15,"Bensin hybrid, ikke ladbar",GjsnittKjorelengde,Gjennomsnittlig kjørelengde per kjøretøy (km),2020,2020,,.
16,Busser i alt,15,"Bensin hybrid, ikke ladbar",GjsnittKjorelengde,Gjennomsnittlig kjørelengde per kjøretøy (km),2021,2021,,.
16,Busser i alt,15,"Bensin hybrid, ikke ladbar",GjsnittKjorelengde,Gjennomsnittlig kjørelengde per kjøretøy (km),2022,2022,,.
16,Busser i alt,15,"Bensin hybrid, ikke ladbar",GjsnittKjorelengde,Gjennomsnittlig kjørelengde per kjøretøy (km),2023,2023,,.
16,Busser i alt,15,"Bensin hybrid, ikke ladbar",GjsnittKjorelengde,Gjennomsnittlig kjørelengde per kjøretøy (km),2024,2024,,.
16,Busser i alt,15,"Bensin hybrid, ikke ladbar",GjsnittKjorelengde,Gjennomsnittlig kjørelengde per kjøretøy (km),2025,2025,,.
16,Busser i alt,16,"Diesel hybrid, ladbar",Kjorelengde,Kjørelengde (mill. km),2005,2005,,.
16,Busser i alt,16,"Diesel hybrid, ladbar",Kjorelengde,Kjørelengde (mill. km),2006,2006,,.
16,Busser i alt,16,"Diesel hybrid, ladbar",Kjorelengde,Kjørelengde (mill. km),2007,2007,,.
16,Busser i alt,16,"Diesel hybrid, ladbar",Kjorelengde,Kjørelengde (mill. km),2008,2008,,.
16,Busser i alt,16,"Diesel hybrid, ladbar",Kjorelengde,Kjørelengde (mill. km),2009,2009,,.
16,Busser i alt,16,"Diesel hybrid, ladbar",Kjorelengde,Kjørelengde (mill. km),2010,2010,,.
16,Busser i alt,16,"Diesel hybrid, ladbar",Kjorelengde,Kjørelengde (mill. km),2011,2011,,.
16,Busser i alt,16,"Diesel hybrid, ladbar",Kjorelengde,Kjørelengde (mill. km),2012,2012,,.
16,Busser i alt,16,"Diesel hybrid, ladbar",Kjorelengde,Kjørelengde (mill. km),2013,2013,,.
16,Busser i alt,16,"Diesel hybrid, ladbar",Kjorelengde,Kjørelengde (mill. km),2014,2014,,.
16,Busser i alt,16,"Diesel hybrid, ladbar",Kjorelengde,Kjørelengde (mill. km),2015,2015,,.
16,Busser i alt,16,"Diesel hybrid, ladbar",Kjorelengde,Kjørelengde (mill. km),2016,2016,,.
16,Busser i alt,16,"Diesel hybrid, ladbar",Kjorelengde,Kjørelengde (mill. km),2017,2017,,.
16,Busser i alt,16,"Diesel hybrid, ladbar",Kjorelengde,Kjørelengde (mill. km),2018,2018,,:
16,Busser i alt,16,"Diesel hybrid, ladbar",Kjorelengde,Kjørelengde (mill. km),2019,2019,,:
16,Busser i alt,16,"Diesel hybrid, ladbar",Kjorelengde,Kjørelengde (mill. km),2020,2020,3.4,
16,Busser i alt,16,"Diesel hybrid, ladbar",Kjorelengde,Kjørelengde (mill. km),2021,2021,3.4,
16,Busser i alt,16,"Diesel hybrid, ladbar",Kjorelengde,Kjørelengde (mill. km),2022,2022,3.2,
16,Busser i alt,16,"Diesel hybrid, ladbar",Kjorelengde,Kjørelengde (mill. km),2023,2023,3.1,
16,Busser i alt,16,"Diesel hybrid, ladbar",Kjorelengde,Kjørelengde (mill. km),2024,2024,3.2,
16,Busser i alt,16,"Diesel hybrid, ladbar",Kjorelengde,Kjørelengde (mill. km),2025,2025,3.3,
16,Busser i alt,16,"Diesel hybrid, ladbar",GjsnittKjorelengde,Gjennomsnittlig kjørelengde per kjøretøy (km),2005,2005,,.
16,Busser i alt,16,"Diesel hybrid, ladbar",GjsnittKjorelengde,Gjennomsnittlig kjørelengde per kjøretøy (km),2006,2006,,.
16,Busser i alt,16,"Diesel hybrid, ladbar",GjsnittKjorelengde,Gjennomsnittlig kjørelengde per kjøretøy (km),2007,2007,,.
16,Busser i alt,16,"Diesel hybrid, ladbar",GjsnittKjorelengde,Gjennomsnittlig kjørelengde per kjøretøy (km),2008,2008,,.
16,Busser i alt,16,"Diesel hybrid, ladbar",GjsnittKjorelengde,Gjennomsnittlig kjørelengde per kjøretøy (km),2009,2009,,.
16,Busser i alt,16,"Diesel hybrid, ladbar",GjsnittKjorelengde,Gjennomsnittlig kjørelengde per kjøretøy (km),2010,2010,,.
16,Busser i alt,16,"Diesel hybrid, ladbar",GjsnittKjorelengde,Gjennomsnittlig kjørelengde per kjøretøy (km),2011,2011,,.
16,Busser i alt,16,"Diesel hybrid, ladbar",GjsnittKjorelengde,Gjennomsnittlig kjørelengde per kjøretøy (km),2012,2012,,.
16,Busser i alt,16,"Diesel hybrid, ladbar",GjsnittKjorelengde,Gjennomsnittlig kjørelengde per kjøretøy (km),2013,2013,,.
16,Busser i alt,16,"Diesel hybrid, ladbar",GjsnittKjorelengde,Gjennomsnittlig kjørelengde per kjøretøy (km),2014,2014,,.
16,Busser i alt,16,"Diesel hybrid, ladbar",GjsnittKjorelengde,Gjennomsnittlig kjørelengde per kjøretøy (km),2015,2015,,.
16,Busser i alt,16,"Diesel hybrid, ladbar",GjsnittKjorelengde,Gjennomsnittlig kjørelengde per kjøretøy (km),2016,2016,,.
16,Busser i alt,16,"Diesel hybrid, ladbar",GjsnittKjorelengde,Gjennomsnittlig kjørelengde per kjøretøy (km),2017,2017,,.
16,Busser i alt,16,"Diesel hybrid, ladbar",GjsnittKjorelengde,Gjennomsnittlig kjørelengde per kjøretøy (km),2018,2018,,:
16,Busser i alt,16,"Diesel hybrid, ladbar",GjsnittKjorelengde,Gjennomsnittlig kjørelengde per kjøretøy (km),2019,2019,,:
16,Busser i alt,16,"Diesel hybrid, ladbar",GjsnittKjorelengde,Gjennomsnittlig kjørelengde per kjøretøy (km),2020,2020,63630.0,
16,Busser i alt,16,"Diesel hybrid, ladbar",GjsnittKjorelengde,Gjennomsnittlig kjørelengde per kjøretøy (km),2021,2021,62236.0,
16,Busser i alt,16,"Diesel hybrid, ladbar",GjsnittKjorelengde,Gjennomsnittlig kjørelengde per kjøretøy (km),2022,2022,59707.0,
16,Busser i alt,16,"Diesel hybrid, ladbar",GjsnittKjorelengde,Gjennomsnittlig kjørelengde per kjøretøy (km),2023,2023,58456.0,
16,Busser i alt,16,"Diesel hybrid, ladbar",GjsnittKjorelengde,Gjennomsnittlig kjørelengde per kjøretøy (km),2024,2024,59632.0,
16,Busser i alt,16,"Diesel hybrid, ladbar",GjsnittKjorelengde,Gjennomsnittlig kjørelengde per kjøretøy (km),2025,2025,57542.0,
16,Busser i alt,17,"Diesel hybrid, ikke ladbar",Kjorelengde,Kjørelengde (mill. km),2005,2005,,.
16,Busser i alt,17,"Diesel hybrid, ikke ladbar",Kjorelengde,Kjørelengde (mill. km),2006,2006,,.
16,Busser i alt,17,"Diesel hybrid, ikke ladbar",Kjorelengde,Kjørelengde (mill. km),2007,2007,,.
16,Busser i alt,17,"Diesel hybrid, ikke ladbar",Kjorelengde,Kjørelengde (mill. km),2008,2008,,.
16,Busser i alt,17,"Diesel hybrid, ikke ladbar",Kjorelengde,Kjørelengde (mill. km),2009,2009,,.
16,Busser i alt,17,"Diesel hybrid, ikke ladbar",Kjorelengde,Kjørelengde (mill. km),2010,2010,,.
16,Busser i alt,17,"Diesel hybrid, ikke ladbar",Kjorelengde,Kjørelengde (mill. km),2011,2011,,.
16,Busser i alt,17,"Diesel hybrid, ikke ladbar",Kjorelengde,Kjørelengde (mill. km),2012,2012,,.
16,Busser i alt,17,"Diesel hybrid, ikke ladbar",Kjorelengde,Kjørelengde (mill. km),2013,2013,,.
16,Busser i alt,17,"Diesel hybrid, ikke ladbar",Kjorelengde,Kjørelengde (mill. km),2014,2014,,.
16,Busser i alt,17,"Diesel hybrid, ikke ladbar",Kjorelengde,Kjørelengde (mill. km),2015,2015,,.
16,Busser i alt,17,"Diesel hybrid, ikke ladbar",Kjorelengde,Kjørelengde (mill. km),2016,2016,3.1,
16,Busser i alt,17,"Diesel hybrid, ikke ladbar",Kjorelengde,Kjørelengde (mill. km),2017,2017,3.6,
16,Busser i alt,17,"Diesel hybrid, ikke ladbar",Kjorelengde,Kjørelengde (mill. km),2018,2018,7.2,
16,Busser i alt,17,"Diesel hybrid, ikke ladbar",Kjorelengde,Kjørelengde (mill. km),2019,2019,11.3,
16,Busser i alt,17,"Diesel hybrid, ikke ladbar",Kjorelengde,Kjørelengde (mill. km),2020,2020,9.5,
16,Busser i alt,17,"Diesel hybrid, ikke ladbar",Kjorelengde,Kjørelengde (mill. km),2021,2021,8.6,
16,Busser i alt,17,"Diesel hybrid, ikke ladbar",Kjorelengde,Kjørelengde (mill. km),2022,2022,8.7,
16,Busser i alt,17,"Diesel hybrid, ikke ladbar",Kjorelengde,Kjørelengde (mill. km),2023,2023,8.6,
16,Busser i alt,17,"Diesel hybrid, ikke ladbar",Kjorelengde,Kjørelengde (mill. km),2024,2024,9.2,
16,Busser i alt,17,"Diesel hybrid, ikke ladbar",Kjorelengde,Kjørelengde (mill. km),2025,2025,8.5,
16,Busser i alt,17,"Diesel hybrid, ikke ladbar",GjsnittKjorelengde,Gjennomsnittlig kjørelengde per kjøretøy (km),2005,2005,,.
16,Busser i alt,17,"Diesel hybrid, ikke ladbar",GjsnittKjorelengde,Gjennomsnittlig kjørelengde per kjøretøy (km),2006,2006,,.
16,Busser i alt,17,"Diesel hybrid, ikke ladbar",GjsnittKjorelengde,Gjennomsnittlig kjørelengde per kjøretøy (km),2007,2007,,.
16,Busser i alt,17,"Diesel hybrid, ikke ladbar",GjsnittKjorelengde,Gjennomsnittlig kjørelengde per kjøretøy (km),2008,2008,,.
16,Busser i alt,17,"Diesel hybrid, ikke ladbar",GjsnittKjorelengde,Gjennomsnittlig kjørelengde per kjøretøy (km),2009,2009,,.
16,Busser i alt,17,"Diesel hybrid, ikke ladbar",GjsnittKjorelengde,Gjennomsnittlig kjørelengde per kjøretøy (km),2010,2010,,.
16,Busser i alt,17,"Diesel hybrid, ikke ladbar",GjsnittKjorelengde,Gjennomsnittlig kjørelengde per kjøretøy (km),2011,2011,,.
16,Busser i alt,17,"Diesel hybrid, ikke ladbar",GjsnittKjorelengde,Gjennomsnittlig kjørelengde per kjøretøy (km),2012,2012,,.
16,Busser i alt,17,"Diesel hybrid, ikke ladbar",GjsnittKjorelengde,Gjennomsnittlig kjørelengde per kjøretøy (km),2013,2013,,.
16,Busser i alt,17,"Diesel hybrid, ikke ladbar",GjsnittKjorelengde,Gjennomsnittlig kjørelengde per kjøretøy (km),2014,2014,,.
16,Busser i alt,17,"Diesel hybrid, ikke ladbar",GjsnittKjorelengde,Gjennomsnittlig kjørelengde per kjøretøy (km),2015,2015,,.
16,Busser i alt,17,"Diesel hybrid, ikke ladbar",GjsnittKjorelengde,Gjennomsnittlig kjørelengde per kjøretøy (km),2016,2016,53552.0,
16,Busser i alt,17,"Diesel hybrid, ikke ladbar",GjsnittKjorelengde,Gjennomsnittlig kjørelengde per kjøretøy (km),2017,2017,54240.0,
16,Busser i alt,17,"Diesel hybrid, ikke ladbar",GjsnittKjorelengde,Gjennomsnittlig kjørelengde per kjøretøy (km),2018,2018,47831.0,
16,Busser i alt,17,"Diesel hybrid, ikke ladbar",GjsnittKjorelengde,Gjennomsnittlig kjørelengde per kjøretøy (km),2019,2019,71979.0,
16,Busser i alt,17,"Diesel hybrid, ikke ladbar",GjsnittKjorelengde,Gjennomsnittlig kjørelengde per kjøretøy (km),2020,2020,75041.0,
16,Busser i alt,17,"Diesel hybrid, ikke ladbar",GjsnittKjorelengde,Gjennomsnittlig kjørelengde per kjøretøy (km),2021,2021,77664.0,
16,Busser i alt,17,"Diesel hybrid, ikke ladbar",GjsnittKjorelengde,Gjennomsnittlig kjørelengde per kjøretøy (km),2022,2022,82545.0,
16,Busser i alt,17,"Diesel hybrid, ikke ladbar",GjsnittKjorelengde,Gjennomsnittlig kjørelengde per kjøretøy (km),2023,2023,80815.0,
16,Busser i alt,17,"Diesel hybrid, ikke ladbar",GjsnittKjorelengde,Gjennomsnittlig kjørelengde per kjøretøy (km),2024,2024,79386.0,
16,Busser i alt,17,"Diesel hybrid, ikke ladbar",GjsnittKjorelengde,Gjennomsnittlig kjørelengde per kjøretøy (km),2025,2025,72207.0,
16,Busser i alt,3,Parafin,Kjorelengde,Kjørelengde (mill. km),2005,2005,,.
16,Busser i alt,3,Parafin,Kjorelengde,Kjørelengde (mill. km),2006,2006,,.
16,Busser i alt,3,Parafin,Kjorelengde,Kjørelengde (mill. km),2007,2007,,.
16,Busser i alt,3,Parafin,Kjorelengde,Kjørelengde (mill. km),2008,2008,,.
16,Busser i alt,3,Parafin,Kjorelengde,Kjørelengde (mill. km),2009,2009,,.
16,Busser i alt,3,Parafin,Kjorelengde,Kjørelengde (mill. km),2010,2010,,.
16,Busser i alt,3,Parafin,Kjorelengde,Kjørelengde (mill. km),2011,2011,,.
16,Busser i alt,3,Parafin,Kjorelengde,Kjørelengde (mill. km),2012,2012,,.
16,Busser i alt,3,Parafin,Kjorelengde,Kjørelengde (mill. km),2013,2013,,.
16,Busser i alt,3,Parafin,Kjorelengde,Kjørelengde (mill. km),2014,2014,,.
16,Busser i alt,3,Parafin,Kjorelengde,Kjørelengde (mill. km),2015,2015,,.
16,Busser i alt,3,Parafin,Kjorelengde,Kjørelengde (mill. km),2016,2016,,.
16,Busser i alt,3,Parafin,Kjorelengde,Kjørelengde (mill. km),2017,2017,,:
16,Busser i alt,3,Parafin,Kjorelengde,Kjørelengde (mill. km),2018,2018,,:
16,Busser i alt,3,Parafin,Kjorelengde,Kjørelengde (mill. km),2019,2019,,:
16,Busser i alt,3,Parafin,Kjorelengde,Kjørelengde (mill. km),2020,2020,,:
16,Busser i alt,3,Parafin,Kjorelengde,Kjørelengde (mill. km),2021,2021,,:
16,Busser i alt,3,Parafin,Kjorelengde,Kjørelengde (mill. km),2022,2022,,:
16,Busser i alt,3,Parafin,Kjorelengde,Kjørelengde (mill. km),2023,2023,,.
16,Busser i alt,3,Parafin,Kjorelengde,Kjørelengde (mill. km),2024,2024,,.
16,Busser i alt,3,Parafin,Kjorelengde,Kjørelengde (mill. km),2025,2025,,.
16,Busser i alt,3,Parafin,GjsnittKjorelengde,Gjennomsnittlig kjørelengde per kjøretøy (km),2005,2005,,.
16,Busser i alt,3,Parafin,GjsnittKjorelengde,Gjennomsnittlig kjørelengde per kjøretøy (km),2006,2006,,.
16,Busser i alt,3,Parafin,GjsnittKjorelengde,Gjennomsnittlig kjørelengde per kjøretøy (km),2007,2007,,.
16,Busser i alt,3,Parafin,GjsnittKjorelengde,Gjennomsnittlig kjørelengde per kjøretøy (km),2008,2008,,.
16,Busser i alt,3,Parafin,GjsnittKjorelengde,Gjennomsnittlig kjørelengde per kjøretøy (km),2009,2009,,.
16,Busser i alt,3,Parafin,GjsnittKjorelengde,Gjennomsnittlig kjørelengde per kjøretøy (km),2010,2010,,.
16,Busser i alt,3,Parafin,GjsnittKjorelengde,Gjennomsnittlig kjørelengde per kjøretøy (km),2011,2011,,.
16,Busser i alt,3,Parafin,GjsnittKjorelengde,Gjennomsnittlig kjørelengde per kjøretøy (km),2012,2012,,.
16,Busser i alt,3,Parafin,GjsnittKjorelengde,Gjennomsnittlig kjørelengde per kjøretøy (km),2013,2013,,.
16,Busser i alt,3,Parafin,GjsnittKjorelengde,Gjennomsnittlig kjørelengde per kjøretøy (km),2014,2014,,.
16,Busser i alt,3,Parafin,GjsnittKjorelengde,Gjennomsnittlig kjørelengde per kjøretøy (km),2015,2015,,.
16,Busser i alt,3,Parafin,GjsnittKjorelengde,Gjennomsnittlig kjørelengde per kjøretøy (km),2016,2016,,.
16,Busser i alt,3,Parafin,GjsnittKjorelengde,Gjennomsnittlig kjørelengde per kjøretøy (km),2017,2017,,:
16,Busser i alt,3,Parafin,GjsnittKjorelengde,Gjennomsnittlig kjørelengde per kjøretøy (km),2018,2018,,:
16,Busser i alt,3,Parafin,GjsnittKjorelengde,Gjennomsnittlig kjørelengde per kjøretøy (km),2019,2019,,:
16,Busser i alt,3,Parafin,GjsnittKjorelengde,Gjennomsnittlig kjørelengde per kjøretøy (km),2020,2020,,:
16,Busser i alt,3,Parafin,GjsnittKjorelengde,Gjennomsnittlig kjørelengde per kjøretøy (km),2021,2021,,:
16,Busser i alt,3,Parafin,GjsnittKjorelengde,Gjennomsnittlig kjørelengde per kjøretøy (km),2022,2022,,:
16,Busser i alt,3,Parafin,GjsnittKjorelengde,Gjennomsnittlig kjørelengde per kjøretøy (km),2023,2023,,.
16,Busser i alt,3,Parafin,GjsnittKjorelengde,Gjennomsnittlig kjørelengde per kjøretøy (km),2024,2024,,.
16,Busser i alt,3,Parafin,GjsnittKjorelengde,Gjennomsnittlig kjørelengde per kjøretøy (km),2025,2025,,.
16,Busser i alt,4,Gass,Kjorelengde,Kjørelengde (mill. km),2005,2005,,.
16,Busser i alt,4,Gass,Kjorelengde,Kjørelengde (mill. km),2006,2006,,.
16,Busser i alt,4,Gass,Kjorelengde,Kjørelengde (mill. km),2007,2007,,.
16,Busser i alt,4,Gass,Kjorelengde,Kjørelengde (mill. km),2008,2008,,.
16,Busser i alt,4,Gass,Kjorelengde,Kjørelengde (mill. km),2009,2009,,.
16,Busser i alt,4,Gass,Kjorelengde,Kjørelengde (mill. km),2010,2010,,.
16,Busser i alt,4,Gass,Kjorelengde,Kjørelengde (mill. km),2011,2011,,.
16,Busser i alt,4,Gass,Kjorelengde,Kjørelengde (mill. km),2012,2012,,.
16,Busser i alt,4,Gass,Kjorelengde,Kjørelengde (mill. km),2013,2013,,.
16,Busser i alt,4,Gass,Kjorelengde,Kjørelengde (mill. km),2014,2014,,.
16,Busser i alt,4,Gass,Kjorelengde,Kjørelengde (mill. km),2015,2015,,.
16,Busser i alt,4,Gass,Kjorelengde,Kjørelengde (mill. km),2016,2016,38.2,
16,Busser i alt,4,Gass,Kjorelengde,Kjørelengde (mill. km),2017,2017,41.5,
16,Busser i alt,4,Gass,Kjorelengde,Kjørelengde (mill. km),2018,2018,49.0,
16,Busser i alt,4,Gass,Kjorelengde,Kjørelengde (mill. km),2019,2019,48.6,
16,Busser i alt,4,Gass,Kjorelengde,Kjørelengde (mill. km),2020,2020,46.6,
16,Busser i alt,4,Gass,Kjorelengde,Kjørelengde (mill. km),2021,2021,45.2,
16,Busser i alt,4,Gass,Kjorelengde,Kjørelengde (mill. km),2022,2022,46.0,
16,Busser i alt,4,Gass,Kjorelengde,Kjørelengde (mill. km),2023,2023,43.0,
16,Busser i alt,4,Gass,Kjorelengde,Kjørelengde (mill. km),2024,2024,38.3,
16,Busser i alt,4,Gass,Kjorelengde,Kjørelengde (mill. km),2025,2025,37.0,
16,Busser i alt,4,Gass,GjsnittKjorelengde,Gjennomsnittlig kjørelengde per kjøretøy (km),2005,2005,,.
16,Busser i alt,4,Gass,GjsnittKjorelengde,Gjennomsnittlig kjørelengde per kjøretøy (km),2006,2006,,.
16,Busser i alt,4,Gass,GjsnittKjorelengde,Gjennomsnittlig kjørelengde per kjøretøy (km),2007,2007,,.
16,Busser i alt,4,Gass,GjsnittKjorelengde,Gjennomsnittlig kjørelengde per kjøretøy (km),2008,2008,,.
16,Busser i alt,4,Gass,GjsnittKjorelengde,Gjennomsnittlig kjørelengde per kjøretøy (km),2009,2009,,.
16,Busser i alt,4,Gass,GjsnittKjorelengde,Gjennomsnittlig kjørelengde per kjøretøy (km),2010,2010,,.
16,Busser i alt,4,Gass,GjsnittKjorelengde,Gjennomsnittlig kjørelengde per kjøretøy (km),2011,2011,,.
16,Busser i alt,4,Gass,GjsnittKjorelengde,Gjennomsnittlig kjørelengde per kjøretøy (km),2012,2012,,.
16,Busser i alt,4,Gass,GjsnittKjorelengde,Gjennomsnittlig kjørelengde per kjøretøy (km),2013,2013,,.
16,Busser i alt,4,Gass,GjsnittKjorelengde,Gjennomsnittlig kjørelengde per kjøretøy (km),2014,2014,,.
16,Busser i alt,4,Gass,GjsnittKjorelengde,Gjennomsnittlig kjørelengde per kjøretøy (km),2015,2015,,.
16,Busser i alt,4,Gass,GjsnittKjorelengde,Gjennomsnittlig kjørelengde per kjøretøy (km),2016,2016,54415.0,
16,Busser i alt,4,Gass,GjsnittKjorelengde,Gjennomsnittlig kjørelengde per kjøretøy (km),2017,2017,51959.0,
16,Busser i alt,4,Gass,GjsnittKjorelengde,Gjennomsnittlig kjørelengde per kjøretøy (km),2018,2018,60473.0,
16,Busser i alt,4,Gass,GjsnittKjorelengde,Gjennomsnittlig kjørelengde per kjøretøy (km),2019,2019,49343.0,
16,Busser i alt,4,Gass,GjsnittKjorelengde,Gjennomsnittlig kjørelengde per kjøretøy (km),2020,2020,50525.0,
16,Busser i alt,4,Gass,GjsnittKjorelengde,Gjennomsnittlig kjørelengde per kjøretøy (km),2021,2021,58766.0,
16,Busser i alt,4,Gass,GjsnittKjorelengde,Gjennomsnittlig kjørelengde per kjøretøy (km),2022,2022,58960.0,
16,Busser i alt,4,Gass,GjsnittKjorelengde,Gjennomsnittlig kjørelengde per kjøretøy (km),2023,2023,51125.0,
16,Busser i alt,4,Gass,GjsnittKjorelengde,Gjennomsnittlig kjørelengde per kjøretøy (km),2024,2024,53343.0,
16,Busser i alt,4,Gass,GjsnittKjorelengde,Gjennomsnittlig kjørelengde per kjøretøy (km),2025,2025,51150.0,
16,Busser i alt,13,Hydrogen,Kjorelengde,Kjørelengde (mill. km),2005,2005,,.
16,Busser i alt,13,Hydrogen,Kjorelengde,Kjørelengde (mill. km),2006,2006,,.
16,Busser i alt,13,Hydrogen,Kjorelengde,Kjørelengde (mill. km),2007,2007,,.
16,Busser i alt,13,Hydrogen,Kjorelengde,Kjørelengde (mill. km),2008,2008,,.
16,Busser i alt,13,Hydrogen,Kjorelengde,Kjørelengde (mill. km),2009,2009,,.
16,Busser i alt,13,Hydrogen,Kjorelengde,Kjørelengde (mill. km),2010,2010,,.
16,Busser i alt,13,Hydrogen,Kjorelengde,Kjørelengde (mill. km),2011,2011,,.
16,Busser i alt,13,Hydrogen,Kjorelengde,Kjørelengde (mill. km),2012,2012,,.
16,Busser i alt,13,Hydrogen,Kjorelengde,Kjørelengde (mill. km),2013,2013,,.
16,Busser i alt,13,Hydrogen,Kjorelengde,Kjørelengde (mill. km),2014,2014,,.
16,Busser i alt,13,Hydrogen,Kjorelengde,Kjørelengde (mill. km),2015,2015,,.
16,Busser i alt,13,Hydrogen,Kjorelengde,Kjørelengde (mill. km),2016,2016,0.1,
16,Busser i alt,13,Hydrogen,Kjorelengde,Kjørelengde (mill. km),2017,2017,0.1,
16,Busser i alt,13,Hydrogen,Kjorelengde,Kjørelengde (mill. km),2018,2018,0.1,
16,Busser i alt,13,Hydrogen,Kjorelengde,Kjørelengde (mill. km),2019,2019,0.1,
16,Busser i alt,13,Hydrogen,Kjorelengde,Kjørelengde (mill. km),2020,2020,,:
16,Busser i alt,13,Hydrogen,Kjorelengde,Kjørelengde (mill. km),2021,2021,,:
16,Busser i alt,13,Hydrogen,Kjorelengde,Kjørelengde (mill. km),2022,2022,,.
16,Busser i alt,13,Hydrogen,Kjorelengde,Kjørelengde (mill. km),2023,2023,,.
16,Busser i alt,13,Hydrogen,Kjorelengde,Kjørelengde (mill. km),2024,2024,,.
16,Busser i alt,13,Hydrogen,Kjorelengde,Kjørelengde (mill. km),2025,2025,,.
16,Busser i alt,13,Hydrogen,GjsnittKjorelengde,Gjennomsnittlig kjørelengde per kjøretøy (km),2005,2005,,.
16,Busser i alt,13,Hydrogen,GjsnittKjorelengde,Gjennomsnittlig kjørelengde per kjøretøy (km),2006,2006,,.
16,Busser i alt,13,Hydrogen,GjsnittKjorelengde,Gjennomsnittlig kjørelengde per kjøretøy (km),2007,2007,,.
16,Busser i alt,13,Hydrogen,GjsnittKjorelengde,Gjennomsnittlig kjørelengde per kjøretøy (km),2008,2008,,.
16,Busser i alt,13,Hydrogen,GjsnittKjorelengde,Gjennomsnittlig kjørelengde per kjøretøy (km),2009,2009,,.
16,Busser i alt,13,Hydrogen,GjsnittKjorelengde,Gjennomsnittlig kjørelengde per kjøretøy (km),2010,2010,,.
16,Busser i alt,13,Hydrogen,GjsnittKjorelengde,Gjennomsnittlig kjørelengde per kjøretøy (km),2011,2011,,.
16,Busser i alt,13,Hydrogen,GjsnittKjorelengde,Gjennomsnittlig kjørelengde per kjøretøy (km),2012,2012,,.
16,Busser i alt,13,Hydrogen,GjsnittKjorelengde,Gjennomsnittlig kjørelengde per kjøretøy (km),2013,2013,,.
16,Busser i alt,13,Hydrogen,GjsnittKjorelengde,Gjennomsnittlig kjørelengde per kjøretøy (km),2014,2014,,.
16,Busser i alt,13,Hydrogen,GjsnittKjorelengde,Gjennomsnittlig kjørelengde per kjøretøy (km),2015,2015,,.
16,Busser i alt,13,Hydrogen,GjsnittKjorelengde,Gjennomsnittlig kjørelengde per kjøretøy (km),2016,2016,18461.0,
16,Busser i alt,13,Hydrogen,GjsnittKjorelengde,Gjennomsnittlig kjørelengde per kjøretøy (km),2017,2017,23957.0,
16,Busser i alt,13,Hydrogen,GjsnittKjorelengde,Gjennomsnittlig kjørelengde per kjøretøy (km),2018,2018,24656.0,
16,Busser i alt,13,Hydrogen,GjsnittKjorelengde,Gjennomsnittlig kjørelengde per kjøretøy (km),2019,2019,19037.0,
16,Busser i alt,13,Hydrogen,GjsnittKjorelengde,Gjennomsnittlig kjørelengde per kjøretøy (km),2020,2020,,:
16,Busser i alt,13,Hydrogen,GjsnittKjorelengde,Gjennomsnittlig kjørelengde per kjøretøy (km),2021,2021,,:
16,Busser i alt,13,Hydrogen,GjsnittKjorelengde,Gjennomsnittlig kjørelengde per kjøretøy (km),2022,2022,,.
16,Busser i alt,13,Hydrogen,GjsnittKjorelengde,Gjennomsnittlig kjørelengde per kjøretøy (km),2023,2023,,.
16,Busser i alt,13,Hydrogen,GjsnittKjorelengde,Gjennomsnittlig kjørelengde per kjøretøy (km),2024,2024,,.
16,Busser i alt,13,Hydrogen,GjsnittKjorelengde,Gjennomsnittlig kjørelengde per kjøretøy (km),2025,2025,,.
16,Busser i alt,7,Andre drivstoff,Kjorelengde,Kjørelengde (mill. km),2005,2005,5.3,
16,Busser i alt,7,Andre drivstoff,Kjorelengde,Kjørelengde (mill. km),2006,2006,6.5,
16,Busser i alt,7,Andre drivstoff,Kjorelengde,Kjørelengde (mill. km),2007,2007,7.0,
16,Busser i alt,7,Andre drivstoff,Kjorelengde,Kjørelengde (mill. km),2008,2008,8.7,
16,Busser i alt,7,Andre drivstoff,Kjorelengde,Kjørelengde (mill. km),2009,2009,9.3,
16,Busser i alt,7,Andre drivstoff,Kjorelengde,Kjørelengde (mill. km),2010,2010,10.8,
16,Busser i alt,7,Andre drivstoff,Kjorelengde,Kjørelengde (mill. km),2011,2011,16.2,
16,Busser i alt,7,Andre drivstoff,Kjorelengde,Kjørelengde (mill. km),2012,2012,24.7,
16,Busser i alt,7,Andre drivstoff,Kjorelengde,Kjørelengde (mill. km),2013,2013,32.2,
16,Busser i alt,7,Andre drivstoff,Kjorelengde,Kjørelengde (mill. km),2014,2014,32.7,
16,Busser i alt,7,Andre drivstoff,Kjorelengde,Kjørelengde (mill. km),2015,2015,35.8,
16,Busser i alt,7,Andre drivstoff,Kjorelengde,Kjørelengde (mill. km),2016,2016,0.2,
16,Busser i alt,7,Andre drivstoff,Kjorelengde,Kjørelengde (mill. km),2017,2017,,:
16,Busser i alt,7,Andre drivstoff,Kjorelengde,Kjørelengde (mill. km),2018,2018,,.
16,Busser i alt,7,Andre drivstoff,Kjorelengde,Kjørelengde (mill. km),2019,2019,,.
16,Busser i alt,7,Andre drivstoff,Kjorelengde,Kjørelengde (mill. km),2020,2020,0.3,
16,Busser i alt,7,Andre drivstoff,Kjorelengde,Kjørelengde (mill. km),2021,2021,0.2,
16,Busser i alt,7,Andre drivstoff,Kjorelengde,Kjørelengde (mill. km),2022,2022,0.2,
16,Busser i alt,7,Andre drivstoff,Kjorelengde,Kjørelengde (mill. km),2023,2023,0.2,
16,Busser i alt,7,Andre drivstoff,Kjorelengde,Kjørelengde (mill. km),2024,2024,0.4,
16,Busser i alt,7,Andre drivstoff,Kjorelengde,Kjørelengde (mill. km),2025,2025,0.3,
16,Busser i alt,7,Andre drivstoff,GjsnittKjorelengde,Gjennomsnittlig kjørelengde per kjøretøy (km),2005,2005,53769.0,
16,Busser i alt,7,Andre drivstoff,GjsnittKjorelengde,Gjennomsnittlig kjørelengde per kjøretøy (km),2006,2006,51950.0,
16,Busser i alt,7,Andre drivstoff,GjsnittKjorelengde,Gjennomsnittlig kjørelengde per kjøretøy (km),2007,2007,56069.0,
16,Busser i alt,7,Andre drivstoff,GjsnittKjorelengde,Gjennomsnittlig kjørelengde per kjøretøy (km),2008,2008,49140.0,
16,Busser i alt,7,Andre drivstoff,GjsnittKjorelengde,Gjennomsnittlig kjørelengde per kjøretøy (km),2009,2009,53176.0,
16,Busser i alt,7,Andre drivstoff,GjsnittKjorelengde,Gjennomsnittlig kjørelengde per kjøretøy (km),2010,2010,43702.0,
16,Busser i alt,7,Andre drivstoff,GjsnittKjorelengde,Gjennomsnittlig kjørelengde per kjøretøy (km),2011,2011,32903.0,
16,Busser i alt,7,Andre drivstoff,GjsnittKjorelengde,Gjennomsnittlig kjørelengde per kjøretøy (km),2012,2012,46382.0,
16,Busser i alt,7,Andre drivstoff,GjsnittKjorelengde,Gjennomsnittlig kjørelengde per kjøretøy (km),2013,2013,53707.0,
16,Busser i alt,7,Andre drivstoff,GjsnittKjorelengde,Gjennomsnittlig kjørelengde per kjøretøy (km),2014,2014,52638.0,
16,Busser i alt,7,Andre drivstoff,GjsnittKjorelengde,Gjennomsnittlig kjørelengde per kjøretøy (km),2015,2015,52713.0,
16,Busser i alt,7,Andre drivstoff,GjsnittKjorelengde,Gjennomsnittlig kjørelengde per kjøretøy (km),2016,2016,15491.0,
16,Busser i alt,7,Andre drivstoff,GjsnittKjorelengde,Gjennomsnittlig kjørelengde per kjøretøy (km),2017,2017,,:
16,Busser i alt,7,Andre drivstoff,GjsnittKjorelengde,Gjennomsnittlig kjørelengde per kjøretøy (km),2018,2018,,.
16,Busser i alt,7,Andre drivstoff,GjsnittKjorelengde,Gjennomsnittlig kjørelengde per kjøretøy (km),2019,2019,,.
16,Busser i alt,7,Andre drivstoff,GjsnittKjorelengde,Gjennomsnittlig kjørelengde per kjøretøy (km),2020,2020,53600.0,
16,Busser i alt,7,Andre drivstoff,GjsnittKjorelengde,Gjennomsnittlig kjørelengde per kjøretøy (km),2021,2021,35954.0,
16,Busser i alt,7,Andre drivstoff,GjsnittKjorelengde,Gjennomsnittlig kjørelengde per kjøretøy (km),2022,2022,42933.0,
16,Busser i alt,7,Andre drivstoff,GjsnittKjorelengde,Gjennomsnittlig kjørelengde per kjøretøy (km),2023,2023,44663.0,
16,Busser i alt,7,Andre drivstoff,GjsnittKjorelengde,Gjennomsnittlig kjørelengde per kjøretøy (km),2024,2024,51866.0,
16,Busser i alt,7,Andre drivstoff,GjsnittKjorelengde,Gjennomsnittlig kjørelengde per kjøretøy (km),2025,2025,41839.0,
17,Store lastebiler i alt,0,Alle typer drivstoff,Kjorelengde,Kjørelengde (mill. km),2005,2005,1758.0,
17,Store lastebiler i alt,0,Alle typer drivstoff,Kjorelengde,Kjørelengde (mill. km),2006,2006,1854.4,
17,Store lastebiler i alt,0,Alle typer drivstoff,Kjorelengde,Kjørelengde (mill. km),2007,2007,2011.7,
17,Store lastebiler i alt,0,Alle typer drivstoff,Kjorelengde,Kjørelengde (mill. km),2008,2008,2021.4,
17,Store lastebiler i alt,0,Alle typer drivstoff,Kjorelengde,Kjørelengde (mill. km),2009,2009,1888.6,
17,Store lastebiler i alt,0,Alle typer drivstoff,Kjorelengde,Kjørelengde (mill. km),2010,2010,1810.8,
17,Store lastebiler i alt,0,Alle typer drivstoff,Kjorelengde,Kjørelengde (mill. km),2011,2011,1878.4,
17,Store lastebiler i alt,0,Alle typer drivstoff,Kjorelengde,Kjørelengde (mill. km),2012,2012,1938.0,
17,Store lastebiler i alt,0,Alle typer drivstoff,Kjorelengde,Kjørelengde (mill. km),2013,2013,1932.9,
17,Store lastebiler i alt,0,Alle typer drivstoff,Kjorelengde,Kjørelengde (mill. km),2014,2014,1960.5,
17,Store lastebiler i alt,0,Alle typer drivstoff,Kjorelengde,Kjørelengde (mill. km),2015,2015,1964.1,
17,Store lastebiler i alt,0,Alle typer drivstoff,Kjorelengde,Kjørelengde (mill. km),2016,2016,1963.0,
17,Store lastebiler i alt,0,Alle typer drivstoff,Kjorelengde,Kjørelengde (mill. km),2017,2017,1997.6,
17,Store lastebiler i alt,0,Alle typer drivstoff,Kjorelengde,Kjørelengde (mill. km),2018,2018,2043.1,
17,Store lastebiler i alt,0,Alle typer drivstoff,Kjorelengde,Kjørelengde (mill. km),2019,2019,2081.5,
17,Store lastebiler i alt,0,Alle typer drivstoff,Kjorelengde,Kjørelengde (mill. km),2020,2020,2016.8,
17,Store lastebiler i alt,0,Alle typer drivstoff,Kjorelengde,Kjørelengde (mill. km),2021,2021,2048.2,
17,Store lastebiler i alt,0,Alle typer drivstoff,Kjorelengde,Kjørelengde (mill. km),2022,2022,2090.5,
17,Store lastebiler i alt,0,Alle typer drivstoff,Kjorelengde,Kjørelengde (mill. km),2023,2023,2051.2,
17,Store lastebiler i alt,0,Alle typer drivstoff,Kjorelengde,Kjørelengde (mill. km),2024,2024,2058.0,
17,Store lastebiler i alt,0,Alle typer drivstoff,Kjorelengde,Kjørelengde (mill. km),2025,2025,2033.4,
17,Store lastebiler i alt,0,Alle typer drivstoff,GjsnittKjorelengde,Gjennomsnittlig kjørelengde per kjøretøy (km),2005,2005,37773.0,
17,Store lastebiler i alt,0,Alle typer drivstoff,GjsnittKjorelengde,Gjennomsnittlig kjørelengde per kjøretøy (km),2006,2006,38956.0,
17,Store lastebiler i alt,0,Alle typer drivstoff,GjsnittKjorelengde,Gjennomsnittlig kjørelengde per kjøretøy (km),2007,2007,40531.0,
17,Store lastebiler i alt,0,Alle typer drivstoff,GjsnittKjorelengde,Gjennomsnittlig kjørelengde per kjøretøy (km),2008,2008,39179.0,
17,Store lastebiler i alt,0,Alle typer drivstoff,GjsnittKjorelengde,Gjennomsnittlig kjørelengde per kjøretøy (km),2009,2009,37185.0,
17,Store lastebiler i alt,0,Alle typer drivstoff,GjsnittKjorelengde,Gjennomsnittlig kjørelengde per kjøretøy (km),2010,2010,35910.0,
17,Store lastebiler i alt,0,Alle typer drivstoff,GjsnittKjorelengde,Gjennomsnittlig kjørelengde per kjøretøy (km),2011,2011,36653.0,
17,Store lastebiler i alt,0,Alle typer drivstoff,GjsnittKjorelengde,Gjennomsnittlig kjørelengde per kjøretøy (km),2012,2012,36890.0,
17,Store lastebiler i alt,0,Alle typer drivstoff,GjsnittKjorelengde,Gjennomsnittlig kjørelengde per kjøretøy (km),2013,2013,35854.0,
17,Store lastebiler i alt,0,Alle typer drivstoff,GjsnittKjorelengde,Gjennomsnittlig kjørelengde per kjøretøy (km),2014,2014,35686.0,
17,Store lastebiler i alt,0,Alle typer drivstoff,GjsnittKjorelengde,Gjennomsnittlig kjørelengde per kjøretøy (km),2015,2015,35530.0,
17,Store lastebiler i alt,0,Alle typer drivstoff,GjsnittKjorelengde,Gjennomsnittlig kjørelengde per kjøretøy (km),2016,2016,35247.0,
17,Store lastebiler i alt,0,Alle typer drivstoff,GjsnittKjorelengde,Gjennomsnittlig kjørelengde per kjøretøy (km),2017,2017,35487.0,
17,Store lastebiler i alt,0,Alle typer drivstoff,GjsnittKjorelengde,Gjennomsnittlig kjørelengde per kjøretøy (km),2018,2018,35796.0,
17,Store lastebiler i alt,0,Alle typer drivstoff,GjsnittKjorelengde,Gjennomsnittlig kjørelengde per kjøretøy (km),2019,2019,35801.0,
17,Store lastebiler i alt,0,Alle typer drivstoff,GjsnittKjorelengde,Gjennomsnittlig kjørelengde per kjøretøy (km),2020,2020,35091.0,
17,Store lastebiler i alt,0,Alle typer drivstoff,GjsnittKjorelengde,Gjennomsnittlig kjørelengde per kjøretøy (km),2021,2021,36026.0,
17,Store lastebiler i alt,0,Alle typer drivstoff,GjsnittKjorelengde,Gjennomsnittlig kjørelengde per kjøretøy (km),2022,2022,36842.0,
17,Store lastebiler i alt,0,Alle typer drivstoff,GjsnittKjorelengde,Gjennomsnittlig kjørelengde per kjøretøy (km),2023,2023,35896.0,
17,Store lastebiler i alt,0,Alle typer drivstoff,GjsnittKjorelengde,Gjennomsnittlig kjørelengde per kjøretøy (km),2024,2024,34988.0,
17,Store lastebiler i alt,0,Alle typer drivstoff,GjsnittKjorelengde,Gjennomsnittlig kjørelengde per kjøretøy (km),2025,2025,36027.0,
17,Store lastebiler i alt,1,Bensin,Kjorelengde,Kjørelengde (mill. km),2005,2005,,:
17,Store lastebiler i alt,1,Bensin,Kjorelengde,Kjørelengde (mill. km),2006,2006,,:
17,Store lastebiler i alt,1,Bensin,Kjorelengde,Kjørelengde (mill. km),2007,2007,,:
17,Store lastebiler i alt,1,Bensin,Kjorelengde,Kjørelengde (mill. km),2008,2008,,:
17,Store lastebiler i alt,1,Bensin,Kjorelengde,Kjørelengde (mill. km),2009,2009,,:
17,Store lastebiler i alt,1,Bensin,Kjorelengde,Kjørelengde (mill. km),2010,2010,,:
17,Store lastebiler i alt,1,Bensin,Kjorelengde,Kjørelengde (mill. km),2011,2011,,:
17,Store lastebiler i alt,1,Bensin,Kjorelengde,Kjørelengde (mill. km),2012,2012,,:
17,Store lastebiler i alt,1,Bensin,Kjorelengde,Kjørelengde (mill. km),2013,2013,,:
17,Store lastebiler i alt,1,Bensin,Kjorelengde,Kjørelengde (mill. km),2014,2014,,:
17,Store lastebiler i alt,1,Bensin,Kjorelengde,Kjørelengde (mill. km),2015,2015,,:
17,Store lastebiler i alt,1,Bensin,Kjorelengde,Kjørelengde (mill. km),2016,2016,0.1,
17,Store lastebiler i alt,1,Bensin,Kjorelengde,Kjørelengde (mill. km),2017,2017,0.1,
17,Store lastebiler i alt,1,Bensin,Kjorelengde,Kjørelengde (mill. km),2018,2018,0.0,
17,Store lastebiler i alt,1,Bensin,Kjorelengde,Kjørelengde (mill. km),2019,2019,0.1,
17,Store lastebiler i alt,1,Bensin,Kjorelengde,Kjørelengde (mill. km),2020,2020,0.3,
17,Store lastebiler i alt,1,Bensin,Kjorelengde,Kjørelengde (mill. km),2021,2021,0.2,
17,Store lastebiler i alt,1,Bensin,Kjorelengde,Kjørelengde (mill. km),2022,2022,0.3,
17,Store lastebiler i alt,1,Bensin,Kjorelengde,Kjørelengde (mill. km),2023,2023,0.3,
17,Store lastebiler i alt,1,Bensin,Kjorelengde,Kjørelengde (mill. km),2024,2024,0.4,
17,Store lastebiler i alt,1,Bensin,Kjorelengde,Kjørelengde (mill. km),2025,2025,0.3,
17,Store lastebiler i alt,1,Bensin,GjsnittKjorelengde,Gjennomsnittlig kjørelengde per kjøretøy (km),2005,2005,,:
17,Store lastebiler i alt,1,Bensin,GjsnittKjorelengde,Gjennomsnittlig kjørelengde per kjøretøy (km),2006,2006,,:
17,Store lastebiler i alt,1,Bensin,GjsnittKjorelengde,Gjennomsnittlig kjørelengde per kjøretøy (km),2007,2007,,:
17,Store lastebiler i alt,1,Bensin,GjsnittKjorelengde,Gjennomsnittlig kjørelengde per kjøretøy (km),2008,2008,,:
17,Store lastebiler i alt,1,Bensin,GjsnittKjorelengde,Gjennomsnittlig kjørelengde per kjøretøy (km),2009,2009,,:
17,Store lastebiler i alt,1,Bensin,GjsnittKjorelengde,Gjennomsnittlig kjørelengde per kjøretøy (km),2010,2010,,:
17,Store lastebiler i alt,1,Bensin,GjsnittKjorelengde,Gjennomsnittlig kjørelengde per kjøretøy (km),2011,2011,,:
17,Store lastebiler i alt,1,Bensin,GjsnittKjorelengde,Gjennomsnittlig kjørelengde per kjøretøy (km),2012,2012,,:
17,Store lastebiler i alt,1,Bensin,GjsnittKjorelengde,Gjennomsnittlig kjørelengde per kjøretøy (km),2013,2013,,:
17,Store lastebiler i alt,1,Bensin,GjsnittKjorelengde,Gjennomsnittlig kjørelengde per kjøretøy (km),2014,2014,,:
17,Store lastebiler i alt,1,Bensin,GjsnittKjorelengde,Gjennomsnittlig kjørelengde per kjøretøy (km),2015,2015,,:
17,Store lastebiler i alt,1,Bensin,GjsnittKjorelengde,Gjennomsnittlig kjørelengde per kjøretøy (km),2016,2016,803.0,
17,Store lastebiler i alt,1,Bensin,GjsnittKjorelengde,Gjennomsnittlig kjørelengde per kjøretøy (km),2017,2017,913.0,
17,Store lastebiler i alt,1,Bensin,GjsnittKjorelengde,Gjennomsnittlig kjørelengde per kjøretøy (km),2018,2018,767.0,
17,Store lastebiler i alt,1,Bensin,GjsnittKjorelengde,Gjennomsnittlig kjørelengde per kjøretøy (km),2019,2019,2603.0,
17,Store lastebiler i alt,1,Bensin,GjsnittKjorelengde,Gjennomsnittlig kjørelengde per kjøretøy (km),2020,2020,5041.0,
17,Store lastebiler i alt,1,Bensin,GjsnittKjorelengde,Gjennomsnittlig kjørelengde per kjøretøy (km),2021,2021,4114.0,
17,Store lastebiler i alt,1,Bensin,GjsnittKjorelengde,Gjennomsnittlig kjørelengde per kjøretøy (km),2022,2022,5642.0,
17,Store lastebiler i alt,1,Bensin,GjsnittKjorelengde,Gjennomsnittlig kjørelengde per kjøretøy (km),2023,2023,6796.0,
17,Store lastebiler i alt,1,Bensin,GjsnittKjorelengde,Gjennomsnittlig kjørelengde per kjøretøy (km),2024,2024,11522.0,
17,Store lastebiler i alt,1,Bensin,GjsnittKjorelengde,Gjennomsnittlig kjørelengde per kjøretøy (km),2025,2025,23800.0,
17,Store lastebiler i alt,2,Diesel,Kjorelengde,Kjørelengde (mill. km),2005,2005,1756.6,
17,Store lastebiler i alt,2,Diesel,Kjorelengde,Kjørelengde (mill. km),2006,2006,1852.9,
17,Store lastebiler i alt,2,Diesel,Kjorelengde,Kjørelengde (mill. km),2007,2007,2010.4,
17,Store lastebiler i alt,2,Diesel,Kjorelengde,Kjørelengde (mill. km),2008,2008,2020.5,
17,Store lastebiler i alt,2,Diesel,Kjorelengde,Kjørelengde (mill. km),2009,2009,1887.5,
17,Store lastebiler i alt,2,Diesel,Kjorelengde,Kjørelengde (mill. km),2010,2010,1809.3,
17,Store lastebiler i alt,2,Diesel,Kjorelengde,Kjørelengde (mill. km),2011,2011,1876.7,
17,Store lastebiler i alt,2,Diesel,Kjorelengde,Kjørelengde (mill. km),2012,2012,1935.9,
17,Store lastebiler i alt,2,Diesel,Kjorelengde,Kjørelengde (mill. km),2013,2013,1930.1,
17,Store lastebiler i alt,2,Diesel,Kjorelengde,Kjørelengde (mill. km),2014,2014,1956.7,
17,Store lastebiler i alt,2,Diesel,Kjorelengde,Kjørelengde (mill. km),2015,2015,1958.7,
17,Store lastebiler i alt,2,Diesel,Kjorelengde,Kjørelengde (mill. km),2016,2016,1956.6,
17,Store lastebiler i alt,2,Diesel,Kjorelengde,Kjørelengde (mill. km),2017,2017,1989.9,
17,Store lastebiler i alt,2,Diesel,Kjorelengde,Kjørelengde (mill. km),2018,2018,2033.8,
17,Store lastebiler i alt,2,Diesel,Kjorelengde,Kjørelengde (mill. km),2019,2019,2069.6,
17,Store lastebiler i alt,2,Diesel,Kjorelengde,Kjørelengde (mill. km),2020,2020,2003.1,
17,Store lastebiler i alt,2,Diesel,Kjorelengde,Kjørelengde (mill. km),2021,2021,2029.3,
17,Store lastebiler i alt,2,Diesel,Kjorelengde,Kjørelengde (mill. km),2022,2022,2063.7,
17,Store lastebiler i alt,2,Diesel,Kjorelengde,Kjørelengde (mill. km),2023,2023,1998.3,
17,Store lastebiler i alt,2,Diesel,Kjorelengde,Kjørelengde (mill. km),2024,2024,1972.7,
17,Store lastebiler i alt,2,Diesel,Kjorelengde,Kjørelengde (mill. km),2025,2025,1902.5,
17,Store lastebiler i alt,2,Diesel,GjsnittKjorelengde,Gjennomsnittlig kjørelengde per kjøretøy (km),2005,2005,37860.0,
17,Store lastebiler i alt,2,Diesel,GjsnittKjorelengde,Gjennomsnittlig kjørelengde per kjøretøy (km),2006,2006,39043.0,
17,Store lastebiler i alt,2,Diesel,GjsnittKjorelengde,Gjennomsnittlig kjørelengde per kjøretøy (km),2007,2007,40605.0,
17,Store lastebiler i alt,2,Diesel,GjsnittKjorelengde,Gjennomsnittlig kjørelengde per kjøretøy (km),2008,2008,39248.0,
17,Store lastebiler i alt,2,Diesel,GjsnittKjorelengde,Gjennomsnittlig kjørelengde per kjøretøy (km),2009,2009,37270.0,
17,Store lastebiler i alt,2,Diesel,GjsnittKjorelengde,Gjennomsnittlig kjørelengde per kjøretøy (km),2010,2010,36016.0,
17,Store lastebiler i alt,2,Diesel,GjsnittKjorelengde,Gjennomsnittlig kjørelengde per kjøretøy (km),2011,2011,36759.0,
17,Store lastebiler i alt,2,Diesel,GjsnittKjorelengde,Gjennomsnittlig kjørelengde per kjøretøy (km),2012,2012,36998.0,
17,Store lastebiler i alt,2,Diesel,GjsnittKjorelengde,Gjennomsnittlig kjørelengde per kjøretøy (km),2013,2013,35977.0,
17,Store lastebiler i alt,2,Diesel,GjsnittKjorelengde,Gjennomsnittlig kjørelengde per kjøretøy (km),2014,2014,35809.0,
17,Store lastebiler i alt,2,Diesel,GjsnittKjorelengde,Gjennomsnittlig kjørelengde per kjøretøy (km),2015,2015,35657.0,
17,Store lastebiler i alt,2,Diesel,GjsnittKjorelengde,Gjennomsnittlig kjørelengde per kjøretøy (km),2016,2016,35402.0,
17,Store lastebiler i alt,2,Diesel,GjsnittKjorelengde,Gjennomsnittlig kjørelengde per kjøretøy (km),2017,2017,35656.0,
17,Store lastebiler i alt,2,Diesel,GjsnittKjorelengde,Gjennomsnittlig kjørelengde per kjøretøy (km),2018,2018,35929.0,
17,Store lastebiler i alt,2,Diesel,GjsnittKjorelengde,Gjennomsnittlig kjørelengde per kjøretøy (km),2019,2019,35968.0,
17,Store lastebiler i alt,2,Diesel,GjsnittKjorelengde,Gjennomsnittlig kjørelengde per kjøretøy (km),2020,2020,35271.0,
17,Store lastebiler i alt,2,Diesel,GjsnittKjorelengde,Gjennomsnittlig kjørelengde per kjøretøy (km),2021,2021,36221.0,
17,Store lastebiler i alt,2,Diesel,GjsnittKjorelengde,Gjennomsnittlig kjørelengde per kjøretøy (km),2022,2022,37154.0,
17,Store lastebiler i alt,2,Diesel,GjsnittKjorelengde,Gjennomsnittlig kjørelengde per kjøretøy (km),2023,2023,36084.0,
17,Store lastebiler i alt,2,Diesel,GjsnittKjorelengde,Gjennomsnittlig kjørelengde per kjøretøy (km),2024,2024,35136.0,
17,Store lastebiler i alt,2,Diesel,GjsnittKjorelengde,Gjennomsnittlig kjørelengde per kjøretøy (km),2025,2025,35916.0,
17,Store lastebiler i alt,18,Elektrisitet,Kjorelengde,Kjørelengde (mill. km),2005,2005,,:
17,Store lastebiler i alt,18,Elektrisitet,Kjorelengde,Kjørelengde (mill. km),2006,2006,,:
17,Store lastebiler i alt,18,Elektrisitet,Kjorelengde,Kjørelengde (mill. km),2007,2007,,:
17,Store lastebiler i alt,18,Elektrisitet,Kjorelengde,Kjørelengde (mill. km),2008,2008,,:
17,Store lastebiler i alt,18,Elektrisitet,Kjorelengde,Kjørelengde (mill. km),2009,2009,,:
17,Store lastebiler i alt,18,Elektrisitet,Kjorelengde,Kjørelengde (mill. km),2010,2010,,:
17,Store lastebiler i alt,18,Elektrisitet,Kjorelengde,Kjørelengde (mill. km),2011,2011,,:
17,Store lastebiler i alt,18,Elektrisitet,Kjorelengde,Kjørelengde (mill. km),2012,2012,,:
17,Store lastebiler i alt,18,Elektrisitet,Kjorelengde,Kjørelengde (mill. km),2013,2013,,:
17,Store lastebiler i alt,18,Elektrisitet,Kjorelengde,Kjørelengde (mill. km),2014,2014,,:
17,Store lastebiler i alt,18,Elektrisitet,Kjorelengde,Kjørelengde (mill. km),2015,2015,,:
17,Store lastebiler i alt,18,Elektrisitet,Kjorelengde,Kjørelengde (mill. km),2016,2016,,:
17,Store lastebiler i alt,18,Elektrisitet,Kjorelengde,Kjørelengde (mill. km),2017,2017,,:
17,Store lastebiler i alt,18,Elektrisitet,Kjorelengde,Kjørelengde (mill. km),2018,2018,0.2,
17,Store lastebiler i alt,18,Elektrisitet,Kjorelengde,Kjørelengde (mill. km),2019,2019,0.5,
17,Store lastebiler i alt,18,Elektrisitet,Kjorelengde,Kjørelengde (mill. km),2020,2020,0.2,
17,Store lastebiler i alt,18,Elektrisitet,Kjorelengde,Kjørelengde (mill. km),2021,2021,0.7,
17,Store lastebiler i alt,18,Elektrisitet,Kjorelengde,Kjørelengde (mill. km),2022,2022,3.4,
17,Store lastebiler i alt,18,Elektrisitet,Kjorelengde,Kjørelengde (mill. km),2023,2023,11.0,
17,Store lastebiler i alt,18,Elektrisitet,Kjorelengde,Kjørelengde (mill. km),2024,2024,15.9,
17,Store lastebiler i alt,18,Elektrisitet,Kjorelengde,Kjørelengde (mill. km),2025,2025,30.2,
17,Store lastebiler i alt,18,Elektrisitet,GjsnittKjorelengde,Gjennomsnittlig kjørelengde per kjøretøy (km),2005,2005,,:
17,Store lastebiler i alt,18,Elektrisitet,GjsnittKjorelengde,Gjennomsnittlig kjørelengde per kjøretøy (km),2006,2006,,:
17,Store lastebiler i alt,18,Elektrisitet,GjsnittKjorelengde,Gjennomsnittlig kjørelengde per kjøretøy (km),2007,2007,,:
17,Store lastebiler i alt,18,Elektrisitet,GjsnittKjorelengde,Gjennomsnittlig kjørelengde per kjøretøy (km),2008,2008,,:
17,Store lastebiler i alt,18,Elektrisitet,GjsnittKjorelengde,Gjennomsnittlig kjørelengde per kjøretøy (km),2009,2009,,:
17,Store lastebiler i alt,18,Elektrisitet,GjsnittKjorelengde,Gjennomsnittlig kjørelengde per kjøretøy (km),2010,2010,,:
17,Store lastebiler i alt,18,Elektrisitet,GjsnittKjorelengde,Gjennomsnittlig kjørelengde per kjøretøy (km),2011,2011,,:
17,Store lastebiler i alt,18,Elektrisitet,GjsnittKjorelengde,Gjennomsnittlig kjørelengde per kjøretøy (km),2012,2012,,:
17,Store lastebiler i alt,18,Elektrisitet,GjsnittKjorelengde,Gjennomsnittlig kjørelengde per kjøretøy (km),2013,2013,,:
17,Store lastebiler i alt,18,Elektrisitet,GjsnittKjorelengde,Gjennomsnittlig kjørelengde per kjøretøy (km),2014,2014,,:
17,Store lastebiler i alt,18,Elektrisitet,GjsnittKjorelengde,Gjennomsnittlig kjørelengde per kjøretøy (km),2015,2015,,:
17,Store lastebiler i alt,18,Elektrisitet,GjsnittKjorelengde,Gjennomsnittlig kjørelengde per kjøretøy (km),2016,2016,,:
17,Store lastebiler i alt,18,Elektrisitet,GjsnittKjorelengde,Gjennomsnittlig kjørelengde per kjøretøy (km),2017,2017,,:
17,Store lastebiler i alt,18,Elektrisitet,GjsnittKjorelengde,Gjennomsnittlig kjørelengde per kjøretøy (km),2018,2018,29015.0,
17,Store lastebiler i alt,18,Elektrisitet,GjsnittKjorelengde,Gjennomsnittlig kjørelengde per kjøretøy (km),2019,2019,38748.0,
17,Store lastebiler i alt,18,Elektrisitet,GjsnittKjorelengde,Gjennomsnittlig kjørelengde per kjøretøy (km),2020,2020,6036.0,
17,Store lastebiler i alt,18,Elektrisitet,GjsnittKjorelengde,Gjennomsnittlig kjørelengde per kjøretøy (km),2021,2021,8017.0,
17,Store lastebiler i alt,18,Elektrisitet,GjsnittKjorelengde,Gjennomsnittlig kjørelengde per kjøretøy (km),2022,2022,14370.0,
17,Store lastebiler i alt,18,Elektrisitet,GjsnittKjorelengde,Gjennomsnittlig kjørelengde per kjøretøy (km),2023,2023,25870.0,
17,Store lastebiler i alt,18,Elektrisitet,GjsnittKjorelengde,Gjennomsnittlig kjørelengde per kjøretøy (km),2024,2024,19964.0,
17,Store lastebiler i alt,18,Elektrisitet,GjsnittKjorelengde,Gjennomsnittlig kjørelengde per kjøretøy (km),2025,2025,25524.0,
17,Store lastebiler i alt,14,"Bensin hybrid, ladbar",Kjorelengde,Kjørelengde (mill. km),2005,2005,,.
17,Store lastebiler i alt,14,"Bensin hybrid, ladbar",Kjorelengde,Kjørelengde (mill. km),2006,2006,,.
17,Store lastebiler i alt,14,"Bensin hybrid, ladbar",Kjorelengde,Kjørelengde (mill. km),2007,2007,,.
17,Store lastebiler i alt,14,"Bensin hybrid, ladbar",Kjorelengde,Kjørelengde (mill. km),2008,2008,,.
17,Store lastebiler i alt,14,"Bensin hybrid, ladbar",Kjorelengde,Kjørelengde (mill. km),2009,2009,,.
17,Store lastebiler i alt,14,"Bensin hybrid, ladbar",Kjorelengde,Kjørelengde (mill. km),2010,2010,,.
17,Store lastebiler i alt,14,"Bensin hybrid, ladbar",Kjorelengde,Kjørelengde (mill. km),2011,2011,,.
17,Store lastebiler i alt,14,"Bensin hybrid, ladbar",Kjorelengde,Kjørelengde (mill. km),2012,2012,,.
17,Store lastebiler i alt,14,"Bensin hybrid, ladbar",Kjorelengde,Kjørelengde (mill. km),2013,2013,,.
17,Store lastebiler i alt,14,"Bensin hybrid, ladbar",Kjorelengde,Kjørelengde (mill. km),2014,2014,,.
17,Store lastebiler i alt,14,"Bensin hybrid, ladbar",Kjorelengde,Kjørelengde (mill. km),2015,2015,,.
17,Store lastebiler i alt,14,"Bensin hybrid, ladbar",Kjorelengde,Kjørelengde (mill. km),2016,2016,,.
17,Store lastebiler i alt,14,"Bensin hybrid, ladbar",Kjorelengde,Kjørelengde (mill. km),2017,2017,,.
17,Store lastebiler i alt,14,"Bensin hybrid, ladbar",Kjorelengde,Kjørelengde (mill. km),2018,2018,,.
17,Store lastebiler i alt,14,"Bensin hybrid, ladbar",Kjorelengde,Kjørelengde (mill. km),2019,2019,,.
17,Store lastebiler i alt,14,"Bensin hybrid, ladbar",Kjorelengde,Kjørelengde (mill. km),2020,2020,,.
17,Store lastebiler i alt,14,"Bensin hybrid, ladbar",Kjorelengde,Kjørelengde (mill. km),2021,2021,,.
17,Store lastebiler i alt,14,"Bensin hybrid, ladbar",Kjorelengde,Kjørelengde (mill. km),2022,2022,,.
17,Store lastebiler i alt,14,"Bensin hybrid, ladbar",Kjorelengde,Kjørelengde (mill. km),2023,2023,,.
17,Store lastebiler i alt,14,"Bensin hybrid, ladbar",Kjorelengde,Kjørelengde (mill. km),2024,2024,,.
17,Store lastebiler i alt,14,"Bensin hybrid, ladbar",Kjorelengde,Kjørelengde (mill. km),2025,2025,,.
17,Store lastebiler i alt,14,"Bensin hybrid, ladbar",GjsnittKjorelengde,Gjennomsnittlig kjørelengde per kjøretøy (km),2005,2005,,.
17,Store lastebiler i alt,14,"Bensin hybrid, ladbar",GjsnittKjorelengde,Gjennomsnittlig kjørelengde per kjøretøy (km),2006,2006,,.
17,Store lastebiler i alt,14,"Bensin hybrid, ladbar",GjsnittKjorelengde,Gjennomsnittlig kjørelengde per kjøretøy (km),2007,2007,,.
17,Store lastebiler i alt,14,"Bensin hybrid, ladbar",GjsnittKjorelengde,Gjennomsnittlig kjørelengde per kjøretøy (km),2008,2008,,.
17,Store lastebiler i alt,14,"Bensin hybrid, ladbar",GjsnittKjorelengde,Gjennomsnittlig kjørelengde per kjøretøy (km),2009,2009,,.
17,Store lastebiler i alt,14,"Bensin hybrid, ladbar",GjsnittKjorelengde,Gjennomsnittlig kjørelengde per kjøretøy (km),2010,2010,,.
17,Store lastebiler i alt,14,"Bensin hybrid, ladbar",GjsnittKjorelengde,Gjennomsnittlig kjørelengde per kjøretøy (km),2011,2011,,.
17,Store lastebiler i alt,14,"Bensin hybrid, ladbar",GjsnittKjorelengde,Gjennomsnittlig kjørelengde per kjøretøy (km),2012,2012,,.
17,Store lastebiler i alt,14,"Bensin hybrid, ladbar",GjsnittKjorelengde,Gjennomsnittlig kjørelengde per kjøretøy (km),2013,2013,,.
17,Store lastebiler i alt,14,"Bensin hybrid, ladbar",GjsnittKjorelengde,Gjennomsnittlig kjørelengde per kjøretøy (km),2014,2014,,.
17,Store lastebiler i alt,14,"Bensin hybrid, ladbar",GjsnittKjorelengde,Gjennomsnittlig kjørelengde per kjøretøy (km),2015,2015,,.
17,Store lastebiler i alt,14,"Bensin hybrid, ladbar",GjsnittKjorelengde,Gjennomsnittlig kjørelengde per kjøretøy (km),2016,2016,,.
17,Store lastebiler i alt,14,"Bensin hybrid, ladbar",GjsnittKjorelengde,Gjennomsnittlig kjørelengde per kjøretøy (km),2017,2017,,.
17,Store lastebiler i alt,14,"Bensin hybrid, ladbar",GjsnittKjorelengde,Gjennomsnittlig kjørelengde per kjøretøy (km),2018,2018,,.
17,Store lastebiler i alt,14,"Bensin hybrid, ladbar",GjsnittKjorelengde,Gjennomsnittlig kjørelengde per kjøretøy (km),2019,2019,,.
17,Store lastebiler i alt,14,"Bensin hybrid, ladbar",GjsnittKjorelengde,Gjennomsnittlig kjørelengde per kjøretøy (km),2020,2020,,.
17,Store lastebiler i alt,14,"Bensin hybrid, ladbar",GjsnittKjorelengde,Gjennomsnittlig kjørelengde per kjøretøy (km),2021,2021,,.
17,Store lastebiler i alt,14,"Bensin hybrid, ladbar",GjsnittKjorelengde,Gjennomsnittlig kjørelengde per kjøretøy (km),2022,2022,,.
17,Store lastebiler i alt,14,"Bensin hybrid, ladbar",GjsnittKjorelengde,Gjennomsnittlig kjørelengde per kjøretøy (km),2023,2023,,.
17,Store lastebiler i alt,14,"Bensin hybrid, ladbar",GjsnittKjorelengde,Gjennomsnittlig kjørelengde per kjøretøy (km),2024,2024,,.
17,Store lastebiler i alt,14,"Bensin hybrid, ladbar",GjsnittKjorelengde,Gjennomsnittlig kjørelengde per kjøretøy (km),2025,2025,,.
17,Store lastebiler i alt,15,"Bensin hybrid, ikke ladbar",Kjorelengde,Kjørelengde (mill. km),2005,2005,,.
17,Store lastebiler i alt,15,"Bensin hybrid, ikke ladbar",Kjorelengde,Kjørelengde (mill. km),2006,2006,,.
17,Store lastebiler i alt,15,"Bensin hybrid, ikke ladbar",Kjorelengde,Kjørelengde (mill. km),2007,2007,,.
17,Store lastebiler i alt,15,"Bensin hybrid, ikke ladbar",Kjorelengde,Kjørelengde (mill. km),2008,2008,,.
17,Store lastebiler i alt,15,"Bensin hybrid, ikke ladbar",Kjorelengde,Kjørelengde (mill. km),2009,2009,,.
17,Store lastebiler i alt,15,"Bensin hybrid, ikke ladbar",Kjorelengde,Kjørelengde (mill. km),2010,2010,,.
17,Store lastebiler i alt,15,"Bensin hybrid, ikke ladbar",Kjorelengde,Kjørelengde (mill. km),2011,2011,,.
17,Store lastebiler i alt,15,"Bensin hybrid, ikke ladbar",Kjorelengde,Kjørelengde (mill. km),2012,2012,,.
17,Store lastebiler i alt,15,"Bensin hybrid, ikke ladbar",Kjorelengde,Kjørelengde (mill. km),2013,2013,,.
17,Store lastebiler i alt,15,"Bensin hybrid, ikke ladbar",Kjorelengde,Kjørelengde (mill. km),2014,2014,,.
17,Store lastebiler i alt,15,"Bensin hybrid, ikke ladbar",Kjorelengde,Kjørelengde (mill. km),2015,2015,,.
17,Store lastebiler i alt,15,"Bensin hybrid, ikke ladbar",Kjorelengde,Kjørelengde (mill. km),2016,2016,,.
17,Store lastebiler i alt,15,"Bensin hybrid, ikke ladbar",Kjorelengde,Kjørelengde (mill. km),2017,2017,,.
17,Store lastebiler i alt,15,"Bensin hybrid, ikke ladbar",Kjorelengde,Kjørelengde (mill. km),2018,2018,,.
17,Store lastebiler i alt,15,"Bensin hybrid, ikke ladbar",Kjorelengde,Kjørelengde (mill. km),2019,2019,,.
17,Store lastebiler i alt,15,"Bensin hybrid, ikke ladbar",Kjorelengde,Kjørelengde (mill. km),2020,2020,,.
17,Store lastebiler i alt,15,"Bensin hybrid, ikke ladbar",Kjorelengde,Kjørelengde (mill. km),2021,2021,,.
17,Store lastebiler i alt,15,"Bensin hybrid, ikke ladbar",Kjorelengde,Kjørelengde (mill. km),2022,2022,,.
17,Store lastebiler i alt,15,"Bensin hybrid, ikke ladbar",Kjorelengde,Kjørelengde (mill. km),2023,2023,,.
17,Store lastebiler i alt,15,"Bensin hybrid, ikke ladbar",Kjorelengde,Kjørelengde (mill. km),2024,2024,,.
17,Store lastebiler i alt,15,"Bensin hybrid, ikke ladbar",Kjorelengde,Kjørelengde (mill. km),2025,2025,,.
17,Store lastebiler i alt,15,"Bensin hybrid, ikke ladbar",GjsnittKjorelengde,Gjennomsnittlig kjørelengde per kjøretøy (km),2005,2005,,.
17,Store lastebiler i alt,15,"Bensin hybrid, ikke ladbar",GjsnittKjorelengde,Gjennomsnittlig kjørelengde per kjøretøy (km),2006,2006,,.
17,Store lastebiler i alt,15,"Bensin hybrid, ikke ladbar",GjsnittKjorelengde,Gjennomsnittlig kjørelengde per kjøretøy (km),2007,2007,,.
17,Store lastebiler i alt,15,"Bensin hybrid, ikke ladbar",GjsnittKjorelengde,Gjennomsnittlig kjørelengde per kjøretøy (km),2008,2008,,.
17,Store lastebiler i alt,15,"Bensin hybrid, ikke ladbar",GjsnittKjorelengde,Gjennomsnittlig kjørelengde per kjøretøy (km),2009,2009,,.
17,Store lastebiler i alt,15,"Bensin hybrid, ikke ladbar",GjsnittKjorelengde,Gjennomsnittlig kjørelengde per kjøretøy (km),2010,2010,,.
17,Store lastebiler i alt,15,"Bensin hybrid, ikke ladbar",GjsnittKjorelengde,Gjennomsnittlig kjørelengde per kjøretøy (km),2011,2011,,.
17,Store lastebiler i alt,15,"Bensin hybrid, ikke ladbar",GjsnittKjorelengde,Gjennomsnittlig kjørelengde per kjøretøy (km),2012,2012,,.
17,Store lastebiler i alt,15,"Bensin hybrid, ikke ladbar",GjsnittKjorelengde,Gjennomsnittlig kjørelengde per kjøretøy (km),2013,2013,,.
17,Store lastebiler i alt,15,"Bensin hybrid, ikke ladbar",GjsnittKjorelengde,Gjennomsnittlig kjørelengde per kjøretøy (km),2014,2014,,.
17,Store lastebiler i alt,15,"Bensin hybrid, ikke ladbar",GjsnittKjorelengde,Gjennomsnittlig kjørelengde per kjøretøy (km),2015,2015,,.
17,Store lastebiler i alt,15,"Bensin hybrid, ikke ladbar",GjsnittKjorelengde,Gjennomsnittlig kjørelengde per kjøretøy (km),2016,2016,,.
17,Store lastebiler i alt,15,"Bensin hybrid, ikke ladbar",GjsnittKjorelengde,Gjennomsnittlig kjørelengde per kjøretøy (km),2017,2017,,.
17,Store lastebiler i alt,15,"Bensin hybrid, ikke ladbar",GjsnittKjorelengde,Gjennomsnittlig kjørelengde per kjøretøy (km),2018,2018,,.
17,Store lastebiler i alt,15,"Bensin hybrid, ikke ladbar",GjsnittKjorelengde,Gjennomsnittlig kjørelengde per kjøretøy (km),2019,2019,,.
17,Store lastebiler i alt,15,"Bensin hybrid, ikke ladbar",GjsnittKjorelengde,Gjennomsnittlig kjørelengde per kjøretøy (km),2020,2020,,.
17,Store lastebiler i alt,15,"Bensin hybrid, ikke ladbar",GjsnittKjorelengde,Gjennomsnittlig kjørelengde per kjøretøy (km),2021,2021,,.
17,Store lastebiler i alt,15,"Bensin hybrid, ikke ladbar",GjsnittKjorelengde,Gjennomsnittlig kjørelengde per kjøretøy (km),2022,2022,,.
17,Store lastebiler i alt,15,"Bensin hybrid, ikke ladbar",GjsnittKjorelengde,Gjennomsnittlig kjørelengde per kjøretøy (km),2023,2023,,.
17,Store lastebiler i alt,15,"Bensin hybrid, ikke ladbar",GjsnittKjorelengde,Gjennomsnittlig kjørelengde per kjøretøy (km),2024,2024,,.
17,Store lastebiler i alt,15,"Bensin hybrid, ikke ladbar",GjsnittKjorelengde,Gjennomsnittlig kjørelengde per kjøretøy (km),2025,2025,,.
17,Store lastebiler i alt,16,"Diesel hybrid, ladbar",Kjorelengde,Kjørelengde (mill. km),2005,2005,,.
17,Store lastebiler i alt,16,"Diesel hybrid, ladbar",Kjorelengde,Kjørelengde (mill. km),2006,2006,,.
17,Store lastebiler i alt,16,"Diesel hybrid, ladbar",Kjorelengde,Kjørelengde (mill. km),2007,2007,,.
17,Store lastebiler i alt,16,"Diesel hybrid, ladbar",Kjorelengde,Kjørelengde (mill. km),2008,2008,,.
17,Store lastebiler i alt,16,"Diesel hybrid, ladbar",Kjorelengde,Kjørelengde (mill. km),2009,2009,,.
17,Store lastebiler i alt,16,"Diesel hybrid, ladbar",Kjorelengde,Kjørelengde (mill. km),2010,2010,,.
17,Store lastebiler i alt,16,"Diesel hybrid, ladbar",Kjorelengde,Kjørelengde (mill. km),2011,2011,,.
17,Store lastebiler i alt,16,"Diesel hybrid, ladbar",Kjorelengde,Kjørelengde (mill. km),2012,2012,,.
17,Store lastebiler i alt,16,"Diesel hybrid, ladbar",Kjorelengde,Kjørelengde (mill. km),2013,2013,,.
17,Store lastebiler i alt,16,"Diesel hybrid, ladbar",Kjorelengde,Kjørelengde (mill. km),2014,2014,,.
17,Store lastebiler i alt,16,"Diesel hybrid, ladbar",Kjorelengde,Kjørelengde (mill. km),2015,2015,,.
17,Store lastebiler i alt,16,"Diesel hybrid, ladbar",Kjorelengde,Kjørelengde (mill. km),2016,2016,,.
17,Store lastebiler i alt,16,"Diesel hybrid, ladbar",Kjorelengde,Kjørelengde (mill. km),2017,2017,,.
17,Store lastebiler i alt,16,"Diesel hybrid, ladbar",Kjorelengde,Kjørelengde (mill. km),2018,2018,,.
17,Store lastebiler i alt,16,"Diesel hybrid, ladbar",Kjorelengde,Kjørelengde (mill. km),2019,2019,,.
17,Store lastebiler i alt,16,"Diesel hybrid, ladbar",Kjorelengde,Kjørelengde (mill. km),2020,2020,,.
17,Store lastebiler i alt,16,"Diesel hybrid, ladbar",Kjorelengde,Kjørelengde (mill. km),2021,2021,,.
17,Store lastebiler i alt,16,"Diesel hybrid, ladbar",Kjorelengde,Kjørelengde (mill. km),2022,2022,,.
17,Store lastebiler i alt,16,"Diesel hybrid, ladbar",Kjorelengde,Kjørelengde (mill. km),2023,2023,,:
17,Store lastebiler i alt,16,"Diesel hybrid, ladbar",Kjorelengde,Kjørelengde (mill. km),2024,2024,,:
17,Store lastebiler i alt,16,"Diesel hybrid, ladbar",Kjorelengde,Kjørelengde (mill. km),2025,2025,0.1,
17,Store lastebiler i alt,16,"Diesel hybrid, ladbar",GjsnittKjorelengde,Gjennomsnittlig kjørelengde per kjøretøy (km),2005,2005,,.
17,Store lastebiler i alt,16,"Diesel hybrid, ladbar",GjsnittKjorelengde,Gjennomsnittlig kjørelengde per kjøretøy (km),2006,2006,,.
17,Store lastebiler i alt,16,"Diesel hybrid, ladbar",GjsnittKjorelengde,Gjennomsnittlig kjørelengde per kjøretøy (km),2007,2007,,.
17,Store lastebiler i alt,16,"Diesel hybrid, ladbar",GjsnittKjorelengde,Gjennomsnittlig kjørelengde per kjøretøy (km),2008,2008,,.
17,Store lastebiler i alt,16,"Diesel hybrid, ladbar",GjsnittKjorelengde,Gjennomsnittlig kjørelengde per kjøretøy (km),2009,2009,,.
17,Store lastebiler i alt,16,"Diesel hybrid, ladbar",GjsnittKjorelengde,Gjennomsnittlig kjørelengde per kjøretøy (km),2010,2010,,.
17,Store lastebiler i alt,16,"Diesel hybrid, ladbar",GjsnittKjorelengde,Gjennomsnittlig kjørelengde per kjøretøy (km),2011,2011,,.
17,Store lastebiler i alt,16,"Diesel hybrid, ladbar",GjsnittKjorelengde,Gjennomsnittlig kjørelengde per kjøretøy (km),2012,2012,,.
17,Store lastebiler i alt,16,"Diesel hybrid, ladbar",GjsnittKjorelengde,Gjennomsnittlig kjørelengde per kjøretøy (km),2013,2013,,.
17,Store lastebiler i alt,16,"Diesel hybrid, ladbar",GjsnittKjorelengde,Gjennomsnittlig kjørelengde per kjøretøy (km),2014,2014,,.
17,Store lastebiler i alt,16,"Diesel hybrid, ladbar",GjsnittKjorelengde,Gjennomsnittlig kjørelengde per kjøretøy (km),2015,2015,,.
17,Store lastebiler i alt,16,"Diesel hybrid, ladbar",GjsnittKjorelengde,Gjennomsnittlig kjørelengde per kjøretøy (km),2016,2016,,.
17,Store lastebiler i alt,16,"Diesel hybrid, ladbar",GjsnittKjorelengde,Gjennomsnittlig kjørelengde per kjøretøy (km),2017,2017,,.
17,Store lastebiler i alt,16,"Diesel hybrid, ladbar",GjsnittKjorelengde,Gjennomsnittlig kjørelengde per kjøretøy (km),2018,2018,,.
17,Store lastebiler i alt,16,"Diesel hybrid, ladbar",GjsnittKjorelengde,Gjennomsnittlig kjørelengde per kjøretøy (km),2019,2019,,.
17,Store lastebiler i alt,16,"Diesel hybrid, ladbar",GjsnittKjorelengde,Gjennomsnittlig kjørelengde per kjøretøy (km),2020,2020,,.
17,Store lastebiler i alt,16,"Diesel hybrid, ladbar",GjsnittKjorelengde,Gjennomsnittlig kjørelengde per kjøretøy (km),2021,2021,,.
17,Store lastebiler i alt,16,"Diesel hybrid, ladbar",GjsnittKjorelengde,Gjennomsnittlig kjørelengde per kjøretøy (km),2022,2022,,.
17,Store lastebiler i alt,16,"Diesel hybrid, ladbar",GjsnittKjorelengde,Gjennomsnittlig kjørelengde per kjøretøy (km),2023,2023,,:
17,Store lastebiler i alt,16,"Diesel hybrid, ladbar",GjsnittKjorelengde,Gjennomsnittlig kjørelengde per kjøretøy (km),2024,2024,,:
17,Store lastebiler i alt,16,"Diesel hybrid, ladbar",GjsnittKjorelengde,Gjennomsnittlig kjørelengde per kjøretøy (km),2025,2025,27094.0,
17,Store lastebiler i alt,17,"Diesel hybrid, ikke ladbar",Kjorelengde,Kjørelengde (mill. km),2005,2005,,.
17,Store lastebiler i alt,17,"Diesel hybrid, ikke ladbar",Kjorelengde,Kjørelengde (mill. km),2006,2006,,.
17,Store lastebiler i alt,17,"Diesel hybrid, ikke ladbar",Kjorelengde,Kjørelengde (mill. km),2007,2007,,.
17,Store lastebiler i alt,17,"Diesel hybrid, ikke ladbar",Kjorelengde,Kjørelengde (mill. km),2008,2008,,.
17,Store lastebiler i alt,17,"Diesel hybrid, ikke ladbar",Kjorelengde,Kjørelengde (mill. km),2009,2009,,.
17,Store lastebiler i alt,17,"Diesel hybrid, ikke ladbar",Kjorelengde,Kjørelengde (mill. km),2010,2010,,.
17,Store lastebiler i alt,17,"Diesel hybrid, ikke ladbar",Kjorelengde,Kjørelengde (mill. km),2011,2011,,.
17,Store lastebiler i alt,17,"Diesel hybrid, ikke ladbar",Kjorelengde,Kjørelengde (mill. km),2012,2012,,.
17,Store lastebiler i alt,17,"Diesel hybrid, ikke ladbar",Kjorelengde,Kjørelengde (mill. km),2013,2013,,.
17,Store lastebiler i alt,17,"Diesel hybrid, ikke ladbar",Kjorelengde,Kjørelengde (mill. km),2014,2014,,.
17,Store lastebiler i alt,17,"Diesel hybrid, ikke ladbar",Kjorelengde,Kjørelengde (mill. km),2015,2015,,.
17,Store lastebiler i alt,17,"Diesel hybrid, ikke ladbar",Kjorelengde,Kjørelengde (mill. km),2016,2016,,:
17,Store lastebiler i alt,17,"Diesel hybrid, ikke ladbar",Kjorelengde,Kjørelengde (mill. km),2017,2017,0.2,
17,Store lastebiler i alt,17,"Diesel hybrid, ikke ladbar",Kjorelengde,Kjørelengde (mill. km),2018,2018,0.2,
17,Store lastebiler i alt,17,"Diesel hybrid, ikke ladbar",Kjorelengde,Kjørelengde (mill. km),2019,2019,0.4,
17,Store lastebiler i alt,17,"Diesel hybrid, ikke ladbar",Kjorelengde,Kjørelengde (mill. km),2020,2020,0.0,
17,Store lastebiler i alt,17,"Diesel hybrid, ikke ladbar",Kjorelengde,Kjørelengde (mill. km),2021,2021,0.0,
17,Store lastebiler i alt,17,"Diesel hybrid, ikke ladbar",Kjorelengde,Kjørelengde (mill. km),2022,2022,0.0,
17,Store lastebiler i alt,17,"Diesel hybrid, ikke ladbar",Kjorelengde,Kjørelengde (mill. km),2023,2023,0.0,
17,Store lastebiler i alt,17,"Diesel hybrid, ikke ladbar",Kjorelengde,Kjørelengde (mill. km),2024,2024,0.0,
17,Store lastebiler i alt,17,"Diesel hybrid, ikke ladbar",Kjorelengde,Kjørelengde (mill. km),2025,2025,0.0,
17,Store lastebiler i alt,17,"Diesel hybrid, ikke ladbar",GjsnittKjorelengde,Gjennomsnittlig kjørelengde per kjøretøy (km),2005,2005,,.
17,Store lastebiler i alt,17,"Diesel hybrid, ikke ladbar",GjsnittKjorelengde,Gjennomsnittlig kjørelengde per kjøretøy (km),2006,2006,,.
17,Store lastebiler i alt,17,"Diesel hybrid, ikke ladbar",GjsnittKjorelengde,Gjennomsnittlig kjørelengde per kjøretøy (km),2007,2007,,.
17,Store lastebiler i alt,17,"Diesel hybrid, ikke ladbar",GjsnittKjorelengde,Gjennomsnittlig kjørelengde per kjøretøy (km),2008,2008,,.
17,Store lastebiler i alt,17,"Diesel hybrid, ikke ladbar",GjsnittKjorelengde,Gjennomsnittlig kjørelengde per kjøretøy (km),2009,2009,,.
17,Store lastebiler i alt,17,"Diesel hybrid, ikke ladbar",GjsnittKjorelengde,Gjennomsnittlig kjørelengde per kjøretøy (km),2010,2010,,.
17,Store lastebiler i alt,17,"Diesel hybrid, ikke ladbar",GjsnittKjorelengde,Gjennomsnittlig kjørelengde per kjøretøy (km),2011,2011,,.
17,Store lastebiler i alt,17,"Diesel hybrid, ikke ladbar",GjsnittKjorelengde,Gjennomsnittlig kjørelengde per kjøretøy (km),2012,2012,,.
17,Store lastebiler i alt,17,"Diesel hybrid, ikke ladbar",GjsnittKjorelengde,Gjennomsnittlig kjørelengde per kjøretøy (km),2013,2013,,.
17,Store lastebiler i alt,17,"Diesel hybrid, ikke ladbar",GjsnittKjorelengde,Gjennomsnittlig kjørelengde per kjøretøy (km),2014,2014,,.
17,Store lastebiler i alt,17,"Diesel hybrid, ikke ladbar",GjsnittKjorelengde,Gjennomsnittlig kjørelengde per kjøretøy (km),2015,2015,,.
17,Store lastebiler i alt,17,"Diesel hybrid, ikke ladbar",GjsnittKjorelengde,Gjennomsnittlig kjørelengde per kjøretøy (km),2016,2016,,:
17,Store lastebiler i alt,17,"Diesel hybrid, ikke ladbar",GjsnittKjorelengde,Gjennomsnittlig kjørelengde per kjøretøy (km),2017,2017,20876.0,
17,Store lastebiler i alt,17,"Diesel hybrid, ikke ladbar",GjsnittKjorelengde,Gjennomsnittlig kjørelengde per kjøretøy (km),2018,2018,19270.0,
17,Store lastebiler i alt,17,"Diesel hybrid, ikke ladbar",GjsnittKjorelengde,Gjennomsnittlig kjørelengde per kjøretøy (km),2019,2019,40691.0,
17,Store lastebiler i alt,17,"Diesel hybrid, ikke ladbar",GjsnittKjorelengde,Gjennomsnittlig kjørelengde per kjøretøy (km),2020,2020,10618.0,
17,Store lastebiler i alt,17,"Diesel hybrid, ikke ladbar",GjsnittKjorelengde,Gjennomsnittlig kjørelengde per kjøretøy (km),2021,2021,9053.0,
17,Store lastebiler i alt,17,"Diesel hybrid, ikke ladbar",GjsnittKjorelengde,Gjennomsnittlig kjørelengde per kjøretøy (km),2022,2022,8751.0,
17,Store lastebiler i alt,17,"Diesel hybrid, ikke ladbar",GjsnittKjorelengde,Gjennomsnittlig kjørelengde per kjøretøy (km),2023,2023,10933.0,
17,Store lastebiler i alt,17,"Diesel hybrid, ikke ladbar",GjsnittKjorelengde,Gjennomsnittlig kjørelengde per kjøretøy (km),2024,2024,7615.0,
17,Store lastebiler i alt,17,"Diesel hybrid, ikke ladbar",GjsnittKjorelengde,Gjennomsnittlig kjørelengde per kjøretøy (km),2025,2025,7829.0,
17,Store lastebiler i alt,3,Parafin,Kjorelengde,Kjørelengde (mill. km),2005,2005,,.
17,Store lastebiler i alt,3,Parafin,Kjorelengde,Kjørelengde (mill. km),2006,2006,,.
17,Store lastebiler i alt,3,Parafin,Kjorelengde,Kjørelengde (mill. km),2007,2007,,.
17,Store lastebiler i alt,3,Parafin,Kjorelengde,Kjørelengde (mill. km),2008,2008,,.
17,Store lastebiler i alt,3,Parafin,Kjorelengde,Kjørelengde (mill. km),2009,2009,,.
17,Store lastebiler i alt,3,Parafin,Kjorelengde,Kjørelengde (mill. km),2010,2010,,.
17,Store lastebiler i alt,3,Parafin,Kjorelengde,Kjørelengde (mill. km),2011,2011,,.
17,Store lastebiler i alt,3,Parafin,Kjorelengde,Kjørelengde (mill. km),2012,2012,,.
17,Store lastebiler i alt,3,Parafin,Kjorelengde,Kjørelengde (mill. km),2013,2013,,.
17,Store lastebiler i alt,3,Parafin,Kjorelengde,Kjørelengde (mill. km),2014,2014,,.
17,Store lastebiler i alt,3,Parafin,Kjorelengde,Kjørelengde (mill. km),2015,2015,,.
17,Store lastebiler i alt,3,Parafin,Kjorelengde,Kjørelengde (mill. km),2016,2016,0.3,
17,Store lastebiler i alt,3,Parafin,Kjorelengde,Kjørelengde (mill. km),2017,2017,,:
17,Store lastebiler i alt,3,Parafin,Kjorelengde,Kjørelengde (mill. km),2018,2018,0.3,
17,Store lastebiler i alt,3,Parafin,Kjorelengde,Kjørelengde (mill. km),2019,2019,0.4,
17,Store lastebiler i alt,3,Parafin,Kjorelengde,Kjørelengde (mill. km),2020,2020,0.5,
17,Store lastebiler i alt,3,Parafin,Kjorelengde,Kjørelengde (mill. km),2021,2021,0.4,
17,Store lastebiler i alt,3,Parafin,Kjorelengde,Kjørelengde (mill. km),2022,2022,0.3,
17,Store lastebiler i alt,3,Parafin,Kjorelengde,Kjørelengde (mill. km),2023,2023,0.1,
17,Store lastebiler i alt,3,Parafin,Kjorelengde,Kjørelengde (mill. km),2024,2024,0.1,
17,Store lastebiler i alt,3,Parafin,Kjorelengde,Kjørelengde (mill. km),2025,2025,0.1,
17,Store lastebiler i alt,3,Parafin,GjsnittKjorelengde,Gjennomsnittlig kjørelengde per kjøretøy (km),2005,2005,,.
17,Store lastebiler i alt,3,Parafin,GjsnittKjorelengde,Gjennomsnittlig kjørelengde per kjøretøy (km),2006,2006,,.
17,Store lastebiler i alt,3,Parafin,GjsnittKjorelengde,Gjennomsnittlig kjørelengde per kjøretøy (km),2007,2007,,.
17,Store lastebiler i alt,3,Parafin,GjsnittKjorelengde,Gjennomsnittlig kjørelengde per kjøretøy (km),2008,2008,,.
17,Store lastebiler i alt,3,Parafin,GjsnittKjorelengde,Gjennomsnittlig kjørelengde per kjøretøy (km),2009,2009,,.
17,Store lastebiler i alt,3,Parafin,GjsnittKjorelengde,Gjennomsnittlig kjørelengde per kjøretøy (km),2010,2010,,.
17,Store lastebiler i alt,3,Parafin,GjsnittKjorelengde,Gjennomsnittlig kjørelengde per kjøretøy (km),2011,2011,,.
17,Store lastebiler i alt,3,Parafin,GjsnittKjorelengde,Gjennomsnittlig kjørelengde per kjøretøy (km),2012,2012,,.
17,Store lastebiler i alt,3,Parafin,GjsnittKjorelengde,Gjennomsnittlig kjørelengde per kjøretøy (km),2013,2013,,.
17,Store lastebiler i alt,3,Parafin,GjsnittKjorelengde,Gjennomsnittlig kjørelengde per kjøretøy (km),2014,2014,,.
17,Store lastebiler i alt,3,Parafin,GjsnittKjorelengde,Gjennomsnittlig kjørelengde per kjøretøy (km),2015,2015,,.
17,Store lastebiler i alt,3,Parafin,GjsnittKjorelengde,Gjennomsnittlig kjørelengde per kjøretøy (km),2016,2016,15708.0,
17,Store lastebiler i alt,3,Parafin,GjsnittKjorelengde,Gjennomsnittlig kjørelengde per kjøretøy (km),2017,2017,,:
17,Store lastebiler i alt,3,Parafin,GjsnittKjorelengde,Gjennomsnittlig kjørelengde per kjøretøy (km),2018,2018,15700.0,
17,Store lastebiler i alt,3,Parafin,GjsnittKjorelengde,Gjennomsnittlig kjørelengde per kjøretøy (km),2019,2019,22174.0,
17,Store lastebiler i alt,3,Parafin,GjsnittKjorelengde,Gjennomsnittlig kjørelengde per kjøretøy (km),2020,2020,22275.0,
17,Store lastebiler i alt,3,Parafin,GjsnittKjorelengde,Gjennomsnittlig kjørelengde per kjøretøy (km),2021,2021,21723.0,
17,Store lastebiler i alt,3,Parafin,GjsnittKjorelengde,Gjennomsnittlig kjørelengde per kjøretøy (km),2022,2022,16265.0,
17,Store lastebiler i alt,3,Parafin,GjsnittKjorelengde,Gjennomsnittlig kjørelengde per kjøretøy (km),2023,2023,8469.0,
17,Store lastebiler i alt,3,Parafin,GjsnittKjorelengde,Gjennomsnittlig kjørelengde per kjøretøy (km),2024,2024,5300.0,
17,Store lastebiler i alt,3,Parafin,GjsnittKjorelengde,Gjennomsnittlig kjørelengde per kjøretøy (km),2025,2025,39134.0,
17,Store lastebiler i alt,4,Gass,Kjorelengde,Kjørelengde (mill. km),2005,2005,,.
17,Store lastebiler i alt,4,Gass,Kjorelengde,Kjørelengde (mill. km),2006,2006,,.
17,Store lastebiler i alt,4,Gass,Kjorelengde,Kjørelengde (mill. km),2007,2007,,.
17,Store lastebiler i alt,4,Gass,Kjorelengde,Kjørelengde (mill. km),2008,2008,,.
17,Store lastebiler i alt,4,Gass,Kjorelengde,Kjørelengde (mill. km),2009,2009,,.
17,Store lastebiler i alt,4,Gass,Kjorelengde,Kjørelengde (mill. km),2010,2010,,.
17,Store lastebiler i alt,4,Gass,Kjorelengde,Kjørelengde (mill. km),2011,2011,,.
17,Store lastebiler i alt,4,Gass,Kjorelengde,Kjørelengde (mill. km),2012,2012,,.
17,Store lastebiler i alt,4,Gass,Kjorelengde,Kjørelengde (mill. km),2013,2013,,.
17,Store lastebiler i alt,4,Gass,Kjorelengde,Kjørelengde (mill. km),2014,2014,,.
17,Store lastebiler i alt,4,Gass,Kjorelengde,Kjørelengde (mill. km),2015,2015,,.
17,Store lastebiler i alt,4,Gass,Kjorelengde,Kjørelengde (mill. km),2016,2016,4.9,
17,Store lastebiler i alt,4,Gass,Kjorelengde,Kjørelengde (mill. km),2017,2017,5.8,
17,Store lastebiler i alt,4,Gass,Kjorelengde,Kjørelengde (mill. km),2018,2018,7.3,
17,Store lastebiler i alt,4,Gass,Kjorelengde,Kjørelengde (mill. km),2019,2019,8.9,
17,Store lastebiler i alt,4,Gass,Kjorelengde,Kjørelengde (mill. km),2020,2020,11.2,
17,Store lastebiler i alt,4,Gass,Kjorelengde,Kjørelengde (mill. km),2021,2021,16.0,
17,Store lastebiler i alt,4,Gass,Kjorelengde,Kjørelengde (mill. km),2022,2022,21.4,
17,Store lastebiler i alt,4,Gass,Kjorelengde,Kjørelengde (mill. km),2023,2023,41.1,
17,Store lastebiler i alt,4,Gass,Kjorelengde,Kjørelengde (mill. km),2024,2024,68.8,
17,Store lastebiler i alt,4,Gass,Kjorelengde,Kjørelengde (mill. km),2025,2025,100.0,
17,Store lastebiler i alt,4,Gass,GjsnittKjorelengde,Gjennomsnittlig kjørelengde per kjøretøy (km),2005,2005,,.
17,Store lastebiler i alt,4,Gass,GjsnittKjorelengde,Gjennomsnittlig kjørelengde per kjøretøy (km),2006,2006,,.
17,Store lastebiler i alt,4,Gass,GjsnittKjorelengde,Gjennomsnittlig kjørelengde per kjøretøy (km),2007,2007,,.
17,Store lastebiler i alt,4,Gass,GjsnittKjorelengde,Gjennomsnittlig kjørelengde per kjøretøy (km),2008,2008,,.
17,Store lastebiler i alt,4,Gass,GjsnittKjorelengde,Gjennomsnittlig kjørelengde per kjøretøy (km),2009,2009,,.
17,Store lastebiler i alt,4,Gass,GjsnittKjorelengde,Gjennomsnittlig kjørelengde per kjøretøy (km),2010,2010,,.
17,Store lastebiler i alt,4,Gass,GjsnittKjorelengde,Gjennomsnittlig kjørelengde per kjøretøy (km),2011,2011,,.
17,Store lastebiler i alt,4,Gass,GjsnittKjorelengde,Gjennomsnittlig kjørelengde per kjøretøy (km),2012,2012,,.
17,Store lastebiler i alt,4,Gass,GjsnittKjorelengde,Gjennomsnittlig kjørelengde per kjøretøy (km),2013,2013,,.
17,Store lastebiler i alt,4,Gass,GjsnittKjorelengde,Gjennomsnittlig kjørelengde per kjøretøy (km),2014,2014,,.
17,Store lastebiler i alt,4,Gass,GjsnittKjorelengde,Gjennomsnittlig kjørelengde per kjøretøy (km),2015,2015,,.
17,Store lastebiler i alt,4,Gass,GjsnittKjorelengde,Gjennomsnittlig kjørelengde per kjøretøy (km),2016,2016,17202.0,
17,Store lastebiler i alt,4,Gass,GjsnittKjorelengde,Gjennomsnittlig kjørelengde per kjøretøy (km),2017,2017,17356.0,
17,Store lastebiler i alt,4,Gass,GjsnittKjorelengde,Gjennomsnittlig kjørelengde per kjøretøy (km),2018,2018,21846.0,
17,Store lastebiler i alt,4,Gass,GjsnittKjorelengde,Gjennomsnittlig kjørelengde per kjøretøy (km),2019,2019,20039.0,
17,Store lastebiler i alt,4,Gass,GjsnittKjorelengde,Gjennomsnittlig kjørelengde per kjøretøy (km),2020,2020,21425.0,
17,Store lastebiler i alt,4,Gass,GjsnittKjorelengde,Gjennomsnittlig kjørelengde per kjøretøy (km),2021,2021,25650.0,
17,Store lastebiler i alt,4,Gass,GjsnittKjorelengde,Gjennomsnittlig kjørelengde per kjøretøy (km),2022,2022,25164.0,
17,Store lastebiler i alt,4,Gass,GjsnittKjorelengde,Gjennomsnittlig kjørelengde per kjøretøy (km),2023,2023,32856.0,
17,Store lastebiler i alt,4,Gass,GjsnittKjorelengde,Gjennomsnittlig kjørelengde per kjøretøy (km),2024,2024,37812.0,
17,Store lastebiler i alt,4,Gass,GjsnittKjorelengde,Gjennomsnittlig kjørelengde per kjøretøy (km),2025,2025,44261.0,
17,Store lastebiler i alt,13,Hydrogen,Kjorelengde,Kjørelengde (mill. km),2005,2005,,.
17,Store lastebiler i alt,13,Hydrogen,Kjorelengde,Kjørelengde (mill. km),2006,2006,,.
17,Store lastebiler i alt,13,Hydrogen,Kjorelengde,Kjørelengde (mill. km),2007,2007,,.
17,Store lastebiler i alt,13,Hydrogen,Kjorelengde,Kjørelengde (mill. km),2008,2008,,.
17,Store lastebiler i alt,13,Hydrogen,Kjorelengde,Kjørelengde (mill. km),2009,2009,,.
17,Store lastebiler i alt,13,Hydrogen,Kjorelengde,Kjørelengde (mill. km),2010,2010,,.
17,Store lastebiler i alt,13,Hydrogen,Kjorelengde,Kjørelengde (mill. km),2011,2011,,.
17,Store lastebiler i alt,13,Hydrogen,Kjorelengde,Kjørelengde (mill. km),2012,2012,,.
17,Store lastebiler i alt,13,Hydrogen,Kjorelengde,Kjørelengde (mill. km),2013,2013,,.
17,Store lastebiler i alt,13,Hydrogen,Kjorelengde,Kjørelengde (mill. km),2014,2014,,.
17,Store lastebiler i alt,13,Hydrogen,Kjorelengde,Kjørelengde (mill. km),2015,2015,,.
17,Store lastebiler i alt,13,Hydrogen,Kjorelengde,Kjørelengde (mill. km),2016,2016,,.
17,Store lastebiler i alt,13,Hydrogen,Kjorelengde,Kjørelengde (mill. km),2017,2017,,.
17,Store lastebiler i alt,13,Hydrogen,Kjorelengde,Kjørelengde (mill. km),2018,2018,,.
17,Store lastebiler i alt,13,Hydrogen,Kjorelengde,Kjørelengde (mill. km),2019,2019,,:
17,Store lastebiler i alt,13,Hydrogen,Kjorelengde,Kjørelengde (mill. km),2020,2020,0.0,
17,Store lastebiler i alt,13,Hydrogen,Kjorelengde,Kjørelengde (mill. km),2021,2021,0.1,
17,Store lastebiler i alt,13,Hydrogen,Kjorelengde,Kjørelengde (mill. km),2022,2022,0.1,
17,Store lastebiler i alt,13,Hydrogen,Kjorelengde,Kjørelengde (mill. km),2023,2023,0.1,
17,Store lastebiler i alt,13,Hydrogen,Kjorelengde,Kjørelengde (mill. km),2024,2024,,:
17,Store lastebiler i alt,13,Hydrogen,Kjorelengde,Kjørelengde (mill. km),2025,2025,0.1,
17,Store lastebiler i alt,13,Hydrogen,GjsnittKjorelengde,Gjennomsnittlig kjørelengde per kjøretøy (km),2005,2005,,.
17,Store lastebiler i alt,13,Hydrogen,GjsnittKjorelengde,Gjennomsnittlig kjørelengde per kjøretøy (km),2006,2006,,.
17,Store lastebiler i alt,13,Hydrogen,GjsnittKjorelengde,Gjennomsnittlig kjørelengde per kjøretøy (km),2007,2007,,.
17,Store lastebiler i alt,13,Hydrogen,GjsnittKjorelengde,Gjennomsnittlig kjørelengde per kjøretøy (km),2008,2008,,.
17,Store lastebiler i alt,13,Hydrogen,GjsnittKjorelengde,Gjennomsnittlig kjørelengde per kjøretøy (km),2009,2009,,.
17,Store lastebiler i alt,13,Hydrogen,GjsnittKjorelengde,Gjennomsnittlig kjørelengde per kjøretøy (km),2010,2010,,.
17,Store lastebiler i alt,13,Hydrogen,GjsnittKjorelengde,Gjennomsnittlig kjørelengde per kjøretøy (km),2011,2011,,.
17,Store lastebiler i alt,13,Hydrogen,GjsnittKjorelengde,Gjennomsnittlig kjørelengde per kjøretøy (km),2012,2012,,.
17,Store lastebiler i alt,13,Hydrogen,GjsnittKjorelengde,Gjennomsnittlig kjørelengde per kjøretøy (km),2013,2013,,.
17,Store lastebiler i alt,13,Hydrogen,GjsnittKjorelengde,Gjennomsnittlig kjørelengde per kjøretøy (km),2014,2014,,.
17,Store lastebiler i alt,13,Hydrogen,GjsnittKjorelengde,Gjennomsnittlig kjørelengde per kjøretøy (km),2015,2015,,.
17,Store lastebiler i alt,13,Hydrogen,GjsnittKjorelengde,Gjennomsnittlig kjørelengde per kjøretøy (km),2016,2016,,.
17,Store lastebiler i alt,13,Hydrogen,GjsnittKjorelengde,Gjennomsnittlig kjørelengde per kjøretøy (km),2017,2017,,.
17,Store lastebiler i alt,13,Hydrogen,GjsnittKjorelengde,Gjennomsnittlig kjørelengde per kjøretøy (km),2018,2018,,.
17,Store lastebiler i alt,13,Hydrogen,GjsnittKjorelengde,Gjennomsnittlig kjørelengde per kjøretøy (km),2019,2019,,:
17,Store lastebiler i alt,13,Hydrogen,GjsnittKjorelengde,Gjennomsnittlig kjørelengde per kjøretøy (km),2020,2020,7395.0,
17,Store lastebiler i alt,13,Hydrogen,GjsnittKjorelengde,Gjennomsnittlig kjørelengde per kjøretøy (km),2021,2021,26104.0,
17,Store lastebiler i alt,13,Hydrogen,GjsnittKjorelengde,Gjennomsnittlig kjørelengde per kjøretøy (km),2022,2022,28314.0,
17,Store lastebiler i alt,13,Hydrogen,GjsnittKjorelengde,Gjennomsnittlig kjørelengde per kjøretøy (km),2023,2023,13276.0,
17,Store lastebiler i alt,13,Hydrogen,GjsnittKjorelengde,Gjennomsnittlig kjørelengde per kjøretøy (km),2024,2024,,:
17,Store lastebiler i alt,13,Hydrogen,GjsnittKjorelengde,Gjennomsnittlig kjørelengde per kjøretøy (km),2025,2025,20664.0,
17,Store lastebiler i alt,7,Andre drivstoff,Kjorelengde,Kjørelengde (mill. km),2005,2005,0.1,
17,Store lastebiler i alt,7,Andre drivstoff,Kjorelengde,Kjørelengde (mill. km),2006,2006,0.3,
17,Store lastebiler i alt,7,Andre drivstoff,Kjorelengde,Kjørelengde (mill. km),2007,2007,0.7,
17,Store lastebiler i alt,7,Andre drivstoff,Kjorelengde,Kjørelengde (mill. km),2008,2008,0.4,
17,Store lastebiler i alt,7,Andre drivstoff,Kjorelengde,Kjørelengde (mill. km),2009,2009,0.8,
17,Store lastebiler i alt,7,Andre drivstoff,Kjorelengde,Kjørelengde (mill. km),2010,2010,1.3,
17,Store lastebiler i alt,7,Andre drivstoff,Kjorelengde,Kjørelengde (mill. km),2011,2011,1.6,
17,Store lastebiler i alt,7,Andre drivstoff,Kjorelengde,Kjørelengde (mill. km),2012,2012,1.9,
17,Store lastebiler i alt,7,Andre drivstoff,Kjorelengde,Kjørelengde (mill. km),2013,2013,2.6,
17,Store lastebiler i alt,7,Andre drivstoff,Kjorelengde,Kjørelengde (mill. km),2014,2014,3.8,
17,Store lastebiler i alt,7,Andre drivstoff,Kjorelengde,Kjørelengde (mill. km),2015,2015,5.4,
17,Store lastebiler i alt,7,Andre drivstoff,Kjorelengde,Kjørelengde (mill. km),2016,2016,1.2,
17,Store lastebiler i alt,7,Andre drivstoff,Kjorelengde,Kjørelengde (mill. km),2017,2017,1.3,
17,Store lastebiler i alt,7,Andre drivstoff,Kjorelengde,Kjørelengde (mill. km),2018,2018,1.4,
17,Store lastebiler i alt,7,Andre drivstoff,Kjorelengde,Kjørelengde (mill. km),2019,2019,1.5,
17,Store lastebiler i alt,7,Andre drivstoff,Kjorelengde,Kjørelengde (mill. km),2020,2020,1.6,
17,Store lastebiler i alt,7,Andre drivstoff,Kjorelengde,Kjørelengde (mill. km),2021,2021,1.6,
17,Store lastebiler i alt,7,Andre drivstoff,Kjorelengde,Kjørelengde (mill. km),2022,2022,1.3,
17,Store lastebiler i alt,7,Andre drivstoff,Kjorelengde,Kjørelengde (mill. km),2023,2023,0.2,
17,Store lastebiler i alt,7,Andre drivstoff,Kjorelengde,Kjørelengde (mill. km),2024,2024,0.1,
17,Store lastebiler i alt,7,Andre drivstoff,Kjorelengde,Kjørelengde (mill. km),2025,2025,0.1,
17,Store lastebiler i alt,7,Andre drivstoff,GjsnittKjorelengde,Gjennomsnittlig kjørelengde per kjøretøy (km),2005,2005,6471.0,
17,Store lastebiler i alt,7,Andre drivstoff,GjsnittKjorelengde,Gjennomsnittlig kjørelengde per kjøretøy (km),2006,2006,17911.0,
17,Store lastebiler i alt,7,Andre drivstoff,GjsnittKjorelengde,Gjennomsnittlig kjørelengde per kjøretøy (km),2007,2007,26907.0,
17,Store lastebiler i alt,7,Andre drivstoff,GjsnittKjorelengde,Gjennomsnittlig kjørelengde per kjøretøy (km),2008,2008,19754.0,
17,Store lastebiler i alt,7,Andre drivstoff,GjsnittKjorelengde,Gjennomsnittlig kjørelengde per kjøretøy (km),2009,2009,15239.0,
17,Store lastebiler i alt,7,Andre drivstoff,GjsnittKjorelengde,Gjennomsnittlig kjørelengde per kjøretøy (km),2010,2010,13229.0,
17,Store lastebiler i alt,7,Andre drivstoff,GjsnittKjorelengde,Gjennomsnittlig kjørelengde per kjøretøy (km),2011,2011,14980.0,
17,Store lastebiler i alt,7,Andre drivstoff,GjsnittKjorelengde,Gjennomsnittlig kjørelengde per kjøretøy (km),2012,2012,15518.0,
17,Store lastebiler i alt,7,Andre drivstoff,GjsnittKjorelengde,Gjennomsnittlig kjørelengde per kjøretøy (km),2013,2013,14644.0,
17,Store lastebiler i alt,7,Andre drivstoff,GjsnittKjorelengde,Gjennomsnittlig kjørelengde per kjøretøy (km),2014,2014,17295.0,
17,Store lastebiler i alt,7,Andre drivstoff,GjsnittKjorelengde,Gjennomsnittlig kjørelengde per kjøretøy (km),2015,2015,19261.0,
17,Store lastebiler i alt,7,Andre drivstoff,GjsnittKjorelengde,Gjennomsnittlig kjørelengde per kjøretøy (km),2016,2016,22987.0,
17,Store lastebiler i alt,7,Andre drivstoff,GjsnittKjorelengde,Gjennomsnittlig kjørelengde per kjøretøy (km),2017,2017,25912.0,
17,Store lastebiler i alt,7,Andre drivstoff,GjsnittKjorelengde,Gjennomsnittlig kjørelengde per kjøretøy (km),2018,2018,28172.0,
17,Store lastebiler i alt,7,Andre drivstoff,GjsnittKjorelengde,Gjennomsnittlig kjørelengde per kjøretøy (km),2019,2019,22547.0,
17,Store lastebiler i alt,7,Andre drivstoff,GjsnittKjorelengde,Gjennomsnittlig kjørelengde per kjøretøy (km),2020,2020,30535.0,
17,Store lastebiler i alt,7,Andre drivstoff,GjsnittKjorelengde,Gjennomsnittlig kjørelengde per kjøretøy (km),2021,2021,31065.0,
17,Store lastebiler i alt,7,Andre drivstoff,GjsnittKjorelengde,Gjennomsnittlig kjørelengde per kjøretøy (km),2022,2022,32311.0,
17,Store lastebiler i alt,7,Andre drivstoff,GjsnittKjorelengde,Gjennomsnittlig kjørelengde per kjøretøy (km),2023,2023,11466.0,
17,Store lastebiler i alt,7,Andre drivstoff,GjsnittKjorelengde,Gjennomsnittlig kjørelengde per kjøretøy (km),2024,2024,14663.0,
17,Store lastebiler i alt,7,Andre drivstoff,GjsnittKjorelengde,Gjennomsnittlig kjørelengde per kjøretøy (km),2025,2025,22458.0,
20,Personbiler,0,Alle typer drivstoff,Kjorelengde,Kjørelengde (mill. km),2005,2005,27972.4,
20,Personbiler,0,Alle typer drivstoff,Kjorelengde,Kjørelengde (mill. km),2006,2006,29067.0,
20,Personbiler,0,Alle typer drivstoff,Kjorelengde,Kjørelengde (mill. km),2007,2007,31360.6,
20,Personbiler,0,Alle typer drivstoff,Kjorelengde,Kjørelengde (mill. km),2008,2008,31781.0,
20,Personbiler,0,Alle typer drivstoff,Kjorelengde,Kjørelengde (mill. km),2009,2009,31740.1,
20,Personbiler,0,Alle typer drivstoff,Kjorelengde,Kjørelengde (mill. km),2010,2010,31941.4,
20,Personbiler,0,Alle typer drivstoff,Kjorelengde,Kjørelengde (mill. km),2011,2011,32252.8,
20,Personbiler,0,Alle typer drivstoff,Kjorelengde,Kjørelengde (mill. km),2012,2012,33129.0,
20,Personbiler,0,Alle typer drivstoff,Kjorelengde,Kjørelengde (mill. km),2013,2013,33204.2,
20,Personbiler,0,Alle typer drivstoff,Kjorelengde,Kjørelengde (mill. km),2014,2014,33133.9,
20,Personbiler,0,Alle typer drivstoff,Kjorelengde,Kjørelengde (mill. km),2015,2015,33636.2,
20,Personbiler,0,Alle typer drivstoff,Kjorelengde,Kjørelengde (mill. km),2016,2016,34012.1,
20,Personbiler,0,Alle typer drivstoff,Kjorelengde,Kjørelengde (mill. km),2017,2017,34565.2,
20,Personbiler,0,Alle typer drivstoff,Kjorelengde,Kjørelengde (mill. km),2018,2018,35136.8,
20,Personbiler,0,Alle typer drivstoff,Kjorelengde,Kjørelengde (mill. km),2019,2019,34615.0,
20,Personbiler,0,Alle typer drivstoff,Kjorelengde,Kjørelengde (mill. km),2020,2020,33091.7,
20,Personbiler,0,Alle typer drivstoff,Kjorelengde,Kjørelengde (mill. km),2021,2021,34303.0,
20,Personbiler,0,Alle typer drivstoff,Kjorelengde,Kjørelengde (mill. km),2022,2022,34401.3,
20,Personbiler,0,Alle typer drivstoff,Kjorelengde,Kjørelengde (mill. km),2023,2023,34735.2,
20,Personbiler,0,Alle typer drivstoff,Kjorelengde,Kjørelengde (mill. km),2024,2024,34495.2,
20,Personbiler,0,Alle typer drivstoff,Kjorelengde,Kjørelengde (mill. km),2025,2025,35071.0,
20,Personbiler,0,Alle typer drivstoff,GjsnittKjorelengde,Gjennomsnittlig kjørelengde per kjøretøy (km),2005,2005,12939.0,
20,Personbiler,0,Alle typer drivstoff,GjsnittKjorelengde,Gjennomsnittlig kjørelengde per kjøretøy (km),2006,2006,13130.0,
20,Personbiler,0,Alle typer drivstoff,GjsnittKjorelengde,Gjennomsnittlig kjørelengde per kjøretøy (km),2007,2007,13736.0,
20,Personbiler,0,Alle typer drivstoff,GjsnittKjorelengde,Gjennomsnittlig kjørelengde per kjøretøy (km),2008,2008,13653.0,
20,Personbiler,0,Alle typer drivstoff,GjsnittKjorelengde,Gjennomsnittlig kjørelengde per kjøretøy (km),2009,2009,13439.0,
20,Personbiler,0,Alle typer drivstoff,GjsnittKjorelengde,Gjennomsnittlig kjørelengde per kjøretøy (km),2010,2010,13126.0,
20,Personbiler,0,Alle typer drivstoff,GjsnittKjorelengde,Gjennomsnittlig kjørelengde per kjøretøy (km),2011,2011,12858.0,
20,Personbiler,0,Alle typer drivstoff,GjsnittKjorelengde,Gjennomsnittlig kjørelengde per kjøretøy (km),2012,2012,12856.0,
20,Personbiler,0,Alle typer drivstoff,GjsnittKjorelengde,Gjennomsnittlig kjørelengde per kjøretøy (km),2013,2013,12560.0,
20,Personbiler,0,Alle typer drivstoff,GjsnittKjorelengde,Gjennomsnittlig kjørelengde per kjøretøy (km),2014,2014,12305.0,
20,Personbiler,0,Alle typer drivstoff,GjsnittKjorelengde,Gjennomsnittlig kjørelengde per kjøretøy (km),2015,2015,12248.0,
20,Personbiler,0,Alle typer drivstoff,GjsnittKjorelengde,Gjennomsnittlig kjørelengde per kjøretøy (km),2016,2016,12153.0,
20,Personbiler,0,Alle typer drivstoff,GjsnittKjorelengde,Gjennomsnittlig kjørelengde per kjøretøy (km),2017,2017,12110.0,
20,Personbiler,0,Alle typer drivstoff,GjsnittKjorelengde,Gjennomsnittlig kjørelengde per kjøretøy (km),2018,2018,12115.0,
20,Personbiler,0,Alle typer drivstoff,GjsnittKjorelengde,Gjennomsnittlig kjørelengde per kjøretøy (km),2019,2019,11853.0,
20,Personbiler,0,Alle typer drivstoff,GjsnittKjorelengde,Gjennomsnittlig kjørelengde per kjøretøy (km),2020,2020,11153.0,
20,Personbiler,0,Alle typer drivstoff,GjsnittKjorelengde,Gjennomsnittlig kjørelengde per kjøretøy (km),2021,2021,11305.0,
20,Personbiler,0,Alle typer drivstoff,GjsnittKjorelengde,Gjennomsnittlig kjørelengde per kjøretøy (km),2022,2022,11085.0,
20,Personbiler,0,Alle typer drivstoff,GjsnittKjorelengde,Gjennomsnittlig kjørelengde per kjøretøy (km),2023,2023,11261.0,
20,Personbiler,0,Alle typer drivstoff,GjsnittKjorelengde,Gjennomsnittlig kjørelengde per kjøretøy (km),2024,2024,11205.0,
20,Personbiler,0,Alle typer drivstoff,GjsnittKjorelengde,Gjennomsnittlig kjørelengde per kjøretøy (km),2025,2025,11325.0,
20,Personbiler,1,Bensin,Kjorelengde,Kjørelengde (mill. km),2005,2005,22401.9,
20,Personbiler,1,Bensin,Kjorelengde,Kjørelengde (mill. km),2006,2006,21976.1,
20,Personbiler,1,Bensin,Kjorelengde,Kjørelengde (mill. km),2007,2007,21576.6,
20,Personbiler,1,Bensin,Kjorelengde,Kjørelengde (mill. km),2008,2008,20298.5,
20,Personbiler,1,Bensin,Kjorelengde,Kjørelengde (mill. km),2009,2009,19039.6,
20,Personbiler,1,Bensin,Kjorelengde,Kjørelengde (mill. km),2010,2010,17853.4,
20,Personbiler,1,Bensin,Kjorelengde,Kjørelengde (mill. km),2011,2011,16715.7,
20,Personbiler,1,Bensin,Kjorelengde,Kjørelengde (mill. km),2012,2012,15738.0,
20,Personbiler,1,Bensin,Kjorelengde,Kjørelengde (mill. km),2013,2013,14848.2,
20,Personbiler,1,Bensin,Kjorelengde,Kjørelengde (mill. km),2014,2014,13958.5,
20,Personbiler,1,Bensin,Kjorelengde,Kjørelengde (mill. km),2015,2015,13314.3,
20,Personbiler,1,Bensin,Kjorelengde,Kjørelengde (mill. km),2016,2016,12155.1,
20,Personbiler,1,Bensin,Kjorelengde,Kjørelengde (mill. km),2017,2017,11483.3,
20,Personbiler,1,Bensin,Kjorelengde,Kjørelengde (mill. km),2018,2018,10705.9,
20,Personbiler,1,Bensin,Kjorelengde,Kjørelengde (mill. km),2019,2019,9788.3,
20,Personbiler,1,Bensin,Kjorelengde,Kjørelengde (mill. km),2020,2020,8593.7,
20,Personbiler,1,Bensin,Kjorelengde,Kjørelengde (mill. km),2021,2021,7984.6,
20,Personbiler,1,Bensin,Kjorelengde,Kjørelengde (mill. km),2022,2022,7163.8,
20,Personbiler,1,Bensin,Kjorelengde,Kjørelengde (mill. km),2023,2023,6466.1,
20,Personbiler,1,Bensin,Kjorelengde,Kjørelengde (mill. km),2024,2024,5937.4,
20,Personbiler,1,Bensin,Kjorelengde,Kjørelengde (mill. km),2025,2025,5452.7,
20,Personbiler,1,Bensin,GjsnittKjorelengde,Gjennomsnittlig kjørelengde per kjøretøy (km),2005,2005,12177.0,
20,Personbiler,1,Bensin,GjsnittKjorelengde,Gjennomsnittlig kjørelengde per kjøretøy (km),2006,2006,12098.0,
20,Personbiler,1,Bensin,GjsnittKjorelengde,Gjennomsnittlig kjørelengde per kjøretøy (km),2007,2007,12235.0,
20,Personbiler,1,Bensin,GjsnittKjorelengde,Gjennomsnittlig kjørelengde per kjøretøy (km),2008,2008,11868.0,
20,Personbiler,1,Bensin,GjsnittKjorelengde,Gjennomsnittlig kjørelengde per kjøretøy (km),2009,2009,11506.0,
20,Personbiler,1,Bensin,GjsnittKjorelengde,Gjennomsnittlig kjørelengde per kjøretøy (km),2010,2010,11094.0,
20,Personbiler,1,Bensin,GjsnittKjorelengde,Gjennomsnittlig kjørelengde per kjøretøy (km),2011,2011,10711.0,
20,Personbiler,1,Bensin,GjsnittKjorelengde,Gjennomsnittlig kjørelengde per kjøretøy (km),2012,2012,10345.0,
20,Personbiler,1,Bensin,GjsnittKjorelengde,Gjennomsnittlig kjørelengde per kjøretøy (km),2013,2013,9960.0,
20,Personbiler,1,Bensin,GjsnittKjorelengde,Gjennomsnittlig kjørelengde per kjøretøy (km),2014,2014,9655.0,
20,Personbiler,1,Bensin,GjsnittKjorelengde,Gjennomsnittlig kjørelengde per kjøretøy (km),2015,2015,9452.0,
20,Personbiler,1,Bensin,GjsnittKjorelengde,Gjennomsnittlig kjørelengde per kjøretøy (km),2016,2016,9310.0,
20,Personbiler,1,Bensin,GjsnittKjorelengde,Gjennomsnittlig kjørelengde per kjøretøy (km),2017,2017,9211.0,
20,Personbiler,1,Bensin,GjsnittKjorelengde,Gjennomsnittlig kjørelengde per kjøretøy (km),2018,2018,9035.0,
20,Personbiler,1,Bensin,GjsnittKjorelengde,Gjennomsnittlig kjørelengde per kjøretøy (km),2019,2019,8809.0,
20,Personbiler,1,Bensin,GjsnittKjorelengde,Gjennomsnittlig kjørelengde per kjøretøy (km),2020,2020,8160.0,
20,Personbiler,1,Bensin,GjsnittKjorelengde,Gjennomsnittlig kjørelengde per kjøretøy (km),2021,2021,8120.0,
20,Personbiler,1,Bensin,GjsnittKjorelengde,Gjennomsnittlig kjørelengde per kjøretøy (km),2022,2022,7767.0,
20,Personbiler,1,Bensin,GjsnittKjorelengde,Gjennomsnittlig kjørelengde per kjøretøy (km),2023,2023,7568.0,
20,Personbiler,1,Bensin,GjsnittKjorelengde,Gjennomsnittlig kjørelengde per kjøretøy (km),2024,2024,7422.0,
20,Personbiler,1,Bensin,GjsnittKjorelengde,Gjennomsnittlig kjørelengde per kjøretøy (km),2025,2025,7628.0,
20,Personbiler,2,Diesel,Kjorelengde,Kjørelengde (mill. km),2005,2005,5560.4,
20,Personbiler,2,Diesel,Kjorelengde,Kjørelengde (mill. km),2006,2006,7079.3,
20,Personbiler,2,Diesel,Kjorelengde,Kjørelengde (mill. km),2007,2007,9772.0,
20,Personbiler,2,Diesel,Kjorelengde,Kjørelengde (mill. km),2008,2008,11469.2,
20,Personbiler,2,Diesel,Kjorelengde,Kjørelengde (mill. km),2009,2009,12683.4,
20,Personbiler,2,Diesel,Kjorelengde,Kjørelengde (mill. km),2010,2010,14071.0,
20,Personbiler,2,Diesel,Kjorelengde,Kjørelengde (mill. km),2011,2011,15508.3,
20,Personbiler,2,Diesel,Kjorelengde,Kjørelengde (mill. km),2012,2012,17324.5,
20,Personbiler,2,Diesel,Kjorelengde,Kjørelengde (mill. km),2013,2013,18238.5,
20,Personbiler,2,Diesel,Kjorelengde,Kjørelengde (mill. km),2014,2014,18862.3,
20,Personbiler,2,Diesel,Kjorelengde,Kjørelengde (mill. km),2015,2015,19513.5,
20,Personbiler,2,Diesel,Kjorelengde,Kjørelengde (mill. km),2016,2016,19700.0,
20,Personbiler,2,Diesel,Kjorelengde,Kjørelengde (mill. km),2017,2017,19724.1,
20,Personbiler,2,Diesel,Kjorelengde,Kjørelengde (mill. km),2018,2018,19422.3,
20,Personbiler,2,Diesel,Kjorelengde,Kjørelengde (mill. km),2019,2019,18448.0,
20,Personbiler,2,Diesel,Kjorelengde,Kjørelengde (mill. km),2020,2020,16761.8,
20,Personbiler,2,Diesel,Kjorelengde,Kjørelengde (mill. km),2021,2021,16141.3,
20,Personbiler,2,Diesel,Kjorelengde,Kjørelengde (mill. km),2022,2022,14738.5,
20,Personbiler,2,Diesel,Kjorelengde,Kjørelengde (mill. km),2023,2023,13598.6,
20,Personbiler,2,Diesel,Kjorelengde,Kjørelengde (mill. km),2024,2024,12676.9,
20,Personbiler,2,Diesel,Kjorelengde,Kjørelengde (mill. km),2025,2025,11709.6,
20,Personbiler,2,Diesel,GjsnittKjorelengde,Gjennomsnittlig kjørelengde per kjøretøy (km),2005,2005,17321.0,
20,Personbiler,2,Diesel,GjsnittKjorelengde,Gjennomsnittlig kjørelengde per kjøretøy (km),2006,2006,17894.0,
20,Personbiler,2,Diesel,GjsnittKjorelengde,Gjennomsnittlig kjørelengde per kjøretøy (km),2007,2007,18871.0,
20,Personbiler,2,Diesel,GjsnittKjorelengde,Gjennomsnittlig kjørelengde per kjøretøy (km),2008,2008,18632.0,
20,Personbiler,2,Diesel,GjsnittKjorelengde,Gjennomsnittlig kjørelengde per kjøretøy (km),2009,2009,17994.0,
20,Personbiler,2,Diesel,GjsnittKjorelengde,Gjennomsnittlig kjørelengde per kjøretøy (km),2010,2010,17125.0,
20,Personbiler,2,Diesel,GjsnittKjorelengde,Gjennomsnittlig kjørelengde per kjøretøy (km),2011,2011,16438.0,
20,Personbiler,2,Diesel,GjsnittKjorelengde,Gjennomsnittlig kjørelengde per kjøretøy (km),2012,2012,16547.0,
20,Personbiler,2,Diesel,GjsnittKjorelengde,Gjennomsnittlig kjørelengde per kjøretøy (km),2013,2013,16103.0,
20,Personbiler,2,Diesel,GjsnittKjorelengde,Gjennomsnittlig kjørelengde per kjøretøy (km),2014,2014,15632.0,
20,Personbiler,2,Diesel,GjsnittKjorelengde,Gjennomsnittlig kjørelengde per kjøretøy (km),2015,2015,15404.0,
20,Personbiler,2,Diesel,GjsnittKjorelengde,Gjennomsnittlig kjørelengde per kjøretøy (km),2016,2016,15118.0,
20,Personbiler,2,Diesel,GjsnittKjorelengde,Gjennomsnittlig kjørelengde per kjøretøy (km),2017,2017,14920.0,
20,Personbiler,2,Diesel,GjsnittKjorelengde,Gjennomsnittlig kjørelengde per kjøretøy (km),2018,2018,14650.0,
20,Personbiler,2,Diesel,GjsnittKjorelengde,Gjennomsnittlig kjørelengde per kjøretøy (km),2019,2019,14053.0,
20,Personbiler,2,Diesel,GjsnittKjorelengde,Gjennomsnittlig kjørelengde per kjøretøy (km),2020,2020,12980.0,
20,Personbiler,2,Diesel,GjsnittKjorelengde,Gjennomsnittlig kjørelengde per kjøretøy (km),2021,2021,12878.0,
20,Personbiler,2,Diesel,GjsnittKjorelengde,Gjennomsnittlig kjørelengde per kjøretøy (km),2022,2022,12206.0,
20,Personbiler,2,Diesel,GjsnittKjorelengde,Gjennomsnittlig kjørelengde per kjøretøy (km),2023,2023,11888.0,
20,Personbiler,2,Diesel,GjsnittKjorelengde,Gjennomsnittlig kjørelengde per kjøretøy (km),2024,2024,11729.0,
20,Personbiler,2,Diesel,GjsnittKjorelengde,Gjennomsnittlig kjørelengde per kjøretøy (km),2025,2025,11490.0,
20,Personbiler,18,Elektrisitet,Kjorelengde,Kjørelengde (mill. km),2005,2005,9.5,
20,Personbiler,18,Elektrisitet,Kjorelengde,Kjørelengde (mill. km),2006,2006,10.8,
20,Personbiler,18,Elektrisitet,Kjorelengde,Kjørelengde (mill. km),2007,2007,11.0,
20,Personbiler,18,Elektrisitet,Kjorelengde,Kjørelengde (mill. km),2008,2008,11.6,
20,Personbiler,18,Elektrisitet,Kjorelengde,Kjørelengde (mill. km),2009,2009,15.0,
20,Personbiler,18,Elektrisitet,Kjorelengde,Kjørelengde (mill. km),2010,2010,14.9,
20,Personbiler,18,Elektrisitet,Kjorelengde,Kjørelengde (mill. km),2011,2011,26.4,
20,Personbiler,18,Elektrisitet,Kjorelengde,Kjørelengde (mill. km),2012,2012,62.5,
20,Personbiler,18,Elektrisitet,Kjorelengde,Kjørelengde (mill. km),2013,2013,102.6,
20,Personbiler,18,Elektrisitet,Kjorelengde,Kjørelengde (mill. km),2014,2014,300.9,
20,Personbiler,18,Elektrisitet,Kjorelengde,Kjørelengde (mill. km),2015,2015,792.4,
20,Personbiler,18,Elektrisitet,Kjorelengde,Kjørelengde (mill. km),2016,2016,1161.8,
20,Personbiler,18,Elektrisitet,Kjorelengde,Kjørelengde (mill. km),2017,2017,1650.4,
20,Personbiler,18,Elektrisitet,Kjorelengde,Kjørelengde (mill. km),2018,2018,2397.9,
20,Personbiler,18,Elektrisitet,Kjorelengde,Kjørelengde (mill. km),2019,2019,3325.0,
20,Personbiler,18,Elektrisitet,Kjorelengde,Kjørelengde (mill. km),2020,2020,4196.2,
20,Personbiler,18,Elektrisitet,Kjorelengde,Kjørelengde (mill. km),2021,2021,5935.2,
20,Personbiler,18,Elektrisitet,Kjorelengde,Kjørelengde (mill. km),2022,2022,7890.1,
20,Personbiler,18,Elektrisitet,Kjorelengde,Kjørelengde (mill. km),2023,2023,9764.5,
20,Personbiler,18,Elektrisitet,Kjorelengde,Kjørelengde (mill. km),2024,2024,10784.2,
20,Personbiler,18,Elektrisitet,Kjorelengde,Kjørelengde (mill. km),2025,2025,12791.4,
20,Personbiler,18,Elektrisitet,GjsnittKjorelengde,Gjennomsnittlig kjørelengde per kjøretøy (km),2005,2005,7566.0,
20,Personbiler,18,Elektrisitet,GjsnittKjorelengde,Gjennomsnittlig kjørelengde per kjøretøy (km),2006,2006,7407.0,
20,Personbiler,18,Elektrisitet,GjsnittKjorelengde,Gjennomsnittlig kjørelengde per kjøretøy (km),2007,2007,7248.0,
20,Personbiler,18,Elektrisitet,GjsnittKjorelengde,Gjennomsnittlig kjørelengde per kjøretøy (km),2008,2008,6635.0,
20,Personbiler,18,Elektrisitet,GjsnittKjorelengde,Gjennomsnittlig kjørelengde per kjøretøy (km),2009,2009,7926.0,
20,Personbiler,18,Elektrisitet,GjsnittKjorelengde,Gjennomsnittlig kjørelengde per kjøretøy (km),2010,2010,6806.0,
20,Personbiler,18,Elektrisitet,GjsnittKjorelengde,Gjennomsnittlig kjørelengde per kjøretøy (km),2011,2011,6425.0,
20,Personbiler,18,Elektrisitet,GjsnittKjorelengde,Gjennomsnittlig kjørelengde per kjøretøy (km),2012,2012,7594.0,
20,Personbiler,18,Elektrisitet,GjsnittKjorelengde,Gjennomsnittlig kjørelengde per kjøretøy (km),2013,2013,5672.0,
20,Personbiler,18,Elektrisitet,GjsnittKjorelengde,Gjennomsnittlig kjørelengde per kjøretøy (km),2014,2014,7714.0,
20,Personbiler,18,Elektrisitet,GjsnittKjorelengde,Gjennomsnittlig kjørelengde per kjøretøy (km),2015,2015,11367.0,
20,Personbiler,18,Elektrisitet,GjsnittKjorelengde,Gjennomsnittlig kjørelengde per kjøretøy (km),2016,2016,11777.0,
20,Personbiler,18,Elektrisitet,GjsnittKjorelengde,Gjennomsnittlig kjørelengde per kjøretøy (km),2017,2017,11808.0,
20,Personbiler,18,Elektrisitet,GjsnittKjorelengde,Gjennomsnittlig kjørelengde per kjøretøy (km),2018,2018,12157.0,
20,Personbiler,18,Elektrisitet,GjsnittKjorelengde,Gjennomsnittlig kjørelengde per kjøretøy (km),2019,2019,12616.0,
20,Personbiler,18,Elektrisitet,GjsnittKjorelengde,Gjennomsnittlig kjørelengde per kjøretøy (km),2020,2020,12176.0,
20,Personbiler,18,Elektrisitet,GjsnittKjorelengde,Gjennomsnittlig kjørelengde per kjøretøy (km),2021,2021,12725.0,
20,Personbiler,18,Elektrisitet,GjsnittKjorelengde,Gjennomsnittlig kjørelengde per kjøretøy (km),2022,2022,12841.0,
20,Personbiler,18,Elektrisitet,GjsnittKjorelengde,Gjennomsnittlig kjørelengde per kjøretøy (km),2023,2023,13740.0,
20,Personbiler,18,Elektrisitet,GjsnittKjorelengde,Gjennomsnittlig kjørelengde per kjøretøy (km),2024,2024,13275.0,
20,Personbiler,18,Elektrisitet,GjsnittKjorelengde,Gjennomsnittlig kjørelengde per kjøretøy (km),2025,2025,13123.0,
20,Personbiler,14,"Bensin hybrid, ladbar",Kjorelengde,Kjørelengde (mill. km),2005,2005,,.
20,Personbiler,14,"Bensin hybrid, ladbar",Kjorelengde,Kjørelengde (mill. km),2006,2006,,.
20,Personbiler,14,"Bensin hybrid, ladbar",Kjorelengde,Kjørelengde (mill. km),2007,2007,,.
20,Personbiler,14,"Bensin hybrid, ladbar",Kjorelengde,Kjørelengde (mill. km),2008,2008,,.
20,Personbiler,14,"Bensin hybrid, ladbar",Kjorelengde,Kjørelengde (mill. km),2009,2009,,.
20,Personbiler,14,"Bensin hybrid, ladbar",Kjorelengde,Kjørelengde (mill. km),2010,2010,,.
20,Personbiler,14,"Bensin hybrid, ladbar",Kjorelengde,Kjørelengde (mill. km),2011,2011,,.
20,Personbiler,14,"Bensin hybrid, ladbar",Kjorelengde,Kjørelengde (mill. km),2012,2012,,.
20,Personbiler,14,"Bensin hybrid, ladbar",Kjorelengde,Kjørelengde (mill. km),2013,2013,,.
20,Personbiler,14,"Bensin hybrid, ladbar",Kjorelengde,Kjørelengde (mill. km),2014,2014,,.
20,Personbiler,14,"Bensin hybrid, ladbar",Kjorelengde,Kjørelengde (mill. km),2015,2015,,.
20,Personbiler,14,"Bensin hybrid, ladbar",Kjorelengde,Kjørelengde (mill. km),2016,2016,312.8,
20,Personbiler,14,"Bensin hybrid, ladbar",Kjorelengde,Kjørelengde (mill. km),2017,2017,719.6,
20,Personbiler,14,"Bensin hybrid, ladbar",Kjorelengde,Kjørelengde (mill. km),2018,2018,1310.2,
20,Personbiler,14,"Bensin hybrid, ladbar",Kjorelengde,Kjørelengde (mill. km),2019,2019,1574.4,
20,Personbiler,14,"Bensin hybrid, ladbar",Kjorelengde,Kjørelengde (mill. km),2020,2020,1885.0,
20,Personbiler,14,"Bensin hybrid, ladbar",Kjorelengde,Kjørelengde (mill. km),2021,2021,2389.4,
20,Personbiler,14,"Bensin hybrid, ladbar",Kjorelengde,Kjørelengde (mill. km),2022,2022,2678.5,
20,Personbiler,14,"Bensin hybrid, ladbar",Kjorelengde,Kjørelengde (mill. km),2023,2023,2848.7,
20,Personbiler,14,"Bensin hybrid, ladbar",Kjorelengde,Kjørelengde (mill. km),2024,2024,2944.7,
20,Personbiler,14,"Bensin hybrid, ladbar",Kjorelengde,Kjørelengde (mill. km),2025,2025,2949.5,
20,Personbiler,14,"Bensin hybrid, ladbar",GjsnittKjorelengde,Gjennomsnittlig kjørelengde per kjøretøy (km),2005,2005,,.
20,Personbiler,14,"Bensin hybrid, ladbar",GjsnittKjorelengde,Gjennomsnittlig kjørelengde per kjøretøy (km),2006,2006,,.
20,Personbiler,14,"Bensin hybrid, ladbar",GjsnittKjorelengde,Gjennomsnittlig kjørelengde per kjøretøy (km),2007,2007,,.
20,Personbiler,14,"Bensin hybrid, ladbar",GjsnittKjorelengde,Gjennomsnittlig kjørelengde per kjøretøy (km),2008,2008,,.
20,Personbiler,14,"Bensin hybrid, ladbar",GjsnittKjorelengde,Gjennomsnittlig kjørelengde per kjøretøy (km),2009,2009,,.
20,Personbiler,14,"Bensin hybrid, ladbar",GjsnittKjorelengde,Gjennomsnittlig kjørelengde per kjøretøy (km),2010,2010,,.
20,Personbiler,14,"Bensin hybrid, ladbar",GjsnittKjorelengde,Gjennomsnittlig kjørelengde per kjøretøy (km),2011,2011,,.
20,Personbiler,14,"Bensin hybrid, ladbar",GjsnittKjorelengde,Gjennomsnittlig kjørelengde per kjøretøy (km),2012,2012,,.
20,Personbiler,14,"Bensin hybrid, ladbar",GjsnittKjorelengde,Gjennomsnittlig kjørelengde per kjøretøy (km),2013,2013,,.
20,Personbiler,14,"Bensin hybrid, ladbar",GjsnittKjorelengde,Gjennomsnittlig kjørelengde per kjøretøy (km),2014,2014,,.
20,Personbiler,14,"Bensin hybrid, ladbar",GjsnittKjorelengde,Gjennomsnittlig kjørelengde per kjøretøy (km),2015,2015,,.
20,Personbiler,14,"Bensin hybrid, ladbar",GjsnittKjorelengde,Gjennomsnittlig kjørelengde per kjøretøy (km),2016,2016,9621.0,
20,Personbiler,14,"Bensin hybrid, ladbar",GjsnittKjorelengde,Gjennomsnittlig kjørelengde per kjøretøy (km),2017,2017,11359.0,
20,Personbiler,14,"Bensin hybrid, ladbar",GjsnittKjorelengde,Gjennomsnittlig kjørelengde per kjøretøy (km),2018,2018,14339.0,
20,Personbiler,14,"Bensin hybrid, ladbar",GjsnittKjorelengde,Gjennomsnittlig kjørelengde per kjøretøy (km),2019,2019,14049.0,
20,Personbiler,14,"Bensin hybrid, ladbar",GjsnittKjorelengde,Gjennomsnittlig kjørelengde per kjøretøy (km),2020,2020,13378.0,
20,Personbiler,14,"Bensin hybrid, ladbar",GjsnittKjorelengde,Gjennomsnittlig kjørelengde per kjøretøy (km),2021,2021,13337.0,
20,Personbiler,14,"Bensin hybrid, ladbar",GjsnittKjorelengde,Gjennomsnittlig kjørelengde per kjøretøy (km),2022,2022,13772.0,
20,Personbiler,14,"Bensin hybrid, ladbar",GjsnittKjorelengde,Gjennomsnittlig kjørelengde per kjøretøy (km),2023,2023,13994.0,
20,Personbiler,14,"Bensin hybrid, ladbar",GjsnittKjorelengde,Gjennomsnittlig kjørelengde per kjøretøy (km),2024,2024,14272.0,
20,Personbiler,14,"Bensin hybrid, ladbar",GjsnittKjorelengde,Gjennomsnittlig kjørelengde per kjøretøy (km),2025,2025,14198.0,
20,Personbiler,15,"Bensin hybrid, ikke ladbar",Kjorelengde,Kjørelengde (mill. km),2005,2005,,.
20,Personbiler,15,"Bensin hybrid, ikke ladbar",Kjorelengde,Kjørelengde (mill. km),2006,2006,,.
20,Personbiler,15,"Bensin hybrid, ikke ladbar",Kjorelengde,Kjørelengde (mill. km),2007,2007,,.
20,Personbiler,15,"Bensin hybrid, ikke ladbar",Kjorelengde,Kjørelengde (mill. km),2008,2008,,.
20,Personbiler,15,"Bensin hybrid, ikke ladbar",Kjorelengde,Kjørelengde (mill. km),2009,2009,,.
20,Personbiler,15,"Bensin hybrid, ikke ladbar",Kjorelengde,Kjørelengde (mill. km),2010,2010,,.
20,Personbiler,15,"Bensin hybrid, ikke ladbar",Kjorelengde,Kjørelengde (mill. km),2011,2011,,.
20,Personbiler,15,"Bensin hybrid, ikke ladbar",Kjorelengde,Kjørelengde (mill. km),2012,2012,,.
20,Personbiler,15,"Bensin hybrid, ikke ladbar",Kjorelengde,Kjørelengde (mill. km),2013,2013,,.
20,Personbiler,15,"Bensin hybrid, ikke ladbar",Kjorelengde,Kjørelengde (mill. km),2014,2014,,.
20,Personbiler,15,"Bensin hybrid, ikke ladbar",Kjorelengde,Kjørelengde (mill. km),2015,2015,,.
20,Personbiler,15,"Bensin hybrid, ikke ladbar",Kjorelengde,Kjørelengde (mill. km),2016,2016,628.5,
20,Personbiler,15,"Bensin hybrid, ikke ladbar",Kjorelengde,Kjørelengde (mill. km),2017,2017,900.3,
20,Personbiler,15,"Bensin hybrid, ikke ladbar",Kjorelengde,Kjørelengde (mill. km),2018,2018,1171.6,
20,Personbiler,15,"Bensin hybrid, ikke ladbar",Kjorelengde,Kjørelengde (mill. km),2019,2019,1325.1,
20,Personbiler,15,"Bensin hybrid, ikke ladbar",Kjorelengde,Kjørelengde (mill. km),2020,2020,1475.1,
20,Personbiler,15,"Bensin hybrid, ikke ladbar",Kjorelengde,Kjørelengde (mill. km),2021,2021,1632.9,
20,Personbiler,15,"Bensin hybrid, ikke ladbar",Kjorelengde,Kjørelengde (mill. km),2022,2022,1691.4,
20,Personbiler,15,"Bensin hybrid, ikke ladbar",Kjorelengde,Kjørelengde (mill. km),2023,2023,1803.7,
20,Personbiler,15,"Bensin hybrid, ikke ladbar",Kjorelengde,Kjørelengde (mill. km),2024,2024,1887.9,
20,Personbiler,15,"Bensin hybrid, ikke ladbar",Kjorelengde,Kjørelengde (mill. km),2025,2025,1900.6,
20,Personbiler,15,"Bensin hybrid, ikke ladbar",GjsnittKjorelengde,Gjennomsnittlig kjørelengde per kjøretøy (km),2005,2005,,.
20,Personbiler,15,"Bensin hybrid, ikke ladbar",GjsnittKjorelengde,Gjennomsnittlig kjørelengde per kjøretøy (km),2006,2006,,.
20,Personbiler,15,"Bensin hybrid, ikke ladbar",GjsnittKjorelengde,Gjennomsnittlig kjørelengde per kjøretøy (km),2007,2007,,.
20,Personbiler,15,"Bensin hybrid, ikke ladbar",GjsnittKjorelengde,Gjennomsnittlig kjørelengde per kjøretøy (km),2008,2008,,.
20,Personbiler,15,"Bensin hybrid, ikke ladbar",GjsnittKjorelengde,Gjennomsnittlig kjørelengde per kjøretøy (km),2009,2009,,.
20,Personbiler,15,"Bensin hybrid, ikke ladbar",GjsnittKjorelengde,Gjennomsnittlig kjørelengde per kjøretøy (km),2010,2010,,.
20,Personbiler,15,"Bensin hybrid, ikke ladbar",GjsnittKjorelengde,Gjennomsnittlig kjørelengde per kjøretøy (km),2011,2011,,.
20,Personbiler,15,"Bensin hybrid, ikke ladbar",GjsnittKjorelengde,Gjennomsnittlig kjørelengde per kjøretøy (km),2012,2012,,.
20,Personbiler,15,"Bensin hybrid, ikke ladbar",GjsnittKjorelengde,Gjennomsnittlig kjørelengde per kjøretøy (km),2013,2013,,.
20,Personbiler,15,"Bensin hybrid, ikke ladbar",GjsnittKjorelengde,Gjennomsnittlig kjørelengde per kjøretøy (km),2014,2014,,.
20,Personbiler,15,"Bensin hybrid, ikke ladbar",GjsnittKjorelengde,Gjennomsnittlig kjørelengde per kjøretøy (km),2015,2015,,.
20,Personbiler,15,"Bensin hybrid, ikke ladbar",GjsnittKjorelengde,Gjennomsnittlig kjørelengde per kjøretøy (km),2016,2016,11344.0,
20,Personbiler,15,"Bensin hybrid, ikke ladbar",GjsnittKjorelengde,Gjennomsnittlig kjørelengde per kjøretøy (km),2017,2017,11816.0,
20,Personbiler,15,"Bensin hybrid, ikke ladbar",GjsnittKjorelengde,Gjennomsnittlig kjørelengde per kjøretøy (km),2018,2018,12646.0,
20,Personbiler,15,"Bensin hybrid, ikke ladbar",GjsnittKjorelengde,Gjennomsnittlig kjørelengde per kjøretøy (km),2019,2019,11934.0,
20,Personbiler,15,"Bensin hybrid, ikke ladbar",GjsnittKjorelengde,Gjennomsnittlig kjørelengde per kjøretøy (km),2020,2020,11816.0,
20,Personbiler,15,"Bensin hybrid, ikke ladbar",GjsnittKjorelengde,Gjennomsnittlig kjørelengde per kjøretøy (km),2021,2021,11875.0,
20,Personbiler,15,"Bensin hybrid, ikke ladbar",GjsnittKjorelengde,Gjennomsnittlig kjørelengde per kjøretøy (km),2022,2022,11361.0,
20,Personbiler,15,"Bensin hybrid, ikke ladbar",GjsnittKjorelengde,Gjennomsnittlig kjørelengde per kjøretøy (km),2023,2023,11569.0,
20,Personbiler,15,"Bensin hybrid, ikke ladbar",GjsnittKjorelengde,Gjennomsnittlig kjørelengde per kjøretøy (km),2024,2024,11604.0,
20,Personbiler,15,"Bensin hybrid, ikke ladbar",GjsnittKjorelengde,Gjennomsnittlig kjørelengde per kjøretøy (km),2025,2025,11602.0,
20,Personbiler,16,"Diesel hybrid, ladbar",Kjorelengde,Kjørelengde (mill. km),2005,2005,,.
20,Personbiler,16,"Diesel hybrid, ladbar",Kjorelengde,Kjørelengde (mill. km),2006,2006,,.
20,Personbiler,16,"Diesel hybrid, ladbar",Kjorelengde,Kjørelengde (mill. km),2007,2007,,.
20,Personbiler,16,"Diesel hybrid, ladbar",Kjorelengde,Kjørelengde (mill. km),2008,2008,,.
20,Personbiler,16,"Diesel hybrid, ladbar",Kjorelengde,Kjørelengde (mill. km),2009,2009,,.
20,Personbiler,16,"Diesel hybrid, ladbar",Kjorelengde,Kjørelengde (mill. km),2010,2010,,.
20,Personbiler,16,"Diesel hybrid, ladbar",Kjorelengde,Kjørelengde (mill. km),2011,2011,,.
20,Personbiler,16,"Diesel hybrid, ladbar",Kjorelengde,Kjørelengde (mill. km),2012,2012,,.
20,Personbiler,16,"Diesel hybrid, ladbar",Kjorelengde,Kjørelengde (mill. km),2013,2013,,.
20,Personbiler,16,"Diesel hybrid, ladbar",Kjorelengde,Kjørelengde (mill. km),2014,2014,,.
20,Personbiler,16,"Diesel hybrid, ladbar",Kjorelengde,Kjørelengde (mill. km),2015,2015,,.
20,Personbiler,16,"Diesel hybrid, ladbar",Kjorelengde,Kjørelengde (mill. km),2016,2016,30.9,
20,Personbiler,16,"Diesel hybrid, ladbar",Kjorelengde,Kjørelengde (mill. km),2017,2017,63.6,
20,Personbiler,16,"Diesel hybrid, ladbar",Kjorelengde,Kjørelengde (mill. km),2018,2018,102.9,
20,Personbiler,16,"Diesel hybrid, ladbar",Kjorelengde,Kjørelengde (mill. km),2019,2019,124.0,
20,Personbiler,16,"Diesel hybrid, ladbar",Kjorelengde,Kjørelengde (mill. km),2020,2020,139.3,
20,Personbiler,16,"Diesel hybrid, ladbar",Kjorelengde,Kjørelengde (mill. km),2021,2021,165.2,
20,Personbiler,16,"Diesel hybrid, ladbar",Kjorelengde,Kjørelengde (mill. km),2022,2022,177.4,
20,Personbiler,16,"Diesel hybrid, ladbar",Kjorelengde,Kjørelengde (mill. km),2023,2023,186.2,
20,Personbiler,16,"Diesel hybrid, ladbar",Kjorelengde,Kjørelengde (mill. km),2024,2024,190.2,
20,Personbiler,16,"Diesel hybrid, ladbar",Kjorelengde,Kjørelengde (mill. km),2025,2025,188.3,
20,Personbiler,16,"Diesel hybrid, ladbar",GjsnittKjorelengde,Gjennomsnittlig kjørelengde per kjøretøy (km),2005,2005,,.
20,Personbiler,16,"Diesel hybrid, ladbar",GjsnittKjorelengde,Gjennomsnittlig kjørelengde per kjøretøy (km),2006,2006,,.
20,Personbiler,16,"Diesel hybrid, ladbar",GjsnittKjorelengde,Gjennomsnittlig kjørelengde per kjøretøy (km),2007,2007,,.
20,Personbiler,16,"Diesel hybrid, ladbar",GjsnittKjorelengde,Gjennomsnittlig kjørelengde per kjøretøy (km),2008,2008,,.
20,Personbiler,16,"Diesel hybrid, ladbar",GjsnittKjorelengde,Gjennomsnittlig kjørelengde per kjøretøy (km),2009,2009,,.
20,Personbiler,16,"Diesel hybrid, ladbar",GjsnittKjorelengde,Gjennomsnittlig kjørelengde per kjøretøy (km),2010,2010,,.
20,Personbiler,16,"Diesel hybrid, ladbar",GjsnittKjorelengde,Gjennomsnittlig kjørelengde per kjøretøy (km),2011,2011,,.
20,Personbiler,16,"Diesel hybrid, ladbar",GjsnittKjorelengde,Gjennomsnittlig kjørelengde per kjøretøy (km),2012,2012,,.
20,Personbiler,16,"Diesel hybrid, ladbar",GjsnittKjorelengde,Gjennomsnittlig kjørelengde per kjøretøy (km),2013,2013,,.
20,Personbiler,16,"Diesel hybrid, ladbar",GjsnittKjorelengde,Gjennomsnittlig kjørelengde per kjøretøy (km),2014,2014,,.
20,Personbiler,16,"Diesel hybrid, ladbar",GjsnittKjorelengde,Gjennomsnittlig kjørelengde per kjøretøy (km),2015,2015,,.
20,Personbiler,16,"Diesel hybrid, ladbar",GjsnittKjorelengde,Gjennomsnittlig kjørelengde per kjøretøy (km),2016,2016,13957.0,
20,Personbiler,16,"Diesel hybrid, ladbar",GjsnittKjorelengde,Gjennomsnittlig kjørelengde per kjøretøy (km),2017,2017,13260.0,
20,Personbiler,16,"Diesel hybrid, ladbar",GjsnittKjorelengde,Gjennomsnittlig kjørelengde per kjøretøy (km),2018,2018,15411.0,
20,Personbiler,16,"Diesel hybrid, ladbar",GjsnittKjorelengde,Gjennomsnittlig kjørelengde per kjøretøy (km),2019,2019,16328.0,
20,Personbiler,16,"Diesel hybrid, ladbar",GjsnittKjorelengde,Gjennomsnittlig kjørelengde per kjøretøy (km),2020,2020,15331.0,
20,Personbiler,16,"Diesel hybrid, ladbar",GjsnittKjorelengde,Gjennomsnittlig kjørelengde per kjøretøy (km),2021,2021,15445.0,
20,Personbiler,16,"Diesel hybrid, ladbar",GjsnittKjorelengde,Gjennomsnittlig kjørelengde per kjøretøy (km),2022,2022,15859.0,
20,Personbiler,16,"Diesel hybrid, ladbar",GjsnittKjorelengde,Gjennomsnittlig kjørelengde per kjøretøy (km),2023,2023,16343.0,
20,Personbiler,16,"Diesel hybrid, ladbar",GjsnittKjorelengde,Gjennomsnittlig kjørelengde per kjøretøy (km),2024,2024,16636.0,
20,Personbiler,16,"Diesel hybrid, ladbar",GjsnittKjorelengde,Gjennomsnittlig kjørelengde per kjøretøy (km),2025,2025,16303.0,
20,Personbiler,17,"Diesel hybrid, ikke ladbar",Kjorelengde,Kjørelengde (mill. km),2005,2005,,.
20,Personbiler,17,"Diesel hybrid, ikke ladbar",Kjorelengde,Kjørelengde (mill. km),2006,2006,,.
20,Personbiler,17,"Diesel hybrid, ikke ladbar",Kjorelengde,Kjørelengde (mill. km),2007,2007,,.
20,Personbiler,17,"Diesel hybrid, ikke ladbar",Kjorelengde,Kjørelengde (mill. km),2008,2008,,.
20,Personbiler,17,"Diesel hybrid, ikke ladbar",Kjorelengde,Kjørelengde (mill. km),2009,2009,,.
20,Personbiler,17,"Diesel hybrid, ikke ladbar",Kjorelengde,Kjørelengde (mill. km),2010,2010,,.
20,Personbiler,17,"Diesel hybrid, ikke ladbar",Kjorelengde,Kjørelengde (mill. km),2011,2011,,.
20,Personbiler,17,"Diesel hybrid, ikke ladbar",Kjorelengde,Kjørelengde (mill. km),2012,2012,,.
20,Personbiler,17,"Diesel hybrid, ikke ladbar",Kjorelengde,Kjørelengde (mill. km),2013,2013,,.
20,Personbiler,17,"Diesel hybrid, ikke ladbar",Kjorelengde,Kjørelengde (mill. km),2014,2014,,.
20,Personbiler,17,"Diesel hybrid, ikke ladbar",Kjorelengde,Kjørelengde (mill. km),2015,2015,,.
20,Personbiler,17,"Diesel hybrid, ikke ladbar",Kjorelengde,Kjørelengde (mill. km),2016,2016,20.3,
20,Personbiler,17,"Diesel hybrid, ikke ladbar",Kjorelengde,Kjørelengde (mill. km),2017,2017,20.8,
20,Personbiler,17,"Diesel hybrid, ikke ladbar",Kjorelengde,Kjørelengde (mill. km),2018,2018,21.8,
20,Personbiler,17,"Diesel hybrid, ikke ladbar",Kjorelengde,Kjørelengde (mill. km),2019,2019,24.5,
20,Personbiler,17,"Diesel hybrid, ikke ladbar",Kjorelengde,Kjørelengde (mill. km),2020,2020,36.1,
20,Personbiler,17,"Diesel hybrid, ikke ladbar",Kjorelengde,Kjørelengde (mill. km),2021,2021,50.1,
20,Personbiler,17,"Diesel hybrid, ikke ladbar",Kjorelengde,Kjørelengde (mill. km),2022,2022,57.4,
20,Personbiler,17,"Diesel hybrid, ikke ladbar",Kjorelengde,Kjørelengde (mill. km),2023,2023,63.1,
20,Personbiler,17,"Diesel hybrid, ikke ladbar",Kjorelengde,Kjørelengde (mill. km),2024,2024,69.6,
20,Personbiler,17,"Diesel hybrid, ikke ladbar",Kjorelengde,Kjørelengde (mill. km),2025,2025,75.5,
20,Personbiler,17,"Diesel hybrid, ikke ladbar",GjsnittKjorelengde,Gjennomsnittlig kjørelengde per kjøretøy (km),2005,2005,,.
20,Personbiler,17,"Diesel hybrid, ikke ladbar",GjsnittKjorelengde,Gjennomsnittlig kjørelengde per kjøretøy (km),2006,2006,,.
20,Personbiler,17,"Diesel hybrid, ikke ladbar",GjsnittKjorelengde,Gjennomsnittlig kjørelengde per kjøretøy (km),2007,2007,,.
20,Personbiler,17,"Diesel hybrid, ikke ladbar",GjsnittKjorelengde,Gjennomsnittlig kjørelengde per kjøretøy (km),2008,2008,,.
20,Personbiler,17,"Diesel hybrid, ikke ladbar",GjsnittKjorelengde,Gjennomsnittlig kjørelengde per kjøretøy (km),2009,2009,,.
20,Personbiler,17,"Diesel hybrid, ikke ladbar",GjsnittKjorelengde,Gjennomsnittlig kjørelengde per kjøretøy (km),2010,2010,,.
20,Personbiler,17,"Diesel hybrid, ikke ladbar",GjsnittKjorelengde,Gjennomsnittlig kjørelengde per kjøretøy (km),2011,2011,,.
20,Personbiler,17,"Diesel hybrid, ikke ladbar",GjsnittKjorelengde,Gjennomsnittlig kjørelengde per kjøretøy (km),2012,2012,,.
20,Personbiler,17,"Diesel hybrid, ikke ladbar",GjsnittKjorelengde,Gjennomsnittlig kjørelengde per kjøretøy (km),2013,2013,,.
20,Personbiler,17,"Diesel hybrid, ikke ladbar",GjsnittKjorelengde,Gjennomsnittlig kjørelengde per kjøretøy (km),2014,2014,,.
20,Personbiler,17,"Diesel hybrid, ikke ladbar",GjsnittKjorelengde,Gjennomsnittlig kjørelengde per kjøretøy (km),2015,2015,,.
20,Personbiler,17,"Diesel hybrid, ikke ladbar",GjsnittKjorelengde,Gjennomsnittlig kjørelengde per kjøretøy (km),2016,2016,19390.0,
20,Personbiler,17,"Diesel hybrid, ikke ladbar",GjsnittKjorelengde,Gjennomsnittlig kjørelengde per kjøretøy (km),2017,2017,18712.0,
20,Personbiler,17,"Diesel hybrid, ikke ladbar",GjsnittKjorelengde,Gjennomsnittlig kjørelengde per kjøretøy (km),2018,2018,18023.0,
20,Personbiler,17,"Diesel hybrid, ikke ladbar",GjsnittKjorelengde,Gjennomsnittlig kjørelengde per kjøretøy (km),2019,2019,13819.0,
20,Personbiler,17,"Diesel hybrid, ikke ladbar",GjsnittKjorelengde,Gjennomsnittlig kjørelengde per kjøretøy (km),2020,2020,14136.0,
20,Personbiler,17,"Diesel hybrid, ikke ladbar",GjsnittKjorelengde,Gjennomsnittlig kjørelengde per kjøretøy (km),2021,2021,14805.0,
20,Personbiler,17,"Diesel hybrid, ikke ladbar",GjsnittKjorelengde,Gjennomsnittlig kjørelengde per kjøretøy (km),2022,2022,14303.0,
20,Personbiler,17,"Diesel hybrid, ikke ladbar",GjsnittKjorelengde,Gjennomsnittlig kjørelengde per kjøretøy (km),2023,2023,14830.0,
20,Personbiler,17,"Diesel hybrid, ikke ladbar",GjsnittKjorelengde,Gjennomsnittlig kjørelengde per kjøretøy (km),2024,2024,15798.0,
20,Personbiler,17,"Diesel hybrid, ikke ladbar",GjsnittKjorelengde,Gjennomsnittlig kjørelengde per kjøretøy (km),2025,2025,16658.0,
20,Personbiler,3,Parafin,Kjorelengde,Kjørelengde (mill. km),2005,2005,,.
20,Personbiler,3,Parafin,Kjorelengde,Kjørelengde (mill. km),2006,2006,,.
20,Personbiler,3,Parafin,Kjorelengde,Kjørelengde (mill. km),2007,2007,,.
20,Personbiler,3,Parafin,Kjorelengde,Kjørelengde (mill. km),2008,2008,,.
20,Personbiler,3,Parafin,Kjorelengde,Kjørelengde (mill. km),2009,2009,,.
20,Personbiler,3,Parafin,Kjorelengde,Kjørelengde (mill. km),2010,2010,,.
20,Personbiler,3,Parafin,Kjorelengde,Kjørelengde (mill. km),2011,2011,,.
20,Personbiler,3,Parafin,Kjorelengde,Kjørelengde (mill. km),2012,2012,,.
20,Personbiler,3,Parafin,Kjorelengde,Kjørelengde (mill. km),2013,2013,,.
20,Personbiler,3,Parafin,Kjorelengde,Kjørelengde (mill. km),2014,2014,,.
20,Personbiler,3,Parafin,Kjorelengde,Kjørelengde (mill. km),2015,2015,,.
20,Personbiler,3,Parafin,Kjorelengde,Kjørelengde (mill. km),2016,2016,0.1,
20,Personbiler,3,Parafin,Kjorelengde,Kjørelengde (mill. km),2017,2017,0.1,
20,Personbiler,3,Parafin,Kjorelengde,Kjørelengde (mill. km),2018,2018,0.1,
20,Personbiler,3,Parafin,Kjorelengde,Kjørelengde (mill. km),2019,2019,0.1,
20,Personbiler,3,Parafin,Kjorelengde,Kjørelengde (mill. km),2020,2020,0.0,
20,Personbiler,3,Parafin,Kjorelengde,Kjørelengde (mill. km),2021,2021,0.1,
20,Personbiler,3,Parafin,Kjorelengde,Kjørelengde (mill. km),2022,2022,0.0,
20,Personbiler,3,Parafin,Kjorelengde,Kjørelengde (mill. km),2023,2023,0.0,
20,Personbiler,3,Parafin,Kjorelengde,Kjørelengde (mill. km),2024,2024,0.0,
20,Personbiler,3,Parafin,Kjorelengde,Kjørelengde (mill. km),2025,2025,0.0,
20,Personbiler,3,Parafin,GjsnittKjorelengde,Gjennomsnittlig kjørelengde per kjøretøy (km),2005,2005,,.
20,Personbiler,3,Parafin,GjsnittKjorelengde,Gjennomsnittlig kjørelengde per kjøretøy (km),2006,2006,,.
20,Personbiler,3,Parafin,GjsnittKjorelengde,Gjennomsnittlig kjørelengde per kjøretøy (km),2007,2007,,.
20,Personbiler,3,Parafin,GjsnittKjorelengde,Gjennomsnittlig kjørelengde per kjøretøy (km),2008,2008,,.
20,Personbiler,3,Parafin,GjsnittKjorelengde,Gjennomsnittlig kjørelengde per kjøretøy (km),2009,2009,,.
20,Personbiler,3,Parafin,GjsnittKjorelengde,Gjennomsnittlig kjørelengde per kjøretøy (km),2010,2010,,.
20,Personbiler,3,Parafin,GjsnittKjorelengde,Gjennomsnittlig kjørelengde per kjøretøy (km),2011,2011,,.
20,Personbiler,3,Parafin,GjsnittKjorelengde,Gjennomsnittlig kjørelengde per kjøretøy (km),2012,2012,,.
20,Personbiler,3,Parafin,GjsnittKjorelengde,Gjennomsnittlig kjørelengde per kjøretøy (km),2013,2013,,.
20,Personbiler,3,Parafin,GjsnittKjorelengde,Gjennomsnittlig kjørelengde per kjøretøy (km),2014,2014,,.
20,Personbiler,3,Parafin,GjsnittKjorelengde,Gjennomsnittlig kjørelengde per kjøretøy (km),2015,2015,,.
20,Personbiler,3,Parafin,GjsnittKjorelengde,Gjennomsnittlig kjørelengde per kjøretøy (km),2016,2016,12488.0,
20,Personbiler,3,Parafin,GjsnittKjorelengde,Gjennomsnittlig kjørelengde per kjøretøy (km),2017,2017,12303.0,
20,Personbiler,3,Parafin,GjsnittKjorelengde,Gjennomsnittlig kjørelengde per kjøretøy (km),2018,2018,10093.0,
20,Personbiler,3,Parafin,GjsnittKjorelengde,Gjennomsnittlig kjørelengde per kjøretøy (km),2019,2019,10067.0,
20,Personbiler,3,Parafin,GjsnittKjorelengde,Gjennomsnittlig kjørelengde per kjøretøy (km),2020,2020,5909.0,
20,Personbiler,3,Parafin,GjsnittKjorelengde,Gjennomsnittlig kjørelengde per kjøretøy (km),2021,2021,6790.0,
20,Personbiler,3,Parafin,GjsnittKjorelengde,Gjennomsnittlig kjørelengde per kjøretøy (km),2022,2022,6194.0,
20,Personbiler,3,Parafin,GjsnittKjorelengde,Gjennomsnittlig kjørelengde per kjøretøy (km),2023,2023,5042.0,
20,Personbiler,3,Parafin,GjsnittKjorelengde,Gjennomsnittlig kjørelengde per kjøretøy (km),2024,2024,3624.0,
20,Personbiler,3,Parafin,GjsnittKjorelengde,Gjennomsnittlig kjørelengde per kjøretøy (km),2025,2025,4900.0,
20,Personbiler,4,Gass,Kjorelengde,Kjørelengde (mill. km),2005,2005,,.
20,Personbiler,4,Gass,Kjorelengde,Kjørelengde (mill. km),2006,2006,,.
20,Personbiler,4,Gass,Kjorelengde,Kjørelengde (mill. km),2007,2007,,.
20,Personbiler,4,Gass,Kjorelengde,Kjørelengde (mill. km),2008,2008,,.
20,Personbiler,4,Gass,Kjorelengde,Kjørelengde (mill. km),2009,2009,,.
20,Personbiler,4,Gass,Kjorelengde,Kjørelengde (mill. km),2010,2010,,.
20,Personbiler,4,Gass,Kjorelengde,Kjørelengde (mill. km),2011,2011,,.
20,Personbiler,4,Gass,Kjorelengde,Kjørelengde (mill. km),2012,2012,,.
20,Personbiler,4,Gass,Kjorelengde,Kjørelengde (mill. km),2013,2013,,.
20,Personbiler,4,Gass,Kjorelengde,Kjørelengde (mill. km),2014,2014,,.
20,Personbiler,4,Gass,Kjorelengde,Kjørelengde (mill. km),2015,2015,,.
20,Personbiler,4,Gass,Kjorelengde,Kjørelengde (mill. km),2016,2016,2.0,
20,Personbiler,4,Gass,Kjorelengde,Kjørelengde (mill. km),2017,2017,2.0,
20,Personbiler,4,Gass,Kjorelengde,Kjørelengde (mill. km),2018,2018,2.3,
20,Personbiler,4,Gass,Kjorelengde,Kjørelengde (mill. km),2019,2019,3.3,
20,Personbiler,4,Gass,Kjorelengde,Kjørelengde (mill. km),2020,2020,2.6,
20,Personbiler,4,Gass,Kjorelengde,Kjørelengde (mill. km),2021,2021,2.7,
20,Personbiler,4,Gass,Kjorelengde,Kjørelengde (mill. km),2022,2022,2.2,
20,Personbiler,4,Gass,Kjorelengde,Kjørelengde (mill. km),2023,2023,2.0,
20,Personbiler,4,Gass,Kjorelengde,Kjørelengde (mill. km),2024,2024,1.7,
20,Personbiler,4,Gass,Kjorelengde,Kjørelengde (mill. km),2025,2025,1.6,
20,Personbiler,4,Gass,GjsnittKjorelengde,Gjennomsnittlig kjørelengde per kjøretøy (km),2005,2005,,.
20,Personbiler,4,Gass,GjsnittKjorelengde,Gjennomsnittlig kjørelengde per kjøretøy (km),2006,2006,,.
20,Personbiler,4,Gass,GjsnittKjorelengde,Gjennomsnittlig kjørelengde per kjøretøy (km),2007,2007,,.
20,Personbiler,4,Gass,GjsnittKjorelengde,Gjennomsnittlig kjørelengde per kjøretøy (km),2008,2008,,.
20,Personbiler,4,Gass,GjsnittKjorelengde,Gjennomsnittlig kjørelengde per kjøretøy (km),2009,2009,,.
20,Personbiler,4,Gass,GjsnittKjorelengde,Gjennomsnittlig kjørelengde per kjøretøy (km),2010,2010,,.
20,Personbiler,4,Gass,GjsnittKjorelengde,Gjennomsnittlig kjørelengde per kjøretøy (km),2011,2011,,.
20,Personbiler,4,Gass,GjsnittKjorelengde,Gjennomsnittlig kjørelengde per kjøretøy (km),2012,2012,,.
20,Personbiler,4,Gass,GjsnittKjorelengde,Gjennomsnittlig kjørelengde per kjøretøy (km),2013,2013,,.
20,Personbiler,4,Gass,GjsnittKjorelengde,Gjennomsnittlig kjørelengde per kjøretøy (km),2014,2014,,.
20,Personbiler,4,Gass,GjsnittKjorelengde,Gjennomsnittlig kjørelengde per kjøretøy (km),2015,2015,,.
20,Personbiler,4,Gass,GjsnittKjorelengde,Gjennomsnittlig kjørelengde per kjøretøy (km),2016,2016,15877.0,
20,Personbiler,4,Gass,GjsnittKjorelengde,Gjennomsnittlig kjørelengde per kjøretøy (km),2017,2017,12192.0,
20,Personbiler,4,Gass,GjsnittKjorelengde,Gjennomsnittlig kjørelengde per kjøretøy (km),2018,2018,10506.0,
20,Personbiler,4,Gass,GjsnittKjorelengde,Gjennomsnittlig kjørelengde per kjøretøy (km),2019,2019,14122.0,
20,Personbiler,4,Gass,GjsnittKjorelengde,Gjennomsnittlig kjørelengde per kjøretøy (km),2020,2020,10829.0,
20,Personbiler,4,Gass,GjsnittKjorelengde,Gjennomsnittlig kjørelengde per kjøretøy (km),2021,2021,11759.0,
20,Personbiler,4,Gass,GjsnittKjorelengde,Gjennomsnittlig kjørelengde per kjøretøy (km),2022,2022,9984.0,
20,Personbiler,4,Gass,GjsnittKjorelengde,Gjennomsnittlig kjørelengde per kjøretøy (km),2023,2023,9490.0,
20,Personbiler,4,Gass,GjsnittKjorelengde,Gjennomsnittlig kjørelengde per kjøretøy (km),2024,2024,9020.0,
20,Personbiler,4,Gass,GjsnittKjorelengde,Gjennomsnittlig kjørelengde per kjøretøy (km),2025,2025,8851.0,
20,Personbiler,13,Hydrogen,Kjorelengde,Kjørelengde (mill. km),2005,2005,,.
20,Personbiler,13,Hydrogen,Kjorelengde,Kjørelengde (mill. km),2006,2006,,.
20,Personbiler,13,Hydrogen,Kjorelengde,Kjørelengde (mill. km),2007,2007,,.
20,Personbiler,13,Hydrogen,Kjorelengde,Kjørelengde (mill. km),2008,2008,,.
20,Personbiler,13,Hydrogen,Kjorelengde,Kjørelengde (mill. km),2009,2009,,.
20,Personbiler,13,Hydrogen,Kjorelengde,Kjørelengde (mill. km),2010,2010,,.
20,Personbiler,13,Hydrogen,Kjorelengde,Kjørelengde (mill. km),2011,2011,,.
20,Personbiler,13,Hydrogen,Kjorelengde,Kjørelengde (mill. km),2012,2012,,.
20,Personbiler,13,Hydrogen,Kjorelengde,Kjørelengde (mill. km),2013,2013,,.
20,Personbiler,13,Hydrogen,Kjorelengde,Kjørelengde (mill. km),2014,2014,,.
20,Personbiler,13,Hydrogen,Kjorelengde,Kjørelengde (mill. km),2015,2015,,.
20,Personbiler,13,Hydrogen,Kjorelengde,Kjørelengde (mill. km),2016,2016,0.4,
20,Personbiler,13,Hydrogen,Kjorelengde,Kjørelengde (mill. km),2017,2017,0.9,
20,Personbiler,13,Hydrogen,Kjorelengde,Kjørelengde (mill. km),2018,2018,1.7,
20,Personbiler,13,Hydrogen,Kjorelengde,Kjørelengde (mill. km),2019,2019,2.2,
20,Personbiler,13,Hydrogen,Kjorelengde,Kjørelengde (mill. km),2020,2020,1.5,
20,Personbiler,13,Hydrogen,Kjorelengde,Kjørelengde (mill. km),2021,2021,1.4,
20,Personbiler,13,Hydrogen,Kjorelengde,Kjørelengde (mill. km),2022,2022,1.9,
20,Personbiler,13,Hydrogen,Kjorelengde,Kjørelengde (mill. km),2023,2023,2.2,
20,Personbiler,13,Hydrogen,Kjorelengde,Kjørelengde (mill. km),2024,2024,2.5,
20,Personbiler,13,Hydrogen,Kjorelengde,Kjørelengde (mill. km),2025,2025,1.7,
20,Personbiler,13,Hydrogen,GjsnittKjorelengde,Gjennomsnittlig kjørelengde per kjøretøy (km),2005,2005,,.
20,Personbiler,13,Hydrogen,GjsnittKjorelengde,Gjennomsnittlig kjørelengde per kjøretøy (km),2006,2006,,.
20,Personbiler,13,Hydrogen,GjsnittKjorelengde,Gjennomsnittlig kjørelengde per kjøretøy (km),2007,2007,,.
20,Personbiler,13,Hydrogen,GjsnittKjorelengde,Gjennomsnittlig kjørelengde per kjøretøy (km),2008,2008,,.
20,Personbiler,13,Hydrogen,GjsnittKjorelengde,Gjennomsnittlig kjørelengde per kjøretøy (km),2009,2009,,.
20,Personbiler,13,Hydrogen,GjsnittKjorelengde,Gjennomsnittlig kjørelengde per kjøretøy (km),2010,2010,,.
20,Personbiler,13,Hydrogen,GjsnittKjorelengde,Gjennomsnittlig kjørelengde per kjøretøy (km),2011,2011,,.
20,Personbiler,13,Hydrogen,GjsnittKjorelengde,Gjennomsnittlig kjørelengde per kjøretøy (km),2012,2012,,.
20,Personbiler,13,Hydrogen,GjsnittKjorelengde,Gjennomsnittlig kjørelengde per kjøretøy (km),2013,2013,,.
20,Personbiler,13,Hydrogen,GjsnittKjorelengde,Gjennomsnittlig kjørelengde per kjøretøy (km),2014,2014,,.
20,Personbiler,13,Hydrogen,GjsnittKjorelengde,Gjennomsnittlig kjørelengde per kjøretøy (km),2015,2015,,.
20,Personbiler,13,Hydrogen,GjsnittKjorelengde,Gjennomsnittlig kjørelengde per kjøretøy (km),2016,2016,9806.0,
20,Personbiler,13,Hydrogen,GjsnittKjorelengde,Gjennomsnittlig kjørelengde per kjøretøy (km),2017,2017,9924.0,
20,Personbiler,13,Hydrogen,GjsnittKjorelengde,Gjennomsnittlig kjørelengde per kjøretøy (km),2018,2018,12096.0,
20,Personbiler,13,Hydrogen,GjsnittKjorelengde,Gjennomsnittlig kjørelengde per kjøretøy (km),2019,2019,12912.0,
20,Personbiler,13,Hydrogen,GjsnittKjorelengde,Gjennomsnittlig kjørelengde per kjøretøy (km),2020,2020,8487.0,
20,Personbiler,13,Hydrogen,GjsnittKjorelengde,Gjennomsnittlig kjørelengde per kjøretøy (km),2021,2021,7386.0,
20,Personbiler,13,Hydrogen,GjsnittKjorelengde,Gjennomsnittlig kjørelengde per kjøretøy (km),2022,2022,8053.0,
20,Personbiler,13,Hydrogen,GjsnittKjorelengde,Gjennomsnittlig kjørelengde per kjøretøy (km),2023,2023,10283.0,
20,Personbiler,13,Hydrogen,GjsnittKjorelengde,Gjennomsnittlig kjørelengde per kjøretøy (km),2024,2024,12726.0,
20,Personbiler,13,Hydrogen,GjsnittKjorelengde,Gjennomsnittlig kjørelengde per kjøretøy (km),2025,2025,8800.0,
20,Personbiler,7,Andre drivstoff,Kjorelengde,Kjørelengde (mill. km),2005,2005,0.6,
20,Personbiler,7,Andre drivstoff,Kjorelengde,Kjørelengde (mill. km),2006,2006,0.7,
20,Personbiler,7,Andre drivstoff,Kjorelengde,Kjørelengde (mill. km),2007,2007,1.0,
20,Personbiler,7,Andre drivstoff,Kjorelengde,Kjørelengde (mill. km),2008,2008,1.6,
20,Personbiler,7,Andre drivstoff,Kjorelengde,Kjørelengde (mill. km),2009,2009,2.2,
20,Personbiler,7,Andre drivstoff,Kjorelengde,Kjørelengde (mill. km),2010,2010,2.0,
20,Personbiler,7,Andre drivstoff,Kjorelengde,Kjørelengde (mill. km),2011,2011,2.4,
20,Personbiler,7,Andre drivstoff,Kjorelengde,Kjørelengde (mill. km),2012,2012,4.0,
20,Personbiler,7,Andre drivstoff,Kjorelengde,Kjørelengde (mill. km),2013,2013,15.0,
20,Personbiler,7,Andre drivstoff,Kjorelengde,Kjørelengde (mill. km),2014,2014,12.1,
20,Personbiler,7,Andre drivstoff,Kjorelengde,Kjørelengde (mill. km),2015,2015,15.9,
20,Personbiler,7,Andre drivstoff,Kjorelengde,Kjørelengde (mill. km),2016,2016,0.2,
20,Personbiler,7,Andre drivstoff,Kjorelengde,Kjørelengde (mill. km),2017,2017,0.2,
20,Personbiler,7,Andre drivstoff,Kjorelengde,Kjørelengde (mill. km),2018,2018,0.2,
20,Personbiler,7,Andre drivstoff,Kjorelengde,Kjørelengde (mill. km),2019,2019,0.1,
20,Personbiler,7,Andre drivstoff,Kjorelengde,Kjørelengde (mill. km),2020,2020,0.2,
20,Personbiler,7,Andre drivstoff,Kjorelengde,Kjørelengde (mill. km),2021,2021,0.1,
20,Personbiler,7,Andre drivstoff,Kjorelengde,Kjørelengde (mill. km),2022,2022,0.1,
20,Personbiler,7,Andre drivstoff,Kjorelengde,Kjørelengde (mill. km),2023,2023,0.1,
20,Personbiler,7,Andre drivstoff,Kjorelengde,Kjørelengde (mill. km),2024,2024,0.1,
20,Personbiler,7,Andre drivstoff,Kjorelengde,Kjørelengde (mill. km),2025,2025,0.1,
20,Personbiler,7,Andre drivstoff,GjsnittKjorelengde,Gjennomsnittlig kjørelengde per kjøretøy (km),2005,2005,15035.0,
20,Personbiler,7,Andre drivstoff,GjsnittKjorelengde,Gjennomsnittlig kjørelengde per kjøretøy (km),2006,2006,11705.0,
20,Personbiler,7,Andre drivstoff,GjsnittKjorelengde,Gjennomsnittlig kjørelengde per kjøretøy (km),2007,2007,8811.0,
20,Personbiler,7,Andre drivstoff,GjsnittKjorelengde,Gjennomsnittlig kjørelengde per kjøretøy (km),2008,2008,9621.0,
20,Personbiler,7,Andre drivstoff,GjsnittKjorelengde,Gjennomsnittlig kjørelengde per kjøretøy (km),2009,2009,12325.0,
20,Personbiler,7,Andre drivstoff,GjsnittKjorelengde,Gjennomsnittlig kjørelengde per kjøretøy (km),2010,2010,10346.0,
20,Personbiler,7,Andre drivstoff,GjsnittKjorelengde,Gjennomsnittlig kjørelengde per kjøretøy (km),2011,2011,10556.0,
20,Personbiler,7,Andre drivstoff,GjsnittKjorelengde,Gjennomsnittlig kjørelengde per kjøretøy (km),2012,2012,9204.0,
20,Personbiler,7,Andre drivstoff,GjsnittKjorelengde,Gjennomsnittlig kjørelengde per kjøretøy (km),2013,2013,6794.0,
20,Personbiler,7,Andre drivstoff,GjsnittKjorelengde,Gjennomsnittlig kjørelengde per kjøretøy (km),2014,2014,10359.0,
20,Personbiler,7,Andre drivstoff,GjsnittKjorelengde,Gjennomsnittlig kjørelengde per kjøretøy (km),2015,2015,13728.0,
20,Personbiler,7,Andre drivstoff,GjsnittKjorelengde,Gjennomsnittlig kjørelengde per kjøretøy (km),2016,2016,4498.0,
20,Personbiler,7,Andre drivstoff,GjsnittKjorelengde,Gjennomsnittlig kjørelengde per kjøretøy (km),2017,2017,4442.0,
20,Personbiler,7,Andre drivstoff,GjsnittKjorelengde,Gjennomsnittlig kjørelengde per kjøretøy (km),2018,2018,4696.0,
20,Personbiler,7,Andre drivstoff,GjsnittKjorelengde,Gjennomsnittlig kjørelengde per kjøretøy (km),2019,2019,2550.0,
20,Personbiler,7,Andre drivstoff,GjsnittKjorelengde,Gjennomsnittlig kjørelengde per kjøretøy (km),2020,2020,3751.0,
20,Personbiler,7,Andre drivstoff,GjsnittKjorelengde,Gjennomsnittlig kjørelengde per kjøretøy (km),2021,2021,1932.0,
20,Personbiler,7,Andre drivstoff,GjsnittKjorelengde,Gjennomsnittlig kjørelengde per kjøretøy (km),2022,2022,5771.0,
20,Personbiler,7,Andre drivstoff,GjsnittKjorelengde,Gjennomsnittlig kjørelengde per kjøretøy (km),2023,2023,3697.0,
20,Personbiler,7,Andre drivstoff,GjsnittKjorelengde,Gjennomsnittlig kjørelengde per kjøretøy (km),2024,2024,3227.0,
20,Personbiler,7,Andre drivstoff,GjsnittKjorelengde,Gjennomsnittlig kjørelengde per kjøretøy (km),2025,2025,4753.0,
21,Drosjer,0,Alle typer drivstoff,Kjorelengde,Kjørelengde (mill. km),2005,2005,527.7,
21,Drosjer,0,Alle typer drivstoff,Kjorelengde,Kjørelengde (mill. km),2006,2006,543.0,
21,Drosjer,0,Alle typer drivstoff,Kjorelengde,Kjørelengde (mill. km),2007,2007,561.6,
21,Drosjer,0,Alle typer drivstoff,Kjorelengde,Kjørelengde (mill. km),2008,2008,585.3,
21,Drosjer,0,Alle typer drivstoff,Kjorelengde,Kjørelengde (mill. km),2009,2009,562.8,
21,Drosjer,0,Alle typer drivstoff,Kjorelengde,Kjørelengde (mill. km),2010,2010,550.2,
21,Drosjer,0,Alle typer drivstoff,Kjorelengde,Kjørelengde (mill. km),2011,2011,548.5,
21,Drosjer,0,Alle typer drivstoff,Kjorelengde,Kjørelengde (mill. km),2012,2012,530.7,
21,Drosjer,0,Alle typer drivstoff,Kjorelengde,Kjørelengde (mill. km),2013,2013,522.9,
21,Drosjer,0,Alle typer drivstoff,Kjorelengde,Kjørelengde (mill. km),2014,2014,514.1,
21,Drosjer,0,Alle typer drivstoff,Kjorelengde,Kjørelengde (mill. km),2015,2015,501.3,
21,Drosjer,0,Alle typer drivstoff,Kjorelengde,Kjørelengde (mill. km),2016,2016,481.1,
21,Drosjer,0,Alle typer drivstoff,Kjorelengde,Kjørelengde (mill. km),2017,2017,465.6,
21,Drosjer,0,Alle typer drivstoff,Kjorelengde,Kjørelengde (mill. km),2018,2018,454.0,
21,Drosjer,0,Alle typer drivstoff,Kjorelengde,Kjørelengde (mill. km),2019,2019,483.3,
21,Drosjer,0,Alle typer drivstoff,Kjorelengde,Kjørelengde (mill. km),2020,2020,372.1,
21,Drosjer,0,Alle typer drivstoff,Kjorelengde,Kjørelengde (mill. km),2021,2021,379.3,
21,Drosjer,0,Alle typer drivstoff,Kjorelengde,Kjørelengde (mill. km),2022,2022,499.2,
21,Drosjer,0,Alle typer drivstoff,Kjorelengde,Kjørelengde (mill. km),2023,2023,535.5,
21,Drosjer,0,Alle typer drivstoff,Kjorelengde,Kjørelengde (mill. km),2024,2024,537.5,
21,Drosjer,0,Alle typer drivstoff,Kjorelengde,Kjørelengde (mill. km),2025,2025,606.9,
21,Drosjer,0,Alle typer drivstoff,GjsnittKjorelengde,Gjennomsnittlig kjørelengde per kjøretøy (km),2005,2005,59464.0,
21,Drosjer,0,Alle typer drivstoff,GjsnittKjorelengde,Gjennomsnittlig kjørelengde per kjøretøy (km),2006,2006,60713.0,
21,Drosjer,0,Alle typer drivstoff,GjsnittKjorelengde,Gjennomsnittlig kjørelengde per kjøretøy (km),2007,2007,61301.0,
21,Drosjer,0,Alle typer drivstoff,GjsnittKjorelengde,Gjennomsnittlig kjørelengde per kjøretøy (km),2008,2008,63795.0,
21,Drosjer,0,Alle typer drivstoff,GjsnittKjorelengde,Gjennomsnittlig kjørelengde per kjøretøy (km),2009,2009,60513.0,
21,Drosjer,0,Alle typer drivstoff,GjsnittKjorelengde,Gjennomsnittlig kjørelengde per kjøretøy (km),2010,2010,60261.0,
21,Drosjer,0,Alle typer drivstoff,GjsnittKjorelengde,Gjennomsnittlig kjørelengde per kjøretøy (km),2011,2011,59524.0,
21,Drosjer,0,Alle typer drivstoff,GjsnittKjorelengde,Gjennomsnittlig kjørelengde per kjøretøy (km),2012,2012,58552.0,
21,Drosjer,0,Alle typer drivstoff,GjsnittKjorelengde,Gjennomsnittlig kjørelengde per kjøretøy (km),2013,2013,59520.0,
21,Drosjer,0,Alle typer drivstoff,GjsnittKjorelengde,Gjennomsnittlig kjørelengde per kjøretøy (km),2014,2014,58975.0,
21,Drosjer,0,Alle typer drivstoff,GjsnittKjorelengde,Gjennomsnittlig kjørelengde per kjøretøy (km),2015,2015,57894.0,
21,Drosjer,0,Alle typer drivstoff,GjsnittKjorelengde,Gjennomsnittlig kjørelengde per kjøretøy (km),2016,2016,58063.0,
21,Drosjer,0,Alle typer drivstoff,GjsnittKjorelengde,Gjennomsnittlig kjørelengde per kjøretøy (km),2017,2017,56835.0,
21,Drosjer,0,Alle typer drivstoff,GjsnittKjorelengde,Gjennomsnittlig kjørelengde per kjøretøy (km),2018,2018,55641.0,
21,Drosjer,0,Alle typer drivstoff,GjsnittKjorelengde,Gjennomsnittlig kjørelengde per kjøretøy (km),2019,2019,60922.0,
21,Drosjer,0,Alle typer drivstoff,GjsnittKjorelengde,Gjennomsnittlig kjørelengde per kjøretøy (km),2020,2020,49278.0,
21,Drosjer,0,Alle typer drivstoff,GjsnittKjorelengde,Gjennomsnittlig kjørelengde per kjøretøy (km),2021,2021,42127.0,
21,Drosjer,0,Alle typer drivstoff,GjsnittKjorelengde,Gjennomsnittlig kjørelengde per kjøretøy (km),2022,2022,46246.0,
21,Drosjer,0,Alle typer drivstoff,GjsnittKjorelengde,Gjennomsnittlig kjørelengde per kjøretøy (km),2023,2023,46773.0,
21,Drosjer,0,Alle typer drivstoff,GjsnittKjorelengde,Gjennomsnittlig kjørelengde per kjøretøy (km),2024,2024,44984.0,
21,Drosjer,0,Alle typer drivstoff,GjsnittKjorelengde,Gjennomsnittlig kjørelengde per kjøretøy (km),2025,2025,49742.0,
21,Drosjer,1,Bensin,Kjorelengde,Kjørelengde (mill. km),2005,2005,,:
21,Drosjer,1,Bensin,Kjorelengde,Kjørelengde (mill. km),2006,2006,54.8,
21,Drosjer,1,Bensin,Kjorelengde,Kjørelengde (mill. km),2007,2007,47.2,
21,Drosjer,1,Bensin,Kjorelengde,Kjørelengde (mill. km),2008,2008,38.9,
21,Drosjer,1,Bensin,Kjorelengde,Kjørelengde (mill. km),2009,2009,39.4,
21,Drosjer,1,Bensin,Kjorelengde,Kjørelengde (mill. km),2010,2010,39.5,
21,Drosjer,1,Bensin,Kjorelengde,Kjørelengde (mill. km),2011,2011,49.1,
21,Drosjer,1,Bensin,Kjorelengde,Kjørelengde (mill. km),2012,2012,51.3,
21,Drosjer,1,Bensin,Kjorelengde,Kjørelengde (mill. km),2013,2013,65.9,
21,Drosjer,1,Bensin,Kjorelengde,Kjørelengde (mill. km),2014,2014,81.5,
21,Drosjer,1,Bensin,Kjorelengde,Kjørelengde (mill. km),2015,2015,93.9,
21,Drosjer,1,Bensin,Kjorelengde,Kjørelengde (mill. km),2016,2016,9.2,
21,Drosjer,1,Bensin,Kjorelengde,Kjørelengde (mill. km),2017,2017,8.3,
21,Drosjer,1,Bensin,Kjorelengde,Kjørelengde (mill. km),2018,2018,8.3,
21,Drosjer,1,Bensin,Kjorelengde,Kjørelengde (mill. km),2019,2019,8.1,
21,Drosjer,1,Bensin,Kjorelengde,Kjørelengde (mill. km),2020,2020,6.3,
21,Drosjer,1,Bensin,Kjorelengde,Kjørelengde (mill. km),2021,2021,5.0,
21,Drosjer,1,Bensin,Kjorelengde,Kjørelengde (mill. km),2022,2022,5.4,
21,Drosjer,1,Bensin,Kjorelengde,Kjørelengde (mill. km),2023,2023,4.8,
21,Drosjer,1,Bensin,Kjorelengde,Kjørelengde (mill. km),2024,2024,2.8,
21,Drosjer,1,Bensin,Kjorelengde,Kjørelengde (mill. km),2025,2025,1.4,
21,Drosjer,1,Bensin,GjsnittKjorelengde,Gjennomsnittlig kjørelengde per kjøretøy (km),2005,2005,,:
21,Drosjer,1,Bensin,GjsnittKjorelengde,Gjennomsnittlig kjørelengde per kjøretøy (km),2006,2006,52226.0,
21,Drosjer,1,Bensin,GjsnittKjorelengde,Gjennomsnittlig kjørelengde per kjøretøy (km),2007,2007,54141.0,
21,Drosjer,1,Bensin,GjsnittKjorelengde,Gjennomsnittlig kjørelengde per kjøretøy (km),2008,2008,48719.0,
21,Drosjer,1,Bensin,GjsnittKjorelengde,Gjennomsnittlig kjørelengde per kjøretøy (km),2009,2009,48805.0,
21,Drosjer,1,Bensin,GjsnittKjorelengde,Gjennomsnittlig kjørelengde per kjøretøy (km),2010,2010,46416.0,
21,Drosjer,1,Bensin,GjsnittKjorelengde,Gjennomsnittlig kjørelengde per kjøretøy (km),2011,2011,51699.0,
21,Drosjer,1,Bensin,GjsnittKjorelengde,Gjennomsnittlig kjørelengde per kjøretøy (km),2012,2012,48842.0,
21,Drosjer,1,Bensin,GjsnittKjorelengde,Gjennomsnittlig kjørelengde per kjøretøy (km),2013,2013,56452.0,
21,Drosjer,1,Bensin,GjsnittKjorelengde,Gjennomsnittlig kjørelengde per kjøretøy (km),2014,2014,58547.0,
21,Drosjer,1,Bensin,GjsnittKjorelengde,Gjennomsnittlig kjørelengde per kjøretøy (km),2015,2015,57481.0,
21,Drosjer,1,Bensin,GjsnittKjorelengde,Gjennomsnittlig kjørelengde per kjøretøy (km),2016,2016,35072.0,
21,Drosjer,1,Bensin,GjsnittKjorelengde,Gjennomsnittlig kjørelengde per kjøretøy (km),2017,2017,35624.0,
21,Drosjer,1,Bensin,GjsnittKjorelengde,Gjennomsnittlig kjørelengde per kjøretøy (km),2018,2018,37790.0,
21,Drosjer,1,Bensin,GjsnittKjorelengde,Gjennomsnittlig kjørelengde per kjøretøy (km),2019,2019,42693.0,
21,Drosjer,1,Bensin,GjsnittKjorelengde,Gjennomsnittlig kjørelengde per kjøretøy (km),2020,2020,39366.0,
21,Drosjer,1,Bensin,GjsnittKjorelengde,Gjennomsnittlig kjørelengde per kjøretøy (km),2021,2021,28965.0,
21,Drosjer,1,Bensin,GjsnittKjorelengde,Gjennomsnittlig kjørelengde per kjøretøy (km),2022,2022,28160.0,
21,Drosjer,1,Bensin,GjsnittKjorelengde,Gjennomsnittlig kjørelengde per kjøretøy (km),2023,2023,31227.0,
21,Drosjer,1,Bensin,GjsnittKjorelengde,Gjennomsnittlig kjørelengde per kjøretøy (km),2024,2024,28821.0,
21,Drosjer,1,Bensin,GjsnittKjorelengde,Gjennomsnittlig kjørelengde per kjøretøy (km),2025,2025,21107.0,
21,Drosjer,2,Diesel,Kjorelengde,Kjørelengde (mill. km),2005,2005,463.6,
21,Drosjer,2,Diesel,Kjorelengde,Kjørelengde (mill. km),2006,2006,487.9,
21,Drosjer,2,Diesel,Kjorelengde,Kjørelengde (mill. km),2007,2007,514.2,
21,Drosjer,2,Diesel,Kjorelengde,Kjørelengde (mill. km),2008,2008,546.2,
21,Drosjer,2,Diesel,Kjorelengde,Kjørelengde (mill. km),2009,2009,523.3,
21,Drosjer,2,Diesel,Kjorelengde,Kjørelengde (mill. km),2010,2010,510.4,
21,Drosjer,2,Diesel,Kjorelengde,Kjørelengde (mill. km),2011,2011,498.6,
21,Drosjer,2,Diesel,Kjorelengde,Kjørelengde (mill. km),2012,2012,478.6,
21,Drosjer,2,Diesel,Kjorelengde,Kjørelengde (mill. km),2013,2013,455.8,
21,Drosjer,2,Diesel,Kjorelengde,Kjørelengde (mill. km),2014,2014,431.2,
21,Drosjer,2,Diesel,Kjorelengde,Kjørelengde (mill. km),2015,2015,405.0,
21,Drosjer,2,Diesel,Kjorelengde,Kjørelengde (mill. km),2016,2016,377.4,
21,Drosjer,2,Diesel,Kjorelengde,Kjørelengde (mill. km),2017,2017,351.1,
21,Drosjer,2,Diesel,Kjorelengde,Kjørelengde (mill. km),2018,2018,323.8,
21,Drosjer,2,Diesel,Kjorelengde,Kjørelengde (mill. km),2019,2019,327.7,
21,Drosjer,2,Diesel,Kjorelengde,Kjørelengde (mill. km),2020,2020,229.0,
21,Drosjer,2,Diesel,Kjorelengde,Kjørelengde (mill. km),2021,2021,194.1,
21,Drosjer,2,Diesel,Kjorelengde,Kjørelengde (mill. km),2022,2022,182.8,
21,Drosjer,2,Diesel,Kjorelengde,Kjørelengde (mill. km),2023,2023,148.7,
21,Drosjer,2,Diesel,Kjorelengde,Kjørelengde (mill. km),2024,2024,120.7,
21,Drosjer,2,Diesel,Kjorelengde,Kjørelengde (mill. km),2025,2025,98.5,
21,Drosjer,2,Diesel,GjsnittKjorelengde,Gjennomsnittlig kjørelengde per kjøretøy (km),2005,2005,60883.0,
21,Drosjer,2,Diesel,GjsnittKjorelengde,Gjennomsnittlig kjørelengde per kjøretøy (km),2006,2006,61850.0,
21,Drosjer,2,Diesel,GjsnittKjorelengde,Gjennomsnittlig kjørelengde per kjøretøy (km),2007,2007,62054.0,
21,Drosjer,2,Diesel,GjsnittKjorelengde,Gjennomsnittlig kjørelengde per kjøretøy (km),2008,2008,65239.0,
21,Drosjer,2,Diesel,GjsnittKjorelengde,Gjennomsnittlig kjørelengde per kjøretøy (km),2009,2009,61628.0,
21,Drosjer,2,Diesel,GjsnittKjorelengde,Gjennomsnittlig kjørelengde per kjøretøy (km),2010,2010,61705.0,
21,Drosjer,2,Diesel,GjsnittKjorelengde,Gjennomsnittlig kjørelengde per kjøretøy (km),2011,2011,60397.0,
21,Drosjer,2,Diesel,GjsnittKjorelengde,Gjennomsnittlig kjørelengde per kjøretøy (km),2012,2012,59813.0,
21,Drosjer,2,Diesel,GjsnittKjorelengde,Gjennomsnittlig kjørelengde per kjøretøy (km),2013,2013,59992.0,
21,Drosjer,2,Diesel,GjsnittKjorelengde,Gjennomsnittlig kjørelengde per kjøretøy (km),2014,2014,59151.0,
21,Drosjer,2,Diesel,GjsnittKjorelengde,Gjennomsnittlig kjørelengde per kjøretøy (km),2015,2015,57945.0,
21,Drosjer,2,Diesel,GjsnittKjorelengde,Gjennomsnittlig kjørelengde per kjøretøy (km),2016,2016,58580.0,
21,Drosjer,2,Diesel,GjsnittKjorelengde,Gjennomsnittlig kjørelengde per kjøretøy (km),2017,2017,57435.0,
21,Drosjer,2,Diesel,GjsnittKjorelengde,Gjennomsnittlig kjørelengde per kjøretøy (km),2018,2018,56049.0,
21,Drosjer,2,Diesel,GjsnittKjorelengde,Gjennomsnittlig kjørelengde per kjøretøy (km),2019,2019,62166.0,
21,Drosjer,2,Diesel,GjsnittKjorelengde,Gjennomsnittlig kjørelengde per kjøretøy (km),2020,2020,51177.0,
21,Drosjer,2,Diesel,GjsnittKjorelengde,Gjennomsnittlig kjørelengde per kjøretøy (km),2021,2021,45986.0,
21,Drosjer,2,Diesel,GjsnittKjorelengde,Gjennomsnittlig kjørelengde per kjøretøy (km),2022,2022,48399.0,
21,Drosjer,2,Diesel,GjsnittKjorelengde,Gjennomsnittlig kjørelengde per kjøretøy (km),2023,2023,47665.0,
21,Drosjer,2,Diesel,GjsnittKjorelengde,Gjennomsnittlig kjørelengde per kjøretøy (km),2024,2024,46610.0,
21,Drosjer,2,Diesel,GjsnittKjorelengde,Gjennomsnittlig kjørelengde per kjøretøy (km),2025,2025,43366.0,
21,Drosjer,18,Elektrisitet,Kjorelengde,Kjørelengde (mill. km),2005,2005,,.
21,Drosjer,18,Elektrisitet,Kjorelengde,Kjørelengde (mill. km),2006,2006,,.
21,Drosjer,18,Elektrisitet,Kjorelengde,Kjørelengde (mill. km),2007,2007,,.
21,Drosjer,18,Elektrisitet,Kjorelengde,Kjørelengde (mill. km),2008,2008,,.
21,Drosjer,18,Elektrisitet,Kjorelengde,Kjørelengde (mill. km),2009,2009,,.
21,Drosjer,18,Elektrisitet,Kjorelengde,Kjørelengde (mill. km),2010,2010,,.
21,Drosjer,18,Elektrisitet,Kjorelengde,Kjørelengde (mill. km),2011,2011,,:
21,Drosjer,18,Elektrisitet,Kjorelengde,Kjørelengde (mill. km),2012,2012,0.2,
21,Drosjer,18,Elektrisitet,Kjorelengde,Kjørelengde (mill. km),2013,2013,0.4,
21,Drosjer,18,Elektrisitet,Kjorelengde,Kjørelengde (mill. km),2014,2014,0.7,
21,Drosjer,18,Elektrisitet,Kjorelengde,Kjørelengde (mill. km),2015,2015,1.2,
21,Drosjer,18,Elektrisitet,Kjorelengde,Kjørelengde (mill. km),2016,2016,1.4,
21,Drosjer,18,Elektrisitet,Kjorelengde,Kjørelengde (mill. km),2017,2017,2.1,
21,Drosjer,18,Elektrisitet,Kjorelengde,Kjørelengde (mill. km),2018,2018,4.1,
21,Drosjer,18,Elektrisitet,Kjorelengde,Kjørelengde (mill. km),2019,2019,6.2,
21,Drosjer,18,Elektrisitet,Kjorelengde,Kjørelengde (mill. km),2020,2020,10.5,
21,Drosjer,18,Elektrisitet,Kjorelengde,Kjørelengde (mill. km),2021,2021,37.4,
21,Drosjer,18,Elektrisitet,Kjorelengde,Kjørelengde (mill. km),2022,2022,104.7,
21,Drosjer,18,Elektrisitet,Kjorelengde,Kjørelengde (mill. km),2023,2023,183.3,
21,Drosjer,18,Elektrisitet,Kjorelengde,Kjørelengde (mill. km),2024,2024,290.4,
21,Drosjer,18,Elektrisitet,Kjorelengde,Kjørelengde (mill. km),2025,2025,435.5,
21,Drosjer,18,Elektrisitet,GjsnittKjorelengde,Gjennomsnittlig kjørelengde per kjøretøy (km),2005,2005,,.
21,Drosjer,18,Elektrisitet,GjsnittKjorelengde,Gjennomsnittlig kjørelengde per kjøretøy (km),2006,2006,,.
21,Drosjer,18,Elektrisitet,GjsnittKjorelengde,Gjennomsnittlig kjørelengde per kjøretøy (km),2007,2007,,.
21,Drosjer,18,Elektrisitet,GjsnittKjorelengde,Gjennomsnittlig kjørelengde per kjøretøy (km),2008,2008,,.
21,Drosjer,18,Elektrisitet,GjsnittKjorelengde,Gjennomsnittlig kjørelengde per kjøretøy (km),2009,2009,,.
21,Drosjer,18,Elektrisitet,GjsnittKjorelengde,Gjennomsnittlig kjørelengde per kjøretøy (km),2010,2010,,.
21,Drosjer,18,Elektrisitet,GjsnittKjorelengde,Gjennomsnittlig kjørelengde per kjøretøy (km),2011,2011,,:
21,Drosjer,18,Elektrisitet,GjsnittKjorelengde,Gjennomsnittlig kjørelengde per kjøretøy (km),2012,2012,57298.0,
21,Drosjer,18,Elektrisitet,GjsnittKjorelengde,Gjennomsnittlig kjørelengde per kjøretøy (km),2013,2013,38371.0,
21,Drosjer,18,Elektrisitet,GjsnittKjorelengde,Gjennomsnittlig kjørelengde per kjøretøy (km),2014,2014,37718.0,
21,Drosjer,18,Elektrisitet,GjsnittKjorelengde,Gjennomsnittlig kjørelengde per kjøretøy (km),2015,2015,52359.0,
21,Drosjer,18,Elektrisitet,GjsnittKjorelengde,Gjennomsnittlig kjørelengde per kjøretøy (km),2016,2016,45128.0,
21,Drosjer,18,Elektrisitet,GjsnittKjorelengde,Gjennomsnittlig kjørelengde per kjøretøy (km),2017,2017,38790.0,
21,Drosjer,18,Elektrisitet,GjsnittKjorelengde,Gjennomsnittlig kjørelengde per kjøretøy (km),2018,2018,38405.0,
21,Drosjer,18,Elektrisitet,GjsnittKjorelengde,Gjennomsnittlig kjørelengde per kjøretøy (km),2019,2019,36494.0,
21,Drosjer,18,Elektrisitet,GjsnittKjorelengde,Gjennomsnittlig kjørelengde per kjøretøy (km),2020,2020,27146.0,
21,Drosjer,18,Elektrisitet,GjsnittKjorelengde,Gjennomsnittlig kjørelengde per kjøretøy (km),2021,2021,31079.0,
21,Drosjer,18,Elektrisitet,GjsnittKjorelengde,Gjennomsnittlig kjørelengde per kjøretøy (km),2022,2022,37606.0,
21,Drosjer,18,Elektrisitet,GjsnittKjorelengde,Gjennomsnittlig kjørelengde per kjøretøy (km),2023,2023,42071.0,
21,Drosjer,18,Elektrisitet,GjsnittKjorelengde,Gjennomsnittlig kjørelengde per kjøretøy (km),2024,2024,42987.0,
21,Drosjer,18,Elektrisitet,GjsnittKjorelengde,Gjennomsnittlig kjørelengde per kjøretøy (km),2025,2025,51637.0,
21,Drosjer,14,"Bensin hybrid, ladbar",Kjorelengde,Kjørelengde (mill. km),2005,2005,,.
21,Drosjer,14,"Bensin hybrid, ladbar",Kjorelengde,Kjørelengde (mill. km),2006,2006,,.
21,Drosjer,14,"Bensin hybrid, ladbar",Kjorelengde,Kjørelengde (mill. km),2007,2007,,.
21,Drosjer,14,"Bensin hybrid, ladbar",Kjorelengde,Kjørelengde (mill. km),2008,2008,,.
21,Drosjer,14,"Bensin hybrid, ladbar",Kjorelengde,Kjørelengde (mill. km),2009,2009,,.
21,Drosjer,14,"Bensin hybrid, ladbar",Kjorelengde,Kjørelengde (mill. km),2010,2010,,.
21,Drosjer,14,"Bensin hybrid, ladbar",Kjorelengde,Kjørelengde (mill. km),2011,2011,,.
21,Drosjer,14,"Bensin hybrid, ladbar",Kjorelengde,Kjørelengde (mill. km),2012,2012,,.
21,Drosjer,14,"Bensin hybrid, ladbar",Kjorelengde,Kjørelengde (mill. km),2013,2013,,.
21,Drosjer,14,"Bensin hybrid, ladbar",Kjorelengde,Kjørelengde (mill. km),2014,2014,,.
21,Drosjer,14,"Bensin hybrid, ladbar",Kjorelengde,Kjørelengde (mill. km),2015,2015,,.
21,Drosjer,14,"Bensin hybrid, ladbar",Kjorelengde,Kjørelengde (mill. km),2016,2016,1.2,
21,Drosjer,14,"Bensin hybrid, ladbar",Kjorelengde,Kjørelengde (mill. km),2017,2017,1.4,
21,Drosjer,14,"Bensin hybrid, ladbar",Kjorelengde,Kjørelengde (mill. km),2018,2018,2.0,
21,Drosjer,14,"Bensin hybrid, ladbar",Kjorelengde,Kjørelengde (mill. km),2019,2019,3.9,
21,Drosjer,14,"Bensin hybrid, ladbar",Kjorelengde,Kjørelengde (mill. km),2020,2020,5.2,
21,Drosjer,14,"Bensin hybrid, ladbar",Kjorelengde,Kjørelengde (mill. km),2021,2021,12.2,
21,Drosjer,14,"Bensin hybrid, ladbar",Kjorelengde,Kjørelengde (mill. km),2022,2022,25.5,
21,Drosjer,14,"Bensin hybrid, ladbar",Kjorelengde,Kjørelengde (mill. km),2023,2023,31.9,
21,Drosjer,14,"Bensin hybrid, ladbar",Kjorelengde,Kjørelengde (mill. km),2024,2024,26.3,
21,Drosjer,14,"Bensin hybrid, ladbar",Kjorelengde,Kjørelengde (mill. km),2025,2025,19.2,
21,Drosjer,14,"Bensin hybrid, ladbar",GjsnittKjorelengde,Gjennomsnittlig kjørelengde per kjøretøy (km),2005,2005,,.
21,Drosjer,14,"Bensin hybrid, ladbar",GjsnittKjorelengde,Gjennomsnittlig kjørelengde per kjøretøy (km),2006,2006,,.
21,Drosjer,14,"Bensin hybrid, ladbar",GjsnittKjorelengde,Gjennomsnittlig kjørelengde per kjøretøy (km),2007,2007,,.
21,Drosjer,14,"Bensin hybrid, ladbar",GjsnittKjorelengde,Gjennomsnittlig kjørelengde per kjøretøy (km),2008,2008,,.
21,Drosjer,14,"Bensin hybrid, ladbar",GjsnittKjorelengde,Gjennomsnittlig kjørelengde per kjøretøy (km),2009,2009,,.
21,Drosjer,14,"Bensin hybrid, ladbar",GjsnittKjorelengde,Gjennomsnittlig kjørelengde per kjøretøy (km),2010,2010,,.
21,Drosjer,14,"Bensin hybrid, ladbar",GjsnittKjorelengde,Gjennomsnittlig kjørelengde per kjøretøy (km),2011,2011,,.
21,Drosjer,14,"Bensin hybrid, ladbar",GjsnittKjorelengde,Gjennomsnittlig kjørelengde per kjøretøy (km),2012,2012,,.
21,Drosjer,14,"Bensin hybrid, ladbar",GjsnittKjorelengde,Gjennomsnittlig kjørelengde per kjøretøy (km),2013,2013,,.
21,Drosjer,14,"Bensin hybrid, ladbar",GjsnittKjorelengde,Gjennomsnittlig kjørelengde per kjøretøy (km),2014,2014,,.
21,Drosjer,14,"Bensin hybrid, ladbar",GjsnittKjorelengde,Gjennomsnittlig kjørelengde per kjøretøy (km),2015,2015,,.
21,Drosjer,14,"Bensin hybrid, ladbar",GjsnittKjorelengde,Gjennomsnittlig kjørelengde per kjøretøy (km),2016,2016,54045.0,
21,Drosjer,14,"Bensin hybrid, ladbar",GjsnittKjorelengde,Gjennomsnittlig kjørelengde per kjøretøy (km),2017,2017,38787.0,
21,Drosjer,14,"Bensin hybrid, ladbar",GjsnittKjorelengde,Gjennomsnittlig kjørelengde per kjøretøy (km),2018,2018,36516.0,
21,Drosjer,14,"Bensin hybrid, ladbar",GjsnittKjorelengde,Gjennomsnittlig kjørelengde per kjøretøy (km),2019,2019,50285.0,
21,Drosjer,14,"Bensin hybrid, ladbar",GjsnittKjorelengde,Gjennomsnittlig kjørelengde per kjøretøy (km),2020,2020,40925.0,
21,Drosjer,14,"Bensin hybrid, ladbar",GjsnittKjorelengde,Gjennomsnittlig kjørelengde per kjøretøy (km),2021,2021,33702.0,
21,Drosjer,14,"Bensin hybrid, ladbar",GjsnittKjorelengde,Gjennomsnittlig kjørelengde per kjøretøy (km),2022,2022,48412.0,
21,Drosjer,14,"Bensin hybrid, ladbar",GjsnittKjorelengde,Gjennomsnittlig kjørelengde per kjøretøy (km),2023,2023,54690.0,
21,Drosjer,14,"Bensin hybrid, ladbar",GjsnittKjorelengde,Gjennomsnittlig kjørelengde per kjøretøy (km),2024,2024,56602.0,
21,Drosjer,14,"Bensin hybrid, ladbar",GjsnittKjorelengde,Gjennomsnittlig kjørelengde per kjøretøy (km),2025,2025,56724.0,
21,Drosjer,15,"Bensin hybrid, ikke ladbar",Kjorelengde,Kjørelengde (mill. km),2005,2005,,.
21,Drosjer,15,"Bensin hybrid, ikke ladbar",Kjorelengde,Kjørelengde (mill. km),2006,2006,,.
21,Drosjer,15,"Bensin hybrid, ikke ladbar",Kjorelengde,Kjørelengde (mill. km),2007,2007,,.
21,Drosjer,15,"Bensin hybrid, ikke ladbar",Kjorelengde,Kjørelengde (mill. km),2008,2008,,.
21,Drosjer,15,"Bensin hybrid, ikke ladbar",Kjorelengde,Kjørelengde (mill. km),2009,2009,,.
21,Drosjer,15,"Bensin hybrid, ikke ladbar",Kjorelengde,Kjørelengde (mill. km),2010,2010,,.
21,Drosjer,15,"Bensin hybrid, ikke ladbar",Kjorelengde,Kjørelengde (mill. km),2011,2011,,.
21,Drosjer,15,"Bensin hybrid, ikke ladbar",Kjorelengde,Kjørelengde (mill. km),2012,2012,,.
21,Drosjer,15,"Bensin hybrid, ikke ladbar",Kjorelengde,Kjørelengde (mill. km),2013,2013,,.
21,Drosjer,15,"Bensin hybrid, ikke ladbar",Kjorelengde,Kjørelengde (mill. km),2014,2014,,.
21,Drosjer,15,"Bensin hybrid, ikke ladbar",Kjorelengde,Kjørelengde (mill. km),2015,2015,,.
21,Drosjer,15,"Bensin hybrid, ikke ladbar",Kjorelengde,Kjørelengde (mill. km),2016,2016,89.0,
21,Drosjer,15,"Bensin hybrid, ikke ladbar",Kjorelengde,Kjørelengde (mill. km),2017,2017,99.4,
21,Drosjer,15,"Bensin hybrid, ikke ladbar",Kjorelengde,Kjørelengde (mill. km),2018,2018,112.2,
21,Drosjer,15,"Bensin hybrid, ikke ladbar",Kjorelengde,Kjørelengde (mill. km),2019,2019,133.7,
21,Drosjer,15,"Bensin hybrid, ikke ladbar",Kjorelengde,Kjørelengde (mill. km),2020,2020,113.5,
21,Drosjer,15,"Bensin hybrid, ikke ladbar",Kjorelengde,Kjørelengde (mill. km),2021,2021,117.3,
21,Drosjer,15,"Bensin hybrid, ikke ladbar",Kjorelengde,Kjørelengde (mill. km),2022,2022,157.0,
21,Drosjer,15,"Bensin hybrid, ikke ladbar",Kjorelengde,Kjørelengde (mill. km),2023,2023,144.0,
21,Drosjer,15,"Bensin hybrid, ikke ladbar",Kjorelengde,Kjørelengde (mill. km),2024,2024,84.5,
21,Drosjer,15,"Bensin hybrid, ikke ladbar",Kjorelengde,Kjørelengde (mill. km),2025,2025,44.0,
21,Drosjer,15,"Bensin hybrid, ikke ladbar",GjsnittKjorelengde,Gjennomsnittlig kjørelengde per kjøretøy (km),2005,2005,,.
21,Drosjer,15,"Bensin hybrid, ikke ladbar",GjsnittKjorelengde,Gjennomsnittlig kjørelengde per kjøretøy (km),2006,2006,,.
21,Drosjer,15,"Bensin hybrid, ikke ladbar",GjsnittKjorelengde,Gjennomsnittlig kjørelengde per kjøretøy (km),2007,2007,,.
21,Drosjer,15,"Bensin hybrid, ikke ladbar",GjsnittKjorelengde,Gjennomsnittlig kjørelengde per kjøretøy (km),2008,2008,,.
21,Drosjer,15,"Bensin hybrid, ikke ladbar",GjsnittKjorelengde,Gjennomsnittlig kjørelengde per kjøretøy (km),2009,2009,,.
21,Drosjer,15,"Bensin hybrid, ikke ladbar",GjsnittKjorelengde,Gjennomsnittlig kjørelengde per kjøretøy (km),2010,2010,,.
21,Drosjer,15,"Bensin hybrid, ikke ladbar",GjsnittKjorelengde,Gjennomsnittlig kjørelengde per kjøretøy (km),2011,2011,,.
21,Drosjer,15,"Bensin hybrid, ikke ladbar",GjsnittKjorelengde,Gjennomsnittlig kjørelengde per kjøretøy (km),2012,2012,,.
21,Drosjer,15,"Bensin hybrid, ikke ladbar",GjsnittKjorelengde,Gjennomsnittlig kjørelengde per kjøretøy (km),2013,2013,,.
21,Drosjer,15,"Bensin hybrid, ikke ladbar",GjsnittKjorelengde,Gjennomsnittlig kjørelengde per kjøretøy (km),2014,2014,,.
21,Drosjer,15,"Bensin hybrid, ikke ladbar",GjsnittKjorelengde,Gjennomsnittlig kjørelengde per kjøretøy (km),2015,2015,,.
21,Drosjer,15,"Bensin hybrid, ikke ladbar",GjsnittKjorelengde,Gjennomsnittlig kjørelengde per kjøretøy (km),2016,2016,60282.0,
21,Drosjer,15,"Bensin hybrid, ikke ladbar",GjsnittKjorelengde,Gjennomsnittlig kjørelengde per kjøretøy (km),2017,2017,58901.0,
21,Drosjer,15,"Bensin hybrid, ikke ladbar",GjsnittKjorelengde,Gjennomsnittlig kjørelengde per kjøretøy (km),2018,2018,57692.0,
21,Drosjer,15,"Bensin hybrid, ikke ladbar",GjsnittKjorelengde,Gjennomsnittlig kjørelengde per kjøretøy (km),2019,2019,63414.0,
21,Drosjer,15,"Bensin hybrid, ikke ladbar",GjsnittKjorelengde,Gjennomsnittlig kjørelengde per kjøretøy (km),2020,2020,50784.0,
21,Drosjer,15,"Bensin hybrid, ikke ladbar",GjsnittKjorelengde,Gjennomsnittlig kjørelengde per kjøretøy (km),2021,2021,42955.0,
21,Drosjer,15,"Bensin hybrid, ikke ladbar",GjsnittKjorelengde,Gjennomsnittlig kjørelengde per kjøretøy (km),2022,2022,50251.0,
21,Drosjer,15,"Bensin hybrid, ikke ladbar",GjsnittKjorelengde,Gjennomsnittlig kjørelengde per kjøretøy (km),2023,2023,50005.0,
21,Drosjer,15,"Bensin hybrid, ikke ladbar",GjsnittKjorelengde,Gjennomsnittlig kjørelengde per kjøretøy (km),2024,2024,46360.0,
21,Drosjer,15,"Bensin hybrid, ikke ladbar",GjsnittKjorelengde,Gjennomsnittlig kjørelengde per kjøretøy (km),2025,2025,46830.0,
21,Drosjer,16,"Diesel hybrid, ladbar",Kjorelengde,Kjørelengde (mill. km),2005,2005,,.
21,Drosjer,16,"Diesel hybrid, ladbar",Kjorelengde,Kjørelengde (mill. km),2006,2006,,.
21,Drosjer,16,"Diesel hybrid, ladbar",Kjorelengde,Kjørelengde (mill. km),2007,2007,,.
21,Drosjer,16,"Diesel hybrid, ladbar",Kjorelengde,Kjørelengde (mill. km),2008,2008,,.
21,Drosjer,16,"Diesel hybrid, ladbar",Kjorelengde,Kjørelengde (mill. km),2009,2009,,.
21,Drosjer,16,"Diesel hybrid, ladbar",Kjorelengde,Kjørelengde (mill. km),2010,2010,,.
21,Drosjer,16,"Diesel hybrid, ladbar",Kjorelengde,Kjørelengde (mill. km),2011,2011,,.
21,Drosjer,16,"Diesel hybrid, ladbar",Kjorelengde,Kjørelengde (mill. km),2012,2012,,.
21,Drosjer,16,"Diesel hybrid, ladbar",Kjorelengde,Kjørelengde (mill. km),2013,2013,,.
21,Drosjer,16,"Diesel hybrid, ladbar",Kjorelengde,Kjørelengde (mill. km),2014,2014,,.
21,Drosjer,16,"Diesel hybrid, ladbar",Kjorelengde,Kjørelengde (mill. km),2015,2015,,.
21,Drosjer,16,"Diesel hybrid, ladbar",Kjorelengde,Kjørelengde (mill. km),2016,2016,,:
21,Drosjer,16,"Diesel hybrid, ladbar",Kjorelengde,Kjørelengde (mill. km),2017,2017,0.2,
21,Drosjer,16,"Diesel hybrid, ladbar",Kjorelengde,Kjørelengde (mill. km),2018,2018,0.2,
21,Drosjer,16,"Diesel hybrid, ladbar",Kjorelengde,Kjørelengde (mill. km),2019,2019,1.4,
21,Drosjer,16,"Diesel hybrid, ladbar",Kjorelengde,Kjørelengde (mill. km),2020,2020,5.8,
21,Drosjer,16,"Diesel hybrid, ladbar",Kjorelengde,Kjørelengde (mill. km),2021,2021,10.0,
21,Drosjer,16,"Diesel hybrid, ladbar",Kjorelengde,Kjørelengde (mill. km),2022,2022,16.7,
21,Drosjer,16,"Diesel hybrid, ladbar",Kjorelengde,Kjørelengde (mill. km),2023,2023,15.4,
21,Drosjer,16,"Diesel hybrid, ladbar",Kjorelengde,Kjørelengde (mill. km),2024,2024,8.2,
21,Drosjer,16,"Diesel hybrid, ladbar",Kjorelengde,Kjørelengde (mill. km),2025,2025,4.6,
21,Drosjer,16,"Diesel hybrid, ladbar",GjsnittKjorelengde,Gjennomsnittlig kjørelengde per kjøretøy (km),2005,2005,,.
21,Drosjer,16,"Diesel hybrid, ladbar",GjsnittKjorelengde,Gjennomsnittlig kjørelengde per kjøretøy (km),2006,2006,,.
21,Drosjer,16,"Diesel hybrid, ladbar",GjsnittKjorelengde,Gjennomsnittlig kjørelengde per kjøretøy (km),2007,2007,,.
21,Drosjer,16,"Diesel hybrid, ladbar",GjsnittKjorelengde,Gjennomsnittlig kjørelengde per kjøretøy (km),2008,2008,,.
21,Drosjer,16,"Diesel hybrid, ladbar",GjsnittKjorelengde,Gjennomsnittlig kjørelengde per kjøretøy (km),2009,2009,,.
21,Drosjer,16,"Diesel hybrid, ladbar",GjsnittKjorelengde,Gjennomsnittlig kjørelengde per kjøretøy (km),2010,2010,,.
21,Drosjer,16,"Diesel hybrid, ladbar",GjsnittKjorelengde,Gjennomsnittlig kjørelengde per kjøretøy (km),2011,2011,,.
21,Drosjer,16,"Diesel hybrid, ladbar",GjsnittKjorelengde,Gjennomsnittlig kjørelengde per kjøretøy (km),2012,2012,,.
21,Drosjer,16,"Diesel hybrid, ladbar",GjsnittKjorelengde,Gjennomsnittlig kjørelengde per kjøretøy (km),2013,2013,,.
21,Drosjer,16,"Diesel hybrid, ladbar",GjsnittKjorelengde,Gjennomsnittlig kjørelengde per kjøretøy (km),2014,2014,,.
21,Drosjer,16,"Diesel hybrid, ladbar",GjsnittKjorelengde,Gjennomsnittlig kjørelengde per kjøretøy (km),2015,2015,,.
21,Drosjer,16,"Diesel hybrid, ladbar",GjsnittKjorelengde,Gjennomsnittlig kjørelengde per kjøretøy (km),2016,2016,,:
21,Drosjer,16,"Diesel hybrid, ladbar",GjsnittKjorelengde,Gjennomsnittlig kjørelengde per kjøretøy (km),2017,2017,53626.0,
21,Drosjer,16,"Diesel hybrid, ladbar",GjsnittKjorelengde,Gjennomsnittlig kjørelengde per kjøretøy (km),2018,2018,73868.0,
21,Drosjer,16,"Diesel hybrid, ladbar",GjsnittKjorelengde,Gjennomsnittlig kjørelengde per kjøretøy (km),2019,2019,22654.0,
21,Drosjer,16,"Diesel hybrid, ladbar",GjsnittKjorelengde,Gjennomsnittlig kjørelengde per kjøretøy (km),2020,2020,49969.0,
21,Drosjer,16,"Diesel hybrid, ladbar",GjsnittKjorelengde,Gjennomsnittlig kjørelengde per kjøretøy (km),2021,2021,47296.0,
21,Drosjer,16,"Diesel hybrid, ladbar",GjsnittKjorelengde,Gjennomsnittlig kjørelengde per kjøretøy (km),2022,2022,65101.0,
21,Drosjer,16,"Diesel hybrid, ladbar",GjsnittKjorelengde,Gjennomsnittlig kjørelengde per kjøretøy (km),2023,2023,68321.0,
21,Drosjer,16,"Diesel hybrid, ladbar",GjsnittKjorelengde,Gjennomsnittlig kjørelengde per kjøretøy (km),2024,2024,60309.0,
21,Drosjer,16,"Diesel hybrid, ladbar",GjsnittKjorelengde,Gjennomsnittlig kjørelengde per kjøretøy (km),2025,2025,55667.0,
21,Drosjer,17,"Diesel hybrid, ikke ladbar",Kjorelengde,Kjørelengde (mill. km),2005,2005,,.
21,Drosjer,17,"Diesel hybrid, ikke ladbar",Kjorelengde,Kjørelengde (mill. km),2006,2006,,.
21,Drosjer,17,"Diesel hybrid, ikke ladbar",Kjorelengde,Kjørelengde (mill. km),2007,2007,,.
21,Drosjer,17,"Diesel hybrid, ikke ladbar",Kjorelengde,Kjørelengde (mill. km),2008,2008,,.
21,Drosjer,17,"Diesel hybrid, ikke ladbar",Kjorelengde,Kjørelengde (mill. km),2009,2009,,.
21,Drosjer,17,"Diesel hybrid, ikke ladbar",Kjorelengde,Kjørelengde (mill. km),2010,2010,,.
21,Drosjer,17,"Diesel hybrid, ikke ladbar",Kjorelengde,Kjørelengde (mill. km),2011,2011,,.
21,Drosjer,17,"Diesel hybrid, ikke ladbar",Kjorelengde,Kjørelengde (mill. km),2012,2012,,.
21,Drosjer,17,"Diesel hybrid, ikke ladbar",Kjorelengde,Kjørelengde (mill. km),2013,2013,,.
21,Drosjer,17,"Diesel hybrid, ikke ladbar",Kjorelengde,Kjørelengde (mill. km),2014,2014,,.
21,Drosjer,17,"Diesel hybrid, ikke ladbar",Kjorelengde,Kjørelengde (mill. km),2015,2015,,.
21,Drosjer,17,"Diesel hybrid, ikke ladbar",Kjorelengde,Kjørelengde (mill. km),2016,2016,,:
21,Drosjer,17,"Diesel hybrid, ikke ladbar",Kjorelengde,Kjørelengde (mill. km),2017,2017,1.8,
21,Drosjer,17,"Diesel hybrid, ikke ladbar",Kjorelengde,Kjørelengde (mill. km),2018,2018,1.2,
21,Drosjer,17,"Diesel hybrid, ikke ladbar",Kjorelengde,Kjørelengde (mill. km),2019,2019,0.7,
21,Drosjer,17,"Diesel hybrid, ikke ladbar",Kjorelengde,Kjørelengde (mill. km),2020,2020,,:
21,Drosjer,17,"Diesel hybrid, ikke ladbar",Kjorelengde,Kjørelengde (mill. km),2021,2021,2.2,
21,Drosjer,17,"Diesel hybrid, ikke ladbar",Kjorelengde,Kjørelengde (mill. km),2022,2022,4.4,
21,Drosjer,17,"Diesel hybrid, ikke ladbar",Kjorelengde,Kjørelengde (mill. km),2023,2023,5.2,
21,Drosjer,17,"Diesel hybrid, ikke ladbar",Kjorelengde,Kjørelengde (mill. km),2024,2024,4.2,
21,Drosjer,17,"Diesel hybrid, ikke ladbar",Kjorelengde,Kjørelengde (mill. km),2025,2025,3.4,
21,Drosjer,17,"Diesel hybrid, ikke ladbar",GjsnittKjorelengde,Gjennomsnittlig kjørelengde per kjøretøy (km),2005,2005,,.
21,Drosjer,17,"Diesel hybrid, ikke ladbar",GjsnittKjorelengde,Gjennomsnittlig kjørelengde per kjøretøy (km),2006,2006,,.
21,Drosjer,17,"Diesel hybrid, ikke ladbar",GjsnittKjorelengde,Gjennomsnittlig kjørelengde per kjøretøy (km),2007,2007,,.
21,Drosjer,17,"Diesel hybrid, ikke ladbar",GjsnittKjorelengde,Gjennomsnittlig kjørelengde per kjøretøy (km),2008,2008,,.
21,Drosjer,17,"Diesel hybrid, ikke ladbar",GjsnittKjorelengde,Gjennomsnittlig kjørelengde per kjøretøy (km),2009,2009,,.
21,Drosjer,17,"Diesel hybrid, ikke ladbar",GjsnittKjorelengde,Gjennomsnittlig kjørelengde per kjøretøy (km),2010,2010,,.
21,Drosjer,17,"Diesel hybrid, ikke ladbar",GjsnittKjorelengde,Gjennomsnittlig kjørelengde per kjøretøy (km),2011,2011,,.
21,Drosjer,17,"Diesel hybrid, ikke ladbar",GjsnittKjorelengde,Gjennomsnittlig kjørelengde per kjøretøy (km),2012,2012,,.
21,Drosjer,17,"Diesel hybrid, ikke ladbar",GjsnittKjorelengde,Gjennomsnittlig kjørelengde per kjøretøy (km),2013,2013,,.
21,Drosjer,17,"Diesel hybrid, ikke ladbar",GjsnittKjorelengde,Gjennomsnittlig kjørelengde per kjøretøy (km),2014,2014,,.
21,Drosjer,17,"Diesel hybrid, ikke ladbar",GjsnittKjorelengde,Gjennomsnittlig kjørelengde per kjøretøy (km),2015,2015,,.
21,Drosjer,17,"Diesel hybrid, ikke ladbar",GjsnittKjorelengde,Gjennomsnittlig kjørelengde per kjøretøy (km),2016,2016,,:
21,Drosjer,17,"Diesel hybrid, ikke ladbar",GjsnittKjorelengde,Gjennomsnittlig kjørelengde per kjøretøy (km),2017,2017,52827.0,
21,Drosjer,17,"Diesel hybrid, ikke ladbar",GjsnittKjorelengde,Gjennomsnittlig kjørelengde per kjøretøy (km),2018,2018,54240.0,
21,Drosjer,17,"Diesel hybrid, ikke ladbar",GjsnittKjorelengde,Gjennomsnittlig kjørelengde per kjøretøy (km),2019,2019,40060.0,
21,Drosjer,17,"Diesel hybrid, ikke ladbar",GjsnittKjorelengde,Gjennomsnittlig kjørelengde per kjøretøy (km),2020,2020,,:
21,Drosjer,17,"Diesel hybrid, ikke ladbar",GjsnittKjorelengde,Gjennomsnittlig kjørelengde per kjøretøy (km),2021,2021,41645.0,
21,Drosjer,17,"Diesel hybrid, ikke ladbar",GjsnittKjorelengde,Gjennomsnittlig kjørelengde per kjøretøy (km),2022,2022,61675.0,
21,Drosjer,17,"Diesel hybrid, ikke ladbar",GjsnittKjorelengde,Gjennomsnittlig kjørelengde per kjøretøy (km),2023,2023,66963.0,
21,Drosjer,17,"Diesel hybrid, ikke ladbar",GjsnittKjorelengde,Gjennomsnittlig kjørelengde per kjøretøy (km),2024,2024,62908.0,
21,Drosjer,17,"Diesel hybrid, ikke ladbar",GjsnittKjorelengde,Gjennomsnittlig kjørelengde per kjøretøy (km),2025,2025,67083.0,
21,Drosjer,3,Parafin,Kjorelengde,Kjørelengde (mill. km),2005,2005,,.
21,Drosjer,3,Parafin,Kjorelengde,Kjørelengde (mill. km),2006,2006,,.
21,Drosjer,3,Parafin,Kjorelengde,Kjørelengde (mill. km),2007,2007,,.
21,Drosjer,3,Parafin,Kjorelengde,Kjørelengde (mill. km),2008,2008,,.
21,Drosjer,3,Parafin,Kjorelengde,Kjørelengde (mill. km),2009,2009,,.
21,Drosjer,3,Parafin,Kjorelengde,Kjørelengde (mill. km),2010,2010,,.
21,Drosjer,3,Parafin,Kjorelengde,Kjørelengde (mill. km),2011,2011,,.
21,Drosjer,3,Parafin,Kjorelengde,Kjørelengde (mill. km),2012,2012,,.
21,Drosjer,3,Parafin,Kjorelengde,Kjørelengde (mill. km),2013,2013,,.
21,Drosjer,3,Parafin,Kjorelengde,Kjørelengde (mill. km),2014,2014,,.
21,Drosjer,3,Parafin,Kjorelengde,Kjørelengde (mill. km),2015,2015,,.
21,Drosjer,3,Parafin,Kjorelengde,Kjørelengde (mill. km),2016,2016,,.
21,Drosjer,3,Parafin,Kjorelengde,Kjørelengde (mill. km),2017,2017,,.
21,Drosjer,3,Parafin,Kjorelengde,Kjørelengde (mill. km),2018,2018,,.
21,Drosjer,3,Parafin,Kjorelengde,Kjørelengde (mill. km),2019,2019,,.
21,Drosjer,3,Parafin,Kjorelengde,Kjørelengde (mill. km),2020,2020,,.
21,Drosjer,3,Parafin,Kjorelengde,Kjørelengde (mill. km),2021,2021,,.
21,Drosjer,3,Parafin,Kjorelengde,Kjørelengde (mill. km),2022,2022,,.
21,Drosjer,3,Parafin,Kjorelengde,Kjørelengde (mill. km),2023,2023,,.
21,Drosjer,3,Parafin,Kjorelengde,Kjørelengde (mill. km),2024,2024,,.
21,Drosjer,3,Parafin,Kjorelengde,Kjørelengde (mill. km),2025,2025,,.
21,Drosjer,3,Parafin,GjsnittKjorelengde,Gjennomsnittlig kjørelengde per kjøretøy (km),2005,2005,,.
21,Drosjer,3,Parafin,GjsnittKjorelengde,Gjennomsnittlig kjørelengde per kjøretøy (km),2006,2006,,.
21,Drosjer,3,Parafin,GjsnittKjorelengde,Gjennomsnittlig kjørelengde per kjøretøy (km),2007,2007,,.
21,Drosjer,3,Parafin,GjsnittKjorelengde,Gjennomsnittlig kjørelengde per kjøretøy (km),2008,2008,,.
21,Drosjer,3,Parafin,GjsnittKjorelengde,Gjennomsnittlig kjørelengde per kjøretøy (km),2009,2009,,.
21,Drosjer,3,Parafin,GjsnittKjorelengde,Gjennomsnittlig kjørelengde per kjøretøy (km),2010,2010,,.
21,Drosjer,3,Parafin,GjsnittKjorelengde,Gjennomsnittlig kjørelengde per kjøretøy (km),2011,2011,,.
21,Drosjer,3,Parafin,GjsnittKjorelengde,Gjennomsnittlig kjørelengde per kjøretøy (km),2012,2012,,.
21,Drosjer,3,Parafin,GjsnittKjorelengde,Gjennomsnittlig kjørelengde per kjøretøy (km),2013,2013,,.
21,Drosjer,3,Parafin,GjsnittKjorelengde,Gjennomsnittlig kjørelengde per kjøretøy (km),2014,2014,,.
21,Drosjer,3,Parafin,GjsnittKjorelengde,Gjennomsnittlig kjørelengde per kjøretøy (km),2015,2015,,.
21,Drosjer,3,Parafin,GjsnittKjorelengde,Gjennomsnittlig kjørelengde per kjøretøy (km),2016,2016,,.
21,Drosjer,3,Parafin,GjsnittKjorelengde,Gjennomsnittlig kjørelengde per kjøretøy (km),2017,2017,,.
21,Drosjer,3,Parafin,GjsnittKjorelengde,Gjennomsnittlig kjørelengde per kjøretøy (km),2018,2018,,.
21,Drosjer,3,Parafin,GjsnittKjorelengde,Gjennomsnittlig kjørelengde per kjøretøy (km),2019,2019,,.
21,Drosjer,3,Parafin,GjsnittKjorelengde,Gjennomsnittlig kjørelengde per kjøretøy (km),2020,2020,,.
21,Drosjer,3,Parafin,GjsnittKjorelengde,Gjennomsnittlig kjørelengde per kjøretøy (km),2021,2021,,.
21,Drosjer,3,Parafin,GjsnittKjorelengde,Gjennomsnittlig kjørelengde per kjøretøy (km),2022,2022,,.
21,Drosjer,3,Parafin,GjsnittKjorelengde,Gjennomsnittlig kjørelengde per kjøretøy (km),2023,2023,,.
21,Drosjer,3,Parafin,GjsnittKjorelengde,Gjennomsnittlig kjørelengde per kjøretøy (km),2024,2024,,.
21,Drosjer,3,Parafin,GjsnittKjorelengde,Gjennomsnittlig kjørelengde per kjøretøy (km),2025,2025,,.
21,Drosjer,4,Gass,Kjorelengde,Kjørelengde (mill. km),2005,2005,,.
21,Drosjer,4,Gass,Kjorelengde,Kjørelengde (mill. km),2006,2006,,.
21,Drosjer,4,Gass,Kjorelengde,Kjørelengde (mill. km),2007,2007,,.
21,Drosjer,4,Gass,Kjorelengde,Kjørelengde (mill. km),2008,2008,,.
21,Drosjer,4,Gass,Kjorelengde,Kjørelengde (mill. km),2009,2009,,.
21,Drosjer,4,Gass,Kjorelengde,Kjørelengde (mill. km),2010,2010,,.
21,Drosjer,4,Gass,Kjorelengde,Kjørelengde (mill. km),2011,2011,,.
21,Drosjer,4,Gass,Kjorelengde,Kjørelengde (mill. km),2012,2012,,.
21,Drosjer,4,Gass,Kjorelengde,Kjørelengde (mill. km),2013,2013,,.
21,Drosjer,4,Gass,Kjorelengde,Kjørelengde (mill. km),2014,2014,,.
21,Drosjer,4,Gass,Kjorelengde,Kjørelengde (mill. km),2015,2015,,.
21,Drosjer,4,Gass,Kjorelengde,Kjørelengde (mill. km),2016,2016,0.8,
21,Drosjer,4,Gass,Kjorelengde,Kjørelengde (mill. km),2017,2017,1.2,
21,Drosjer,4,Gass,Kjorelengde,Kjørelengde (mill. km),2018,2018,1.9,
21,Drosjer,4,Gass,Kjorelengde,Kjørelengde (mill. km),2019,2019,1.1,
21,Drosjer,4,Gass,Kjorelengde,Kjørelengde (mill. km),2020,2020,1.0,
21,Drosjer,4,Gass,Kjorelengde,Kjørelengde (mill. km),2021,2021,0.8,
21,Drosjer,4,Gass,Kjorelengde,Kjørelengde (mill. km),2022,2022,0.9,
21,Drosjer,4,Gass,Kjorelengde,Kjørelengde (mill. km),2023,2023,0.5,
21,Drosjer,4,Gass,Kjorelengde,Kjørelengde (mill. km),2024,2024,0.2,
21,Drosjer,4,Gass,Kjorelengde,Kjørelengde (mill. km),2025,2025,0.1,
21,Drosjer,4,Gass,GjsnittKjorelengde,Gjennomsnittlig kjørelengde per kjøretøy (km),2005,2005,,.
21,Drosjer,4,Gass,GjsnittKjorelengde,Gjennomsnittlig kjørelengde per kjøretøy (km),2006,2006,,.
21,Drosjer,4,Gass,GjsnittKjorelengde,Gjennomsnittlig kjørelengde per kjøretøy (km),2007,2007,,.
21,Drosjer,4,Gass,GjsnittKjorelengde,Gjennomsnittlig kjørelengde per kjøretøy (km),2008,2008,,.
21,Drosjer,4,Gass,GjsnittKjorelengde,Gjennomsnittlig kjørelengde per kjøretøy (km),2009,2009,,.
21,Drosjer,4,Gass,GjsnittKjorelengde,Gjennomsnittlig kjørelengde per kjøretøy (km),2010,2010,,.
21,Drosjer,4,Gass,GjsnittKjorelengde,Gjennomsnittlig kjørelengde per kjøretøy (km),2011,2011,,.
21,Drosjer,4,Gass,GjsnittKjorelengde,Gjennomsnittlig kjørelengde per kjøretøy (km),2012,2012,,.
21,Drosjer,4,Gass,GjsnittKjorelengde,Gjennomsnittlig kjørelengde per kjøretøy (km),2013,2013,,.
21,Drosjer,4,Gass,GjsnittKjorelengde,Gjennomsnittlig kjørelengde per kjøretøy (km),2014,2014,,.
21,Drosjer,4,Gass,GjsnittKjorelengde,Gjennomsnittlig kjørelengde per kjøretøy (km),2015,2015,,.
21,Drosjer,4,Gass,GjsnittKjorelengde,Gjennomsnittlig kjørelengde per kjøretøy (km),2016,2016,70623.0,
21,Drosjer,4,Gass,GjsnittKjorelengde,Gjennomsnittlig kjørelengde per kjøretøy (km),2017,2017,44326.0,
21,Drosjer,4,Gass,GjsnittKjorelengde,Gjennomsnittlig kjørelengde per kjøretøy (km),2018,2018,71461.0,
21,Drosjer,4,Gass,GjsnittKjorelengde,Gjennomsnittlig kjørelengde per kjøretøy (km),2019,2019,38519.0,
21,Drosjer,4,Gass,GjsnittKjorelengde,Gjennomsnittlig kjørelengde per kjøretøy (km),2020,2020,38470.0,
21,Drosjer,4,Gass,GjsnittKjorelengde,Gjennomsnittlig kjørelengde per kjøretøy (km),2021,2021,29017.0,
21,Drosjer,4,Gass,GjsnittKjorelengde,Gjennomsnittlig kjørelengde per kjøretøy (km),2022,2022,33888.0,
21,Drosjer,4,Gass,GjsnittKjorelengde,Gjennomsnittlig kjørelengde per kjøretøy (km),2023,2023,27412.0,
21,Drosjer,4,Gass,GjsnittKjorelengde,Gjennomsnittlig kjørelengde per kjøretøy (km),2024,2024,23281.0,
21,Drosjer,4,Gass,GjsnittKjorelengde,Gjennomsnittlig kjørelengde per kjøretøy (km),2025,2025,19295.0,
21,Drosjer,13,Hydrogen,Kjorelengde,Kjørelengde (mill. km),2005,2005,,.
21,Drosjer,13,Hydrogen,Kjorelengde,Kjørelengde (mill. km),2006,2006,,.
21,Drosjer,13,Hydrogen,Kjorelengde,Kjørelengde (mill. km),2007,2007,,.
21,Drosjer,13,Hydrogen,Kjorelengde,Kjørelengde (mill. km),2008,2008,,.
21,Drosjer,13,Hydrogen,Kjorelengde,Kjørelengde (mill. km),2009,2009,,.
21,Drosjer,13,Hydrogen,Kjorelengde,Kjørelengde (mill. km),2010,2010,,.
21,Drosjer,13,Hydrogen,Kjorelengde,Kjørelengde (mill. km),2011,2011,,.
21,Drosjer,13,Hydrogen,Kjorelengde,Kjørelengde (mill. km),2012,2012,,.
21,Drosjer,13,Hydrogen,Kjorelengde,Kjørelengde (mill. km),2013,2013,,.
21,Drosjer,13,Hydrogen,Kjorelengde,Kjørelengde (mill. km),2014,2014,,.
21,Drosjer,13,Hydrogen,Kjorelengde,Kjørelengde (mill. km),2015,2015,,.
21,Drosjer,13,Hydrogen,Kjorelengde,Kjørelengde (mill. km),2016,2016,,.
21,Drosjer,13,Hydrogen,Kjorelengde,Kjørelengde (mill. km),2017,2017,0.2,
21,Drosjer,13,Hydrogen,Kjorelengde,Kjørelengde (mill. km),2018,2018,0.3,
21,Drosjer,13,Hydrogen,Kjorelengde,Kjørelengde (mill. km),2019,2019,0.4,
21,Drosjer,13,Hydrogen,Kjorelengde,Kjørelengde (mill. km),2020,2020,,:
21,Drosjer,13,Hydrogen,Kjorelengde,Kjørelengde (mill. km),2021,2021,0.2,
21,Drosjer,13,Hydrogen,Kjorelengde,Kjørelengde (mill. km),2022,2022,1.8,
21,Drosjer,13,Hydrogen,Kjorelengde,Kjørelengde (mill. km),2023,2023,1.8,
21,Drosjer,13,Hydrogen,Kjorelengde,Kjørelengde (mill. km),2024,2024,0.3,
21,Drosjer,13,Hydrogen,Kjorelengde,Kjørelengde (mill. km),2025,2025,0.4,
21,Drosjer,13,Hydrogen,GjsnittKjorelengde,Gjennomsnittlig kjørelengde per kjøretøy (km),2005,2005,,.
21,Drosjer,13,Hydrogen,GjsnittKjorelengde,Gjennomsnittlig kjørelengde per kjøretøy (km),2006,2006,,.
21,Drosjer,13,Hydrogen,GjsnittKjorelengde,Gjennomsnittlig kjørelengde per kjøretøy (km),2007,2007,,.
21,Drosjer,13,Hydrogen,GjsnittKjorelengde,Gjennomsnittlig kjørelengde per kjøretøy (km),2008,2008,,.
21,Drosjer,13,Hydrogen,GjsnittKjorelengde,Gjennomsnittlig kjørelengde per kjøretøy (km),2009,2009,,.
21,Drosjer,13,Hydrogen,GjsnittKjorelengde,Gjennomsnittlig kjørelengde per kjøretøy (km),2010,2010,,.
21,Drosjer,13,Hydrogen,GjsnittKjorelengde,Gjennomsnittlig kjørelengde per kjøretøy (km),2011,2011,,.
21,Drosjer,13,Hydrogen,GjsnittKjorelengde,Gjennomsnittlig kjørelengde per kjøretøy (km),2012,2012,,.
21,Drosjer,13,Hydrogen,GjsnittKjorelengde,Gjennomsnittlig kjørelengde per kjøretøy (km),2013,2013,,.
21,Drosjer,13,Hydrogen,GjsnittKjorelengde,Gjennomsnittlig kjørelengde per kjøretøy (km),2014,2014,,.
21,Drosjer,13,Hydrogen,GjsnittKjorelengde,Gjennomsnittlig kjørelengde per kjøretøy (km),2015,2015,,.
21,Drosjer,13,Hydrogen,GjsnittKjorelengde,Gjennomsnittlig kjørelengde per kjøretøy (km),2016,2016,,.
21,Drosjer,13,Hydrogen,GjsnittKjorelengde,Gjennomsnittlig kjørelengde per kjøretøy (km),2017,2017,35931.0,
21,Drosjer,13,Hydrogen,GjsnittKjorelengde,Gjennomsnittlig kjørelengde per kjøretøy (km),2018,2018,54075.0,
21,Drosjer,13,Hydrogen,GjsnittKjorelengde,Gjennomsnittlig kjørelengde per kjøretøy (km),2019,2019,67372.0,
21,Drosjer,13,Hydrogen,GjsnittKjorelengde,Gjennomsnittlig kjørelengde per kjøretøy (km),2020,2020,,:
21,Drosjer,13,Hydrogen,GjsnittKjorelengde,Gjennomsnittlig kjørelengde per kjøretøy (km),2021,2021,10668.0,
21,Drosjer,13,Hydrogen,GjsnittKjorelengde,Gjennomsnittlig kjørelengde per kjøretøy (km),2022,2022,48881.0,
21,Drosjer,13,Hydrogen,GjsnittKjorelengde,Gjennomsnittlig kjørelengde per kjøretøy (km),2023,2023,49256.0,
21,Drosjer,13,Hydrogen,GjsnittKjorelengde,Gjennomsnittlig kjørelengde per kjøretøy (km),2024,2024,28792.0,
21,Drosjer,13,Hydrogen,GjsnittKjorelengde,Gjennomsnittlig kjørelengde per kjøretøy (km),2025,2025,21554.0,
21,Drosjer,7,Andre drivstoff,Kjorelengde,Kjørelengde (mill. km),2005,2005,,:
21,Drosjer,7,Andre drivstoff,Kjorelengde,Kjørelengde (mill. km),2006,2006,0.2,
21,Drosjer,7,Andre drivstoff,Kjorelengde,Kjørelengde (mill. km),2007,2007,0.2,
21,Drosjer,7,Andre drivstoff,Kjorelengde,Kjørelengde (mill. km),2008,2008,0.2,
21,Drosjer,7,Andre drivstoff,Kjorelengde,Kjørelengde (mill. km),2009,2009,0.2,
21,Drosjer,7,Andre drivstoff,Kjorelengde,Kjørelengde (mill. km),2010,2010,0.3,
21,Drosjer,7,Andre drivstoff,Kjorelengde,Kjørelengde (mill. km),2011,2011,,:
21,Drosjer,7,Andre drivstoff,Kjorelengde,Kjørelengde (mill. km),2012,2012,0.6,
21,Drosjer,7,Andre drivstoff,Kjorelengde,Kjørelengde (mill. km),2013,2013,0.8,
21,Drosjer,7,Andre drivstoff,Kjorelengde,Kjørelengde (mill. km),2014,2014,0.7,
21,Drosjer,7,Andre drivstoff,Kjorelengde,Kjørelengde (mill. km),2015,2015,1.2,
21,Drosjer,7,Andre drivstoff,Kjorelengde,Kjørelengde (mill. km),2016,2016,,.
21,Drosjer,7,Andre drivstoff,Kjorelengde,Kjørelengde (mill. km),2017,2017,,.
21,Drosjer,7,Andre drivstoff,Kjorelengde,Kjørelengde (mill. km),2018,2018,,.
21,Drosjer,7,Andre drivstoff,Kjorelengde,Kjørelengde (mill. km),2019,2019,,.
21,Drosjer,7,Andre drivstoff,Kjorelengde,Kjørelengde (mill. km),2020,2020,,.
21,Drosjer,7,Andre drivstoff,Kjorelengde,Kjørelengde (mill. km),2021,2021,,.
21,Drosjer,7,Andre drivstoff,Kjorelengde,Kjørelengde (mill. km),2022,2022,,.
21,Drosjer,7,Andre drivstoff,Kjorelengde,Kjørelengde (mill. km),2023,2023,,.
21,Drosjer,7,Andre drivstoff,Kjorelengde,Kjørelengde (mill. km),2024,2024,,.
21,Drosjer,7,Andre drivstoff,Kjorelengde,Kjørelengde (mill. km),2025,2025,,.
21,Drosjer,7,Andre drivstoff,GjsnittKjorelengde,Gjennomsnittlig kjørelengde per kjøretøy (km),2005,2005,,:
21,Drosjer,7,Andre drivstoff,GjsnittKjorelengde,Gjennomsnittlig kjørelengde per kjøretøy (km),2006,2006,46071.0,
21,Drosjer,7,Andre drivstoff,GjsnittKjorelengde,Gjennomsnittlig kjørelengde per kjøretøy (km),2007,2007,61540.0,
21,Drosjer,7,Andre drivstoff,GjsnittKjorelengde,Gjennomsnittlig kjørelengde per kjøretøy (km),2008,2008,53914.0,
21,Drosjer,7,Andre drivstoff,GjsnittKjorelengde,Gjennomsnittlig kjørelengde per kjøretøy (km),2009,2009,54338.0,
21,Drosjer,7,Andre drivstoff,GjsnittKjorelengde,Gjennomsnittlig kjørelengde per kjøretøy (km),2010,2010,39801.0,
21,Drosjer,7,Andre drivstoff,GjsnittKjorelengde,Gjennomsnittlig kjørelengde per kjøretøy (km),2011,2011,,:
21,Drosjer,7,Andre drivstoff,GjsnittKjorelengde,Gjennomsnittlig kjørelengde per kjøretøy (km),2012,2012,73070.0,
21,Drosjer,7,Andre drivstoff,GjsnittKjorelengde,Gjennomsnittlig kjørelengde per kjøretøy (km),2013,2013,84820.0,
21,Drosjer,7,Andre drivstoff,GjsnittKjorelengde,Gjennomsnittlig kjørelengde per kjøretøy (km),2014,2014,42536.0,
21,Drosjer,7,Andre drivstoff,GjsnittKjorelengde,Gjennomsnittlig kjørelengde per kjøretøy (km),2015,2015,91246.0,
21,Drosjer,7,Andre drivstoff,GjsnittKjorelengde,Gjennomsnittlig kjørelengde per kjøretøy (km),2016,2016,,.
21,Drosjer,7,Andre drivstoff,GjsnittKjorelengde,Gjennomsnittlig kjørelengde per kjøretøy (km),2017,2017,,.
21,Drosjer,7,Andre drivstoff,GjsnittKjorelengde,Gjennomsnittlig kjørelengde per kjøretøy (km),2018,2018,,.
21,Drosjer,7,Andre drivstoff,GjsnittKjorelengde,Gjennomsnittlig kjørelengde per kjøretøy (km),2019,2019,,.
21,Drosjer,7,Andre drivstoff,GjsnittKjorelengde,Gjennomsnittlig kjørelengde per kjøretøy (km),2020,2020,,.
21,Drosjer,7,Andre drivstoff,GjsnittKjorelengde,Gjennomsnittlig kjørelengde per kjøretøy (km),2021,2021,,.
21,Drosjer,7,Andre drivstoff,GjsnittKjorelengde,Gjennomsnittlig kjørelengde per kjøretøy (km),2022,2022,,.
21,Drosjer,7,Andre drivstoff,GjsnittKjorelengde,Gjennomsnittlig kjørelengde per kjøretøy (km),2023,2023,,.
21,Drosjer,7,Andre drivstoff,GjsnittKjorelengde,Gjennomsnittlig kjørelengde per kjøretøy (km),2024,2024,,.
21,Drosjer,7,Andre drivstoff,GjsnittKjorelengde,Gjennomsnittlig kjørelengde per kjøretøy (km),2025,2025,,.
22,Ambulanser,0,Alle typer drivstoff,Kjorelengde,Kjørelengde (mill. km),2005,2005,31.3,
22,Ambulanser,0,Alle typer drivstoff,Kjorelengde,Kjørelengde (mill. km),2006,2006,35.3,
22,Ambulanser,0,Alle typer drivstoff,Kjorelengde,Kjørelengde (mill. km),2007,2007,37.4,
22,Ambulanser,0,Alle typer drivstoff,Kjorelengde,Kjørelengde (mill. km),2008,2008,38.7,
22,Ambulanser,0,Alle typer drivstoff,Kjorelengde,Kjørelengde (mill. km),2009,2009,37.7,
22,Ambulanser,0,Alle typer drivstoff,Kjorelengde,Kjørelengde (mill. km),2010,2010,36.3,
22,Ambulanser,0,Alle typer drivstoff,Kjorelengde,Kjørelengde (mill. km),2011,2011,37.6,
22,Ambulanser,0,Alle typer drivstoff,Kjorelengde,Kjørelengde (mill. km),2012,2012,38.7,
22,Ambulanser,0,Alle typer drivstoff,Kjorelengde,Kjørelengde (mill. km),2013,2013,39.6,
22,Ambulanser,0,Alle typer drivstoff,Kjorelengde,Kjørelengde (mill. km),2014,2014,39.9,
22,Ambulanser,0,Alle typer drivstoff,Kjorelengde,Kjørelengde (mill. km),2015,2015,40.4,
22,Ambulanser,0,Alle typer drivstoff,Kjorelengde,Kjørelengde (mill. km),2016,2016,40.5,
22,Ambulanser,0,Alle typer drivstoff,Kjorelengde,Kjørelengde (mill. km),2017,2017,40.7,
22,Ambulanser,0,Alle typer drivstoff,Kjorelengde,Kjørelengde (mill. km),2018,2018,41.6,
22,Ambulanser,0,Alle typer drivstoff,Kjorelengde,Kjørelengde (mill. km),2019,2019,42.5,
22,Ambulanser,0,Alle typer drivstoff,Kjorelengde,Kjørelengde (mill. km),2020,2020,39.7,
22,Ambulanser,0,Alle typer drivstoff,Kjorelengde,Kjørelengde (mill. km),2021,2021,42.6,
22,Ambulanser,0,Alle typer drivstoff,Kjorelengde,Kjørelengde (mill. km),2022,2022,44.7,
22,Ambulanser,0,Alle typer drivstoff,Kjorelengde,Kjørelengde (mill. km),2023,2023,43.8,
22,Ambulanser,0,Alle typer drivstoff,Kjorelengde,Kjørelengde (mill. km),2024,2024,44.5,
22,Ambulanser,0,Alle typer drivstoff,Kjorelengde,Kjørelengde (mill. km),2025,2025,44.1,
22,Ambulanser,0,Alle typer drivstoff,GjsnittKjorelengde,Gjennomsnittlig kjørelengde per kjøretøy (km),2005,2005,29498.0,
22,Ambulanser,0,Alle typer drivstoff,GjsnittKjorelengde,Gjennomsnittlig kjørelengde per kjøretøy (km),2006,2006,30664.0,
22,Ambulanser,0,Alle typer drivstoff,GjsnittKjorelengde,Gjennomsnittlig kjørelengde per kjøretøy (km),2007,2007,31985.0,
22,Ambulanser,0,Alle typer drivstoff,GjsnittKjorelengde,Gjennomsnittlig kjørelengde per kjøretøy (km),2008,2008,33440.0,
22,Ambulanser,0,Alle typer drivstoff,GjsnittKjorelengde,Gjennomsnittlig kjørelengde per kjøretøy (km),2009,2009,33172.0,
22,Ambulanser,0,Alle typer drivstoff,GjsnittKjorelengde,Gjennomsnittlig kjørelengde per kjøretøy (km),2010,2010,32371.0,
22,Ambulanser,0,Alle typer drivstoff,GjsnittKjorelengde,Gjennomsnittlig kjørelengde per kjøretøy (km),2011,2011,33603.0,
22,Ambulanser,0,Alle typer drivstoff,GjsnittKjorelengde,Gjennomsnittlig kjørelengde per kjøretøy (km),2012,2012,33140.0,
22,Ambulanser,0,Alle typer drivstoff,GjsnittKjorelengde,Gjennomsnittlig kjørelengde per kjøretøy (km),2013,2013,34045.0,
22,Ambulanser,0,Alle typer drivstoff,GjsnittKjorelengde,Gjennomsnittlig kjørelengde per kjøretøy (km),2014,2014,34765.0,
22,Ambulanser,0,Alle typer drivstoff,GjsnittKjorelengde,Gjennomsnittlig kjørelengde per kjøretøy (km),2015,2015,34567.0,
22,Ambulanser,0,Alle typer drivstoff,GjsnittKjorelengde,Gjennomsnittlig kjørelengde per kjøretøy (km),2016,2016,34404.0,
22,Ambulanser,0,Alle typer drivstoff,GjsnittKjorelengde,Gjennomsnittlig kjørelengde per kjøretøy (km),2017,2017,34106.0,
22,Ambulanser,0,Alle typer drivstoff,GjsnittKjorelengde,Gjennomsnittlig kjørelengde per kjøretøy (km),2018,2018,35985.0,
22,Ambulanser,0,Alle typer drivstoff,GjsnittKjorelengde,Gjennomsnittlig kjørelengde per kjøretøy (km),2019,2019,35796.0,
22,Ambulanser,0,Alle typer drivstoff,GjsnittKjorelengde,Gjennomsnittlig kjørelengde per kjøretøy (km),2020,2020,33148.0,
22,Ambulanser,0,Alle typer drivstoff,GjsnittKjorelengde,Gjennomsnittlig kjørelengde per kjøretøy (km),2021,2021,34792.0,
22,Ambulanser,0,Alle typer drivstoff,GjsnittKjorelengde,Gjennomsnittlig kjørelengde per kjøretøy (km),2022,2022,35030.0,
22,Ambulanser,0,Alle typer drivstoff,GjsnittKjorelengde,Gjennomsnittlig kjørelengde per kjøretøy (km),2023,2023,36134.0,
22,Ambulanser,0,Alle typer drivstoff,GjsnittKjorelengde,Gjennomsnittlig kjørelengde per kjøretøy (km),2024,2024,36362.0,
22,Ambulanser,0,Alle typer drivstoff,GjsnittKjorelengde,Gjennomsnittlig kjørelengde per kjøretøy (km),2025,2025,33714.0,
22,Ambulanser,1,Bensin,Kjorelengde,Kjørelengde (mill. km),2005,2005,6.0,
22,Ambulanser,1,Bensin,Kjorelengde,Kjørelengde (mill. km),2006,2006,6.1,
22,Ambulanser,1,Bensin,Kjorelengde,Kjørelengde (mill. km),2007,2007,6.2,
22,Ambulanser,1,Bensin,Kjorelengde,Kjørelengde (mill. km),2008,2008,5.0,
22,Ambulanser,1,Bensin,Kjorelengde,Kjørelengde (mill. km),2009,2009,4.2,
22,Ambulanser,1,Bensin,Kjorelengde,Kjørelengde (mill. km),2010,2010,3.8,
22,Ambulanser,1,Bensin,Kjorelengde,Kjørelengde (mill. km),2011,2011,3.1,
22,Ambulanser,1,Bensin,Kjorelengde,Kjørelengde (mill. km),2012,2012,1.7,
22,Ambulanser,1,Bensin,Kjorelengde,Kjørelengde (mill. km),2013,2013,1.2,
22,Ambulanser,1,Bensin,Kjorelengde,Kjørelengde (mill. km),2014,2014,1.6,
22,Ambulanser,1,Bensin,Kjorelengde,Kjørelengde (mill. km),2015,2015,2.2,
22,Ambulanser,1,Bensin,Kjorelengde,Kjørelengde (mill. km),2016,2016,2.4,
22,Ambulanser,1,Bensin,Kjorelengde,Kjørelengde (mill. km),2017,2017,2.2,
22,Ambulanser,1,Bensin,Kjorelengde,Kjørelengde (mill. km),2018,2018,2.1,
22,Ambulanser,1,Bensin,Kjorelengde,Kjørelengde (mill. km),2019,2019,2.1,
22,Ambulanser,1,Bensin,Kjorelengde,Kjørelengde (mill. km),2020,2020,2.0,
22,Ambulanser,1,Bensin,Kjorelengde,Kjørelengde (mill. km),2021,2021,1.7,
22,Ambulanser,1,Bensin,Kjorelengde,Kjørelengde (mill. km),2022,2022,1.5,
22,Ambulanser,1,Bensin,Kjorelengde,Kjørelengde (mill. km),2023,2023,1.0,
22,Ambulanser,1,Bensin,Kjorelengde,Kjørelengde (mill. km),2024,2024,0.6,
22,Ambulanser,1,Bensin,Kjorelengde,Kjørelengde (mill. km),2025,2025,0.6,
22,Ambulanser,1,Bensin,GjsnittKjorelengde,Gjennomsnittlig kjørelengde per kjøretøy (km),2005,2005,18563.0,
22,Ambulanser,1,Bensin,GjsnittKjorelengde,Gjennomsnittlig kjørelengde per kjøretøy (km),2006,2006,20075.0,
22,Ambulanser,1,Bensin,GjsnittKjorelengde,Gjennomsnittlig kjørelengde per kjøretøy (km),2007,2007,22918.0,
22,Ambulanser,1,Bensin,GjsnittKjorelengde,Gjennomsnittlig kjørelengde per kjøretøy (km),2008,2008,20927.0,
22,Ambulanser,1,Bensin,GjsnittKjorelengde,Gjennomsnittlig kjørelengde per kjøretøy (km),2009,2009,20233.0,
22,Ambulanser,1,Bensin,GjsnittKjorelengde,Gjennomsnittlig kjørelengde per kjøretøy (km),2010,2010,20463.0,
22,Ambulanser,1,Bensin,GjsnittKjorelengde,Gjennomsnittlig kjørelengde per kjøretøy (km),2011,2011,19179.0,
22,Ambulanser,1,Bensin,GjsnittKjorelengde,Gjennomsnittlig kjørelengde per kjøretøy (km),2012,2012,13138.0,
22,Ambulanser,1,Bensin,GjsnittKjorelengde,Gjennomsnittlig kjørelengde per kjøretøy (km),2013,2013,9749.0,
22,Ambulanser,1,Bensin,GjsnittKjorelengde,Gjennomsnittlig kjørelengde per kjøretøy (km),2014,2014,14757.0,
22,Ambulanser,1,Bensin,GjsnittKjorelengde,Gjennomsnittlig kjørelengde per kjøretøy (km),2015,2015,18844.0,
22,Ambulanser,1,Bensin,GjsnittKjorelengde,Gjennomsnittlig kjørelengde per kjøretøy (km),2016,2016,23497.0,
22,Ambulanser,1,Bensin,GjsnittKjorelengde,Gjennomsnittlig kjørelengde per kjøretøy (km),2017,2017,22966.0,
22,Ambulanser,1,Bensin,GjsnittKjorelengde,Gjennomsnittlig kjørelengde per kjøretøy (km),2018,2018,24072.0,
22,Ambulanser,1,Bensin,GjsnittKjorelengde,Gjennomsnittlig kjørelengde per kjøretøy (km),2019,2019,24515.0,
22,Ambulanser,1,Bensin,GjsnittKjorelengde,Gjennomsnittlig kjørelengde per kjøretøy (km),2020,2020,22629.0,
22,Ambulanser,1,Bensin,GjsnittKjorelengde,Gjennomsnittlig kjørelengde per kjøretøy (km),2021,2021,21553.0,
22,Ambulanser,1,Bensin,GjsnittKjorelengde,Gjennomsnittlig kjørelengde per kjøretøy (km),2022,2022,19829.0,
22,Ambulanser,1,Bensin,GjsnittKjorelengde,Gjennomsnittlig kjørelengde per kjøretøy (km),2023,2023,15311.0,
22,Ambulanser,1,Bensin,GjsnittKjorelengde,Gjennomsnittlig kjørelengde per kjøretøy (km),2024,2024,11553.0,
22,Ambulanser,1,Bensin,GjsnittKjorelengde,Gjennomsnittlig kjørelengde per kjøretøy (km),2025,2025,12048.0,
22,Ambulanser,2,Diesel,Kjorelengde,Kjørelengde (mill. km),2005,2005,25.3,
22,Ambulanser,2,Diesel,Kjorelengde,Kjørelengde (mill. km),2006,2006,29.2,
22,Ambulanser,2,Diesel,Kjorelengde,Kjørelengde (mill. km),2007,2007,31.2,
22,Ambulanser,2,Diesel,Kjorelengde,Kjørelengde (mill. km),2008,2008,33.7,
22,Ambulanser,2,Diesel,Kjorelengde,Kjørelengde (mill. km),2009,2009,33.5,
22,Ambulanser,2,Diesel,Kjorelengde,Kjørelengde (mill. km),2010,2010,32.5,
22,Ambulanser,2,Diesel,Kjorelengde,Kjørelengde (mill. km),2011,2011,34.6,
22,Ambulanser,2,Diesel,Kjorelengde,Kjørelengde (mill. km),2012,2012,36.9,
22,Ambulanser,2,Diesel,Kjorelengde,Kjørelengde (mill. km),2013,2013,38.4,
22,Ambulanser,2,Diesel,Kjorelengde,Kjørelengde (mill. km),2014,2014,38.3,
22,Ambulanser,2,Diesel,Kjorelengde,Kjørelengde (mill. km),2015,2015,38.2,
22,Ambulanser,2,Diesel,Kjorelengde,Kjørelengde (mill. km),2016,2016,38.0,
22,Ambulanser,2,Diesel,Kjorelengde,Kjørelengde (mill. km),2017,2017,38.5,
22,Ambulanser,2,Diesel,Kjorelengde,Kjørelengde (mill. km),2018,2018,39.6,
22,Ambulanser,2,Diesel,Kjorelengde,Kjørelengde (mill. km),2019,2019,40.3,
22,Ambulanser,2,Diesel,Kjorelengde,Kjørelengde (mill. km),2020,2020,37.4,
22,Ambulanser,2,Diesel,Kjorelengde,Kjørelengde (mill. km),2021,2021,39.9,
22,Ambulanser,2,Diesel,Kjorelengde,Kjørelengde (mill. km),2022,2022,42.1,
22,Ambulanser,2,Diesel,Kjorelengde,Kjørelengde (mill. km),2023,2023,41.7,
22,Ambulanser,2,Diesel,Kjorelengde,Kjørelengde (mill. km),2024,2024,42.3,
22,Ambulanser,2,Diesel,Kjorelengde,Kjørelengde (mill. km),2025,2025,42.0,
22,Ambulanser,2,Diesel,GjsnittKjorelengde,Gjennomsnittlig kjørelengde per kjøretøy (km),2005,2005,34269.0,
22,Ambulanser,2,Diesel,GjsnittKjorelengde,Gjennomsnittlig kjørelengde per kjøretøy (km),2006,2006,34465.0,
22,Ambulanser,2,Diesel,GjsnittKjorelengde,Gjennomsnittlig kjørelengde per kjøretøy (km),2007,2007,34694.0,
22,Ambulanser,2,Diesel,GjsnittKjorelengde,Gjennomsnittlig kjørelengde per kjøretøy (km),2008,2008,36701.0,
22,Ambulanser,2,Diesel,GjsnittKjorelengde,Gjennomsnittlig kjørelengde per kjøretøy (km),2009,2009,36090.0,
22,Ambulanser,2,Diesel,GjsnittKjorelengde,Gjennomsnittlig kjørelengde per kjøretøy (km),2010,2010,34727.0,
22,Ambulanser,2,Diesel,GjsnittKjorelengde,Gjennomsnittlig kjørelengde per kjøretøy (km),2011,2011,36008.0,
22,Ambulanser,2,Diesel,GjsnittKjorelengde,Gjennomsnittlig kjørelengde per kjøretøy (km),2012,2012,35712.0,
22,Ambulanser,2,Diesel,GjsnittKjorelengde,Gjennomsnittlig kjørelengde per kjøretøy (km),2013,2013,36997.0,
22,Ambulanser,2,Diesel,GjsnittKjorelengde,Gjennomsnittlig kjørelengde per kjøretøy (km),2014,2014,36905.0,
22,Ambulanser,2,Diesel,GjsnittKjorelengde,Gjennomsnittlig kjørelengde per kjøretøy (km),2015,2015,36300.0,
22,Ambulanser,2,Diesel,GjsnittKjorelengde,Gjennomsnittlig kjørelengde per kjøretøy (km),2016,2016,35462.0,
22,Ambulanser,2,Diesel,GjsnittKjorelengde,Gjennomsnittlig kjørelengde per kjøretøy (km),2017,2017,35059.0,
22,Ambulanser,2,Diesel,GjsnittKjorelengde,Gjennomsnittlig kjørelengde per kjøretøy (km),2018,2018,36941.0,
22,Ambulanser,2,Diesel,GjsnittKjorelengde,Gjennomsnittlig kjørelengde per kjøretøy (km),2019,2019,36689.0,
22,Ambulanser,2,Diesel,GjsnittKjorelengde,Gjennomsnittlig kjørelengde per kjøretøy (km),2020,2020,33981.0,
22,Ambulanser,2,Diesel,GjsnittKjorelengde,Gjennomsnittlig kjørelengde per kjøretøy (km),2021,2021,35347.0,
22,Ambulanser,2,Diesel,GjsnittKjorelengde,Gjennomsnittlig kjørelengde per kjøretøy (km),2022,2022,35612.0,
22,Ambulanser,2,Diesel,GjsnittKjorelengde,Gjennomsnittlig kjørelengde per kjøretøy (km),2023,2023,36779.0,
22,Ambulanser,2,Diesel,GjsnittKjorelengde,Gjennomsnittlig kjørelengde per kjøretøy (km),2024,2024,37214.0,
22,Ambulanser,2,Diesel,GjsnittKjorelengde,Gjennomsnittlig kjørelengde per kjøretøy (km),2025,2025,34168.0,
22,Ambulanser,18,Elektrisitet,Kjorelengde,Kjørelengde (mill. km),2005,2005,,.
22,Ambulanser,18,Elektrisitet,Kjorelengde,Kjørelengde (mill. km),2006,2006,,.
22,Ambulanser,18,Elektrisitet,Kjorelengde,Kjørelengde (mill. km),2007,2007,,.
22,Ambulanser,18,Elektrisitet,Kjorelengde,Kjørelengde (mill. km),2008,2008,,.
22,Ambulanser,18,Elektrisitet,Kjorelengde,Kjørelengde (mill. km),2009,2009,,.
22,Ambulanser,18,Elektrisitet,Kjorelengde,Kjørelengde (mill. km),2010,2010,,.
22,Ambulanser,18,Elektrisitet,Kjorelengde,Kjørelengde (mill. km),2011,2011,,.
22,Ambulanser,18,Elektrisitet,Kjorelengde,Kjørelengde (mill. km),2012,2012,,.
22,Ambulanser,18,Elektrisitet,Kjorelengde,Kjørelengde (mill. km),2013,2013,,.
22,Ambulanser,18,Elektrisitet,Kjorelengde,Kjørelengde (mill. km),2014,2014,,.
22,Ambulanser,18,Elektrisitet,Kjorelengde,Kjørelengde (mill. km),2015,2015,,.
22,Ambulanser,18,Elektrisitet,Kjorelengde,Kjørelengde (mill. km),2016,2016,,.
22,Ambulanser,18,Elektrisitet,Kjorelengde,Kjørelengde (mill. km),2017,2017,,.
22,Ambulanser,18,Elektrisitet,Kjorelengde,Kjørelengde (mill. km),2018,2018,,.
22,Ambulanser,18,Elektrisitet,Kjorelengde,Kjørelengde (mill. km),2019,2019,,.
22,Ambulanser,18,Elektrisitet,Kjorelengde,Kjørelengde (mill. km),2020,2020,,.
22,Ambulanser,18,Elektrisitet,Kjorelengde,Kjørelengde (mill. km),2021,2021,,.
22,Ambulanser,18,Elektrisitet,Kjorelengde,Kjørelengde (mill. km),2022,2022,,.
22,Ambulanser,18,Elektrisitet,Kjorelengde,Kjørelengde (mill. km),2023,2023,,.
22,Ambulanser,18,Elektrisitet,Kjorelengde,Kjørelengde (mill. km),2024,2024,,:
22,Ambulanser,18,Elektrisitet,Kjorelengde,Kjørelengde (mill. km),2025,2025,0.2,
22,Ambulanser,18,Elektrisitet,GjsnittKjorelengde,Gjennomsnittlig kjørelengde per kjøretøy (km),2005,2005,,.
22,Ambulanser,18,Elektrisitet,GjsnittKjorelengde,Gjennomsnittlig kjørelengde per kjøretøy (km),2006,2006,,.
22,Ambulanser,18,Elektrisitet,GjsnittKjorelengde,Gjennomsnittlig kjørelengde per kjøretøy (km),2007,2007,,.
22,Ambulanser,18,Elektrisitet,GjsnittKjorelengde,Gjennomsnittlig kjørelengde per kjøretøy (km),2008,2008,,.
22,Ambulanser,18,Elektrisitet,GjsnittKjorelengde,Gjennomsnittlig kjørelengde per kjøretøy (km),2009,2009,,.
22,Ambulanser,18,Elektrisitet,GjsnittKjorelengde,Gjennomsnittlig kjørelengde per kjøretøy (km),2010,2010,,.
22,Ambulanser,18,Elektrisitet,GjsnittKjorelengde,Gjennomsnittlig kjørelengde per kjøretøy (km),2011,2011,,.
22,Ambulanser,18,Elektrisitet,GjsnittKjorelengde,Gjennomsnittlig kjørelengde per kjøretøy (km),2012,2012,,.
22,Ambulanser,18,Elektrisitet,GjsnittKjorelengde,Gjennomsnittlig kjørelengde per kjøretøy (km),2013,2013,,.
22,Ambulanser,18,Elektrisitet,GjsnittKjorelengde,Gjennomsnittlig kjørelengde per kjøretøy (km),2014,2014,,.
22,Ambulanser,18,Elektrisitet,GjsnittKjorelengde,Gjennomsnittlig kjørelengde per kjøretøy (km),2015,2015,,.
22,Ambulanser,18,Elektrisitet,GjsnittKjorelengde,Gjennomsnittlig kjørelengde per kjøretøy (km),2016,2016,,.
22,Ambulanser,18,Elektrisitet,GjsnittKjorelengde,Gjennomsnittlig kjørelengde per kjøretøy (km),2017,2017,,.
22,Ambulanser,18,Elektrisitet,GjsnittKjorelengde,Gjennomsnittlig kjørelengde per kjøretøy (km),2018,2018,,.
22,Ambulanser,18,Elektrisitet,GjsnittKjorelengde,Gjennomsnittlig kjørelengde per kjøretøy (km),2019,2019,,.
22,Ambulanser,18,Elektrisitet,GjsnittKjorelengde,Gjennomsnittlig kjørelengde per kjøretøy (km),2020,2020,,.
22,Ambulanser,18,Elektrisitet,GjsnittKjorelengde,Gjennomsnittlig kjørelengde per kjøretøy (km),2021,2021,,.
22,Ambulanser,18,Elektrisitet,GjsnittKjorelengde,Gjennomsnittlig kjørelengde per kjøretøy (km),2022,2022,,.
22,Ambulanser,18,Elektrisitet,GjsnittKjorelengde,Gjennomsnittlig kjørelengde per kjøretøy (km),2023,2023,,.
22,Ambulanser,18,Elektrisitet,GjsnittKjorelengde,Gjennomsnittlig kjørelengde per kjøretøy (km),2024,2024,,:
22,Ambulanser,18,Elektrisitet,GjsnittKjorelengde,Gjennomsnittlig kjørelengde per kjøretøy (km),2025,2025,51223.0,
22,Ambulanser,14,"Bensin hybrid, ladbar",Kjorelengde,Kjørelengde (mill. km),2005,2005,,.
22,Ambulanser,14,"Bensin hybrid, ladbar",Kjorelengde,Kjørelengde (mill. km),2006,2006,,.
22,Ambulanser,14,"Bensin hybrid, ladbar",Kjorelengde,Kjørelengde (mill. km),2007,2007,,.
22,Ambulanser,14,"Bensin hybrid, ladbar",Kjorelengde,Kjørelengde (mill. km),2008,2008,,.
22,Ambulanser,14,"Bensin hybrid, ladbar",Kjorelengde,Kjørelengde (mill. km),2009,2009,,.
22,Ambulanser,14,"Bensin hybrid, ladbar",Kjorelengde,Kjørelengde (mill. km),2010,2010,,.
22,Ambulanser,14,"Bensin hybrid, ladbar",Kjorelengde,Kjørelengde (mill. km),2011,2011,,.
22,Ambulanser,14,"Bensin hybrid, ladbar",Kjorelengde,Kjørelengde (mill. km),2012,2012,,.
22,Ambulanser,14,"Bensin hybrid, ladbar",Kjorelengde,Kjørelengde (mill. km),2013,2013,,.
22,Ambulanser,14,"Bensin hybrid, ladbar",Kjorelengde,Kjørelengde (mill. km),2014,2014,,.
22,Ambulanser,14,"Bensin hybrid, ladbar",Kjorelengde,Kjørelengde (mill. km),2015,2015,,.
22,Ambulanser,14,"Bensin hybrid, ladbar",Kjorelengde,Kjørelengde (mill. km),2016,2016,,.
22,Ambulanser,14,"Bensin hybrid, ladbar",Kjorelengde,Kjørelengde (mill. km),2017,2017,,.
22,Ambulanser,14,"Bensin hybrid, ladbar",Kjorelengde,Kjørelengde (mill. km),2018,2018,,.
22,Ambulanser,14,"Bensin hybrid, ladbar",Kjorelengde,Kjørelengde (mill. km),2019,2019,,.
22,Ambulanser,14,"Bensin hybrid, ladbar",Kjorelengde,Kjørelengde (mill. km),2020,2020,,.
22,Ambulanser,14,"Bensin hybrid, ladbar",Kjorelengde,Kjørelengde (mill. km),2021,2021,,.
22,Ambulanser,14,"Bensin hybrid, ladbar",Kjorelengde,Kjørelengde (mill. km),2022,2022,,.
22,Ambulanser,14,"Bensin hybrid, ladbar",Kjorelengde,Kjørelengde (mill. km),2023,2023,,.
22,Ambulanser,14,"Bensin hybrid, ladbar",Kjorelengde,Kjørelengde (mill. km),2024,2024,,.
22,Ambulanser,14,"Bensin hybrid, ladbar",Kjorelengde,Kjørelengde (mill. km),2025,2025,,.
22,Ambulanser,14,"Bensin hybrid, ladbar",GjsnittKjorelengde,Gjennomsnittlig kjørelengde per kjøretøy (km),2005,2005,,.
22,Ambulanser,14,"Bensin hybrid, ladbar",GjsnittKjorelengde,Gjennomsnittlig kjørelengde per kjøretøy (km),2006,2006,,.
22,Ambulanser,14,"Bensin hybrid, ladbar",GjsnittKjorelengde,Gjennomsnittlig kjørelengde per kjøretøy (km),2007,2007,,.
22,Ambulanser,14,"Bensin hybrid, ladbar",GjsnittKjorelengde,Gjennomsnittlig kjørelengde per kjøretøy (km),2008,2008,,.
22,Ambulanser,14,"Bensin hybrid, ladbar",GjsnittKjorelengde,Gjennomsnittlig kjørelengde per kjøretøy (km),2009,2009,,.
22,Ambulanser,14,"Bensin hybrid, ladbar",GjsnittKjorelengde,Gjennomsnittlig kjørelengde per kjøretøy (km),2010,2010,,.
22,Ambulanser,14,"Bensin hybrid, ladbar",GjsnittKjorelengde,Gjennomsnittlig kjørelengde per kjøretøy (km),2011,2011,,.
22,Ambulanser,14,"Bensin hybrid, ladbar",GjsnittKjorelengde,Gjennomsnittlig kjørelengde per kjøretøy (km),2012,2012,,.
22,Ambulanser,14,"Bensin hybrid, ladbar",GjsnittKjorelengde,Gjennomsnittlig kjørelengde per kjøretøy (km),2013,2013,,.
22,Ambulanser,14,"Bensin hybrid, ladbar",GjsnittKjorelengde,Gjennomsnittlig kjørelengde per kjøretøy (km),2014,2014,,.
22,Ambulanser,14,"Bensin hybrid, ladbar",GjsnittKjorelengde,Gjennomsnittlig kjørelengde per kjøretøy (km),2015,2015,,.
22,Ambulanser,14,"Bensin hybrid, ladbar",GjsnittKjorelengde,Gjennomsnittlig kjørelengde per kjøretøy (km),2016,2016,,.
22,Ambulanser,14,"Bensin hybrid, ladbar",GjsnittKjorelengde,Gjennomsnittlig kjørelengde per kjøretøy (km),2017,2017,,.
22,Ambulanser,14,"Bensin hybrid, ladbar",GjsnittKjorelengde,Gjennomsnittlig kjørelengde per kjøretøy (km),2018,2018,,.
22,Ambulanser,14,"Bensin hybrid, ladbar",GjsnittKjorelengde,Gjennomsnittlig kjørelengde per kjøretøy (km),2019,2019,,.
22,Ambulanser,14,"Bensin hybrid, ladbar",GjsnittKjorelengde,Gjennomsnittlig kjørelengde per kjøretøy (km),2020,2020,,.
22,Ambulanser,14,"Bensin hybrid, ladbar",GjsnittKjorelengde,Gjennomsnittlig kjørelengde per kjøretøy (km),2021,2021,,.
22,Ambulanser,14,"Bensin hybrid, ladbar",GjsnittKjorelengde,Gjennomsnittlig kjørelengde per kjøretøy (km),2022,2022,,.
22,Ambulanser,14,"Bensin hybrid, ladbar",GjsnittKjorelengde,Gjennomsnittlig kjørelengde per kjøretøy (km),2023,2023,,.
22,Ambulanser,14,"Bensin hybrid, ladbar",GjsnittKjorelengde,Gjennomsnittlig kjørelengde per kjøretøy (km),2024,2024,,.
22,Ambulanser,14,"Bensin hybrid, ladbar",GjsnittKjorelengde,Gjennomsnittlig kjørelengde per kjøretøy (km),2025,2025,,.
22,Ambulanser,15,"Bensin hybrid, ikke ladbar",Kjorelengde,Kjørelengde (mill. km),2005,2005,,.
22,Ambulanser,15,"Bensin hybrid, ikke ladbar",Kjorelengde,Kjørelengde (mill. km),2006,2006,,.
22,Ambulanser,15,"Bensin hybrid, ikke ladbar",Kjorelengde,Kjørelengde (mill. km),2007,2007,,.
22,Ambulanser,15,"Bensin hybrid, ikke ladbar",Kjorelengde,Kjørelengde (mill. km),2008,2008,,.
22,Ambulanser,15,"Bensin hybrid, ikke ladbar",Kjorelengde,Kjørelengde (mill. km),2009,2009,,.
22,Ambulanser,15,"Bensin hybrid, ikke ladbar",Kjorelengde,Kjørelengde (mill. km),2010,2010,,.
22,Ambulanser,15,"Bensin hybrid, ikke ladbar",Kjorelengde,Kjørelengde (mill. km),2011,2011,,.
22,Ambulanser,15,"Bensin hybrid, ikke ladbar",Kjorelengde,Kjørelengde (mill. km),2012,2012,,.
22,Ambulanser,15,"Bensin hybrid, ikke ladbar",Kjorelengde,Kjørelengde (mill. km),2013,2013,,.
22,Ambulanser,15,"Bensin hybrid, ikke ladbar",Kjorelengde,Kjørelengde (mill. km),2014,2014,,.
22,Ambulanser,15,"Bensin hybrid, ikke ladbar",Kjorelengde,Kjørelengde (mill. km),2015,2015,,.
22,Ambulanser,15,"Bensin hybrid, ikke ladbar",Kjorelengde,Kjørelengde (mill. km),2016,2016,,.
22,Ambulanser,15,"Bensin hybrid, ikke ladbar",Kjorelengde,Kjørelengde (mill. km),2017,2017,,.
22,Ambulanser,15,"Bensin hybrid, ikke ladbar",Kjorelengde,Kjørelengde (mill. km),2018,2018,,.
22,Ambulanser,15,"Bensin hybrid, ikke ladbar",Kjorelengde,Kjørelengde (mill. km),2019,2019,,.
22,Ambulanser,15,"Bensin hybrid, ikke ladbar",Kjorelengde,Kjørelengde (mill. km),2020,2020,,.
22,Ambulanser,15,"Bensin hybrid, ikke ladbar",Kjorelengde,Kjørelengde (mill. km),2021,2021,,.
22,Ambulanser,15,"Bensin hybrid, ikke ladbar",Kjorelengde,Kjørelengde (mill. km),2022,2022,,.
22,Ambulanser,15,"Bensin hybrid, ikke ladbar",Kjorelengde,Kjørelengde (mill. km),2023,2023,,.
22,Ambulanser,15,"Bensin hybrid, ikke ladbar",Kjorelengde,Kjørelengde (mill. km),2024,2024,0.1,
22,Ambulanser,15,"Bensin hybrid, ikke ladbar",Kjorelengde,Kjørelengde (mill. km),2025,2025,0.4,
22,Ambulanser,15,"Bensin hybrid, ikke ladbar",GjsnittKjorelengde,Gjennomsnittlig kjørelengde per kjøretøy (km),2005,2005,,.
22,Ambulanser,15,"Bensin hybrid, ikke ladbar",GjsnittKjorelengde,Gjennomsnittlig kjørelengde per kjøretøy (km),2006,2006,,.
22,Ambulanser,15,"Bensin hybrid, ikke ladbar",GjsnittKjorelengde,Gjennomsnittlig kjørelengde per kjøretøy (km),2007,2007,,.
22,Ambulanser,15,"Bensin hybrid, ikke ladbar",GjsnittKjorelengde,Gjennomsnittlig kjørelengde per kjøretøy (km),2008,2008,,.
22,Ambulanser,15,"Bensin hybrid, ikke ladbar",GjsnittKjorelengde,Gjennomsnittlig kjørelengde per kjøretøy (km),2009,2009,,.
22,Ambulanser,15,"Bensin hybrid, ikke ladbar",GjsnittKjorelengde,Gjennomsnittlig kjørelengde per kjøretøy (km),2010,2010,,.
22,Ambulanser,15,"Bensin hybrid, ikke ladbar",GjsnittKjorelengde,Gjennomsnittlig kjørelengde per kjøretøy (km),2011,2011,,.
22,Ambulanser,15,"Bensin hybrid, ikke ladbar",GjsnittKjorelengde,Gjennomsnittlig kjørelengde per kjøretøy (km),2012,2012,,.
22,Ambulanser,15,"Bensin hybrid, ikke ladbar",GjsnittKjorelengde,Gjennomsnittlig kjørelengde per kjøretøy (km),2013,2013,,.
22,Ambulanser,15,"Bensin hybrid, ikke ladbar",GjsnittKjorelengde,Gjennomsnittlig kjørelengde per kjøretøy (km),2014,2014,,.
22,Ambulanser,15,"Bensin hybrid, ikke ladbar",GjsnittKjorelengde,Gjennomsnittlig kjørelengde per kjøretøy (km),2015,2015,,.
22,Ambulanser,15,"Bensin hybrid, ikke ladbar",GjsnittKjorelengde,Gjennomsnittlig kjørelengde per kjøretøy (km),2016,2016,,.
22,Ambulanser,15,"Bensin hybrid, ikke ladbar",GjsnittKjorelengde,Gjennomsnittlig kjørelengde per kjøretøy (km),2017,2017,,.
22,Ambulanser,15,"Bensin hybrid, ikke ladbar",GjsnittKjorelengde,Gjennomsnittlig kjørelengde per kjøretøy (km),2018,2018,,.
22,Ambulanser,15,"Bensin hybrid, ikke ladbar",GjsnittKjorelengde,Gjennomsnittlig kjørelengde per kjøretøy (km),2019,2019,,.
22,Ambulanser,15,"Bensin hybrid, ikke ladbar",GjsnittKjorelengde,Gjennomsnittlig kjørelengde per kjøretøy (km),2020,2020,,.
22,Ambulanser,15,"Bensin hybrid, ikke ladbar",GjsnittKjorelengde,Gjennomsnittlig kjørelengde per kjøretøy (km),2021,2021,,.
22,Ambulanser,15,"Bensin hybrid, ikke ladbar",GjsnittKjorelengde,Gjennomsnittlig kjørelengde per kjøretøy (km),2022,2022,,.
22,Ambulanser,15,"Bensin hybrid, ikke ladbar",GjsnittKjorelengde,Gjennomsnittlig kjørelengde per kjøretøy (km),2023,2023,,.
22,Ambulanser,15,"Bensin hybrid, ikke ladbar",GjsnittKjorelengde,Gjennomsnittlig kjørelengde per kjøretøy (km),2024,2024,21348.0,
22,Ambulanser,15,"Bensin hybrid, ikke ladbar",GjsnittKjorelengde,Gjennomsnittlig kjørelengde per kjøretøy (km),2025,2025,71755.0,
22,Ambulanser,16,"Diesel hybrid, ladbar",Kjorelengde,Kjørelengde (mill. km),2005,2005,,.
22,Ambulanser,16,"Diesel hybrid, ladbar",Kjorelengde,Kjørelengde (mill. km),2006,2006,,.
22,Ambulanser,16,"Diesel hybrid, ladbar",Kjorelengde,Kjørelengde (mill. km),2007,2007,,.
22,Ambulanser,16,"Diesel hybrid, ladbar",Kjorelengde,Kjørelengde (mill. km),2008,2008,,.
22,Ambulanser,16,"Diesel hybrid, ladbar",Kjorelengde,Kjørelengde (mill. km),2009,2009,,.
22,Ambulanser,16,"Diesel hybrid, ladbar",Kjorelengde,Kjørelengde (mill. km),2010,2010,,.
22,Ambulanser,16,"Diesel hybrid, ladbar",Kjorelengde,Kjørelengde (mill. km),2011,2011,,.
22,Ambulanser,16,"Diesel hybrid, ladbar",Kjorelengde,Kjørelengde (mill. km),2012,2012,,.
22,Ambulanser,16,"Diesel hybrid, ladbar",Kjorelengde,Kjørelengde (mill. km),2013,2013,,.
22,Ambulanser,16,"Diesel hybrid, ladbar",Kjorelengde,Kjørelengde (mill. km),2014,2014,,.
22,Ambulanser,16,"Diesel hybrid, ladbar",Kjorelengde,Kjørelengde (mill. km),2015,2015,,.
22,Ambulanser,16,"Diesel hybrid, ladbar",Kjorelengde,Kjørelengde (mill. km),2016,2016,,.
22,Ambulanser,16,"Diesel hybrid, ladbar",Kjorelengde,Kjørelengde (mill. km),2017,2017,,.
22,Ambulanser,16,"Diesel hybrid, ladbar",Kjorelengde,Kjørelengde (mill. km),2018,2018,,.
22,Ambulanser,16,"Diesel hybrid, ladbar",Kjorelengde,Kjørelengde (mill. km),2019,2019,,.
22,Ambulanser,16,"Diesel hybrid, ladbar",Kjorelengde,Kjørelengde (mill. km),2020,2020,,.
22,Ambulanser,16,"Diesel hybrid, ladbar",Kjorelengde,Kjørelengde (mill. km),2021,2021,,.
22,Ambulanser,16,"Diesel hybrid, ladbar",Kjorelengde,Kjørelengde (mill. km),2022,2022,,.
22,Ambulanser,16,"Diesel hybrid, ladbar",Kjorelengde,Kjørelengde (mill. km),2023,2023,,.
22,Ambulanser,16,"Diesel hybrid, ladbar",Kjorelengde,Kjørelengde (mill. km),2024,2024,,.
22,Ambulanser,16,"Diesel hybrid, ladbar",Kjorelengde,Kjørelengde (mill. km),2025,2025,,.
22,Ambulanser,16,"Diesel hybrid, ladbar",GjsnittKjorelengde,Gjennomsnittlig kjørelengde per kjøretøy (km),2005,2005,,.
22,Ambulanser,16,"Diesel hybrid, ladbar",GjsnittKjorelengde,Gjennomsnittlig kjørelengde per kjøretøy (km),2006,2006,,.
22,Ambulanser,16,"Diesel hybrid, ladbar",GjsnittKjorelengde,Gjennomsnittlig kjørelengde per kjøretøy (km),2007,2007,,.
22,Ambulanser,16,"Diesel hybrid, ladbar",GjsnittKjorelengde,Gjennomsnittlig kjørelengde per kjøretøy (km),2008,2008,,.
22,Ambulanser,16,"Diesel hybrid, ladbar",GjsnittKjorelengde,Gjennomsnittlig kjørelengde per kjøretøy (km),2009,2009,,.
22,Ambulanser,16,"Diesel hybrid, ladbar",GjsnittKjorelengde,Gjennomsnittlig kjørelengde per kjøretøy (km),2010,2010,,.
22,Ambulanser,16,"Diesel hybrid, ladbar",GjsnittKjorelengde,Gjennomsnittlig kjørelengde per kjøretøy (km),2011,2011,,.
22,Ambulanser,16,"Diesel hybrid, ladbar",GjsnittKjorelengde,Gjennomsnittlig kjørelengde per kjøretøy (km),2012,2012,,.
22,Ambulanser,16,"Diesel hybrid, ladbar",GjsnittKjorelengde,Gjennomsnittlig kjørelengde per kjøretøy (km),2013,2013,,.
22,Ambulanser,16,"Diesel hybrid, ladbar",GjsnittKjorelengde,Gjennomsnittlig kjørelengde per kjøretøy (km),2014,2014,,.
22,Ambulanser,16,"Diesel hybrid, ladbar",GjsnittKjorelengde,Gjennomsnittlig kjørelengde per kjøretøy (km),2015,2015,,.
22,Ambulanser,16,"Diesel hybrid, ladbar",GjsnittKjorelengde,Gjennomsnittlig kjørelengde per kjøretøy (km),2016,2016,,.
22,Ambulanser,16,"Diesel hybrid, ladbar",GjsnittKjorelengde,Gjennomsnittlig kjørelengde per kjøretøy (km),2017,2017,,.
22,Ambulanser,16,"Diesel hybrid, ladbar",GjsnittKjorelengde,Gjennomsnittlig kjørelengde per kjøretøy (km),2018,2018,,.
22,Ambulanser,16,"Diesel hybrid, ladbar",GjsnittKjorelengde,Gjennomsnittlig kjørelengde per kjøretøy (km),2019,2019,,.
22,Ambulanser,16,"Diesel hybrid, ladbar",GjsnittKjorelengde,Gjennomsnittlig kjørelengde per kjøretøy (km),2020,2020,,.
22,Ambulanser,16,"Diesel hybrid, ladbar",GjsnittKjorelengde,Gjennomsnittlig kjørelengde per kjøretøy (km),2021,2021,,.
22,Ambulanser,16,"Diesel hybrid, ladbar",GjsnittKjorelengde,Gjennomsnittlig kjørelengde per kjøretøy (km),2022,2022,,.
22,Ambulanser,16,"Diesel hybrid, ladbar",GjsnittKjorelengde,Gjennomsnittlig kjørelengde per kjøretøy (km),2023,2023,,.
22,Ambulanser,16,"Diesel hybrid, ladbar",GjsnittKjorelengde,Gjennomsnittlig kjørelengde per kjøretøy (km),2024,2024,,.
22,Ambulanser,16,"Diesel hybrid, ladbar",GjsnittKjorelengde,Gjennomsnittlig kjørelengde per kjøretøy (km),2025,2025,,.
22,Ambulanser,17,"Diesel hybrid, ikke ladbar",Kjorelengde,Kjørelengde (mill. km),2005,2005,,.
22,Ambulanser,17,"Diesel hybrid, ikke ladbar",Kjorelengde,Kjørelengde (mill. km),2006,2006,,.
22,Ambulanser,17,"Diesel hybrid, ikke ladbar",Kjorelengde,Kjørelengde (mill. km),2007,2007,,.
22,Ambulanser,17,"Diesel hybrid, ikke ladbar",Kjorelengde,Kjørelengde (mill. km),2008,2008,,.
22,Ambulanser,17,"Diesel hybrid, ikke ladbar",Kjorelengde,Kjørelengde (mill. km),2009,2009,,.
22,Ambulanser,17,"Diesel hybrid, ikke ladbar",Kjorelengde,Kjørelengde (mill. km),2010,2010,,.
22,Ambulanser,17,"Diesel hybrid, ikke ladbar",Kjorelengde,Kjørelengde (mill. km),2011,2011,,.
22,Ambulanser,17,"Diesel hybrid, ikke ladbar",Kjorelengde,Kjørelengde (mill. km),2012,2012,,.
22,Ambulanser,17,"Diesel hybrid, ikke ladbar",Kjorelengde,Kjørelengde (mill. km),2013,2013,,.
22,Ambulanser,17,"Diesel hybrid, ikke ladbar",Kjorelengde,Kjørelengde (mill. km),2014,2014,,.
22,Ambulanser,17,"Diesel hybrid, ikke ladbar",Kjorelengde,Kjørelengde (mill. km),2015,2015,,.
22,Ambulanser,17,"Diesel hybrid, ikke ladbar",Kjorelengde,Kjørelengde (mill. km),2016,2016,,.
22,Ambulanser,17,"Diesel hybrid, ikke ladbar",Kjorelengde,Kjørelengde (mill. km),2017,2017,,.
22,Ambulanser,17,"Diesel hybrid, ikke ladbar",Kjorelengde,Kjørelengde (mill. km),2018,2018,,.
22,Ambulanser,17,"Diesel hybrid, ikke ladbar",Kjorelengde,Kjørelengde (mill. km),2019,2019,,.
22,Ambulanser,17,"Diesel hybrid, ikke ladbar",Kjorelengde,Kjørelengde (mill. km),2020,2020,0.3,
22,Ambulanser,17,"Diesel hybrid, ikke ladbar",Kjorelengde,Kjørelengde (mill. km),2021,2021,0.9,
22,Ambulanser,17,"Diesel hybrid, ikke ladbar",Kjorelengde,Kjørelengde (mill. km),2022,2022,1.1,
22,Ambulanser,17,"Diesel hybrid, ikke ladbar",Kjorelengde,Kjørelengde (mill. km),2023,2023,1.2,
22,Ambulanser,17,"Diesel hybrid, ikke ladbar",Kjorelengde,Kjørelengde (mill. km),2024,2024,,:
22,Ambulanser,17,"Diesel hybrid, ikke ladbar",Kjorelengde,Kjørelengde (mill. km),2025,2025,1.0,
22,Ambulanser,17,"Diesel hybrid, ikke ladbar",GjsnittKjorelengde,Gjennomsnittlig kjørelengde per kjøretøy (km),2005,2005,,.
22,Ambulanser,17,"Diesel hybrid, ikke ladbar",GjsnittKjorelengde,Gjennomsnittlig kjørelengde per kjøretøy (km),2006,2006,,.
22,Ambulanser,17,"Diesel hybrid, ikke ladbar",GjsnittKjorelengde,Gjennomsnittlig kjørelengde per kjøretøy (km),2007,2007,,.
22,Ambulanser,17,"Diesel hybrid, ikke ladbar",GjsnittKjorelengde,Gjennomsnittlig kjørelengde per kjøretøy (km),2008,2008,,.
22,Ambulanser,17,"Diesel hybrid, ikke ladbar",GjsnittKjorelengde,Gjennomsnittlig kjørelengde per kjøretøy (km),2009,2009,,.
22,Ambulanser,17,"Diesel hybrid, ikke ladbar",GjsnittKjorelengde,Gjennomsnittlig kjørelengde per kjøretøy (km),2010,2010,,.
22,Ambulanser,17,"Diesel hybrid, ikke ladbar",GjsnittKjorelengde,Gjennomsnittlig kjørelengde per kjøretøy (km),2011,2011,,.
22,Ambulanser,17,"Diesel hybrid, ikke ladbar",GjsnittKjorelengde,Gjennomsnittlig kjørelengde per kjøretøy (km),2012,2012,,.
22,Ambulanser,17,"Diesel hybrid, ikke ladbar",GjsnittKjorelengde,Gjennomsnittlig kjørelengde per kjøretøy (km),2013,2013,,.
22,Ambulanser,17,"Diesel hybrid, ikke ladbar",GjsnittKjorelengde,Gjennomsnittlig kjørelengde per kjøretøy (km),2014,2014,,.
22,Ambulanser,17,"Diesel hybrid, ikke ladbar",GjsnittKjorelengde,Gjennomsnittlig kjørelengde per kjøretøy (km),2015,2015,,.
22,Ambulanser,17,"Diesel hybrid, ikke ladbar",GjsnittKjorelengde,Gjennomsnittlig kjørelengde per kjøretøy (km),2016,2016,,.
22,Ambulanser,17,"Diesel hybrid, ikke ladbar",GjsnittKjorelengde,Gjennomsnittlig kjørelengde per kjøretøy (km),2017,2017,,.
22,Ambulanser,17,"Diesel hybrid, ikke ladbar",GjsnittKjorelengde,Gjennomsnittlig kjørelengde per kjøretøy (km),2018,2018,,.
22,Ambulanser,17,"Diesel hybrid, ikke ladbar",GjsnittKjorelengde,Gjennomsnittlig kjørelengde per kjøretøy (km),2019,2019,,.
22,Ambulanser,17,"Diesel hybrid, ikke ladbar",GjsnittKjorelengde,Gjennomsnittlig kjørelengde per kjøretøy (km),2020,2020,32751.0,
22,Ambulanser,17,"Diesel hybrid, ikke ladbar",GjsnittKjorelengde,Gjennomsnittlig kjørelengde per kjøretøy (km),2021,2021,71853.0,
22,Ambulanser,17,"Diesel hybrid, ikke ladbar",GjsnittKjorelengde,Gjennomsnittlig kjørelengde per kjøretøy (km),2022,2022,64315.0,
22,Ambulanser,17,"Diesel hybrid, ikke ladbar",GjsnittKjorelengde,Gjennomsnittlig kjørelengde per kjøretøy (km),2023,2023,70331.0,
22,Ambulanser,17,"Diesel hybrid, ikke ladbar",GjsnittKjorelengde,Gjennomsnittlig kjørelengde per kjøretøy (km),2024,2024,,:
22,Ambulanser,17,"Diesel hybrid, ikke ladbar",GjsnittKjorelengde,Gjennomsnittlig kjørelengde per kjøretøy (km),2025,2025,42249.0,
22,Ambulanser,3,Parafin,Kjorelengde,Kjørelengde (mill. km),2005,2005,,.
22,Ambulanser,3,Parafin,Kjorelengde,Kjørelengde (mill. km),2006,2006,,.
22,Ambulanser,3,Parafin,Kjorelengde,Kjørelengde (mill. km),2007,2007,,.
22,Ambulanser,3,Parafin,Kjorelengde,Kjørelengde (mill. km),2008,2008,,.
22,Ambulanser,3,Parafin,Kjorelengde,Kjørelengde (mill. km),2009,2009,,.
22,Ambulanser,3,Parafin,Kjorelengde,Kjørelengde (mill. km),2010,2010,,.
22,Ambulanser,3,Parafin,Kjorelengde,Kjørelengde (mill. km),2011,2011,,.
22,Ambulanser,3,Parafin,Kjorelengde,Kjørelengde (mill. km),2012,2012,,.
22,Ambulanser,3,Parafin,Kjorelengde,Kjørelengde (mill. km),2013,2013,,.
22,Ambulanser,3,Parafin,Kjorelengde,Kjørelengde (mill. km),2014,2014,,.
22,Ambulanser,3,Parafin,Kjorelengde,Kjørelengde (mill. km),2015,2015,,.
22,Ambulanser,3,Parafin,Kjorelengde,Kjørelengde (mill. km),2016,2016,,.
22,Ambulanser,3,Parafin,Kjorelengde,Kjørelengde (mill. km),2017,2017,,.
22,Ambulanser,3,Parafin,Kjorelengde,Kjørelengde (mill. km),2018,2018,,.
22,Ambulanser,3,Parafin,Kjorelengde,Kjørelengde (mill. km),2019,2019,,.
22,Ambulanser,3,Parafin,Kjorelengde,Kjørelengde (mill. km),2020,2020,,.
22,Ambulanser,3,Parafin,Kjorelengde,Kjørelengde (mill. km),2021,2021,,.
22,Ambulanser,3,Parafin,Kjorelengde,Kjørelengde (mill. km),2022,2022,,.
22,Ambulanser,3,Parafin,Kjorelengde,Kjørelengde (mill. km),2023,2023,,.
22,Ambulanser,3,Parafin,Kjorelengde,Kjørelengde (mill. km),2024,2024,,.
22,Ambulanser,3,Parafin,Kjorelengde,Kjørelengde (mill. km),2025,2025,,.
22,Ambulanser,3,Parafin,GjsnittKjorelengde,Gjennomsnittlig kjørelengde per kjøretøy (km),2005,2005,,.
22,Ambulanser,3,Parafin,GjsnittKjorelengde,Gjennomsnittlig kjørelengde per kjøretøy (km),2006,2006,,.
22,Ambulanser,3,Parafin,GjsnittKjorelengde,Gjennomsnittlig kjørelengde per kjøretøy (km),2007,2007,,.
22,Ambulanser,3,Parafin,GjsnittKjorelengde,Gjennomsnittlig kjørelengde per kjøretøy (km),2008,2008,,.
22,Ambulanser,3,Parafin,GjsnittKjorelengde,Gjennomsnittlig kjørelengde per kjøretøy (km),2009,2009,,.
22,Ambulanser,3,Parafin,GjsnittKjorelengde,Gjennomsnittlig kjørelengde per kjøretøy (km),2010,2010,,.
22,Ambulanser,3,Parafin,GjsnittKjorelengde,Gjennomsnittlig kjørelengde per kjøretøy (km),2011,2011,,.
22,Ambulanser,3,Parafin,GjsnittKjorelengde,Gjennomsnittlig kjørelengde per kjøretøy (km),2012,2012,,.
22,Ambulanser,3,Parafin,GjsnittKjorelengde,Gjennomsnittlig kjørelengde per kjøretøy (km),2013,2013,,.
22,Ambulanser,3,Parafin,GjsnittKjorelengde,Gjennomsnittlig kjørelengde per kjøretøy (km),2014,2014,,.
22,Ambulanser,3,Parafin,GjsnittKjorelengde,Gjennomsnittlig kjørelengde per kjøretøy (km),2015,2015,,.
22,Ambulanser,3,Parafin,GjsnittKjorelengde,Gjennomsnittlig kjørelengde per kjøretøy (km),2016,2016,,.
22,Ambulanser,3,Parafin,GjsnittKjorelengde,Gjennomsnittlig kjørelengde per kjøretøy (km),2017,2017,,.
22,Ambulanser,3,Parafin,GjsnittKjorelengde,Gjennomsnittlig kjørelengde per kjøretøy (km),2018,2018,,.
22,Ambulanser,3,Parafin,GjsnittKjorelengde,Gjennomsnittlig kjørelengde per kjøretøy (km),2019,2019,,.
22,Ambulanser,3,Parafin,GjsnittKjorelengde,Gjennomsnittlig kjørelengde per kjøretøy (km),2020,2020,,.
22,Ambulanser,3,Parafin,GjsnittKjorelengde,Gjennomsnittlig kjørelengde per kjøretøy (km),2021,2021,,.
22,Ambulanser,3,Parafin,GjsnittKjorelengde,Gjennomsnittlig kjørelengde per kjøretøy (km),2022,2022,,.
22,Ambulanser,3,Parafin,GjsnittKjorelengde,Gjennomsnittlig kjørelengde per kjøretøy (km),2023,2023,,.
22,Ambulanser,3,Parafin,GjsnittKjorelengde,Gjennomsnittlig kjørelengde per kjøretøy (km),2024,2024,,.
22,Ambulanser,3,Parafin,GjsnittKjorelengde,Gjennomsnittlig kjørelengde per kjøretøy (km),2025,2025,,.
22,Ambulanser,4,Gass,Kjorelengde,Kjørelengde (mill. km),2005,2005,,.
22,Ambulanser,4,Gass,Kjorelengde,Kjørelengde (mill. km),2006,2006,,.
22,Ambulanser,4,Gass,Kjorelengde,Kjørelengde (mill. km),2007,2007,,.
22,Ambulanser,4,Gass,Kjorelengde,Kjørelengde (mill. km),2008,2008,,.
22,Ambulanser,4,Gass,Kjorelengde,Kjørelengde (mill. km),2009,2009,,.
22,Ambulanser,4,Gass,Kjorelengde,Kjørelengde (mill. km),2010,2010,,.
22,Ambulanser,4,Gass,Kjorelengde,Kjørelengde (mill. km),2011,2011,,.
22,Ambulanser,4,Gass,Kjorelengde,Kjørelengde (mill. km),2012,2012,,.
22,Ambulanser,4,Gass,Kjorelengde,Kjørelengde (mill. km),2013,2013,,.
22,Ambulanser,4,Gass,Kjorelengde,Kjørelengde (mill. km),2014,2014,,.
22,Ambulanser,4,Gass,Kjorelengde,Kjørelengde (mill. km),2015,2015,,.
22,Ambulanser,4,Gass,Kjorelengde,Kjørelengde (mill. km),2016,2016,,.
22,Ambulanser,4,Gass,Kjorelengde,Kjørelengde (mill. km),2017,2017,,.
22,Ambulanser,4,Gass,Kjorelengde,Kjørelengde (mill. km),2018,2018,,.
22,Ambulanser,4,Gass,Kjorelengde,Kjørelengde (mill. km),2019,2019,,.
22,Ambulanser,4,Gass,Kjorelengde,Kjørelengde (mill. km),2020,2020,,.
22,Ambulanser,4,Gass,Kjorelengde,Kjørelengde (mill. km),2021,2021,,.
22,Ambulanser,4,Gass,Kjorelengde,Kjørelengde (mill. km),2022,2022,,.
22,Ambulanser,4,Gass,Kjorelengde,Kjørelengde (mill. km),2023,2023,,.
22,Ambulanser,4,Gass,Kjorelengde,Kjørelengde (mill. km),2024,2024,,.
22,Ambulanser,4,Gass,Kjorelengde,Kjørelengde (mill. km),2025,2025,,.
22,Ambulanser,4,Gass,GjsnittKjorelengde,Gjennomsnittlig kjørelengde per kjøretøy (km),2005,2005,,.
22,Ambulanser,4,Gass,GjsnittKjorelengde,Gjennomsnittlig kjørelengde per kjøretøy (km),2006,2006,,.
22,Ambulanser,4,Gass,GjsnittKjorelengde,Gjennomsnittlig kjørelengde per kjøretøy (km),2007,2007,,.
22,Ambulanser,4,Gass,GjsnittKjorelengde,Gjennomsnittlig kjørelengde per kjøretøy (km),2008,2008,,.
22,Ambulanser,4,Gass,GjsnittKjorelengde,Gjennomsnittlig kjørelengde per kjøretøy (km),2009,2009,,.
22,Ambulanser,4,Gass,GjsnittKjorelengde,Gjennomsnittlig kjørelengde per kjøretøy (km),2010,2010,,.
22,Ambulanser,4,Gass,GjsnittKjorelengde,Gjennomsnittlig kjørelengde per kjøretøy (km),2011,2011,,.
22,Ambulanser,4,Gass,GjsnittKjorelengde,Gjennomsnittlig kjørelengde per kjøretøy (km),2012,2012,,.
22,Ambulanser,4,Gass,GjsnittKjorelengde,Gjennomsnittlig kjørelengde per kjøretøy (km),2013,2013,,.
22,Ambulanser,4,Gass,GjsnittKjorelengde,Gjennomsnittlig kjørelengde per kjøretøy (km),2014,2014,,.
22,Ambulanser,4,Gass,GjsnittKjorelengde,Gjennomsnittlig kjørelengde per kjøretøy (km),2015,2015,,.
22,Ambulanser,4,Gass,GjsnittKjorelengde,Gjennomsnittlig kjørelengde per kjøretøy (km),2016,2016,,.
22,Ambulanser,4,Gass,GjsnittKjorelengde,Gjennomsnittlig kjørelengde per kjøretøy (km),2017,2017,,.
22,Ambulanser,4,Gass,GjsnittKjorelengde,Gjennomsnittlig kjørelengde per kjøretøy (km),2018,2018,,.
22,Ambulanser,4,Gass,GjsnittKjorelengde,Gjennomsnittlig kjørelengde per kjøretøy (km),2019,2019,,.
22,Ambulanser,4,Gass,GjsnittKjorelengde,Gjennomsnittlig kjørelengde per kjøretøy (km),2020,2020,,.
22,Ambulanser,4,Gass,GjsnittKjorelengde,Gjennomsnittlig kjørelengde per kjøretøy (km),2021,2021,,.
22,Ambulanser,4,Gass,GjsnittKjorelengde,Gjennomsnittlig kjørelengde per kjøretøy (km),2022,2022,,.
22,Ambulanser,4,Gass,GjsnittKjorelengde,Gjennomsnittlig kjørelengde per kjøretøy (km),2023,2023,,.
22,Ambulanser,4,Gass,GjsnittKjorelengde,Gjennomsnittlig kjørelengde per kjøretøy (km),2024,2024,,.
22,Ambulanser,4,Gass,GjsnittKjorelengde,Gjennomsnittlig kjørelengde per kjøretøy (km),2025,2025,,.
22,Ambulanser,13,Hydrogen,Kjorelengde,Kjørelengde (mill. km),2005,2005,,.
22,Ambulanser,13,Hydrogen,Kjorelengde,Kjørelengde (mill. km),2006,2006,,.
22,Ambulanser,13,Hydrogen,Kjorelengde,Kjørelengde (mill. km),2007,2007,,.
22,Ambulanser,13,Hydrogen,Kjorelengde,Kjørelengde (mill. km),2008,2008,,.
22,Ambulanser,13,Hydrogen,Kjorelengde,Kjørelengde (mill. km),2009,2009,,.
22,Ambulanser,13,Hydrogen,Kjorelengde,Kjørelengde (mill. km),2010,2010,,.
22,Ambulanser,13,Hydrogen,Kjorelengde,Kjørelengde (mill. km),2011,2011,,.
22,Ambulanser,13,Hydrogen,Kjorelengde,Kjørelengde (mill. km),2012,2012,,.
22,Ambulanser,13,Hydrogen,Kjorelengde,Kjørelengde (mill. km),2013,2013,,.
22,Ambulanser,13,Hydrogen,Kjorelengde,Kjørelengde (mill. km),2014,2014,,.
22,Ambulanser,13,Hydrogen,Kjorelengde,Kjørelengde (mill. km),2015,2015,,.
22,Ambulanser,13,Hydrogen,Kjorelengde,Kjørelengde (mill. km),2016,2016,,.
22,Ambulanser,13,Hydrogen,Kjorelengde,Kjørelengde (mill. km),2017,2017,,.
22,Ambulanser,13,Hydrogen,Kjorelengde,Kjørelengde (mill. km),2018,2018,,.
22,Ambulanser,13,Hydrogen,Kjorelengde,Kjørelengde (mill. km),2019,2019,,.
22,Ambulanser,13,Hydrogen,Kjorelengde,Kjørelengde (mill. km),2020,2020,,.
22,Ambulanser,13,Hydrogen,Kjorelengde,Kjørelengde (mill. km),2021,2021,,.
22,Ambulanser,13,Hydrogen,Kjorelengde,Kjørelengde (mill. km),2022,2022,,.
22,Ambulanser,13,Hydrogen,Kjorelengde,Kjørelengde (mill. km),2023,2023,,.
22,Ambulanser,13,Hydrogen,Kjorelengde,Kjørelengde (mill. km),2024,2024,,.
22,Ambulanser,13,Hydrogen,Kjorelengde,Kjørelengde (mill. km),2025,2025,,.
22,Ambulanser,13,Hydrogen,GjsnittKjorelengde,Gjennomsnittlig kjørelengde per kjøretøy (km),2005,2005,,.
22,Ambulanser,13,Hydrogen,GjsnittKjorelengde,Gjennomsnittlig kjørelengde per kjøretøy (km),2006,2006,,.
22,Ambulanser,13,Hydrogen,GjsnittKjorelengde,Gjennomsnittlig kjørelengde per kjøretøy (km),2007,2007,,.
22,Ambulanser,13,Hydrogen,GjsnittKjorelengde,Gjennomsnittlig kjørelengde per kjøretøy (km),2008,2008,,.
22,Ambulanser,13,Hydrogen,GjsnittKjorelengde,Gjennomsnittlig kjørelengde per kjøretøy (km),2009,2009,,.
22,Ambulanser,13,Hydrogen,GjsnittKjorelengde,Gjennomsnittlig kjørelengde per kjøretøy (km),2010,2010,,.
22,Ambulanser,13,Hydrogen,GjsnittKjorelengde,Gjennomsnittlig kjørelengde per kjøretøy (km),2011,2011,,.
22,Ambulanser,13,Hydrogen,GjsnittKjorelengde,Gjennomsnittlig kjørelengde per kjøretøy (km),2012,2012,,.
22,Ambulanser,13,Hydrogen,GjsnittKjorelengde,Gjennomsnittlig kjørelengde per kjøretøy (km),2013,2013,,.
22,Ambulanser,13,Hydrogen,GjsnittKjorelengde,Gjennomsnittlig kjørelengde per kjøretøy (km),2014,2014,,.
22,Ambulanser,13,Hydrogen,GjsnittKjorelengde,Gjennomsnittlig kjørelengde per kjøretøy (km),2015,2015,,.
22,Ambulanser,13,Hydrogen,GjsnittKjorelengde,Gjennomsnittlig kjørelengde per kjøretøy (km),2016,2016,,.
22,Ambulanser,13,Hydrogen,GjsnittKjorelengde,Gjennomsnittlig kjørelengde per kjøretøy (km),2017,2017,,.
22,Ambulanser,13,Hydrogen,GjsnittKjorelengde,Gjennomsnittlig kjørelengde per kjøretøy (km),2018,2018,,.
22,Ambulanser,13,Hydrogen,GjsnittKjorelengde,Gjennomsnittlig kjørelengde per kjøretøy (km),2019,2019,,.
22,Ambulanser,13,Hydrogen,GjsnittKjorelengde,Gjennomsnittlig kjørelengde per kjøretøy (km),2020,2020,,.
22,Ambulanser,13,Hydrogen,GjsnittKjorelengde,Gjennomsnittlig kjørelengde per kjøretøy (km),2021,2021,,.
22,Ambulanser,13,Hydrogen,GjsnittKjorelengde,Gjennomsnittlig kjørelengde per kjøretøy (km),2022,2022,,.
22,Ambulanser,13,Hydrogen,GjsnittKjorelengde,Gjennomsnittlig kjørelengde per kjøretøy (km),2023,2023,,.
22,Ambulanser,13,Hydrogen,GjsnittKjorelengde,Gjennomsnittlig kjørelengde per kjøretøy (km),2024,2024,,.
22,Ambulanser,13,Hydrogen,GjsnittKjorelengde,Gjennomsnittlig kjørelengde per kjøretøy (km),2025,2025,,.
22,Ambulanser,7,Andre drivstoff,Kjorelengde,Kjørelengde (mill. km),2005,2005,,.
22,Ambulanser,7,Andre drivstoff,Kjorelengde,Kjørelengde (mill. km),2006,2006,,.
22,Ambulanser,7,Andre drivstoff,Kjorelengde,Kjørelengde (mill. km),2007,2007,,.
22,Ambulanser,7,Andre drivstoff,Kjorelengde,Kjørelengde (mill. km),2008,2008,,.
22,Ambulanser,7,Andre drivstoff,Kjorelengde,Kjørelengde (mill. km),2009,2009,,.
22,Ambulanser,7,Andre drivstoff,Kjorelengde,Kjørelengde (mill. km),2010,2010,,.
22,Ambulanser,7,Andre drivstoff,Kjorelengde,Kjørelengde (mill. km),2011,2011,,.
22,Ambulanser,7,Andre drivstoff,Kjorelengde,Kjørelengde (mill. km),2012,2012,,.
22,Ambulanser,7,Andre drivstoff,Kjorelengde,Kjørelengde (mill. km),2013,2013,,.
22,Ambulanser,7,Andre drivstoff,Kjorelengde,Kjørelengde (mill. km),2014,2014,,.
22,Ambulanser,7,Andre drivstoff,Kjorelengde,Kjørelengde (mill. km),2015,2015,,.
22,Ambulanser,7,Andre drivstoff,Kjorelengde,Kjørelengde (mill. km),2016,2016,,.
22,Ambulanser,7,Andre drivstoff,Kjorelengde,Kjørelengde (mill. km),2017,2017,,.
22,Ambulanser,7,Andre drivstoff,Kjorelengde,Kjørelengde (mill. km),2018,2018,,.
22,Ambulanser,7,Andre drivstoff,Kjorelengde,Kjørelengde (mill. km),2019,2019,,.
22,Ambulanser,7,Andre drivstoff,Kjorelengde,Kjørelengde (mill. km),2020,2020,,.
22,Ambulanser,7,Andre drivstoff,Kjorelengde,Kjørelengde (mill. km),2021,2021,,.
22,Ambulanser,7,Andre drivstoff,Kjorelengde,Kjørelengde (mill. km),2022,2022,,.
22,Ambulanser,7,Andre drivstoff,Kjorelengde,Kjørelengde (mill. km),2023,2023,,.
22,Ambulanser,7,Andre drivstoff,Kjorelengde,Kjørelengde (mill. km),2024,2024,,.
22,Ambulanser,7,Andre drivstoff,Kjorelengde,Kjørelengde (mill. km),2025,2025,,.
22,Ambulanser,7,Andre drivstoff,GjsnittKjorelengde,Gjennomsnittlig kjørelengde per kjøretøy (km),2005,2005,,.
22,Ambulanser,7,Andre drivstoff,GjsnittKjorelengde,Gjennomsnittlig kjørelengde per kjøretøy (km),2006,2006,,.
22,Ambulanser,7,Andre drivstoff,GjsnittKjorelengde,Gjennomsnittlig kjørelengde per kjøretøy (km),2007,2007,,.
22,Ambulanser,7,Andre drivstoff,GjsnittKjorelengde,Gjennomsnittlig kjørelengde per kjøretøy (km),2008,2008,,.
22,Ambulanser,7,Andre drivstoff,GjsnittKjorelengde,Gjennomsnittlig kjørelengde per kjøretøy (km),2009,2009,,.
22,Ambulanser,7,Andre drivstoff,GjsnittKjorelengde,Gjennomsnittlig kjørelengde per kjøretøy (km),2010,2010,,.
22,Ambulanser,7,Andre drivstoff,GjsnittKjorelengde,Gjennomsnittlig kjørelengde per kjøretøy (km),2011,2011,,.
22,Ambulanser,7,Andre drivstoff,GjsnittKjorelengde,Gjennomsnittlig kjørelengde per kjøretøy (km),2012,2012,,.
22,Ambulanser,7,Andre drivstoff,GjsnittKjorelengde,Gjennomsnittlig kjørelengde per kjøretøy (km),2013,2013,,.
22,Ambulanser,7,Andre drivstoff,GjsnittKjorelengde,Gjennomsnittlig kjørelengde per kjøretøy (km),2014,2014,,.
22,Ambulanser,7,Andre drivstoff,GjsnittKjorelengde,Gjennomsnittlig kjørelengde per kjøretøy (km),2015,2015,,.
22,Ambulanser,7,Andre drivstoff,GjsnittKjorelengde,Gjennomsnittlig kjørelengde per kjøretøy (km),2016,2016,,.
22,Ambulanser,7,Andre drivstoff,GjsnittKjorelengde,Gjennomsnittlig kjørelengde per kjøretøy (km),2017,2017,,.
22,Ambulanser,7,Andre drivstoff,GjsnittKjorelengde,Gjennomsnittlig kjørelengde per kjøretøy (km),2018,2018,,.
22,Ambulanser,7,Andre drivstoff,GjsnittKjorelengde,Gjennomsnittlig kjørelengde per kjøretøy (km),2019,2019,,.
22,Ambulanser,7,Andre drivstoff,GjsnittKjorelengde,Gjennomsnittlig kjørelengde per kjøretøy (km),2020,2020,,.
22,Ambulanser,7,Andre drivstoff,GjsnittKjorelengde,Gjennomsnittlig kjørelengde per kjøretøy (km),2021,2021,,.
22,Ambulanser,7,Andre drivstoff,GjsnittKjorelengde,Gjennomsnittlig kjørelengde per kjøretøy (km),2022,2022,,.
22,Ambulanser,7,Andre drivstoff,GjsnittKjorelengde,Gjennomsnittlig kjørelengde per kjøretøy (km),2023,2023,,.
22,Ambulanser,7,Andre drivstoff,GjsnittKjorelengde,Gjennomsnittlig kjørelengde per kjøretøy (km),2024,2024,,.
22,Ambulanser,7,Andre drivstoff,GjsnittKjorelengde,Gjennomsnittlig kjørelengde per kjøretøy (km),2025,2025,,.
23,Campingbiler,0,Alle typer drivstoff,Kjorelengde,Kjørelengde (mill. km),2005,2005,177.1,
23,Campingbiler,0,Alle typer drivstoff,Kjorelengde,Kjørelengde (mill. km),2006,2006,234.7,
23,Campingbiler,0,Alle typer drivstoff,Kjorelengde,Kjørelengde (mill. km),2007,2007,287.5,
23,Campingbiler,0,Alle typer drivstoff,Kjorelengde,Kjørelengde (mill. km),2008,2008,308.8,
23,Campingbiler,0,Alle typer drivstoff,Kjorelengde,Kjørelengde (mill. km),2009,2009,290.4,
23,Campingbiler,0,Alle typer drivstoff,Kjorelengde,Kjørelengde (mill. km),2010,2010,209.4,
23,Campingbiler,0,Alle typer drivstoff,Kjorelengde,Kjørelengde (mill. km),2011,2011,193.1,
23,Campingbiler,0,Alle typer drivstoff,Kjorelengde,Kjørelengde (mill. km),2012,2012,177.8,
23,Campingbiler,0,Alle typer drivstoff,Kjorelengde,Kjørelengde (mill. km),2013,2013,163.7,
23,Campingbiler,0,Alle typer drivstoff,Kjorelengde,Kjørelengde (mill. km),2014,2014,153.1,
23,Campingbiler,0,Alle typer drivstoff,Kjorelengde,Kjørelengde (mill. km),2015,2015,146.3,
23,Campingbiler,0,Alle typer drivstoff,Kjorelengde,Kjørelengde (mill. km),2016,2016,314.8,
23,Campingbiler,0,Alle typer drivstoff,Kjorelengde,Kjørelengde (mill. km),2017,2017,335.0,
23,Campingbiler,0,Alle typer drivstoff,Kjorelengde,Kjørelengde (mill. km),2018,2018,355.8,
23,Campingbiler,0,Alle typer drivstoff,Kjorelengde,Kjørelengde (mill. km),2019,2019,363.6,
23,Campingbiler,0,Alle typer drivstoff,Kjorelengde,Kjørelengde (mill. km),2020,2020,369.2,
23,Campingbiler,0,Alle typer drivstoff,Kjorelengde,Kjørelengde (mill. km),2021,2021,372.7,
23,Campingbiler,0,Alle typer drivstoff,Kjorelengde,Kjørelengde (mill. km),2022,2022,365.0,
23,Campingbiler,0,Alle typer drivstoff,Kjorelengde,Kjørelengde (mill. km),2023,2023,361.2,
23,Campingbiler,0,Alle typer drivstoff,Kjorelengde,Kjørelengde (mill. km),2024,2024,365.7,
23,Campingbiler,0,Alle typer drivstoff,Kjorelengde,Kjørelengde (mill. km),2025,2025,369.1,
23,Campingbiler,0,Alle typer drivstoff,GjsnittKjorelengde,Gjennomsnittlig kjørelengde per kjøretøy (km),2005,2005,9725.0,
23,Campingbiler,0,Alle typer drivstoff,GjsnittKjorelengde,Gjennomsnittlig kjørelengde per kjøretøy (km),2006,2006,10761.0,
23,Campingbiler,0,Alle typer drivstoff,GjsnittKjorelengde,Gjennomsnittlig kjørelengde per kjøretøy (km),2007,2007,12050.0,
23,Campingbiler,0,Alle typer drivstoff,GjsnittKjorelengde,Gjennomsnittlig kjørelengde per kjøretøy (km),2008,2008,11728.0,
23,Campingbiler,0,Alle typer drivstoff,GjsnittKjorelengde,Gjennomsnittlig kjørelengde per kjøretøy (km),2009,2009,11112.0,
23,Campingbiler,0,Alle typer drivstoff,GjsnittKjorelengde,Gjennomsnittlig kjørelengde per kjøretøy (km),2010,2010,8135.0,
23,Campingbiler,0,Alle typer drivstoff,GjsnittKjorelengde,Gjennomsnittlig kjørelengde per kjøretøy (km),2011,2011,7638.0,
23,Campingbiler,0,Alle typer drivstoff,GjsnittKjorelengde,Gjennomsnittlig kjørelengde per kjøretøy (km),2012,2012,7143.0,
23,Campingbiler,0,Alle typer drivstoff,GjsnittKjorelengde,Gjennomsnittlig kjørelengde per kjøretøy (km),2013,2013,6690.0,
23,Campingbiler,0,Alle typer drivstoff,GjsnittKjorelengde,Gjennomsnittlig kjørelengde per kjøretøy (km),2014,2014,6340.0,
23,Campingbiler,0,Alle typer drivstoff,GjsnittKjorelengde,Gjennomsnittlig kjørelengde per kjøretøy (km),2015,2015,6120.0,
23,Campingbiler,0,Alle typer drivstoff,GjsnittKjorelengde,Gjennomsnittlig kjørelengde per kjøretøy (km),2016,2016,6645.0,
23,Campingbiler,0,Alle typer drivstoff,GjsnittKjorelengde,Gjennomsnittlig kjørelengde per kjøretøy (km),2017,2017,6566.0,
23,Campingbiler,0,Alle typer drivstoff,GjsnittKjorelengde,Gjennomsnittlig kjørelengde per kjøretøy (km),2018,2018,6458.0,
23,Campingbiler,0,Alle typer drivstoff,GjsnittKjorelengde,Gjennomsnittlig kjørelengde per kjøretøy (km),2019,2019,6238.0,
23,Campingbiler,0,Alle typer drivstoff,GjsnittKjorelengde,Gjennomsnittlig kjørelengde per kjøretøy (km),2020,2020,5993.0,
23,Campingbiler,0,Alle typer drivstoff,GjsnittKjorelengde,Gjennomsnittlig kjørelengde per kjøretøy (km),2021,2021,5765.0,
23,Campingbiler,0,Alle typer drivstoff,GjsnittKjorelengde,Gjennomsnittlig kjørelengde per kjøretøy (km),2022,2022,5489.0,
23,Campingbiler,0,Alle typer drivstoff,GjsnittKjorelengde,Gjennomsnittlig kjørelengde per kjøretøy (km),2023,2023,5367.0,
23,Campingbiler,0,Alle typer drivstoff,GjsnittKjorelengde,Gjennomsnittlig kjørelengde per kjøretøy (km),2024,2024,5332.0,
23,Campingbiler,0,Alle typer drivstoff,GjsnittKjorelengde,Gjennomsnittlig kjørelengde per kjøretøy (km),2025,2025,5304.0,
23,Campingbiler,1,Bensin,Kjorelengde,Kjørelengde (mill. km),2005,2005,15.2,
23,Campingbiler,1,Bensin,Kjorelengde,Kjørelengde (mill. km),2006,2006,14.5,
23,Campingbiler,1,Bensin,Kjorelengde,Kjørelengde (mill. km),2007,2007,13.9,
23,Campingbiler,1,Bensin,Kjorelengde,Kjørelengde (mill. km),2008,2008,12.9,
23,Campingbiler,1,Bensin,Kjorelengde,Kjørelengde (mill. km),2009,2009,11.7,
23,Campingbiler,1,Bensin,Kjorelengde,Kjørelengde (mill. km),2010,2010,10.2,
23,Campingbiler,1,Bensin,Kjorelengde,Kjørelengde (mill. km),2011,2011,8.9,
23,Campingbiler,1,Bensin,Kjorelengde,Kjørelengde (mill. km),2012,2012,8.0,
23,Campingbiler,1,Bensin,Kjorelengde,Kjørelengde (mill. km),2013,2013,7.2,
23,Campingbiler,1,Bensin,Kjorelengde,Kjørelengde (mill. km),2014,2014,6.5,
23,Campingbiler,1,Bensin,Kjorelengde,Kjørelengde (mill. km),2015,2015,5.7,
23,Campingbiler,1,Bensin,Kjorelengde,Kjørelengde (mill. km),2016,2016,5.4,
23,Campingbiler,1,Bensin,Kjorelengde,Kjørelengde (mill. km),2017,2017,4.9,
23,Campingbiler,1,Bensin,Kjorelengde,Kjørelengde (mill. km),2018,2018,4.7,
23,Campingbiler,1,Bensin,Kjorelengde,Kjørelengde (mill. km),2019,2019,4.3,
23,Campingbiler,1,Bensin,Kjorelengde,Kjørelengde (mill. km),2020,2020,3.6,
23,Campingbiler,1,Bensin,Kjorelengde,Kjørelengde (mill. km),2021,2021,3.7,
23,Campingbiler,1,Bensin,Kjorelengde,Kjørelengde (mill. km),2022,2022,3.6,
23,Campingbiler,1,Bensin,Kjorelengde,Kjørelengde (mill. km),2023,2023,2.8,
23,Campingbiler,1,Bensin,Kjorelengde,Kjørelengde (mill. km),2024,2024,2.7,
23,Campingbiler,1,Bensin,Kjorelengde,Kjørelengde (mill. km),2025,2025,2.6,
23,Campingbiler,1,Bensin,GjsnittKjorelengde,Gjennomsnittlig kjørelengde per kjøretøy (km),2005,2005,5858.0,
23,Campingbiler,1,Bensin,GjsnittKjorelengde,Gjennomsnittlig kjørelengde per kjøretøy (km),2006,2006,5808.0,
23,Campingbiler,1,Bensin,GjsnittKjorelengde,Gjennomsnittlig kjørelengde per kjøretøy (km),2007,2007,5826.0,
23,Campingbiler,1,Bensin,GjsnittKjorelengde,Gjennomsnittlig kjørelengde per kjøretøy (km),2008,2008,5660.0,
23,Campingbiler,1,Bensin,GjsnittKjorelengde,Gjennomsnittlig kjørelengde per kjøretøy (km),2009,2009,5373.0,
23,Campingbiler,1,Bensin,GjsnittKjorelengde,Gjennomsnittlig kjørelengde per kjøretøy (km),2010,2010,4920.0,
23,Campingbiler,1,Bensin,GjsnittKjorelengde,Gjennomsnittlig kjørelengde per kjøretøy (km),2011,2011,4531.0,
23,Campingbiler,1,Bensin,GjsnittKjorelengde,Gjennomsnittlig kjørelengde per kjøretøy (km),2012,2012,4226.0,
23,Campingbiler,1,Bensin,GjsnittKjorelengde,Gjennomsnittlig kjørelengde per kjøretøy (km),2013,2013,4017.0,
23,Campingbiler,1,Bensin,GjsnittKjorelengde,Gjennomsnittlig kjørelengde per kjøretøy (km),2014,2014,3774.0,
23,Campingbiler,1,Bensin,GjsnittKjorelengde,Gjennomsnittlig kjørelengde per kjøretøy (km),2015,2015,3520.0,
23,Campingbiler,1,Bensin,GjsnittKjorelengde,Gjennomsnittlig kjørelengde per kjøretøy (km),2016,2016,3356.0,
23,Campingbiler,1,Bensin,GjsnittKjorelengde,Gjennomsnittlig kjørelengde per kjøretøy (km),2017,2017,3137.0,
23,Campingbiler,1,Bensin,GjsnittKjorelengde,Gjennomsnittlig kjørelengde per kjøretøy (km),2018,2018,3139.0,
23,Campingbiler,1,Bensin,GjsnittKjorelengde,Gjennomsnittlig kjørelengde per kjøretøy (km),2019,2019,3032.0,
23,Campingbiler,1,Bensin,GjsnittKjorelengde,Gjennomsnittlig kjørelengde per kjøretøy (km),2020,2020,2653.0,
23,Campingbiler,1,Bensin,GjsnittKjorelengde,Gjennomsnittlig kjørelengde per kjøretøy (km),2021,2021,2835.0,
23,Campingbiler,1,Bensin,GjsnittKjorelengde,Gjennomsnittlig kjørelengde per kjøretøy (km),2022,2022,2809.0,
23,Campingbiler,1,Bensin,GjsnittKjorelengde,Gjennomsnittlig kjørelengde per kjøretøy (km),2023,2023,2392.0,
23,Campingbiler,1,Bensin,GjsnittKjorelengde,Gjennomsnittlig kjørelengde per kjøretøy (km),2024,2024,2415.0,
23,Campingbiler,1,Bensin,GjsnittKjorelengde,Gjennomsnittlig kjørelengde per kjøretøy (km),2025,2025,2509.0,
23,Campingbiler,2,Diesel,Kjorelengde,Kjørelengde (mill. km),2005,2005,161.9,
23,Campingbiler,2,Diesel,Kjorelengde,Kjørelengde (mill. km),2006,2006,220.1,
23,Campingbiler,2,Diesel,Kjorelengde,Kjørelengde (mill. km),2007,2007,273.6,
23,Campingbiler,2,Diesel,Kjorelengde,Kjørelengde (mill. km),2008,2008,295.8,
23,Campingbiler,2,Diesel,Kjorelengde,Kjørelengde (mill. km),2009,2009,278.6,
23,Campingbiler,2,Diesel,Kjorelengde,Kjørelengde (mill. km),2010,2010,199.1,
23,Campingbiler,2,Diesel,Kjorelengde,Kjørelengde (mill. km),2011,2011,184.1,
23,Campingbiler,2,Diesel,Kjorelengde,Kjørelengde (mill. km),2012,2012,169.8,
23,Campingbiler,2,Diesel,Kjorelengde,Kjørelengde (mill. km),2013,2013,156.5,
23,Campingbiler,2,Diesel,Kjorelengde,Kjørelengde (mill. km),2014,2014,146.6,
23,Campingbiler,2,Diesel,Kjorelengde,Kjørelengde (mill. km),2015,2015,140.5,
23,Campingbiler,2,Diesel,Kjorelengde,Kjørelengde (mill. km),2016,2016,309.3,
23,Campingbiler,2,Diesel,Kjorelengde,Kjørelengde (mill. km),2017,2017,330.1,
23,Campingbiler,2,Diesel,Kjorelengde,Kjørelengde (mill. km),2018,2018,351.0,
23,Campingbiler,2,Diesel,Kjorelengde,Kjørelengde (mill. km),2019,2019,359.2,
23,Campingbiler,2,Diesel,Kjorelengde,Kjørelengde (mill. km),2020,2020,365.6,
23,Campingbiler,2,Diesel,Kjorelengde,Kjørelengde (mill. km),2021,2021,368.9,
23,Campingbiler,2,Diesel,Kjorelengde,Kjørelengde (mill. km),2022,2022,361.3,
23,Campingbiler,2,Diesel,Kjorelengde,Kjørelengde (mill. km),2023,2023,358.3,
23,Campingbiler,2,Diesel,Kjorelengde,Kjørelengde (mill. km),2024,2024,363.0,
23,Campingbiler,2,Diesel,Kjorelengde,Kjørelengde (mill. km),2025,2025,366.5,
23,Campingbiler,2,Diesel,GjsnittKjorelengde,Gjennomsnittlig kjørelengde per kjøretøy (km),2005,2005,10368.0,
23,Campingbiler,2,Diesel,GjsnittKjorelengde,Gjennomsnittlig kjørelengde per kjøretøy (km),2006,2006,11401.0,
23,Campingbiler,2,Diesel,GjsnittKjorelengde,Gjennomsnittlig kjørelengde per kjøretøy (km),2007,2007,12737.0,
23,Campingbiler,2,Diesel,GjsnittKjorelengde,Gjennomsnittlig kjørelengde per kjøretøy (km),2008,2008,12301.0,
23,Campingbiler,2,Diesel,GjsnittKjorelengde,Gjennomsnittlig kjørelengde per kjøretøy (km),2009,2009,11634.0,
23,Campingbiler,2,Diesel,GjsnittKjorelengde,Gjennomsnittlig kjørelengde per kjøretøy (km),2010,2010,8417.0,
23,Campingbiler,2,Diesel,GjsnittKjorelengde,Gjennomsnittlig kjørelengde per kjøretøy (km),2011,2011,7900.0,
23,Campingbiler,2,Diesel,GjsnittKjorelengde,Gjennomsnittlig kjørelengde per kjøretøy (km),2012,2012,7381.0,
23,Campingbiler,2,Diesel,GjsnittKjorelengde,Gjennomsnittlig kjørelengde per kjøretøy (km),2013,2013,6900.0,
23,Campingbiler,2,Diesel,GjsnittKjorelengde,Gjennomsnittlig kjørelengde per kjøretøy (km),2014,2014,6537.0,
23,Campingbiler,2,Diesel,GjsnittKjorelengde,Gjennomsnittlig kjørelengde per kjøretøy (km),2015,2015,6310.0,
23,Campingbiler,2,Diesel,GjsnittKjorelengde,Gjennomsnittlig kjørelengde per kjøretøy (km),2016,2016,6761.0,
23,Campingbiler,2,Diesel,GjsnittKjorelengde,Gjennomsnittlig kjørelengde per kjøretøy (km),2017,2017,6675.0,
23,Campingbiler,2,Diesel,GjsnittKjorelengde,Gjennomsnittlig kjørelengde per kjøretøy (km),2018,2018,6552.0,
23,Campingbiler,2,Diesel,GjsnittKjorelengde,Gjennomsnittlig kjørelengde per kjøretøy (km),2019,2019,6317.0,
23,Campingbiler,2,Diesel,GjsnittKjorelengde,Gjennomsnittlig kjørelengde per kjøretøy (km),2020,2020,6068.0,
23,Campingbiler,2,Diesel,GjsnittKjorelengde,Gjennomsnittlig kjørelengde per kjøretøy (km),2021,2021,5826.0,
23,Campingbiler,2,Diesel,GjsnittKjorelengde,Gjennomsnittlig kjørelengde per kjøretøy (km),2022,2022,5542.0,
23,Campingbiler,2,Diesel,GjsnittKjorelengde,Gjennomsnittlig kjørelengde per kjøretøy (km),2023,2023,5420.0,
23,Campingbiler,2,Diesel,GjsnittKjorelengde,Gjennomsnittlig kjørelengde per kjøretøy (km),2024,2024,5380.0,
23,Campingbiler,2,Diesel,GjsnittKjorelengde,Gjennomsnittlig kjørelengde per kjøretøy (km),2025,2025,5346.0,
23,Campingbiler,18,Elektrisitet,Kjorelengde,Kjørelengde (mill. km),2005,2005,,.
23,Campingbiler,18,Elektrisitet,Kjorelengde,Kjørelengde (mill. km),2006,2006,,.
23,Campingbiler,18,Elektrisitet,Kjorelengde,Kjørelengde (mill. km),2007,2007,,.
23,Campingbiler,18,Elektrisitet,Kjorelengde,Kjørelengde (mill. km),2008,2008,,.
23,Campingbiler,18,Elektrisitet,Kjorelengde,Kjørelengde (mill. km),2009,2009,,.
23,Campingbiler,18,Elektrisitet,Kjorelengde,Kjørelengde (mill. km),2010,2010,,.
23,Campingbiler,18,Elektrisitet,Kjorelengde,Kjørelengde (mill. km),2011,2011,,.
23,Campingbiler,18,Elektrisitet,Kjorelengde,Kjørelengde (mill. km),2012,2012,,.
23,Campingbiler,18,Elektrisitet,Kjorelengde,Kjørelengde (mill. km),2013,2013,,.
23,Campingbiler,18,Elektrisitet,Kjorelengde,Kjørelengde (mill. km),2014,2014,,.
23,Campingbiler,18,Elektrisitet,Kjorelengde,Kjørelengde (mill. km),2015,2015,,.
23,Campingbiler,18,Elektrisitet,Kjorelengde,Kjørelengde (mill. km),2016,2016,,.
23,Campingbiler,18,Elektrisitet,Kjorelengde,Kjørelengde (mill. km),2017,2017,,.
23,Campingbiler,18,Elektrisitet,Kjorelengde,Kjørelengde (mill. km),2018,2018,,.
23,Campingbiler,18,Elektrisitet,Kjorelengde,Kjørelengde (mill. km),2019,2019,,.
23,Campingbiler,18,Elektrisitet,Kjorelengde,Kjørelengde (mill. km),2020,2020,,.
23,Campingbiler,18,Elektrisitet,Kjorelengde,Kjørelengde (mill. km),2021,2021,,.
23,Campingbiler,18,Elektrisitet,Kjorelengde,Kjørelengde (mill. km),2022,2022,,.
23,Campingbiler,18,Elektrisitet,Kjorelengde,Kjørelengde (mill. km),2023,2023,,.
23,Campingbiler,18,Elektrisitet,Kjorelengde,Kjørelengde (mill. km),2024,2024,,.
23,Campingbiler,18,Elektrisitet,Kjorelengde,Kjørelengde (mill. km),2025,2025,,.
23,Campingbiler,18,Elektrisitet,GjsnittKjorelengde,Gjennomsnittlig kjørelengde per kjøretøy (km),2005,2005,,.
23,Campingbiler,18,Elektrisitet,GjsnittKjorelengde,Gjennomsnittlig kjørelengde per kjøretøy (km),2006,2006,,.
23,Campingbiler,18,Elektrisitet,GjsnittKjorelengde,Gjennomsnittlig kjørelengde per kjøretøy (km),2007,2007,,.
23,Campingbiler,18,Elektrisitet,GjsnittKjorelengde,Gjennomsnittlig kjørelengde per kjøretøy (km),2008,2008,,.
23,Campingbiler,18,Elektrisitet,GjsnittKjorelengde,Gjennomsnittlig kjørelengde per kjøretøy (km),2009,2009,,.
23,Campingbiler,18,Elektrisitet,GjsnittKjorelengde,Gjennomsnittlig kjørelengde per kjøretøy (km),2010,2010,,.
23,Campingbiler,18,Elektrisitet,GjsnittKjorelengde,Gjennomsnittlig kjørelengde per kjøretøy (km),2011,2011,,.
23,Campingbiler,18,Elektrisitet,GjsnittKjorelengde,Gjennomsnittlig kjørelengde per kjøretøy (km),2012,2012,,.
23,Campingbiler,18,Elektrisitet,GjsnittKjorelengde,Gjennomsnittlig kjørelengde per kjøretøy (km),2013,2013,,.
23,Campingbiler,18,Elektrisitet,GjsnittKjorelengde,Gjennomsnittlig kjørelengde per kjøretøy (km),2014,2014,,.
23,Campingbiler,18,Elektrisitet,GjsnittKjorelengde,Gjennomsnittlig kjørelengde per kjøretøy (km),2015,2015,,.
23,Campingbiler,18,Elektrisitet,GjsnittKjorelengde,Gjennomsnittlig kjørelengde per kjøretøy (km),2016,2016,,.
23,Campingbiler,18,Elektrisitet,GjsnittKjorelengde,Gjennomsnittlig kjørelengde per kjøretøy (km),2017,2017,,.
23,Campingbiler,18,Elektrisitet,GjsnittKjorelengde,Gjennomsnittlig kjørelengde per kjøretøy (km),2018,2018,,.
23,Campingbiler,18,Elektrisitet,GjsnittKjorelengde,Gjennomsnittlig kjørelengde per kjøretøy (km),2019,2019,,.
23,Campingbiler,18,Elektrisitet,GjsnittKjorelengde,Gjennomsnittlig kjørelengde per kjøretøy (km),2020,2020,,.
23,Campingbiler,18,Elektrisitet,GjsnittKjorelengde,Gjennomsnittlig kjørelengde per kjøretøy (km),2021,2021,,.
23,Campingbiler,18,Elektrisitet,GjsnittKjorelengde,Gjennomsnittlig kjørelengde per kjøretøy (km),2022,2022,,.
23,Campingbiler,18,Elektrisitet,GjsnittKjorelengde,Gjennomsnittlig kjørelengde per kjøretøy (km),2023,2023,,.
23,Campingbiler,18,Elektrisitet,GjsnittKjorelengde,Gjennomsnittlig kjørelengde per kjøretøy (km),2024,2024,,.
23,Campingbiler,18,Elektrisitet,GjsnittKjorelengde,Gjennomsnittlig kjørelengde per kjøretøy (km),2025,2025,,.
23,Campingbiler,14,"Bensin hybrid, ladbar",Kjorelengde,Kjørelengde (mill. km),2005,2005,,.
23,Campingbiler,14,"Bensin hybrid, ladbar",Kjorelengde,Kjørelengde (mill. km),2006,2006,,.
23,Campingbiler,14,"Bensin hybrid, ladbar",Kjorelengde,Kjørelengde (mill. km),2007,2007,,.
23,Campingbiler,14,"Bensin hybrid, ladbar",Kjorelengde,Kjørelengde (mill. km),2008,2008,,.
23,Campingbiler,14,"Bensin hybrid, ladbar",Kjorelengde,Kjørelengde (mill. km),2009,2009,,.
23,Campingbiler,14,"Bensin hybrid, ladbar",Kjorelengde,Kjørelengde (mill. km),2010,2010,,.
23,Campingbiler,14,"Bensin hybrid, ladbar",Kjorelengde,Kjørelengde (mill. km),2011,2011,,.
23,Campingbiler,14,"Bensin hybrid, ladbar",Kjorelengde,Kjørelengde (mill. km),2012,2012,,.
23,Campingbiler,14,"Bensin hybrid, ladbar",Kjorelengde,Kjørelengde (mill. km),2013,2013,,.
23,Campingbiler,14,"Bensin hybrid, ladbar",Kjorelengde,Kjørelengde (mill. km),2014,2014,,.
23,Campingbiler,14,"Bensin hybrid, ladbar",Kjorelengde,Kjørelengde (mill. km),2015,2015,,.
23,Campingbiler,14,"Bensin hybrid, ladbar",Kjorelengde,Kjørelengde (mill. km),2016,2016,,.
23,Campingbiler,14,"Bensin hybrid, ladbar",Kjorelengde,Kjørelengde (mill. km),2017,2017,,.
23,Campingbiler,14,"Bensin hybrid, ladbar",Kjorelengde,Kjørelengde (mill. km),2018,2018,,.
23,Campingbiler,14,"Bensin hybrid, ladbar",Kjorelengde,Kjørelengde (mill. km),2019,2019,,.
23,Campingbiler,14,"Bensin hybrid, ladbar",Kjorelengde,Kjørelengde (mill. km),2020,2020,,.
23,Campingbiler,14,"Bensin hybrid, ladbar",Kjorelengde,Kjørelengde (mill. km),2021,2021,,.
23,Campingbiler,14,"Bensin hybrid, ladbar",Kjorelengde,Kjørelengde (mill. km),2022,2022,,.
23,Campingbiler,14,"Bensin hybrid, ladbar",Kjorelengde,Kjørelengde (mill. km),2023,2023,,.
23,Campingbiler,14,"Bensin hybrid, ladbar",Kjorelengde,Kjørelengde (mill. km),2024,2024,,.
23,Campingbiler,14,"Bensin hybrid, ladbar",Kjorelengde,Kjørelengde (mill. km),2025,2025,,.
23,Campingbiler,14,"Bensin hybrid, ladbar",GjsnittKjorelengde,Gjennomsnittlig kjørelengde per kjøretøy (km),2005,2005,,.
23,Campingbiler,14,"Bensin hybrid, ladbar",GjsnittKjorelengde,Gjennomsnittlig kjørelengde per kjøretøy (km),2006,2006,,.
23,Campingbiler,14,"Bensin hybrid, ladbar",GjsnittKjorelengde,Gjennomsnittlig kjørelengde per kjøretøy (km),2007,2007,,.
23,Campingbiler,14,"Bensin hybrid, ladbar",GjsnittKjorelengde,Gjennomsnittlig kjørelengde per kjøretøy (km),2008,2008,,.
23,Campingbiler,14,"Bensin hybrid, ladbar",GjsnittKjorelengde,Gjennomsnittlig kjørelengde per kjøretøy (km),2009,2009,,.
23,Campingbiler,14,"Bensin hybrid, ladbar",GjsnittKjorelengde,Gjennomsnittlig kjørelengde per kjøretøy (km),2010,2010,,.
23,Campingbiler,14,"Bensin hybrid, ladbar",GjsnittKjorelengde,Gjennomsnittlig kjørelengde per kjøretøy (km),2011,2011,,.
23,Campingbiler,14,"Bensin hybrid, ladbar",GjsnittKjorelengde,Gjennomsnittlig kjørelengde per kjøretøy (km),2012,2012,,.
23,Campingbiler,14,"Bensin hybrid, ladbar",GjsnittKjorelengde,Gjennomsnittlig kjørelengde per kjøretøy (km),2013,2013,,.
23,Campingbiler,14,"Bensin hybrid, ladbar",GjsnittKjorelengde,Gjennomsnittlig kjørelengde per kjøretøy (km),2014,2014,,.
23,Campingbiler,14,"Bensin hybrid, ladbar",GjsnittKjorelengde,Gjennomsnittlig kjørelengde per kjøretøy (km),2015,2015,,.
23,Campingbiler,14,"Bensin hybrid, ladbar",GjsnittKjorelengde,Gjennomsnittlig kjørelengde per kjøretøy (km),2016,2016,,.
23,Campingbiler,14,"Bensin hybrid, ladbar",GjsnittKjorelengde,Gjennomsnittlig kjørelengde per kjøretøy (km),2017,2017,,.
23,Campingbiler,14,"Bensin hybrid, ladbar",GjsnittKjorelengde,Gjennomsnittlig kjørelengde per kjøretøy (km),2018,2018,,.
23,Campingbiler,14,"Bensin hybrid, ladbar",GjsnittKjorelengde,Gjennomsnittlig kjørelengde per kjøretøy (km),2019,2019,,.
23,Campingbiler,14,"Bensin hybrid, ladbar",GjsnittKjorelengde,Gjennomsnittlig kjørelengde per kjøretøy (km),2020,2020,,.
23,Campingbiler,14,"Bensin hybrid, ladbar",GjsnittKjorelengde,Gjennomsnittlig kjørelengde per kjøretøy (km),2021,2021,,.
23,Campingbiler,14,"Bensin hybrid, ladbar",GjsnittKjorelengde,Gjennomsnittlig kjørelengde per kjøretøy (km),2022,2022,,.
23,Campingbiler,14,"Bensin hybrid, ladbar",GjsnittKjorelengde,Gjennomsnittlig kjørelengde per kjøretøy (km),2023,2023,,.
23,Campingbiler,14,"Bensin hybrid, ladbar",GjsnittKjorelengde,Gjennomsnittlig kjørelengde per kjøretøy (km),2024,2024,,.
23,Campingbiler,14,"Bensin hybrid, ladbar",GjsnittKjorelengde,Gjennomsnittlig kjørelengde per kjøretøy (km),2025,2025,,.
23,Campingbiler,15,"Bensin hybrid, ikke ladbar",Kjorelengde,Kjørelengde (mill. km),2005,2005,,.
23,Campingbiler,15,"Bensin hybrid, ikke ladbar",Kjorelengde,Kjørelengde (mill. km),2006,2006,,.
23,Campingbiler,15,"Bensin hybrid, ikke ladbar",Kjorelengde,Kjørelengde (mill. km),2007,2007,,.
23,Campingbiler,15,"Bensin hybrid, ikke ladbar",Kjorelengde,Kjørelengde (mill. km),2008,2008,,.
23,Campingbiler,15,"Bensin hybrid, ikke ladbar",Kjorelengde,Kjørelengde (mill. km),2009,2009,,.
23,Campingbiler,15,"Bensin hybrid, ikke ladbar",Kjorelengde,Kjørelengde (mill. km),2010,2010,,.
23,Campingbiler,15,"Bensin hybrid, ikke ladbar",Kjorelengde,Kjørelengde (mill. km),2011,2011,,.
23,Campingbiler,15,"Bensin hybrid, ikke ladbar",Kjorelengde,Kjørelengde (mill. km),2012,2012,,.
23,Campingbiler,15,"Bensin hybrid, ikke ladbar",Kjorelengde,Kjørelengde (mill. km),2013,2013,,.
23,Campingbiler,15,"Bensin hybrid, ikke ladbar",Kjorelengde,Kjørelengde (mill. km),2014,2014,,.
23,Campingbiler,15,"Bensin hybrid, ikke ladbar",Kjorelengde,Kjørelengde (mill. km),2015,2015,,.
23,Campingbiler,15,"Bensin hybrid, ikke ladbar",Kjorelengde,Kjørelengde (mill. km),2016,2016,,:
23,Campingbiler,15,"Bensin hybrid, ikke ladbar",Kjorelengde,Kjørelengde (mill. km),2017,2017,,:
23,Campingbiler,15,"Bensin hybrid, ikke ladbar",Kjorelengde,Kjørelengde (mill. km),2018,2018,,:
23,Campingbiler,15,"Bensin hybrid, ikke ladbar",Kjorelengde,Kjørelengde (mill. km),2019,2019,,:
23,Campingbiler,15,"Bensin hybrid, ikke ladbar",Kjorelengde,Kjørelengde (mill. km),2020,2020,,.
23,Campingbiler,15,"Bensin hybrid, ikke ladbar",Kjorelengde,Kjørelengde (mill. km),2021,2021,,.
23,Campingbiler,15,"Bensin hybrid, ikke ladbar",Kjorelengde,Kjørelengde (mill. km),2022,2022,,.
23,Campingbiler,15,"Bensin hybrid, ikke ladbar",Kjorelengde,Kjørelengde (mill. km),2023,2023,,.
23,Campingbiler,15,"Bensin hybrid, ikke ladbar",Kjorelengde,Kjørelengde (mill. km),2024,2024,,.
23,Campingbiler,15,"Bensin hybrid, ikke ladbar",Kjorelengde,Kjørelengde (mill. km),2025,2025,,.
23,Campingbiler,15,"Bensin hybrid, ikke ladbar",GjsnittKjorelengde,Gjennomsnittlig kjørelengde per kjøretøy (km),2005,2005,,.
23,Campingbiler,15,"Bensin hybrid, ikke ladbar",GjsnittKjorelengde,Gjennomsnittlig kjørelengde per kjøretøy (km),2006,2006,,.
23,Campingbiler,15,"Bensin hybrid, ikke ladbar",GjsnittKjorelengde,Gjennomsnittlig kjørelengde per kjøretøy (km),2007,2007,,.
23,Campingbiler,15,"Bensin hybrid, ikke ladbar",GjsnittKjorelengde,Gjennomsnittlig kjørelengde per kjøretøy (km),2008,2008,,.
23,Campingbiler,15,"Bensin hybrid, ikke ladbar",GjsnittKjorelengde,Gjennomsnittlig kjørelengde per kjøretøy (km),2009,2009,,.
23,Campingbiler,15,"Bensin hybrid, ikke ladbar",GjsnittKjorelengde,Gjennomsnittlig kjørelengde per kjøretøy (km),2010,2010,,.
23,Campingbiler,15,"Bensin hybrid, ikke ladbar",GjsnittKjorelengde,Gjennomsnittlig kjørelengde per kjøretøy (km),2011,2011,,.
23,Campingbiler,15,"Bensin hybrid, ikke ladbar",GjsnittKjorelengde,Gjennomsnittlig kjørelengde per kjøretøy (km),2012,2012,,.
23,Campingbiler,15,"Bensin hybrid, ikke ladbar",GjsnittKjorelengde,Gjennomsnittlig kjørelengde per kjøretøy (km),2013,2013,,.
23,Campingbiler,15,"Bensin hybrid, ikke ladbar",GjsnittKjorelengde,Gjennomsnittlig kjørelengde per kjøretøy (km),2014,2014,,.
23,Campingbiler,15,"Bensin hybrid, ikke ladbar",GjsnittKjorelengde,Gjennomsnittlig kjørelengde per kjøretøy (km),2015,2015,,.
23,Campingbiler,15,"Bensin hybrid, ikke ladbar",GjsnittKjorelengde,Gjennomsnittlig kjørelengde per kjøretøy (km),2016,2016,,:
23,Campingbiler,15,"Bensin hybrid, ikke ladbar",GjsnittKjorelengde,Gjennomsnittlig kjørelengde per kjøretøy (km),2017,2017,,:
23,Campingbiler,15,"Bensin hybrid, ikke ladbar",GjsnittKjorelengde,Gjennomsnittlig kjørelengde per kjøretøy (km),2018,2018,,:
23,Campingbiler,15,"Bensin hybrid, ikke ladbar",GjsnittKjorelengde,Gjennomsnittlig kjørelengde per kjøretøy (km),2019,2019,,:
23,Campingbiler,15,"Bensin hybrid, ikke ladbar",GjsnittKjorelengde,Gjennomsnittlig kjørelengde per kjøretøy (km),2020,2020,,.
23,Campingbiler,15,"Bensin hybrid, ikke ladbar",GjsnittKjorelengde,Gjennomsnittlig kjørelengde per kjøretøy (km),2021,2021,,.
23,Campingbiler,15,"Bensin hybrid, ikke ladbar",GjsnittKjorelengde,Gjennomsnittlig kjørelengde per kjøretøy (km),2022,2022,,.
23,Campingbiler,15,"Bensin hybrid, ikke ladbar",GjsnittKjorelengde,Gjennomsnittlig kjørelengde per kjøretøy (km),2023,2023,,.
23,Campingbiler,15,"Bensin hybrid, ikke ladbar",GjsnittKjorelengde,Gjennomsnittlig kjørelengde per kjøretøy (km),2024,2024,,.
23,Campingbiler,15,"Bensin hybrid, ikke ladbar",GjsnittKjorelengde,Gjennomsnittlig kjørelengde per kjøretøy (km),2025,2025,,.
23,Campingbiler,16,"Diesel hybrid, ladbar",Kjorelengde,Kjørelengde (mill. km),2005,2005,,.
23,Campingbiler,16,"Diesel hybrid, ladbar",Kjorelengde,Kjørelengde (mill. km),2006,2006,,.
23,Campingbiler,16,"Diesel hybrid, ladbar",Kjorelengde,Kjørelengde (mill. km),2007,2007,,.
23,Campingbiler,16,"Diesel hybrid, ladbar",Kjorelengde,Kjørelengde (mill. km),2008,2008,,.
23,Campingbiler,16,"Diesel hybrid, ladbar",Kjorelengde,Kjørelengde (mill. km),2009,2009,,.
23,Campingbiler,16,"Diesel hybrid, ladbar",Kjorelengde,Kjørelengde (mill. km),2010,2010,,.
23,Campingbiler,16,"Diesel hybrid, ladbar",Kjorelengde,Kjørelengde (mill. km),2011,2011,,.
23,Campingbiler,16,"Diesel hybrid, ladbar",Kjorelengde,Kjørelengde (mill. km),2012,2012,,.
23,Campingbiler,16,"Diesel hybrid, ladbar",Kjorelengde,Kjørelengde (mill. km),2013,2013,,.
23,Campingbiler,16,"Diesel hybrid, ladbar",Kjorelengde,Kjørelengde (mill. km),2014,2014,,.
23,Campingbiler,16,"Diesel hybrid, ladbar",Kjorelengde,Kjørelengde (mill. km),2015,2015,,.
23,Campingbiler,16,"Diesel hybrid, ladbar",Kjorelengde,Kjørelengde (mill. km),2016,2016,,.
23,Campingbiler,16,"Diesel hybrid, ladbar",Kjorelengde,Kjørelengde (mill. km),2017,2017,,.
23,Campingbiler,16,"Diesel hybrid, ladbar",Kjorelengde,Kjørelengde (mill. km),2018,2018,,.
23,Campingbiler,16,"Diesel hybrid, ladbar",Kjorelengde,Kjørelengde (mill. km),2019,2019,,.
23,Campingbiler,16,"Diesel hybrid, ladbar",Kjorelengde,Kjørelengde (mill. km),2020,2020,,.
23,Campingbiler,16,"Diesel hybrid, ladbar",Kjorelengde,Kjørelengde (mill. km),2021,2021,,.
23,Campingbiler,16,"Diesel hybrid, ladbar",Kjorelengde,Kjørelengde (mill. km),2022,2022,,.
23,Campingbiler,16,"Diesel hybrid, ladbar",Kjorelengde,Kjørelengde (mill. km),2023,2023,,.
23,Campingbiler,16,"Diesel hybrid, ladbar",Kjorelengde,Kjørelengde (mill. km),2024,2024,,.
23,Campingbiler,16,"Diesel hybrid, ladbar",Kjorelengde,Kjørelengde (mill. km),2025,2025,,.
23,Campingbiler,16,"Diesel hybrid, ladbar",GjsnittKjorelengde,Gjennomsnittlig kjørelengde per kjøretøy (km),2005,2005,,.
23,Campingbiler,16,"Diesel hybrid, ladbar",GjsnittKjorelengde,Gjennomsnittlig kjørelengde per kjøretøy (km),2006,2006,,.
23,Campingbiler,16,"Diesel hybrid, ladbar",GjsnittKjorelengde,Gjennomsnittlig kjørelengde per kjøretøy (km),2007,2007,,.
23,Campingbiler,16,"Diesel hybrid, ladbar",GjsnittKjorelengde,Gjennomsnittlig kjørelengde per kjøretøy (km),2008,2008,,.
23,Campingbiler,16,"Diesel hybrid, ladbar",GjsnittKjorelengde,Gjennomsnittlig kjørelengde per kjøretøy (km),2009,2009,,.
23,Campingbiler,16,"Diesel hybrid, ladbar",GjsnittKjorelengde,Gjennomsnittlig kjørelengde per kjøretøy (km),2010,2010,,.
23,Campingbiler,16,"Diesel hybrid, ladbar",GjsnittKjorelengde,Gjennomsnittlig kjørelengde per kjøretøy (km),2011,2011,,.
23,Campingbiler,16,"Diesel hybrid, ladbar",GjsnittKjorelengde,Gjennomsnittlig kjørelengde per kjøretøy (km),2012,2012,,.
23,Campingbiler,16,"Diesel hybrid, ladbar",GjsnittKjorelengde,Gjennomsnittlig kjørelengde per kjøretøy (km),2013,2013,,.
23,Campingbiler,16,"Diesel hybrid, ladbar",GjsnittKjorelengde,Gjennomsnittlig kjørelengde per kjøretøy (km),2014,2014,,.
23,Campingbiler,16,"Diesel hybrid, ladbar",GjsnittKjorelengde,Gjennomsnittlig kjørelengde per kjøretøy (km),2015,2015,,.
23,Campingbiler,16,"Diesel hybrid, ladbar",GjsnittKjorelengde,Gjennomsnittlig kjørelengde per kjøretøy (km),2016,2016,,.
23,Campingbiler,16,"Diesel hybrid, ladbar",GjsnittKjorelengde,Gjennomsnittlig kjørelengde per kjøretøy (km),2017,2017,,.
23,Campingbiler,16,"Diesel hybrid, ladbar",GjsnittKjorelengde,Gjennomsnittlig kjørelengde per kjøretøy (km),2018,2018,,.
23,Campingbiler,16,"Diesel hybrid, ladbar",GjsnittKjorelengde,Gjennomsnittlig kjørelengde per kjøretøy (km),2019,2019,,.
23,Campingbiler,16,"Diesel hybrid, ladbar",GjsnittKjorelengde,Gjennomsnittlig kjørelengde per kjøretøy (km),2020,2020,,.
23,Campingbiler,16,"Diesel hybrid, ladbar",GjsnittKjorelengde,Gjennomsnittlig kjørelengde per kjøretøy (km),2021,2021,,.
23,Campingbiler,16,"Diesel hybrid, ladbar",GjsnittKjorelengde,Gjennomsnittlig kjørelengde per kjøretøy (km),2022,2022,,.
23,Campingbiler,16,"Diesel hybrid, ladbar",GjsnittKjorelengde,Gjennomsnittlig kjørelengde per kjøretøy (km),2023,2023,,.
23,Campingbiler,16,"Diesel hybrid, ladbar",GjsnittKjorelengde,Gjennomsnittlig kjørelengde per kjøretøy (km),2024,2024,,.
23,Campingbiler,16,"Diesel hybrid, ladbar",GjsnittKjorelengde,Gjennomsnittlig kjørelengde per kjøretøy (km),2025,2025,,.
23,Campingbiler,17,"Diesel hybrid, ikke ladbar",Kjorelengde,Kjørelengde (mill. km),2005,2005,,.
23,Campingbiler,17,"Diesel hybrid, ikke ladbar",Kjorelengde,Kjørelengde (mill. km),2006,2006,,.
23,Campingbiler,17,"Diesel hybrid, ikke ladbar",Kjorelengde,Kjørelengde (mill. km),2007,2007,,.
23,Campingbiler,17,"Diesel hybrid, ikke ladbar",Kjorelengde,Kjørelengde (mill. km),2008,2008,,.
23,Campingbiler,17,"Diesel hybrid, ikke ladbar",Kjorelengde,Kjørelengde (mill. km),2009,2009,,.
23,Campingbiler,17,"Diesel hybrid, ikke ladbar",Kjorelengde,Kjørelengde (mill. km),2010,2010,,.
23,Campingbiler,17,"Diesel hybrid, ikke ladbar",Kjorelengde,Kjørelengde (mill. km),2011,2011,,.
23,Campingbiler,17,"Diesel hybrid, ikke ladbar",Kjorelengde,Kjørelengde (mill. km),2012,2012,,.
23,Campingbiler,17,"Diesel hybrid, ikke ladbar",Kjorelengde,Kjørelengde (mill. km),2013,2013,,.
23,Campingbiler,17,"Diesel hybrid, ikke ladbar",Kjorelengde,Kjørelengde (mill. km),2014,2014,,.
23,Campingbiler,17,"Diesel hybrid, ikke ladbar",Kjorelengde,Kjørelengde (mill. km),2015,2015,,.
23,Campingbiler,17,"Diesel hybrid, ikke ladbar",Kjorelengde,Kjørelengde (mill. km),2016,2016,,:
23,Campingbiler,17,"Diesel hybrid, ikke ladbar",Kjorelengde,Kjørelengde (mill. km),2017,2017,,:
23,Campingbiler,17,"Diesel hybrid, ikke ladbar",Kjorelengde,Kjørelengde (mill. km),2018,2018,,:
23,Campingbiler,17,"Diesel hybrid, ikke ladbar",Kjorelengde,Kjørelengde (mill. km),2019,2019,,:
23,Campingbiler,17,"Diesel hybrid, ikke ladbar",Kjorelengde,Kjørelengde (mill. km),2020,2020,,.
23,Campingbiler,17,"Diesel hybrid, ikke ladbar",Kjorelengde,Kjørelengde (mill. km),2021,2021,,.
23,Campingbiler,17,"Diesel hybrid, ikke ladbar",Kjorelengde,Kjørelengde (mill. km),2022,2022,,.
23,Campingbiler,17,"Diesel hybrid, ikke ladbar",Kjorelengde,Kjørelengde (mill. km),2023,2023,,.
23,Campingbiler,17,"Diesel hybrid, ikke ladbar",Kjorelengde,Kjørelengde (mill. km),2024,2024,,.
23,Campingbiler,17,"Diesel hybrid, ikke ladbar",Kjorelengde,Kjørelengde (mill. km),2025,2025,,.
23,Campingbiler,17,"Diesel hybrid, ikke ladbar",GjsnittKjorelengde,Gjennomsnittlig kjørelengde per kjøretøy (km),2005,2005,,.
23,Campingbiler,17,"Diesel hybrid, ikke ladbar",GjsnittKjorelengde,Gjennomsnittlig kjørelengde per kjøretøy (km),2006,2006,,.
23,Campingbiler,17,"Diesel hybrid, ikke ladbar",GjsnittKjorelengde,Gjennomsnittlig kjørelengde per kjøretøy (km),2007,2007,,.
23,Campingbiler,17,"Diesel hybrid, ikke ladbar",GjsnittKjorelengde,Gjennomsnittlig kjørelengde per kjøretøy (km),2008,2008,,.
23,Campingbiler,17,"Diesel hybrid, ikke ladbar",GjsnittKjorelengde,Gjennomsnittlig kjørelengde per kjøretøy (km),2009,2009,,.
23,Campingbiler,17,"Diesel hybrid, ikke ladbar",GjsnittKjorelengde,Gjennomsnittlig kjørelengde per kjøretøy (km),2010,2010,,.
23,Campingbiler,17,"Diesel hybrid, ikke ladbar",GjsnittKjorelengde,Gjennomsnittlig kjørelengde per kjøretøy (km),2011,2011,,.
23,Campingbiler,17,"Diesel hybrid, ikke ladbar",GjsnittKjorelengde,Gjennomsnittlig kjørelengde per kjøretøy (km),2012,2012,,.
23,Campingbiler,17,"Diesel hybrid, ikke ladbar",GjsnittKjorelengde,Gjennomsnittlig kjørelengde per kjøretøy (km),2013,2013,,.
23,Campingbiler,17,"Diesel hybrid, ikke ladbar",GjsnittKjorelengde,Gjennomsnittlig kjørelengde per kjøretøy (km),2014,2014,,.
23,Campingbiler,17,"Diesel hybrid, ikke ladbar",GjsnittKjorelengde,Gjennomsnittlig kjørelengde per kjøretøy (km),2015,2015,,.
23,Campingbiler,17,"Diesel hybrid, ikke ladbar",GjsnittKjorelengde,Gjennomsnittlig kjørelengde per kjøretøy (km),2016,2016,,:
23,Campingbiler,17,"Diesel hybrid, ikke ladbar",GjsnittKjorelengde,Gjennomsnittlig kjørelengde per kjøretøy (km),2017,2017,,:
23,Campingbiler,17,"Diesel hybrid, ikke ladbar",GjsnittKjorelengde,Gjennomsnittlig kjørelengde per kjøretøy (km),2018,2018,,:
23,Campingbiler,17,"Diesel hybrid, ikke ladbar",GjsnittKjorelengde,Gjennomsnittlig kjørelengde per kjøretøy (km),2019,2019,,:
23,Campingbiler,17,"Diesel hybrid, ikke ladbar",GjsnittKjorelengde,Gjennomsnittlig kjørelengde per kjøretøy (km),2020,2020,,.
23,Campingbiler,17,"Diesel hybrid, ikke ladbar",GjsnittKjorelengde,Gjennomsnittlig kjørelengde per kjøretøy (km),2021,2021,,.
23,Campingbiler,17,"Diesel hybrid, ikke ladbar",GjsnittKjorelengde,Gjennomsnittlig kjørelengde per kjøretøy (km),2022,2022,,.
23,Campingbiler,17,"Diesel hybrid, ikke ladbar",GjsnittKjorelengde,Gjennomsnittlig kjørelengde per kjøretøy (km),2023,2023,,.
23,Campingbiler,17,"Diesel hybrid, ikke ladbar",GjsnittKjorelengde,Gjennomsnittlig kjørelengde per kjøretøy (km),2024,2024,,.
23,Campingbiler,17,"Diesel hybrid, ikke ladbar",GjsnittKjorelengde,Gjennomsnittlig kjørelengde per kjøretøy (km),2025,2025,,.
23,Campingbiler,3,Parafin,Kjorelengde,Kjørelengde (mill. km),2005,2005,,.
23,Campingbiler,3,Parafin,Kjorelengde,Kjørelengde (mill. km),2006,2006,,.
23,Campingbiler,3,Parafin,Kjorelengde,Kjørelengde (mill. km),2007,2007,,.
23,Campingbiler,3,Parafin,Kjorelengde,Kjørelengde (mill. km),2008,2008,,.
23,Campingbiler,3,Parafin,Kjorelengde,Kjørelengde (mill. km),2009,2009,,.
23,Campingbiler,3,Parafin,Kjorelengde,Kjørelengde (mill. km),2010,2010,,.
23,Campingbiler,3,Parafin,Kjorelengde,Kjørelengde (mill. km),2011,2011,,.
23,Campingbiler,3,Parafin,Kjorelengde,Kjørelengde (mill. km),2012,2012,,.
23,Campingbiler,3,Parafin,Kjorelengde,Kjørelengde (mill. km),2013,2013,,.
23,Campingbiler,3,Parafin,Kjorelengde,Kjørelengde (mill. km),2014,2014,,.
23,Campingbiler,3,Parafin,Kjorelengde,Kjørelengde (mill. km),2015,2015,,.
23,Campingbiler,3,Parafin,Kjorelengde,Kjørelengde (mill. km),2016,2016,0.0,
23,Campingbiler,3,Parafin,Kjorelengde,Kjørelengde (mill. km),2017,2017,0.0,
23,Campingbiler,3,Parafin,Kjorelengde,Kjørelengde (mill. km),2018,2018,0.0,
23,Campingbiler,3,Parafin,Kjorelengde,Kjørelengde (mill. km),2019,2019,0.1,
23,Campingbiler,3,Parafin,Kjorelengde,Kjørelengde (mill. km),2020,2020,,:
23,Campingbiler,3,Parafin,Kjorelengde,Kjørelengde (mill. km),2021,2021,0.0,
23,Campingbiler,3,Parafin,Kjorelengde,Kjørelengde (mill. km),2022,2022,0.0,
23,Campingbiler,3,Parafin,Kjorelengde,Kjørelengde (mill. km),2023,2023,0.0,
23,Campingbiler,3,Parafin,Kjorelengde,Kjørelengde (mill. km),2024,2024,,:
23,Campingbiler,3,Parafin,Kjorelengde,Kjørelengde (mill. km),2025,2025,0.0,
23,Campingbiler,3,Parafin,GjsnittKjorelengde,Gjennomsnittlig kjørelengde per kjøretøy (km),2005,2005,,.
23,Campingbiler,3,Parafin,GjsnittKjorelengde,Gjennomsnittlig kjørelengde per kjøretøy (km),2006,2006,,.
23,Campingbiler,3,Parafin,GjsnittKjorelengde,Gjennomsnittlig kjørelengde per kjøretøy (km),2007,2007,,.
23,Campingbiler,3,Parafin,GjsnittKjorelengde,Gjennomsnittlig kjørelengde per kjøretøy (km),2008,2008,,.
23,Campingbiler,3,Parafin,GjsnittKjorelengde,Gjennomsnittlig kjørelengde per kjøretøy (km),2009,2009,,.
23,Campingbiler,3,Parafin,GjsnittKjorelengde,Gjennomsnittlig kjørelengde per kjøretøy (km),2010,2010,,.
23,Campingbiler,3,Parafin,GjsnittKjorelengde,Gjennomsnittlig kjørelengde per kjøretøy (km),2011,2011,,.
23,Campingbiler,3,Parafin,GjsnittKjorelengde,Gjennomsnittlig kjørelengde per kjøretøy (km),2012,2012,,.
23,Campingbiler,3,Parafin,GjsnittKjorelengde,Gjennomsnittlig kjørelengde per kjøretøy (km),2013,2013,,.
23,Campingbiler,3,Parafin,GjsnittKjorelengde,Gjennomsnittlig kjørelengde per kjøretøy (km),2014,2014,,.
23,Campingbiler,3,Parafin,GjsnittKjorelengde,Gjennomsnittlig kjørelengde per kjøretøy (km),2015,2015,,.
23,Campingbiler,3,Parafin,GjsnittKjorelengde,Gjennomsnittlig kjørelengde per kjøretøy (km),2016,2016,6736.0,
23,Campingbiler,3,Parafin,GjsnittKjorelengde,Gjennomsnittlig kjørelengde per kjøretøy (km),2017,2017,6743.0,
23,Campingbiler,3,Parafin,GjsnittKjorelengde,Gjennomsnittlig kjørelengde per kjøretøy (km),2018,2018,5754.0,
23,Campingbiler,3,Parafin,GjsnittKjorelengde,Gjennomsnittlig kjørelengde per kjøretøy (km),2019,2019,6940.0,
23,Campingbiler,3,Parafin,GjsnittKjorelengde,Gjennomsnittlig kjørelengde per kjøretøy (km),2020,2020,,:
23,Campingbiler,3,Parafin,GjsnittKjorelengde,Gjennomsnittlig kjørelengde per kjøretøy (km),2021,2021,5580.0,
23,Campingbiler,3,Parafin,GjsnittKjorelengde,Gjennomsnittlig kjørelengde per kjøretøy (km),2022,2022,5904.0,
23,Campingbiler,3,Parafin,GjsnittKjorelengde,Gjennomsnittlig kjørelengde per kjøretøy (km),2023,2023,3944.0,
23,Campingbiler,3,Parafin,GjsnittKjorelengde,Gjennomsnittlig kjørelengde per kjøretøy (km),2024,2024,,:
23,Campingbiler,3,Parafin,GjsnittKjorelengde,Gjennomsnittlig kjørelengde per kjøretøy (km),2025,2025,3363.0,
23,Campingbiler,4,Gass,Kjorelengde,Kjørelengde (mill. km),2005,2005,,.
23,Campingbiler,4,Gass,Kjorelengde,Kjørelengde (mill. km),2006,2006,,.
23,Campingbiler,4,Gass,Kjorelengde,Kjørelengde (mill. km),2007,2007,,.
23,Campingbiler,4,Gass,Kjorelengde,Kjørelengde (mill. km),2008,2008,,.
23,Campingbiler,4,Gass,Kjorelengde,Kjørelengde (mill. km),2009,2009,,.
23,Campingbiler,4,Gass,Kjorelengde,Kjørelengde (mill. km),2010,2010,,.
23,Campingbiler,4,Gass,Kjorelengde,Kjørelengde (mill. km),2011,2011,,.
23,Campingbiler,4,Gass,Kjorelengde,Kjørelengde (mill. km),2012,2012,,.
23,Campingbiler,4,Gass,Kjorelengde,Kjørelengde (mill. km),2013,2013,,.
23,Campingbiler,4,Gass,Kjorelengde,Kjørelengde (mill. km),2014,2014,,.
23,Campingbiler,4,Gass,Kjorelengde,Kjørelengde (mill. km),2015,2015,,.
23,Campingbiler,4,Gass,Kjorelengde,Kjørelengde (mill. km),2016,2016,,.
23,Campingbiler,4,Gass,Kjorelengde,Kjørelengde (mill. km),2017,2017,,.
23,Campingbiler,4,Gass,Kjorelengde,Kjørelengde (mill. km),2018,2018,,.
23,Campingbiler,4,Gass,Kjorelengde,Kjørelengde (mill. km),2019,2019,,:
23,Campingbiler,4,Gass,Kjorelengde,Kjørelengde (mill. km),2020,2020,,:
23,Campingbiler,4,Gass,Kjorelengde,Kjørelengde (mill. km),2021,2021,,:
23,Campingbiler,4,Gass,Kjorelengde,Kjørelengde (mill. km),2022,2022,,:
23,Campingbiler,4,Gass,Kjorelengde,Kjørelengde (mill. km),2023,2023,,:
23,Campingbiler,4,Gass,Kjorelengde,Kjørelengde (mill. km),2024,2024,,:
23,Campingbiler,4,Gass,Kjorelengde,Kjørelengde (mill. km),2025,2025,0.0,
23,Campingbiler,4,Gass,GjsnittKjorelengde,Gjennomsnittlig kjørelengde per kjøretøy (km),2005,2005,,.
23,Campingbiler,4,Gass,GjsnittKjorelengde,Gjennomsnittlig kjørelengde per kjøretøy (km),2006,2006,,.
23,Campingbiler,4,Gass,GjsnittKjorelengde,Gjennomsnittlig kjørelengde per kjøretøy (km),2007,2007,,.
23,Campingbiler,4,Gass,GjsnittKjorelengde,Gjennomsnittlig kjørelengde per kjøretøy (km),2008,2008,,.
23,Campingbiler,4,Gass,GjsnittKjorelengde,Gjennomsnittlig kjørelengde per kjøretøy (km),2009,2009,,.
23,Campingbiler,4,Gass,GjsnittKjorelengde,Gjennomsnittlig kjørelengde per kjøretøy (km),2010,2010,,.
23,Campingbiler,4,Gass,GjsnittKjorelengde,Gjennomsnittlig kjørelengde per kjøretøy (km),2011,2011,,.
23,Campingbiler,4,Gass,GjsnittKjorelengde,Gjennomsnittlig kjørelengde per kjøretøy (km),2012,2012,,.
23,Campingbiler,4,Gass,GjsnittKjorelengde,Gjennomsnittlig kjørelengde per kjøretøy (km),2013,2013,,.
23,Campingbiler,4,Gass,GjsnittKjorelengde,Gjennomsnittlig kjørelengde per kjøretøy (km),2014,2014,,.
23,Campingbiler,4,Gass,GjsnittKjorelengde,Gjennomsnittlig kjørelengde per kjøretøy (km),2015,2015,,.
23,Campingbiler,4,Gass,GjsnittKjorelengde,Gjennomsnittlig kjørelengde per kjøretøy (km),2016,2016,,.
23,Campingbiler,4,Gass,GjsnittKjorelengde,Gjennomsnittlig kjørelengde per kjøretøy (km),2017,2017,,.
23,Campingbiler,4,Gass,GjsnittKjorelengde,Gjennomsnittlig kjørelengde per kjøretøy (km),2018,2018,,.
23,Campingbiler,4,Gass,GjsnittKjorelengde,Gjennomsnittlig kjørelengde per kjøretøy (km),2019,2019,,:
23,Campingbiler,4,Gass,GjsnittKjorelengde,Gjennomsnittlig kjørelengde per kjøretøy (km),2020,2020,,:
23,Campingbiler,4,Gass,GjsnittKjorelengde,Gjennomsnittlig kjørelengde per kjøretøy (km),2021,2021,,:
23,Campingbiler,4,Gass,GjsnittKjorelengde,Gjennomsnittlig kjørelengde per kjøretøy (km),2022,2022,,:
23,Campingbiler,4,Gass,GjsnittKjorelengde,Gjennomsnittlig kjørelengde per kjøretøy (km),2023,2023,,:
23,Campingbiler,4,Gass,GjsnittKjorelengde,Gjennomsnittlig kjørelengde per kjøretøy (km),2024,2024,,:
23,Campingbiler,4,Gass,GjsnittKjorelengde,Gjennomsnittlig kjørelengde per kjøretøy (km),2025,2025,7346.0,
23,Campingbiler,13,Hydrogen,Kjorelengde,Kjørelengde (mill. km),2005,2005,,.
23,Campingbiler,13,Hydrogen,Kjorelengde,Kjørelengde (mill. km),2006,2006,,.
23,Campingbiler,13,Hydrogen,Kjorelengde,Kjørelengde (mill. km),2007,2007,,.
23,Campingbiler,13,Hydrogen,Kjorelengde,Kjørelengde (mill. km),2008,2008,,.
23,Campingbiler,13,Hydrogen,Kjorelengde,Kjørelengde (mill. km),2009,2009,,.
23,Campingbiler,13,Hydrogen,Kjorelengde,Kjørelengde (mill. km),2010,2010,,.
23,Campingbiler,13,Hydrogen,Kjorelengde,Kjørelengde (mill. km),2011,2011,,.
23,Campingbiler,13,Hydrogen,Kjorelengde,Kjørelengde (mill. km),2012,2012,,.
23,Campingbiler,13,Hydrogen,Kjorelengde,Kjørelengde (mill. km),2013,2013,,.
23,Campingbiler,13,Hydrogen,Kjorelengde,Kjørelengde (mill. km),2014,2014,,.
23,Campingbiler,13,Hydrogen,Kjorelengde,Kjørelengde (mill. km),2015,2015,,.
23,Campingbiler,13,Hydrogen,Kjorelengde,Kjørelengde (mill. km),2016,2016,,.
23,Campingbiler,13,Hydrogen,Kjorelengde,Kjørelengde (mill. km),2017,2017,,.
23,Campingbiler,13,Hydrogen,Kjorelengde,Kjørelengde (mill. km),2018,2018,,.
23,Campingbiler,13,Hydrogen,Kjorelengde,Kjørelengde (mill. km),2019,2019,,.
23,Campingbiler,13,Hydrogen,Kjorelengde,Kjørelengde (mill. km),2020,2020,,.
23,Campingbiler,13,Hydrogen,Kjorelengde,Kjørelengde (mill. km),2021,2021,,.
23,Campingbiler,13,Hydrogen,Kjorelengde,Kjørelengde (mill. km),2022,2022,,.
23,Campingbiler,13,Hydrogen,Kjorelengde,Kjørelengde (mill. km),2023,2023,,.
23,Campingbiler,13,Hydrogen,Kjorelengde,Kjørelengde (mill. km),2024,2024,,.
23,Campingbiler,13,Hydrogen,Kjorelengde,Kjørelengde (mill. km),2025,2025,,.
23,Campingbiler,13,Hydrogen,GjsnittKjorelengde,Gjennomsnittlig kjørelengde per kjøretøy (km),2005,2005,,.
23,Campingbiler,13,Hydrogen,GjsnittKjorelengde,Gjennomsnittlig kjørelengde per kjøretøy (km),2006,2006,,.
23,Campingbiler,13,Hydrogen,GjsnittKjorelengde,Gjennomsnittlig kjørelengde per kjøretøy (km),2007,2007,,.
23,Campingbiler,13,Hydrogen,GjsnittKjorelengde,Gjennomsnittlig kjørelengde per kjøretøy (km),2008,2008,,.
23,Campingbiler,13,Hydrogen,GjsnittKjorelengde,Gjennomsnittlig kjørelengde per kjøretøy (km),2009,2009,,.
23,Campingbiler,13,Hydrogen,GjsnittKjorelengde,Gjennomsnittlig kjørelengde per kjøretøy (km),2010,2010,,.
23,Campingbiler,13,Hydrogen,GjsnittKjorelengde,Gjennomsnittlig kjørelengde per kjøretøy (km),2011,2011,,.
23,Campingbiler,13,Hydrogen,GjsnittKjorelengde,Gjennomsnittlig kjørelengde per kjøretøy (km),2012,2012,,.
23,Campingbiler,13,Hydrogen,GjsnittKjorelengde,Gjennomsnittlig kjørelengde per kjøretøy (km),2013,2013,,.
23,Campingbiler,13,Hydrogen,GjsnittKjorelengde,Gjennomsnittlig kjørelengde per kjøretøy (km),2014,2014,,.
23,Campingbiler,13,Hydrogen,GjsnittKjorelengde,Gjennomsnittlig kjørelengde per kjøretøy (km),2015,2015,,.
23,Campingbiler,13,Hydrogen,GjsnittKjorelengde,Gjennomsnittlig kjørelengde per kjøretøy (km),2016,2016,,.
23,Campingbiler,13,Hydrogen,GjsnittKjorelengde,Gjennomsnittlig kjørelengde per kjøretøy (km),2017,2017,,.
23,Campingbiler,13,Hydrogen,GjsnittKjorelengde,Gjennomsnittlig kjørelengde per kjøretøy (km),2018,2018,,.
23,Campingbiler,13,Hydrogen,GjsnittKjorelengde,Gjennomsnittlig kjørelengde per kjøretøy (km),2019,2019,,.
23,Campingbiler,13,Hydrogen,GjsnittKjorelengde,Gjennomsnittlig kjørelengde per kjøretøy (km),2020,2020,,.
23,Campingbiler,13,Hydrogen,GjsnittKjorelengde,Gjennomsnittlig kjørelengde per kjøretøy (km),2021,2021,,.
23,Campingbiler,13,Hydrogen,GjsnittKjorelengde,Gjennomsnittlig kjørelengde per kjøretøy (km),2022,2022,,.
23,Campingbiler,13,Hydrogen,GjsnittKjorelengde,Gjennomsnittlig kjørelengde per kjøretøy (km),2023,2023,,.
23,Campingbiler,13,Hydrogen,GjsnittKjorelengde,Gjennomsnittlig kjørelengde per kjøretøy (km),2024,2024,,.
23,Campingbiler,13,Hydrogen,GjsnittKjorelengde,Gjennomsnittlig kjørelengde per kjøretøy (km),2025,2025,,.
23,Campingbiler,7,Andre drivstoff,Kjorelengde,Kjørelengde (mill. km),2005,2005,0.0,
23,Campingbiler,7,Andre drivstoff,Kjorelengde,Kjørelengde (mill. km),2006,2006,0.1,
23,Campingbiler,7,Andre drivstoff,Kjorelengde,Kjørelengde (mill. km),2007,2007,0.1,
23,Campingbiler,7,Andre drivstoff,Kjorelengde,Kjørelengde (mill. km),2008,2008,0.1,
23,Campingbiler,7,Andre drivstoff,Kjorelengde,Kjørelengde (mill. km),2009,2009,0.1,
23,Campingbiler,7,Andre drivstoff,Kjorelengde,Kjørelengde (mill. km),2010,2010,0.1,
23,Campingbiler,7,Andre drivstoff,Kjorelengde,Kjørelengde (mill. km),2011,2011,0.1,
23,Campingbiler,7,Andre drivstoff,Kjorelengde,Kjørelengde (mill. km),2012,2012,0.0,
23,Campingbiler,7,Andre drivstoff,Kjorelengde,Kjørelengde (mill. km),2013,2013,0.0,
23,Campingbiler,7,Andre drivstoff,Kjorelengde,Kjørelengde (mill. km),2014,2014,0.0,
23,Campingbiler,7,Andre drivstoff,Kjorelengde,Kjørelengde (mill. km),2015,2015,0.0,
23,Campingbiler,7,Andre drivstoff,Kjorelengde,Kjørelengde (mill. km),2016,2016,,.
23,Campingbiler,7,Andre drivstoff,Kjorelengde,Kjørelengde (mill. km),2017,2017,,.
23,Campingbiler,7,Andre drivstoff,Kjorelengde,Kjørelengde (mill. km),2018,2018,,.
23,Campingbiler,7,Andre drivstoff,Kjorelengde,Kjørelengde (mill. km),2019,2019,,.
23,Campingbiler,7,Andre drivstoff,Kjorelengde,Kjørelengde (mill. km),2020,2020,,.
23,Campingbiler,7,Andre drivstoff,Kjorelengde,Kjørelengde (mill. km),2021,2021,,:
23,Campingbiler,7,Andre drivstoff,Kjorelengde,Kjørelengde (mill. km),2022,2022,,.
23,Campingbiler,7,Andre drivstoff,Kjorelengde,Kjørelengde (mill. km),2023,2023,,.
23,Campingbiler,7,Andre drivstoff,Kjorelengde,Kjørelengde (mill. km),2024,2024,,.
23,Campingbiler,7,Andre drivstoff,Kjorelengde,Kjørelengde (mill. km),2025,2025,,.
23,Campingbiler,7,Andre drivstoff,GjsnittKjorelengde,Gjennomsnittlig kjørelengde per kjøretøy (km),2005,2005,6188.0,
23,Campingbiler,7,Andre drivstoff,GjsnittKjorelengde,Gjennomsnittlig kjørelengde per kjøretøy (km),2006,2006,14014.0,
23,Campingbiler,7,Andre drivstoff,GjsnittKjorelengde,Gjennomsnittlig kjørelengde per kjøretøy (km),2007,2007,24621.0,
23,Campingbiler,7,Andre drivstoff,GjsnittKjorelengde,Gjennomsnittlig kjørelengde per kjøretøy (km),2008,2008,14265.0,
23,Campingbiler,7,Andre drivstoff,GjsnittKjorelengde,Gjennomsnittlig kjørelengde per kjøretøy (km),2009,2009,17722.0,
23,Campingbiler,7,Andre drivstoff,GjsnittKjorelengde,Gjennomsnittlig kjørelengde per kjøretøy (km),2010,2010,13252.0,
23,Campingbiler,7,Andre drivstoff,GjsnittKjorelengde,Gjennomsnittlig kjørelengde per kjøretøy (km),2011,2011,13272.0,
23,Campingbiler,7,Andre drivstoff,GjsnittKjorelengde,Gjennomsnittlig kjørelengde per kjøretøy (km),2012,2012,8628.0,
23,Campingbiler,7,Andre drivstoff,GjsnittKjorelengde,Gjennomsnittlig kjørelengde per kjøretøy (km),2013,2013,9438.0,
23,Campingbiler,7,Andre drivstoff,GjsnittKjorelengde,Gjennomsnittlig kjørelengde per kjøretøy (km),2014,2014,7013.0,
23,Campingbiler,7,Andre drivstoff,GjsnittKjorelengde,Gjennomsnittlig kjørelengde per kjøretøy (km),2015,2015,8489.0,
23,Campingbiler,7,Andre drivstoff,GjsnittKjorelengde,Gjennomsnittlig kjørelengde per kjøretøy (km),2016,2016,,.
23,Campingbiler,7,Andre drivstoff,GjsnittKjorelengde,Gjennomsnittlig kjørelengde per kjøretøy (km),2017,2017,,.
23,Campingbiler,7,Andre drivstoff,GjsnittKjorelengde,Gjennomsnittlig kjørelengde per kjøretøy (km),2018,2018,,.
23,Campingbiler,7,Andre drivstoff,GjsnittKjorelengde,Gjennomsnittlig kjørelengde per kjøretøy (km),2019,2019,,.
23,Campingbiler,7,Andre drivstoff,GjsnittKjorelengde,Gjennomsnittlig kjørelengde per kjøretøy (km),2020,2020,,.
23,Campingbiler,7,Andre drivstoff,GjsnittKjorelengde,Gjennomsnittlig kjørelengde per kjøretøy (km),2021,2021,,:
23,Campingbiler,7,Andre drivstoff,GjsnittKjorelengde,Gjennomsnittlig kjørelengde per kjøretøy (km),2022,2022,,.
23,Campingbiler,7,Andre drivstoff,GjsnittKjorelengde,Gjennomsnittlig kjørelengde per kjøretøy (km),2023,2023,,.
23,Campingbiler,7,Andre drivstoff,GjsnittKjorelengde,Gjennomsnittlig kjørelengde per kjøretøy (km),2024,2024,,.
23,Campingbiler,7,Andre drivstoff,GjsnittKjorelengde,Gjennomsnittlig kjørelengde per kjøretøy (km),2025,2025,,.
24,Minibusser,0,Alle typer drivstoff,Kjorelengde,Kjørelengde (mill. km),2005,2005,317.3,
24,Minibusser,0,Alle typer drivstoff,Kjorelengde,Kjørelengde (mill. km),2006,2006,273.3,
24,Minibusser,0,Alle typer drivstoff,Kjorelengde,Kjørelengde (mill. km),2007,2007,241.2,
24,Minibusser,0,Alle typer drivstoff,Kjorelengde,Kjørelengde (mill. km),2008,2008,198.7,
24,Minibusser,0,Alle typer drivstoff,Kjorelengde,Kjørelengde (mill. km),2009,2009,153.5,
24,Minibusser,0,Alle typer drivstoff,Kjorelengde,Kjørelengde (mill. km),2010,2010,119.1,
24,Minibusser,0,Alle typer drivstoff,Kjorelengde,Kjørelengde (mill. km),2011,2011,97.7,
24,Minibusser,0,Alle typer drivstoff,Kjorelengde,Kjørelengde (mill. km),2012,2012,81.0,
24,Minibusser,0,Alle typer drivstoff,Kjorelengde,Kjørelengde (mill. km),2013,2013,65.6,
24,Minibusser,0,Alle typer drivstoff,Kjorelengde,Kjørelengde (mill. km),2014,2014,56.9,
24,Minibusser,0,Alle typer drivstoff,Kjorelengde,Kjørelengde (mill. km),2015,2015,49.4,
24,Minibusser,0,Alle typer drivstoff,Kjorelengde,Kjørelengde (mill. km),2016,2016,43.6,
24,Minibusser,0,Alle typer drivstoff,Kjorelengde,Kjørelengde (mill. km),2017,2017,40.0,
24,Minibusser,0,Alle typer drivstoff,Kjorelengde,Kjørelengde (mill. km),2018,2018,35.6,
24,Minibusser,0,Alle typer drivstoff,Kjorelengde,Kjørelengde (mill. km),2019,2019,31.8,
24,Minibusser,0,Alle typer drivstoff,Kjorelengde,Kjørelengde (mill. km),2020,2020,25.1,
24,Minibusser,0,Alle typer drivstoff,Kjorelengde,Kjørelengde (mill. km),2021,2021,21.0,
24,Minibusser,0,Alle typer drivstoff,Kjorelengde,Kjørelengde (mill. km),2022,2022,22.4,
24,Minibusser,0,Alle typer drivstoff,Kjorelengde,Kjørelengde (mill. km),2023,2023,21.9,
24,Minibusser,0,Alle typer drivstoff,Kjorelengde,Kjørelengde (mill. km),2024,2024,21.3,
24,Minibusser,0,Alle typer drivstoff,Kjorelengde,Kjørelengde (mill. km),2025,2025,24.9,
24,Minibusser,0,Alle typer drivstoff,GjsnittKjorelengde,Gjennomsnittlig kjørelengde per kjøretøy (km),2005,2005,17270.0,
24,Minibusser,0,Alle typer drivstoff,GjsnittKjorelengde,Gjennomsnittlig kjørelengde per kjøretøy (km),2006,2006,16656.0,
24,Minibusser,0,Alle typer drivstoff,GjsnittKjorelengde,Gjennomsnittlig kjørelengde per kjøretøy (km),2007,2007,16795.0,
24,Minibusser,0,Alle typer drivstoff,GjsnittKjorelengde,Gjennomsnittlig kjørelengde per kjøretøy (km),2008,2008,16069.0,
24,Minibusser,0,Alle typer drivstoff,GjsnittKjorelengde,Gjennomsnittlig kjørelengde per kjøretøy (km),2009,2009,15030.0,
24,Minibusser,0,Alle typer drivstoff,GjsnittKjorelengde,Gjennomsnittlig kjørelengde per kjøretøy (km),2010,2010,13875.0,
24,Minibusser,0,Alle typer drivstoff,GjsnittKjorelengde,Gjennomsnittlig kjørelengde per kjøretøy (km),2011,2011,13283.0,
24,Minibusser,0,Alle typer drivstoff,GjsnittKjorelengde,Gjennomsnittlig kjørelengde per kjøretøy (km),2012,2012,12861.0,
24,Minibusser,0,Alle typer drivstoff,GjsnittKjorelengde,Gjennomsnittlig kjørelengde per kjøretøy (km),2013,2013,11975.0,
24,Minibusser,0,Alle typer drivstoff,GjsnittKjorelengde,Gjennomsnittlig kjørelengde per kjøretøy (km),2014,2014,11831.0,
24,Minibusser,0,Alle typer drivstoff,GjsnittKjorelengde,Gjennomsnittlig kjørelengde per kjøretøy (km),2015,2015,11649.0,
24,Minibusser,0,Alle typer drivstoff,GjsnittKjorelengde,Gjennomsnittlig kjørelengde per kjøretøy (km),2016,2016,11727.0,
24,Minibusser,0,Alle typer drivstoff,GjsnittKjorelengde,Gjennomsnittlig kjørelengde per kjøretøy (km),2017,2017,11669.0,
24,Minibusser,0,Alle typer drivstoff,GjsnittKjorelengde,Gjennomsnittlig kjørelengde per kjøretøy (km),2018,2018,12030.0,
24,Minibusser,0,Alle typer drivstoff,GjsnittKjorelengde,Gjennomsnittlig kjørelengde per kjøretøy (km),2019,2019,11919.0,
24,Minibusser,0,Alle typer drivstoff,GjsnittKjorelengde,Gjennomsnittlig kjørelengde per kjøretøy (km),2020,2020,10141.0,
24,Minibusser,0,Alle typer drivstoff,GjsnittKjorelengde,Gjennomsnittlig kjørelengde per kjøretøy (km),2021,2021,9385.0,
24,Minibusser,0,Alle typer drivstoff,GjsnittKjorelengde,Gjennomsnittlig kjørelengde per kjøretøy (km),2022,2022,10222.0,
24,Minibusser,0,Alle typer drivstoff,GjsnittKjorelengde,Gjennomsnittlig kjørelengde per kjøretøy (km),2023,2023,10786.0,
24,Minibusser,0,Alle typer drivstoff,GjsnittKjorelengde,Gjennomsnittlig kjørelengde per kjøretøy (km),2024,2024,10823.0,
24,Minibusser,0,Alle typer drivstoff,GjsnittKjorelengde,Gjennomsnittlig kjørelengde per kjøretøy (km),2025,2025,12320.0,
24,Minibusser,1,Bensin,Kjorelengde,Kjørelengde (mill. km),2005,2005,32.2,
24,Minibusser,1,Bensin,Kjorelengde,Kjørelengde (mill. km),2006,2006,27.6,
24,Minibusser,1,Bensin,Kjorelengde,Kjørelengde (mill. km),2007,2007,24.0,
24,Minibusser,1,Bensin,Kjorelengde,Kjørelengde (mill. km),2008,2008,18.4,
24,Minibusser,1,Bensin,Kjorelengde,Kjørelengde (mill. km),2009,2009,13.2,
24,Minibusser,1,Bensin,Kjorelengde,Kjørelengde (mill. km),2010,2010,9.8,
24,Minibusser,1,Bensin,Kjorelengde,Kjørelengde (mill. km),2011,2011,7.4,
24,Minibusser,1,Bensin,Kjorelengde,Kjørelengde (mill. km),2012,2012,5.7,
24,Minibusser,1,Bensin,Kjorelengde,Kjørelengde (mill. km),2013,2013,4.3,
24,Minibusser,1,Bensin,Kjorelengde,Kjørelengde (mill. km),2014,2014,3.1,
24,Minibusser,1,Bensin,Kjorelengde,Kjørelengde (mill. km),2015,2015,2.5,
24,Minibusser,1,Bensin,Kjorelengde,Kjørelengde (mill. km),2016,2016,,:
24,Minibusser,1,Bensin,Kjorelengde,Kjørelengde (mill. km),2017,2017,1.2,
24,Minibusser,1,Bensin,Kjorelengde,Kjørelengde (mill. km),2018,2018,0.9,
24,Minibusser,1,Bensin,Kjorelengde,Kjørelengde (mill. km),2019,2019,0.6,
24,Minibusser,1,Bensin,Kjorelengde,Kjørelengde (mill. km),2020,2020,0.5,
24,Minibusser,1,Bensin,Kjorelengde,Kjørelengde (mill. km),2021,2021,0.4,
24,Minibusser,1,Bensin,Kjorelengde,Kjørelengde (mill. km),2022,2022,0.3,
24,Minibusser,1,Bensin,Kjorelengde,Kjørelengde (mill. km),2023,2023,0.2,
24,Minibusser,1,Bensin,Kjorelengde,Kjørelengde (mill. km),2024,2024,0.2,
24,Minibusser,1,Bensin,Kjorelengde,Kjørelengde (mill. km),2025,2025,0.2,
24,Minibusser,1,Bensin,GjsnittKjorelengde,Gjennomsnittlig kjørelengde per kjøretøy (km),2005,2005,14202.0,
24,Minibusser,1,Bensin,GjsnittKjorelengde,Gjennomsnittlig kjørelengde per kjøretøy (km),2006,2006,13941.0,
24,Minibusser,1,Bensin,GjsnittKjorelengde,Gjennomsnittlig kjørelengde per kjøretøy (km),2007,2007,14051.0,
24,Minibusser,1,Bensin,GjsnittKjorelengde,Gjennomsnittlig kjørelengde per kjøretøy (km),2008,2008,13251.0,
24,Minibusser,1,Bensin,GjsnittKjorelengde,Gjennomsnittlig kjørelengde per kjøretøy (km),2009,2009,12306.0,
24,Minibusser,1,Bensin,GjsnittKjorelengde,Gjennomsnittlig kjørelengde per kjøretøy (km),2010,2010,10929.0,
24,Minibusser,1,Bensin,GjsnittKjorelengde,Gjennomsnittlig kjørelengde per kjøretøy (km),2011,2011,10176.0,
24,Minibusser,1,Bensin,GjsnittKjorelengde,Gjennomsnittlig kjørelengde per kjøretøy (km),2012,2012,9574.0,
24,Minibusser,1,Bensin,GjsnittKjorelengde,Gjennomsnittlig kjørelengde per kjøretøy (km),2013,2013,8816.0,
24,Minibusser,1,Bensin,GjsnittKjorelengde,Gjennomsnittlig kjørelengde per kjøretøy (km),2014,2014,7694.0,
24,Minibusser,1,Bensin,GjsnittKjorelengde,Gjennomsnittlig kjørelengde per kjøretøy (km),2015,2015,7496.0,
24,Minibusser,1,Bensin,GjsnittKjorelengde,Gjennomsnittlig kjørelengde per kjøretøy (km),2016,2016,,:
24,Minibusser,1,Bensin,GjsnittKjorelengde,Gjennomsnittlig kjørelengde per kjøretøy (km),2017,2017,4954.0,
24,Minibusser,1,Bensin,GjsnittKjorelengde,Gjennomsnittlig kjørelengde per kjøretøy (km),2018,2018,4744.0,
24,Minibusser,1,Bensin,GjsnittKjorelengde,Gjennomsnittlig kjørelengde per kjøretøy (km),2019,2019,3695.0,
24,Minibusser,1,Bensin,GjsnittKjorelengde,Gjennomsnittlig kjørelengde per kjøretøy (km),2020,2020,3636.0,
24,Minibusser,1,Bensin,GjsnittKjorelengde,Gjennomsnittlig kjørelengde per kjøretøy (km),2021,2021,2926.0,
24,Minibusser,1,Bensin,GjsnittKjorelengde,Gjennomsnittlig kjørelengde per kjøretøy (km),2022,2022,2772.0,
24,Minibusser,1,Bensin,GjsnittKjorelengde,Gjennomsnittlig kjørelengde per kjøretøy (km),2023,2023,1967.0,
24,Minibusser,1,Bensin,GjsnittKjorelengde,Gjennomsnittlig kjørelengde per kjøretøy (km),2024,2024,2259.0,
24,Minibusser,1,Bensin,GjsnittKjorelengde,Gjennomsnittlig kjørelengde per kjøretøy (km),2025,2025,2055.0,
24,Minibusser,2,Diesel,Kjorelengde,Kjørelengde (mill. km),2005,2005,285.0,
24,Minibusser,2,Diesel,Kjorelengde,Kjørelengde (mill. km),2006,2006,245.6,
24,Minibusser,2,Diesel,Kjorelengde,Kjørelengde (mill. km),2007,2007,217.1,
24,Minibusser,2,Diesel,Kjorelengde,Kjørelengde (mill. km),2008,2008,180.2,
24,Minibusser,2,Diesel,Kjorelengde,Kjørelengde (mill. km),2009,2009,140.2,
24,Minibusser,2,Diesel,Kjorelengde,Kjørelengde (mill. km),2010,2010,109.2,
24,Minibusser,2,Diesel,Kjorelengde,Kjørelengde (mill. km),2011,2011,90.3,
24,Minibusser,2,Diesel,Kjorelengde,Kjørelengde (mill. km),2012,2012,75.2,
24,Minibusser,2,Diesel,Kjorelengde,Kjørelengde (mill. km),2013,2013,61.3,
24,Minibusser,2,Diesel,Kjorelengde,Kjørelengde (mill. km),2014,2014,53.7,
24,Minibusser,2,Diesel,Kjorelengde,Kjørelengde (mill. km),2015,2015,46.9,
24,Minibusser,2,Diesel,Kjorelengde,Kjørelengde (mill. km),2016,2016,42.1,
24,Minibusser,2,Diesel,Kjorelengde,Kjørelengde (mill. km),2017,2017,38.5,
24,Minibusser,2,Diesel,Kjorelengde,Kjørelengde (mill. km),2018,2018,32.6,
24,Minibusser,2,Diesel,Kjorelengde,Kjørelengde (mill. km),2019,2019,28.2,
24,Minibusser,2,Diesel,Kjorelengde,Kjørelengde (mill. km),2020,2020,21.8,
24,Minibusser,2,Diesel,Kjorelengde,Kjørelengde (mill. km),2021,2021,17.7,
24,Minibusser,2,Diesel,Kjorelengde,Kjørelengde (mill. km),2022,2022,18.4,
24,Minibusser,2,Diesel,Kjorelengde,Kjørelengde (mill. km),2023,2023,16.2,
24,Minibusser,2,Diesel,Kjorelengde,Kjørelengde (mill. km),2024,2024,14.7,
24,Minibusser,2,Diesel,Kjorelengde,Kjørelengde (mill. km),2025,2025,14.7,
24,Minibusser,2,Diesel,GjsnittKjorelengde,Gjennomsnittlig kjørelengde per kjøretøy (km),2005,2005,17700.0,
24,Minibusser,2,Diesel,GjsnittKjorelengde,Gjennomsnittlig kjørelengde per kjøretøy (km),2006,2006,17028.0,
24,Minibusser,2,Diesel,GjsnittKjorelengde,Gjennomsnittlig kjørelengde per kjøretøy (km),2007,2007,17160.0,
24,Minibusser,2,Diesel,GjsnittKjorelengde,Gjennomsnittlig kjørelengde per kjøretøy (km),2008,2008,16423.0,
24,Minibusser,2,Diesel,GjsnittKjorelengde,Gjennomsnittlig kjørelengde per kjøretøy (km),2009,2009,15349.0,
24,Minibusser,2,Diesel,GjsnittKjorelengde,Gjennomsnittlig kjørelengde per kjøretøy (km),2010,2010,14215.0,
24,Minibusser,2,Diesel,GjsnittKjorelengde,Gjennomsnittlig kjørelengde per kjøretøy (km),2011,2011,13625.0,
24,Minibusser,2,Diesel,GjsnittKjorelengde,Gjennomsnittlig kjørelengde per kjøretøy (km),2012,2012,13202.0,
24,Minibusser,2,Diesel,GjsnittKjorelengde,Gjennomsnittlig kjørelengde per kjøretøy (km),2013,2013,12290.0,
24,Minibusser,2,Diesel,GjsnittKjorelengde,Gjennomsnittlig kjørelengde per kjøretøy (km),2014,2014,12218.0,
24,Minibusser,2,Diesel,GjsnittKjorelengde,Gjennomsnittlig kjørelengde per kjøretøy (km),2015,2015,12004.0,
24,Minibusser,2,Diesel,GjsnittKjorelengde,Gjennomsnittlig kjørelengde per kjøretøy (km),2016,2016,12217.0,
24,Minibusser,2,Diesel,GjsnittKjorelengde,Gjennomsnittlig kjørelengde per kjøretøy (km),2017,2017,12246.0,
24,Minibusser,2,Diesel,GjsnittKjorelengde,Gjennomsnittlig kjørelengde per kjøretøy (km),2018,2018,12069.0,
24,Minibusser,2,Diesel,GjsnittKjorelengde,Gjennomsnittlig kjørelengde per kjøretøy (km),2019,2019,11680.0,
24,Minibusser,2,Diesel,GjsnittKjorelengde,Gjennomsnittlig kjørelengde per kjøretøy (km),2020,2020,9890.0,
24,Minibusser,2,Diesel,GjsnittKjorelengde,Gjennomsnittlig kjørelengde per kjøretøy (km),2021,2021,8951.0,
24,Minibusser,2,Diesel,GjsnittKjorelengde,Gjennomsnittlig kjørelengde per kjøretøy (km),2022,2022,9921.0,
24,Minibusser,2,Diesel,GjsnittKjorelengde,Gjennomsnittlig kjørelengde per kjøretøy (km),2023,2023,9807.0,
24,Minibusser,2,Diesel,GjsnittKjorelengde,Gjennomsnittlig kjørelengde per kjøretøy (km),2024,2024,9696.0,
24,Minibusser,2,Diesel,GjsnittKjorelengde,Gjennomsnittlig kjørelengde per kjøretøy (km),2025,2025,10538.0,
24,Minibusser,18,Elektrisitet,Kjorelengde,Kjørelengde (mill. km),2005,2005,,.
24,Minibusser,18,Elektrisitet,Kjorelengde,Kjørelengde (mill. km),2006,2006,,.
24,Minibusser,18,Elektrisitet,Kjorelengde,Kjørelengde (mill. km),2007,2007,,.
24,Minibusser,18,Elektrisitet,Kjorelengde,Kjørelengde (mill. km),2008,2008,,:
24,Minibusser,18,Elektrisitet,Kjorelengde,Kjørelengde (mill. km),2009,2009,,:
24,Minibusser,18,Elektrisitet,Kjorelengde,Kjørelengde (mill. km),2010,2010,,:
24,Minibusser,18,Elektrisitet,Kjorelengde,Kjørelengde (mill. km),2011,2011,,:
24,Minibusser,18,Elektrisitet,Kjorelengde,Kjørelengde (mill. km),2012,2012,,:
24,Minibusser,18,Elektrisitet,Kjorelengde,Kjørelengde (mill. km),2013,2013,,:
24,Minibusser,18,Elektrisitet,Kjorelengde,Kjørelengde (mill. km),2014,2014,,:
24,Minibusser,18,Elektrisitet,Kjorelengde,Kjørelengde (mill. km),2015,2015,,.
24,Minibusser,18,Elektrisitet,Kjorelengde,Kjørelengde (mill. km),2016,2016,,.
24,Minibusser,18,Elektrisitet,Kjorelengde,Kjørelengde (mill. km),2017,2017,,:
24,Minibusser,18,Elektrisitet,Kjorelengde,Kjørelengde (mill. km),2018,2018,,:
24,Minibusser,18,Elektrisitet,Kjorelengde,Kjørelengde (mill. km),2019,2019,0.3,
24,Minibusser,18,Elektrisitet,Kjorelengde,Kjørelengde (mill. km),2020,2020,0.4,
24,Minibusser,18,Elektrisitet,Kjorelengde,Kjørelengde (mill. km),2021,2021,0.8,
24,Minibusser,18,Elektrisitet,Kjorelengde,Kjørelengde (mill. km),2022,2022,1.3,
24,Minibusser,18,Elektrisitet,Kjorelengde,Kjørelengde (mill. km),2023,2023,3.5,
24,Minibusser,18,Elektrisitet,Kjorelengde,Kjørelengde (mill. km),2024,2024,4.3,
24,Minibusser,18,Elektrisitet,Kjorelengde,Kjørelengde (mill. km),2025,2025,8.2,
24,Minibusser,18,Elektrisitet,GjsnittKjorelengde,Gjennomsnittlig kjørelengde per kjøretøy (km),2005,2005,,.
24,Minibusser,18,Elektrisitet,GjsnittKjorelengde,Gjennomsnittlig kjørelengde per kjøretøy (km),2006,2006,,.
24,Minibusser,18,Elektrisitet,GjsnittKjorelengde,Gjennomsnittlig kjørelengde per kjøretøy (km),2007,2007,,.
24,Minibusser,18,Elektrisitet,GjsnittKjorelengde,Gjennomsnittlig kjørelengde per kjøretøy (km),2008,2008,,:
24,Minibusser,18,Elektrisitet,GjsnittKjorelengde,Gjennomsnittlig kjørelengde per kjøretøy (km),2009,2009,,:
24,Minibusser,18,Elektrisitet,GjsnittKjorelengde,Gjennomsnittlig kjørelengde per kjøretøy (km),2010,2010,,:
24,Minibusser,18,Elektrisitet,GjsnittKjorelengde,Gjennomsnittlig kjørelengde per kjøretøy (km),2011,2011,,:
24,Minibusser,18,Elektrisitet,GjsnittKjorelengde,Gjennomsnittlig kjørelengde per kjøretøy (km),2012,2012,,:
24,Minibusser,18,Elektrisitet,GjsnittKjorelengde,Gjennomsnittlig kjørelengde per kjøretøy (km),2013,2013,,:
24,Minibusser,18,Elektrisitet,GjsnittKjorelengde,Gjennomsnittlig kjørelengde per kjøretøy (km),2014,2014,,:
24,Minibusser,18,Elektrisitet,GjsnittKjorelengde,Gjennomsnittlig kjørelengde per kjøretøy (km),2015,2015,,.
24,Minibusser,18,Elektrisitet,GjsnittKjorelengde,Gjennomsnittlig kjørelengde per kjøretøy (km),2016,2016,,.
24,Minibusser,18,Elektrisitet,GjsnittKjorelengde,Gjennomsnittlig kjørelengde per kjøretøy (km),2017,2017,,:
24,Minibusser,18,Elektrisitet,GjsnittKjorelengde,Gjennomsnittlig kjørelengde per kjøretøy (km),2018,2018,,:
24,Minibusser,18,Elektrisitet,GjsnittKjorelengde,Gjennomsnittlig kjørelengde per kjøretøy (km),2019,2019,26755.0,
24,Minibusser,18,Elektrisitet,GjsnittKjorelengde,Gjennomsnittlig kjørelengde per kjøretøy (km),2020,2020,8189.0,
24,Minibusser,18,Elektrisitet,GjsnittKjorelengde,Gjennomsnittlig kjørelengde per kjøretøy (km),2021,2021,14107.0,
24,Minibusser,18,Elektrisitet,GjsnittKjorelengde,Gjennomsnittlig kjørelengde per kjøretøy (km),2022,2022,9906.0,
24,Minibusser,18,Elektrisitet,GjsnittKjorelengde,Gjennomsnittlig kjørelengde per kjøretøy (km),2023,2023,19314.0,
24,Minibusser,18,Elektrisitet,GjsnittKjorelengde,Gjennomsnittlig kjørelengde per kjøretøy (km),2024,2024,16539.0,
24,Minibusser,18,Elektrisitet,GjsnittKjorelengde,Gjennomsnittlig kjørelengde per kjøretøy (km),2025,2025,19595.0,
24,Minibusser,14,"Bensin hybrid, ladbar",Kjorelengde,Kjørelengde (mill. km),2005,2005,,.
24,Minibusser,14,"Bensin hybrid, ladbar",Kjorelengde,Kjørelengde (mill. km),2006,2006,,.
24,Minibusser,14,"Bensin hybrid, ladbar",Kjorelengde,Kjørelengde (mill. km),2007,2007,,.
24,Minibusser,14,"Bensin hybrid, ladbar",Kjorelengde,Kjørelengde (mill. km),2008,2008,,.
24,Minibusser,14,"Bensin hybrid, ladbar",Kjorelengde,Kjørelengde (mill. km),2009,2009,,.
24,Minibusser,14,"Bensin hybrid, ladbar",Kjorelengde,Kjørelengde (mill. km),2010,2010,,.
24,Minibusser,14,"Bensin hybrid, ladbar",Kjorelengde,Kjørelengde (mill. km),2011,2011,,.
24,Minibusser,14,"Bensin hybrid, ladbar",Kjorelengde,Kjørelengde (mill. km),2012,2012,,.
24,Minibusser,14,"Bensin hybrid, ladbar",Kjorelengde,Kjørelengde (mill. km),2013,2013,,.
24,Minibusser,14,"Bensin hybrid, ladbar",Kjorelengde,Kjørelengde (mill. km),2014,2014,,.
24,Minibusser,14,"Bensin hybrid, ladbar",Kjorelengde,Kjørelengde (mill. km),2015,2015,,.
24,Minibusser,14,"Bensin hybrid, ladbar",Kjorelengde,Kjørelengde (mill. km),2016,2016,,.
24,Minibusser,14,"Bensin hybrid, ladbar",Kjorelengde,Kjørelengde (mill. km),2017,2017,,.
24,Minibusser,14,"Bensin hybrid, ladbar",Kjorelengde,Kjørelengde (mill. km),2018,2018,,.
24,Minibusser,14,"Bensin hybrid, ladbar",Kjorelengde,Kjørelengde (mill. km),2019,2019,,.
24,Minibusser,14,"Bensin hybrid, ladbar",Kjorelengde,Kjørelengde (mill. km),2020,2020,,.
24,Minibusser,14,"Bensin hybrid, ladbar",Kjorelengde,Kjørelengde (mill. km),2021,2021,,.
24,Minibusser,14,"Bensin hybrid, ladbar",Kjorelengde,Kjørelengde (mill. km),2022,2022,,.
24,Minibusser,14,"Bensin hybrid, ladbar",Kjorelengde,Kjørelengde (mill. km),2023,2023,,.
24,Minibusser,14,"Bensin hybrid, ladbar",Kjorelengde,Kjørelengde (mill. km),2024,2024,,.
24,Minibusser,14,"Bensin hybrid, ladbar",Kjorelengde,Kjørelengde (mill. km),2025,2025,,.
24,Minibusser,14,"Bensin hybrid, ladbar",GjsnittKjorelengde,Gjennomsnittlig kjørelengde per kjøretøy (km),2005,2005,,.
24,Minibusser,14,"Bensin hybrid, ladbar",GjsnittKjorelengde,Gjennomsnittlig kjørelengde per kjøretøy (km),2006,2006,,.
24,Minibusser,14,"Bensin hybrid, ladbar",GjsnittKjorelengde,Gjennomsnittlig kjørelengde per kjøretøy (km),2007,2007,,.
24,Minibusser,14,"Bensin hybrid, ladbar",GjsnittKjorelengde,Gjennomsnittlig kjørelengde per kjøretøy (km),2008,2008,,.
24,Minibusser,14,"Bensin hybrid, ladbar",GjsnittKjorelengde,Gjennomsnittlig kjørelengde per kjøretøy (km),2009,2009,,.
24,Minibusser,14,"Bensin hybrid, ladbar",GjsnittKjorelengde,Gjennomsnittlig kjørelengde per kjøretøy (km),2010,2010,,.
24,Minibusser,14,"Bensin hybrid, ladbar",GjsnittKjorelengde,Gjennomsnittlig kjørelengde per kjøretøy (km),2011,2011,,.
24,Minibusser,14,"Bensin hybrid, ladbar",GjsnittKjorelengde,Gjennomsnittlig kjørelengde per kjøretøy (km),2012,2012,,.
24,Minibusser,14,"Bensin hybrid, ladbar",GjsnittKjorelengde,Gjennomsnittlig kjørelengde per kjøretøy (km),2013,2013,,.
24,Minibusser,14,"Bensin hybrid, ladbar",GjsnittKjorelengde,Gjennomsnittlig kjørelengde per kjøretøy (km),2014,2014,,.
24,Minibusser,14,"Bensin hybrid, ladbar",GjsnittKjorelengde,Gjennomsnittlig kjørelengde per kjøretøy (km),2015,2015,,.
24,Minibusser,14,"Bensin hybrid, ladbar",GjsnittKjorelengde,Gjennomsnittlig kjørelengde per kjøretøy (km),2016,2016,,.
24,Minibusser,14,"Bensin hybrid, ladbar",GjsnittKjorelengde,Gjennomsnittlig kjørelengde per kjøretøy (km),2017,2017,,.
24,Minibusser,14,"Bensin hybrid, ladbar",GjsnittKjorelengde,Gjennomsnittlig kjørelengde per kjøretøy (km),2018,2018,,.
24,Minibusser,14,"Bensin hybrid, ladbar",GjsnittKjorelengde,Gjennomsnittlig kjørelengde per kjøretøy (km),2019,2019,,.
24,Minibusser,14,"Bensin hybrid, ladbar",GjsnittKjorelengde,Gjennomsnittlig kjørelengde per kjøretøy (km),2020,2020,,.
24,Minibusser,14,"Bensin hybrid, ladbar",GjsnittKjorelengde,Gjennomsnittlig kjørelengde per kjøretøy (km),2021,2021,,.
24,Minibusser,14,"Bensin hybrid, ladbar",GjsnittKjorelengde,Gjennomsnittlig kjørelengde per kjøretøy (km),2022,2022,,.
24,Minibusser,14,"Bensin hybrid, ladbar",GjsnittKjorelengde,Gjennomsnittlig kjørelengde per kjøretøy (km),2023,2023,,.
24,Minibusser,14,"Bensin hybrid, ladbar",GjsnittKjorelengde,Gjennomsnittlig kjørelengde per kjøretøy (km),2024,2024,,.
24,Minibusser,14,"Bensin hybrid, ladbar",GjsnittKjorelengde,Gjennomsnittlig kjørelengde per kjøretøy (km),2025,2025,,.
24,Minibusser,15,"Bensin hybrid, ikke ladbar",Kjorelengde,Kjørelengde (mill. km),2005,2005,,.
24,Minibusser,15,"Bensin hybrid, ikke ladbar",Kjorelengde,Kjørelengde (mill. km),2006,2006,,.
24,Minibusser,15,"Bensin hybrid, ikke ladbar",Kjorelengde,Kjørelengde (mill. km),2007,2007,,.
24,Minibusser,15,"Bensin hybrid, ikke ladbar",Kjorelengde,Kjørelengde (mill. km),2008,2008,,.
24,Minibusser,15,"Bensin hybrid, ikke ladbar",Kjorelengde,Kjørelengde (mill. km),2009,2009,,.
24,Minibusser,15,"Bensin hybrid, ikke ladbar",Kjorelengde,Kjørelengde (mill. km),2010,2010,,.
24,Minibusser,15,"Bensin hybrid, ikke ladbar",Kjorelengde,Kjørelengde (mill. km),2011,2011,,.
24,Minibusser,15,"Bensin hybrid, ikke ladbar",Kjorelengde,Kjørelengde (mill. km),2012,2012,,.
24,Minibusser,15,"Bensin hybrid, ikke ladbar",Kjorelengde,Kjørelengde (mill. km),2013,2013,,.
24,Minibusser,15,"Bensin hybrid, ikke ladbar",Kjorelengde,Kjørelengde (mill. km),2014,2014,,.
24,Minibusser,15,"Bensin hybrid, ikke ladbar",Kjorelengde,Kjørelengde (mill. km),2015,2015,,.
24,Minibusser,15,"Bensin hybrid, ikke ladbar",Kjorelengde,Kjørelengde (mill. km),2016,2016,,.
24,Minibusser,15,"Bensin hybrid, ikke ladbar",Kjorelengde,Kjørelengde (mill. km),2017,2017,,.
24,Minibusser,15,"Bensin hybrid, ikke ladbar",Kjorelengde,Kjørelengde (mill. km),2018,2018,,.
24,Minibusser,15,"Bensin hybrid, ikke ladbar",Kjorelengde,Kjørelengde (mill. km),2019,2019,,.
24,Minibusser,15,"Bensin hybrid, ikke ladbar",Kjorelengde,Kjørelengde (mill. km),2020,2020,,.
24,Minibusser,15,"Bensin hybrid, ikke ladbar",Kjorelengde,Kjørelengde (mill. km),2021,2021,,.
24,Minibusser,15,"Bensin hybrid, ikke ladbar",Kjorelengde,Kjørelengde (mill. km),2022,2022,,.
24,Minibusser,15,"Bensin hybrid, ikke ladbar",Kjorelengde,Kjørelengde (mill. km),2023,2023,,.
24,Minibusser,15,"Bensin hybrid, ikke ladbar",Kjorelengde,Kjørelengde (mill. km),2024,2024,,.
24,Minibusser,15,"Bensin hybrid, ikke ladbar",Kjorelengde,Kjørelengde (mill. km),2025,2025,,.
24,Minibusser,15,"Bensin hybrid, ikke ladbar",GjsnittKjorelengde,Gjennomsnittlig kjørelengde per kjøretøy (km),2005,2005,,.
24,Minibusser,15,"Bensin hybrid, ikke ladbar",GjsnittKjorelengde,Gjennomsnittlig kjørelengde per kjøretøy (km),2006,2006,,.
24,Minibusser,15,"Bensin hybrid, ikke ladbar",GjsnittKjorelengde,Gjennomsnittlig kjørelengde per kjøretøy (km),2007,2007,,.
24,Minibusser,15,"Bensin hybrid, ikke ladbar",GjsnittKjorelengde,Gjennomsnittlig kjørelengde per kjøretøy (km),2008,2008,,.
24,Minibusser,15,"Bensin hybrid, ikke ladbar",GjsnittKjorelengde,Gjennomsnittlig kjørelengde per kjøretøy (km),2009,2009,,.
24,Minibusser,15,"Bensin hybrid, ikke ladbar",GjsnittKjorelengde,Gjennomsnittlig kjørelengde per kjøretøy (km),2010,2010,,.
24,Minibusser,15,"Bensin hybrid, ikke ladbar",GjsnittKjorelengde,Gjennomsnittlig kjørelengde per kjøretøy (km),2011,2011,,.
24,Minibusser,15,"Bensin hybrid, ikke ladbar",GjsnittKjorelengde,Gjennomsnittlig kjørelengde per kjøretøy (km),2012,2012,,.
24,Minibusser,15,"Bensin hybrid, ikke ladbar",GjsnittKjorelengde,Gjennomsnittlig kjørelengde per kjøretøy (km),2013,2013,,.
24,Minibusser,15,"Bensin hybrid, ikke ladbar",GjsnittKjorelengde,Gjennomsnittlig kjørelengde per kjøretøy (km),2014,2014,,.
24,Minibusser,15,"Bensin hybrid, ikke ladbar",GjsnittKjorelengde,Gjennomsnittlig kjørelengde per kjøretøy (km),2015,2015,,.
24,Minibusser,15,"Bensin hybrid, ikke ladbar",GjsnittKjorelengde,Gjennomsnittlig kjørelengde per kjøretøy (km),2016,2016,,.
24,Minibusser,15,"Bensin hybrid, ikke ladbar",GjsnittKjorelengde,Gjennomsnittlig kjørelengde per kjøretøy (km),2017,2017,,.
24,Minibusser,15,"Bensin hybrid, ikke ladbar",GjsnittKjorelengde,Gjennomsnittlig kjørelengde per kjøretøy (km),2018,2018,,.
24,Minibusser,15,"Bensin hybrid, ikke ladbar",GjsnittKjorelengde,Gjennomsnittlig kjørelengde per kjøretøy (km),2019,2019,,.
24,Minibusser,15,"Bensin hybrid, ikke ladbar",GjsnittKjorelengde,Gjennomsnittlig kjørelengde per kjøretøy (km),2020,2020,,.
24,Minibusser,15,"Bensin hybrid, ikke ladbar",GjsnittKjorelengde,Gjennomsnittlig kjørelengde per kjøretøy (km),2021,2021,,.
24,Minibusser,15,"Bensin hybrid, ikke ladbar",GjsnittKjorelengde,Gjennomsnittlig kjørelengde per kjøretøy (km),2022,2022,,.
24,Minibusser,15,"Bensin hybrid, ikke ladbar",GjsnittKjorelengde,Gjennomsnittlig kjørelengde per kjøretøy (km),2023,2023,,.
24,Minibusser,15,"Bensin hybrid, ikke ladbar",GjsnittKjorelengde,Gjennomsnittlig kjørelengde per kjøretøy (km),2024,2024,,.
24,Minibusser,15,"Bensin hybrid, ikke ladbar",GjsnittKjorelengde,Gjennomsnittlig kjørelengde per kjøretøy (km),2025,2025,,.
24,Minibusser,16,"Diesel hybrid, ladbar",Kjorelengde,Kjørelengde (mill. km),2005,2005,,.
24,Minibusser,16,"Diesel hybrid, ladbar",Kjorelengde,Kjørelengde (mill. km),2006,2006,,.
24,Minibusser,16,"Diesel hybrid, ladbar",Kjorelengde,Kjørelengde (mill. km),2007,2007,,.
24,Minibusser,16,"Diesel hybrid, ladbar",Kjorelengde,Kjørelengde (mill. km),2008,2008,,.
24,Minibusser,16,"Diesel hybrid, ladbar",Kjorelengde,Kjørelengde (mill. km),2009,2009,,.
24,Minibusser,16,"Diesel hybrid, ladbar",Kjorelengde,Kjørelengde (mill. km),2010,2010,,.
24,Minibusser,16,"Diesel hybrid, ladbar",Kjorelengde,Kjørelengde (mill. km),2011,2011,,.
24,Minibusser,16,"Diesel hybrid, ladbar",Kjorelengde,Kjørelengde (mill. km),2012,2012,,.
24,Minibusser,16,"Diesel hybrid, ladbar",Kjorelengde,Kjørelengde (mill. km),2013,2013,,.
24,Minibusser,16,"Diesel hybrid, ladbar",Kjorelengde,Kjørelengde (mill. km),2014,2014,,.
24,Minibusser,16,"Diesel hybrid, ladbar",Kjorelengde,Kjørelengde (mill. km),2015,2015,,.
24,Minibusser,16,"Diesel hybrid, ladbar",Kjorelengde,Kjørelengde (mill. km),2016,2016,,.
24,Minibusser,16,"Diesel hybrid, ladbar",Kjorelengde,Kjørelengde (mill. km),2017,2017,,.
24,Minibusser,16,"Diesel hybrid, ladbar",Kjorelengde,Kjørelengde (mill. km),2018,2018,,:
24,Minibusser,16,"Diesel hybrid, ladbar",Kjorelengde,Kjørelengde (mill. km),2019,2019,0.2,
24,Minibusser,16,"Diesel hybrid, ladbar",Kjorelengde,Kjørelengde (mill. km),2020,2020,0.2,
24,Minibusser,16,"Diesel hybrid, ladbar",Kjorelengde,Kjørelengde (mill. km),2021,2021,0.2,
24,Minibusser,16,"Diesel hybrid, ladbar",Kjorelengde,Kjørelengde (mill. km),2022,2022,0.2,
24,Minibusser,16,"Diesel hybrid, ladbar",Kjorelengde,Kjørelengde (mill. km),2023,2023,0.2,
24,Minibusser,16,"Diesel hybrid, ladbar",Kjorelengde,Kjørelengde (mill. km),2024,2024,0.1,
24,Minibusser,16,"Diesel hybrid, ladbar",Kjorelengde,Kjørelengde (mill. km),2025,2025,0.2,
24,Minibusser,16,"Diesel hybrid, ladbar",GjsnittKjorelengde,Gjennomsnittlig kjørelengde per kjøretøy (km),2005,2005,,.
24,Minibusser,16,"Diesel hybrid, ladbar",GjsnittKjorelengde,Gjennomsnittlig kjørelengde per kjøretøy (km),2006,2006,,.
24,Minibusser,16,"Diesel hybrid, ladbar",GjsnittKjorelengde,Gjennomsnittlig kjørelengde per kjøretøy (km),2007,2007,,.
24,Minibusser,16,"Diesel hybrid, ladbar",GjsnittKjorelengde,Gjennomsnittlig kjørelengde per kjøretøy (km),2008,2008,,.
24,Minibusser,16,"Diesel hybrid, ladbar",GjsnittKjorelengde,Gjennomsnittlig kjørelengde per kjøretøy (km),2009,2009,,.
24,Minibusser,16,"Diesel hybrid, ladbar",GjsnittKjorelengde,Gjennomsnittlig kjørelengde per kjøretøy (km),2010,2010,,.
24,Minibusser,16,"Diesel hybrid, ladbar",GjsnittKjorelengde,Gjennomsnittlig kjørelengde per kjøretøy (km),2011,2011,,.
24,Minibusser,16,"Diesel hybrid, ladbar",GjsnittKjorelengde,Gjennomsnittlig kjørelengde per kjøretøy (km),2012,2012,,.
24,Minibusser,16,"Diesel hybrid, ladbar",GjsnittKjorelengde,Gjennomsnittlig kjørelengde per kjøretøy (km),2013,2013,,.
24,Minibusser,16,"Diesel hybrid, ladbar",GjsnittKjorelengde,Gjennomsnittlig kjørelengde per kjøretøy (km),2014,2014,,.
24,Minibusser,16,"Diesel hybrid, ladbar",GjsnittKjorelengde,Gjennomsnittlig kjørelengde per kjøretøy (km),2015,2015,,.
24,Minibusser,16,"Diesel hybrid, ladbar",GjsnittKjorelengde,Gjennomsnittlig kjørelengde per kjøretøy (km),2016,2016,,.
24,Minibusser,16,"Diesel hybrid, ladbar",GjsnittKjorelengde,Gjennomsnittlig kjørelengde per kjøretøy (km),2017,2017,,.
24,Minibusser,16,"Diesel hybrid, ladbar",GjsnittKjorelengde,Gjennomsnittlig kjørelengde per kjøretøy (km),2018,2018,,:
24,Minibusser,16,"Diesel hybrid, ladbar",GjsnittKjorelengde,Gjennomsnittlig kjørelengde per kjøretøy (km),2019,2019,17003.0,
24,Minibusser,16,"Diesel hybrid, ladbar",GjsnittKjorelengde,Gjennomsnittlig kjørelengde per kjøretøy (km),2020,2020,21491.0,
24,Minibusser,16,"Diesel hybrid, ladbar",GjsnittKjorelengde,Gjennomsnittlig kjørelengde per kjøretøy (km),2021,2021,20957.0,
24,Minibusser,16,"Diesel hybrid, ladbar",GjsnittKjorelengde,Gjennomsnittlig kjørelengde per kjøretøy (km),2022,2022,19021.0,
24,Minibusser,16,"Diesel hybrid, ladbar",GjsnittKjorelengde,Gjennomsnittlig kjørelengde per kjøretøy (km),2023,2023,17845.0,
24,Minibusser,16,"Diesel hybrid, ladbar",GjsnittKjorelengde,Gjennomsnittlig kjørelengde per kjøretøy (km),2024,2024,14741.0,
24,Minibusser,16,"Diesel hybrid, ladbar",GjsnittKjorelengde,Gjennomsnittlig kjørelengde per kjøretøy (km),2025,2025,16391.0,
24,Minibusser,17,"Diesel hybrid, ikke ladbar",Kjorelengde,Kjørelengde (mill. km),2005,2005,,.
24,Minibusser,17,"Diesel hybrid, ikke ladbar",Kjorelengde,Kjørelengde (mill. km),2006,2006,,.
24,Minibusser,17,"Diesel hybrid, ikke ladbar",Kjorelengde,Kjørelengde (mill. km),2007,2007,,.
24,Minibusser,17,"Diesel hybrid, ikke ladbar",Kjorelengde,Kjørelengde (mill. km),2008,2008,,.
24,Minibusser,17,"Diesel hybrid, ikke ladbar",Kjorelengde,Kjørelengde (mill. km),2009,2009,,.
24,Minibusser,17,"Diesel hybrid, ikke ladbar",Kjorelengde,Kjørelengde (mill. km),2010,2010,,.
24,Minibusser,17,"Diesel hybrid, ikke ladbar",Kjorelengde,Kjørelengde (mill. km),2011,2011,,.
24,Minibusser,17,"Diesel hybrid, ikke ladbar",Kjorelengde,Kjørelengde (mill. km),2012,2012,,.
24,Minibusser,17,"Diesel hybrid, ikke ladbar",Kjorelengde,Kjørelengde (mill. km),2013,2013,,.
24,Minibusser,17,"Diesel hybrid, ikke ladbar",Kjorelengde,Kjørelengde (mill. km),2014,2014,,.
24,Minibusser,17,"Diesel hybrid, ikke ladbar",Kjorelengde,Kjørelengde (mill. km),2015,2015,,.
24,Minibusser,17,"Diesel hybrid, ikke ladbar",Kjorelengde,Kjørelengde (mill. km),2016,2016,,.
24,Minibusser,17,"Diesel hybrid, ikke ladbar",Kjorelengde,Kjørelengde (mill. km),2017,2017,,.
24,Minibusser,17,"Diesel hybrid, ikke ladbar",Kjorelengde,Kjørelengde (mill. km),2018,2018,,.
24,Minibusser,17,"Diesel hybrid, ikke ladbar",Kjorelengde,Kjørelengde (mill. km),2019,2019,,.
24,Minibusser,17,"Diesel hybrid, ikke ladbar",Kjorelengde,Kjørelengde (mill. km),2020,2020,,.
24,Minibusser,17,"Diesel hybrid, ikke ladbar",Kjorelengde,Kjørelengde (mill. km),2021,2021,,.
24,Minibusser,17,"Diesel hybrid, ikke ladbar",Kjorelengde,Kjørelengde (mill. km),2022,2022,,.
24,Minibusser,17,"Diesel hybrid, ikke ladbar",Kjorelengde,Kjørelengde (mill. km),2023,2023,,.
24,Minibusser,17,"Diesel hybrid, ikke ladbar",Kjorelengde,Kjørelengde (mill. km),2024,2024,,.
24,Minibusser,17,"Diesel hybrid, ikke ladbar",Kjorelengde,Kjørelengde (mill. km),2025,2025,,.
24,Minibusser,17,"Diesel hybrid, ikke ladbar",GjsnittKjorelengde,Gjennomsnittlig kjørelengde per kjøretøy (km),2005,2005,,.
24,Minibusser,17,"Diesel hybrid, ikke ladbar",GjsnittKjorelengde,Gjennomsnittlig kjørelengde per kjøretøy (km),2006,2006,,.
24,Minibusser,17,"Diesel hybrid, ikke ladbar",GjsnittKjorelengde,Gjennomsnittlig kjørelengde per kjøretøy (km),2007,2007,,.
24,Minibusser,17,"Diesel hybrid, ikke ladbar",GjsnittKjorelengde,Gjennomsnittlig kjørelengde per kjøretøy (km),2008,2008,,.
24,Minibusser,17,"Diesel hybrid, ikke ladbar",GjsnittKjorelengde,Gjennomsnittlig kjørelengde per kjøretøy (km),2009,2009,,.
24,Minibusser,17,"Diesel hybrid, ikke ladbar",GjsnittKjorelengde,Gjennomsnittlig kjørelengde per kjøretøy (km),2010,2010,,.
24,Minibusser,17,"Diesel hybrid, ikke ladbar",GjsnittKjorelengde,Gjennomsnittlig kjørelengde per kjøretøy (km),2011,2011,,.
24,Minibusser,17,"Diesel hybrid, ikke ladbar",GjsnittKjorelengde,Gjennomsnittlig kjørelengde per kjøretøy (km),2012,2012,,.
24,Minibusser,17,"Diesel hybrid, ikke ladbar",GjsnittKjorelengde,Gjennomsnittlig kjørelengde per kjøretøy (km),2013,2013,,.
24,Minibusser,17,"Diesel hybrid, ikke ladbar",GjsnittKjorelengde,Gjennomsnittlig kjørelengde per kjøretøy (km),2014,2014,,.
24,Minibusser,17,"Diesel hybrid, ikke ladbar",GjsnittKjorelengde,Gjennomsnittlig kjørelengde per kjøretøy (km),2015,2015,,.
24,Minibusser,17,"Diesel hybrid, ikke ladbar",GjsnittKjorelengde,Gjennomsnittlig kjørelengde per kjøretøy (km),2016,2016,,.
24,Minibusser,17,"Diesel hybrid, ikke ladbar",GjsnittKjorelengde,Gjennomsnittlig kjørelengde per kjøretøy (km),2017,2017,,.
24,Minibusser,17,"Diesel hybrid, ikke ladbar",GjsnittKjorelengde,Gjennomsnittlig kjørelengde per kjøretøy (km),2018,2018,,.
24,Minibusser,17,"Diesel hybrid, ikke ladbar",GjsnittKjorelengde,Gjennomsnittlig kjørelengde per kjøretøy (km),2019,2019,,.
24,Minibusser,17,"Diesel hybrid, ikke ladbar",GjsnittKjorelengde,Gjennomsnittlig kjørelengde per kjøretøy (km),2020,2020,,.
24,Minibusser,17,"Diesel hybrid, ikke ladbar",GjsnittKjorelengde,Gjennomsnittlig kjørelengde per kjøretøy (km),2021,2021,,.
24,Minibusser,17,"Diesel hybrid, ikke ladbar",GjsnittKjorelengde,Gjennomsnittlig kjørelengde per kjøretøy (km),2022,2022,,.
24,Minibusser,17,"Diesel hybrid, ikke ladbar",GjsnittKjorelengde,Gjennomsnittlig kjørelengde per kjøretøy (km),2023,2023,,.
24,Minibusser,17,"Diesel hybrid, ikke ladbar",GjsnittKjorelengde,Gjennomsnittlig kjørelengde per kjøretøy (km),2024,2024,,.
24,Minibusser,17,"Diesel hybrid, ikke ladbar",GjsnittKjorelengde,Gjennomsnittlig kjørelengde per kjøretøy (km),2025,2025,,.
24,Minibusser,3,Parafin,Kjorelengde,Kjørelengde (mill. km),2005,2005,,.
24,Minibusser,3,Parafin,Kjorelengde,Kjørelengde (mill. km),2006,2006,,.
24,Minibusser,3,Parafin,Kjorelengde,Kjørelengde (mill. km),2007,2007,,.
24,Minibusser,3,Parafin,Kjorelengde,Kjørelengde (mill. km),2008,2008,,.
24,Minibusser,3,Parafin,Kjorelengde,Kjørelengde (mill. km),2009,2009,,.
24,Minibusser,3,Parafin,Kjorelengde,Kjørelengde (mill. km),2010,2010,,.
24,Minibusser,3,Parafin,Kjorelengde,Kjørelengde (mill. km),2011,2011,,.
24,Minibusser,3,Parafin,Kjorelengde,Kjørelengde (mill. km),2012,2012,,.
24,Minibusser,3,Parafin,Kjorelengde,Kjørelengde (mill. km),2013,2013,,.
24,Minibusser,3,Parafin,Kjorelengde,Kjørelengde (mill. km),2014,2014,,.
24,Minibusser,3,Parafin,Kjorelengde,Kjørelengde (mill. km),2015,2015,,.
24,Minibusser,3,Parafin,Kjorelengde,Kjørelengde (mill. km),2016,2016,,.
24,Minibusser,3,Parafin,Kjorelengde,Kjørelengde (mill. km),2017,2017,,.
24,Minibusser,3,Parafin,Kjorelengde,Kjørelengde (mill. km),2018,2018,,.
24,Minibusser,3,Parafin,Kjorelengde,Kjørelengde (mill. km),2019,2019,,.
24,Minibusser,3,Parafin,Kjorelengde,Kjørelengde (mill. km),2020,2020,,.
24,Minibusser,3,Parafin,Kjorelengde,Kjørelengde (mill. km),2021,2021,,.
24,Minibusser,3,Parafin,Kjorelengde,Kjørelengde (mill. km),2022,2022,,.
24,Minibusser,3,Parafin,Kjorelengde,Kjørelengde (mill. km),2023,2023,,.
24,Minibusser,3,Parafin,Kjorelengde,Kjørelengde (mill. km),2024,2024,,.
24,Minibusser,3,Parafin,Kjorelengde,Kjørelengde (mill. km),2025,2025,,.
24,Minibusser,3,Parafin,GjsnittKjorelengde,Gjennomsnittlig kjørelengde per kjøretøy (km),2005,2005,,.
24,Minibusser,3,Parafin,GjsnittKjorelengde,Gjennomsnittlig kjørelengde per kjøretøy (km),2006,2006,,.
24,Minibusser,3,Parafin,GjsnittKjorelengde,Gjennomsnittlig kjørelengde per kjøretøy (km),2007,2007,,.
24,Minibusser,3,Parafin,GjsnittKjorelengde,Gjennomsnittlig kjørelengde per kjøretøy (km),2008,2008,,.
24,Minibusser,3,Parafin,GjsnittKjorelengde,Gjennomsnittlig kjørelengde per kjøretøy (km),2009,2009,,.
24,Minibusser,3,Parafin,GjsnittKjorelengde,Gjennomsnittlig kjørelengde per kjøretøy (km),2010,2010,,.
24,Minibusser,3,Parafin,GjsnittKjorelengde,Gjennomsnittlig kjørelengde per kjøretøy (km),2011,2011,,.
24,Minibusser,3,Parafin,GjsnittKjorelengde,Gjennomsnittlig kjørelengde per kjøretøy (km),2012,2012,,.
24,Minibusser,3,Parafin,GjsnittKjorelengde,Gjennomsnittlig kjørelengde per kjøretøy (km),2013,2013,,.
24,Minibusser,3,Parafin,GjsnittKjorelengde,Gjennomsnittlig kjørelengde per kjøretøy (km),2014,2014,,.
24,Minibusser,3,Parafin,GjsnittKjorelengde,Gjennomsnittlig kjørelengde per kjøretøy (km),2015,2015,,.
24,Minibusser,3,Parafin,GjsnittKjorelengde,Gjennomsnittlig kjørelengde per kjøretøy (km),2016,2016,,.
24,Minibusser,3,Parafin,GjsnittKjorelengde,Gjennomsnittlig kjørelengde per kjøretøy (km),2017,2017,,.
24,Minibusser,3,Parafin,GjsnittKjorelengde,Gjennomsnittlig kjørelengde per kjøretøy (km),2018,2018,,.
24,Minibusser,3,Parafin,GjsnittKjorelengde,Gjennomsnittlig kjørelengde per kjøretøy (km),2019,2019,,.
24,Minibusser,3,Parafin,GjsnittKjorelengde,Gjennomsnittlig kjørelengde per kjøretøy (km),2020,2020,,.
24,Minibusser,3,Parafin,GjsnittKjorelengde,Gjennomsnittlig kjørelengde per kjøretøy (km),2021,2021,,.
24,Minibusser,3,Parafin,GjsnittKjorelengde,Gjennomsnittlig kjørelengde per kjøretøy (km),2022,2022,,.
24,Minibusser,3,Parafin,GjsnittKjorelengde,Gjennomsnittlig kjørelengde per kjøretøy (km),2023,2023,,.
24,Minibusser,3,Parafin,GjsnittKjorelengde,Gjennomsnittlig kjørelengde per kjøretøy (km),2024,2024,,.
24,Minibusser,3,Parafin,GjsnittKjorelengde,Gjennomsnittlig kjørelengde per kjøretøy (km),2025,2025,,.
24,Minibusser,4,Gass,Kjorelengde,Kjørelengde (mill. km),2005,2005,,.
24,Minibusser,4,Gass,Kjorelengde,Kjørelengde (mill. km),2006,2006,,.
24,Minibusser,4,Gass,Kjorelengde,Kjørelengde (mill. km),2007,2007,,.
24,Minibusser,4,Gass,Kjorelengde,Kjørelengde (mill. km),2008,2008,,.
24,Minibusser,4,Gass,Kjorelengde,Kjørelengde (mill. km),2009,2009,,.
24,Minibusser,4,Gass,Kjorelengde,Kjørelengde (mill. km),2010,2010,,.
24,Minibusser,4,Gass,Kjorelengde,Kjørelengde (mill. km),2011,2011,,.
24,Minibusser,4,Gass,Kjorelengde,Kjørelengde (mill. km),2012,2012,,.
24,Minibusser,4,Gass,Kjorelengde,Kjørelengde (mill. km),2013,2013,,.
24,Minibusser,4,Gass,Kjorelengde,Kjørelengde (mill. km),2014,2014,,.
24,Minibusser,4,Gass,Kjorelengde,Kjørelengde (mill. km),2015,2015,,.
24,Minibusser,4,Gass,Kjorelengde,Kjørelengde (mill. km),2016,2016,,.
24,Minibusser,4,Gass,Kjorelengde,Kjørelengde (mill. km),2017,2017,0.3,
24,Minibusser,4,Gass,Kjorelengde,Kjørelengde (mill. km),2018,2018,1.8,
24,Minibusser,4,Gass,Kjorelengde,Kjørelengde (mill. km),2019,2019,2.5,
24,Minibusser,4,Gass,Kjorelengde,Kjørelengde (mill. km),2020,2020,2.2,
24,Minibusser,4,Gass,Kjorelengde,Kjørelengde (mill. km),2021,2021,1.9,
24,Minibusser,4,Gass,Kjorelengde,Kjørelengde (mill. km),2022,2022,2.2,
24,Minibusser,4,Gass,Kjorelengde,Kjørelengde (mill. km),2023,2023,1.8,
24,Minibusser,4,Gass,Kjorelengde,Kjørelengde (mill. km),2024,2024,1.9,
24,Minibusser,4,Gass,Kjorelengde,Kjørelengde (mill. km),2025,2025,1.7,
24,Minibusser,4,Gass,GjsnittKjorelengde,Gjennomsnittlig kjørelengde per kjøretøy (km),2005,2005,,.
24,Minibusser,4,Gass,GjsnittKjorelengde,Gjennomsnittlig kjørelengde per kjøretøy (km),2006,2006,,.
24,Minibusser,4,Gass,GjsnittKjorelengde,Gjennomsnittlig kjørelengde per kjøretøy (km),2007,2007,,.
24,Minibusser,4,Gass,GjsnittKjorelengde,Gjennomsnittlig kjørelengde per kjøretøy (km),2008,2008,,.
24,Minibusser,4,Gass,GjsnittKjorelengde,Gjennomsnittlig kjørelengde per kjøretøy (km),2009,2009,,.
24,Minibusser,4,Gass,GjsnittKjorelengde,Gjennomsnittlig kjørelengde per kjøretøy (km),2010,2010,,.
24,Minibusser,4,Gass,GjsnittKjorelengde,Gjennomsnittlig kjørelengde per kjøretøy (km),2011,2011,,.
24,Minibusser,4,Gass,GjsnittKjorelengde,Gjennomsnittlig kjørelengde per kjøretøy (km),2012,2012,,.
24,Minibusser,4,Gass,GjsnittKjorelengde,Gjennomsnittlig kjørelengde per kjøretøy (km),2013,2013,,.
24,Minibusser,4,Gass,GjsnittKjorelengde,Gjennomsnittlig kjørelengde per kjøretøy (km),2014,2014,,.
24,Minibusser,4,Gass,GjsnittKjorelengde,Gjennomsnittlig kjørelengde per kjøretøy (km),2015,2015,,.
24,Minibusser,4,Gass,GjsnittKjorelengde,Gjennomsnittlig kjørelengde per kjøretøy (km),2016,2016,,.
24,Minibusser,4,Gass,GjsnittKjorelengde,Gjennomsnittlig kjørelengde per kjøretøy (km),2017,2017,7442.0,
24,Minibusser,4,Gass,GjsnittKjorelengde,Gjennomsnittlig kjørelengde per kjøretøy (km),2018,2018,34718.0,
24,Minibusser,4,Gass,GjsnittKjorelengde,Gjennomsnittlig kjørelengde per kjøretøy (km),2019,2019,35918.0,
24,Minibusser,4,Gass,GjsnittKjorelengde,Gjennomsnittlig kjørelengde per kjøretøy (km),2020,2020,30185.0,
24,Minibusser,4,Gass,GjsnittKjorelengde,Gjennomsnittlig kjørelengde per kjøretøy (km),2021,2021,27714.0,
24,Minibusser,4,Gass,GjsnittKjorelengde,Gjennomsnittlig kjørelengde per kjøretøy (km),2022,2022,29645.0,
24,Minibusser,4,Gass,GjsnittKjorelengde,Gjennomsnittlig kjørelengde per kjøretøy (km),2023,2023,22849.0,
24,Minibusser,4,Gass,GjsnittKjorelengde,Gjennomsnittlig kjørelengde per kjøretøy (km),2024,2024,23732.0,
24,Minibusser,4,Gass,GjsnittKjorelengde,Gjennomsnittlig kjørelengde per kjøretøy (km),2025,2025,14782.0,
24,Minibusser,13,Hydrogen,Kjorelengde,Kjørelengde (mill. km),2005,2005,,.
24,Minibusser,13,Hydrogen,Kjorelengde,Kjørelengde (mill. km),2006,2006,,.
24,Minibusser,13,Hydrogen,Kjorelengde,Kjørelengde (mill. km),2007,2007,,.
24,Minibusser,13,Hydrogen,Kjorelengde,Kjørelengde (mill. km),2008,2008,,.
24,Minibusser,13,Hydrogen,Kjorelengde,Kjørelengde (mill. km),2009,2009,,.
24,Minibusser,13,Hydrogen,Kjorelengde,Kjørelengde (mill. km),2010,2010,,.
24,Minibusser,13,Hydrogen,Kjorelengde,Kjørelengde (mill. km),2011,2011,,.
24,Minibusser,13,Hydrogen,Kjorelengde,Kjørelengde (mill. km),2012,2012,,.
24,Minibusser,13,Hydrogen,Kjorelengde,Kjørelengde (mill. km),2013,2013,,.
24,Minibusser,13,Hydrogen,Kjorelengde,Kjørelengde (mill. km),2014,2014,,.
24,Minibusser,13,Hydrogen,Kjorelengde,Kjørelengde (mill. km),2015,2015,,.
24,Minibusser,13,Hydrogen,Kjorelengde,Kjørelengde (mill. km),2016,2016,,.
24,Minibusser,13,Hydrogen,Kjorelengde,Kjørelengde (mill. km),2017,2017,,.
24,Minibusser,13,Hydrogen,Kjorelengde,Kjørelengde (mill. km),2018,2018,,.
24,Minibusser,13,Hydrogen,Kjorelengde,Kjørelengde (mill. km),2019,2019,,.
24,Minibusser,13,Hydrogen,Kjorelengde,Kjørelengde (mill. km),2020,2020,,.
24,Minibusser,13,Hydrogen,Kjorelengde,Kjørelengde (mill. km),2021,2021,,.
24,Minibusser,13,Hydrogen,Kjorelengde,Kjørelengde (mill. km),2022,2022,,.
24,Minibusser,13,Hydrogen,Kjorelengde,Kjørelengde (mill. km),2023,2023,,.
24,Minibusser,13,Hydrogen,Kjorelengde,Kjørelengde (mill. km),2024,2024,,.
24,Minibusser,13,Hydrogen,Kjorelengde,Kjørelengde (mill. km),2025,2025,,.
24,Minibusser,13,Hydrogen,GjsnittKjorelengde,Gjennomsnittlig kjørelengde per kjøretøy (km),2005,2005,,.
24,Minibusser,13,Hydrogen,GjsnittKjorelengde,Gjennomsnittlig kjørelengde per kjøretøy (km),2006,2006,,.
24,Minibusser,13,Hydrogen,GjsnittKjorelengde,Gjennomsnittlig kjørelengde per kjøretøy (km),2007,2007,,.
24,Minibusser,13,Hydrogen,GjsnittKjorelengde,Gjennomsnittlig kjørelengde per kjøretøy (km),2008,2008,,.
24,Minibusser,13,Hydrogen,GjsnittKjorelengde,Gjennomsnittlig kjørelengde per kjøretøy (km),2009,2009,,.
24,Minibusser,13,Hydrogen,GjsnittKjorelengde,Gjennomsnittlig kjørelengde per kjøretøy (km),2010,2010,,.
24,Minibusser,13,Hydrogen,GjsnittKjorelengde,Gjennomsnittlig kjørelengde per kjøretøy (km),2011,2011,,.
24,Minibusser,13,Hydrogen,GjsnittKjorelengde,Gjennomsnittlig kjørelengde per kjøretøy (km),2012,2012,,.
24,Minibusser,13,Hydrogen,GjsnittKjorelengde,Gjennomsnittlig kjørelengde per kjøretøy (km),2013,2013,,.
24,Minibusser,13,Hydrogen,GjsnittKjorelengde,Gjennomsnittlig kjørelengde per kjøretøy (km),2014,2014,,.
24,Minibusser,13,Hydrogen,GjsnittKjorelengde,Gjennomsnittlig kjørelengde per kjøretøy (km),2015,2015,,.
24,Minibusser,13,Hydrogen,GjsnittKjorelengde,Gjennomsnittlig kjørelengde per kjøretøy (km),2016,2016,,.
24,Minibusser,13,Hydrogen,GjsnittKjorelengde,Gjennomsnittlig kjørelengde per kjøretøy (km),2017,2017,,.
24,Minibusser,13,Hydrogen,GjsnittKjorelengde,Gjennomsnittlig kjørelengde per kjøretøy (km),2018,2018,,.
24,Minibusser,13,Hydrogen,GjsnittKjorelengde,Gjennomsnittlig kjørelengde per kjøretøy (km),2019,2019,,.
24,Minibusser,13,Hydrogen,GjsnittKjorelengde,Gjennomsnittlig kjørelengde per kjøretøy (km),2020,2020,,.
24,Minibusser,13,Hydrogen,GjsnittKjorelengde,Gjennomsnittlig kjørelengde per kjøretøy (km),2021,2021,,.
24,Minibusser,13,Hydrogen,GjsnittKjorelengde,Gjennomsnittlig kjørelengde per kjøretøy (km),2022,2022,,.
24,Minibusser,13,Hydrogen,GjsnittKjorelengde,Gjennomsnittlig kjørelengde per kjøretøy (km),2023,2023,,.
24,Minibusser,13,Hydrogen,GjsnittKjorelengde,Gjennomsnittlig kjørelengde per kjøretøy (km),2024,2024,,.
24,Minibusser,13,Hydrogen,GjsnittKjorelengde,Gjennomsnittlig kjørelengde per kjøretøy (km),2025,2025,,.
24,Minibusser,7,Andre drivstoff,Kjorelengde,Kjørelengde (mill. km),2005,2005,0.1,
24,Minibusser,7,Andre drivstoff,Kjorelengde,Kjørelengde (mill. km),2006,2006,0.1,
24,Minibusser,7,Andre drivstoff,Kjorelengde,Kjørelengde (mill. km),2007,2007,0.1,
24,Minibusser,7,Andre drivstoff,Kjorelengde,Kjørelengde (mill. km),2008,2008,,:
24,Minibusser,7,Andre drivstoff,Kjorelengde,Kjørelengde (mill. km),2009,2009,,:
24,Minibusser,7,Andre drivstoff,Kjorelengde,Kjørelengde (mill. km),2010,2010,,:
24,Minibusser,7,Andre drivstoff,Kjorelengde,Kjørelengde (mill. km),2011,2011,,:
24,Minibusser,7,Andre drivstoff,Kjorelengde,Kjørelengde (mill. km),2012,2012,,:
24,Minibusser,7,Andre drivstoff,Kjorelengde,Kjørelengde (mill. km),2013,2013,,:
24,Minibusser,7,Andre drivstoff,Kjorelengde,Kjørelengde (mill. km),2014,2014,,:
24,Minibusser,7,Andre drivstoff,Kjorelengde,Kjørelengde (mill. km),2015,2015,,.
24,Minibusser,7,Andre drivstoff,Kjorelengde,Kjørelengde (mill. km),2016,2016,,:
24,Minibusser,7,Andre drivstoff,Kjorelengde,Kjørelengde (mill. km),2017,2017,,:
24,Minibusser,7,Andre drivstoff,Kjorelengde,Kjørelengde (mill. km),2018,2018,,.
24,Minibusser,7,Andre drivstoff,Kjorelengde,Kjørelengde (mill. km),2019,2019,,.
24,Minibusser,7,Andre drivstoff,Kjorelengde,Kjørelengde (mill. km),2020,2020,,.
24,Minibusser,7,Andre drivstoff,Kjorelengde,Kjørelengde (mill. km),2021,2021,,.
24,Minibusser,7,Andre drivstoff,Kjorelengde,Kjørelengde (mill. km),2022,2022,,.
24,Minibusser,7,Andre drivstoff,Kjorelengde,Kjørelengde (mill. km),2023,2023,,.
24,Minibusser,7,Andre drivstoff,Kjorelengde,Kjørelengde (mill. km),2024,2024,,.
24,Minibusser,7,Andre drivstoff,Kjorelengde,Kjørelengde (mill. km),2025,2025,,.
24,Minibusser,7,Andre drivstoff,GjsnittKjorelengde,Gjennomsnittlig kjørelengde per kjøretøy (km),2005,2005,21692.0,
24,Minibusser,7,Andre drivstoff,GjsnittKjorelengde,Gjennomsnittlig kjørelengde per kjøretøy (km),2006,2006,17618.0,
24,Minibusser,7,Andre drivstoff,GjsnittKjorelengde,Gjennomsnittlig kjørelengde per kjøretøy (km),2007,2007,32526.0,
24,Minibusser,7,Andre drivstoff,GjsnittKjorelengde,Gjennomsnittlig kjørelengde per kjøretøy (km),2008,2008,,:
24,Minibusser,7,Andre drivstoff,GjsnittKjorelengde,Gjennomsnittlig kjørelengde per kjøretøy (km),2009,2009,,:
24,Minibusser,7,Andre drivstoff,GjsnittKjorelengde,Gjennomsnittlig kjørelengde per kjøretøy (km),2010,2010,,:
24,Minibusser,7,Andre drivstoff,GjsnittKjorelengde,Gjennomsnittlig kjørelengde per kjøretøy (km),2011,2011,,:
24,Minibusser,7,Andre drivstoff,GjsnittKjorelengde,Gjennomsnittlig kjørelengde per kjøretøy (km),2012,2012,,:
24,Minibusser,7,Andre drivstoff,GjsnittKjorelengde,Gjennomsnittlig kjørelengde per kjøretøy (km),2013,2013,,:
24,Minibusser,7,Andre drivstoff,GjsnittKjorelengde,Gjennomsnittlig kjørelengde per kjøretøy (km),2014,2014,,:
24,Minibusser,7,Andre drivstoff,GjsnittKjorelengde,Gjennomsnittlig kjørelengde per kjøretøy (km),2015,2015,,.
24,Minibusser,7,Andre drivstoff,GjsnittKjorelengde,Gjennomsnittlig kjørelengde per kjøretøy (km),2016,2016,,:
24,Minibusser,7,Andre drivstoff,GjsnittKjorelengde,Gjennomsnittlig kjørelengde per kjøretøy (km),2017,2017,,:
24,Minibusser,7,Andre drivstoff,GjsnittKjorelengde,Gjennomsnittlig kjørelengde per kjøretøy (km),2018,2018,,.
24,Minibusser,7,Andre drivstoff,GjsnittKjorelengde,Gjennomsnittlig kjørelengde per kjøretøy (km),2019,2019,,.
24,Minibusser,7,Andre drivstoff,GjsnittKjorelengde,Gjennomsnittlig kjørelengde per kjøretøy (km),2020,2020,,.
24,Minibusser,7,Andre drivstoff,GjsnittKjorelengde,Gjennomsnittlig kjørelengde per kjøretøy (km),2021,2021,,.
24,Minibusser,7,Andre drivstoff,GjsnittKjorelengde,Gjennomsnittlig kjørelengde per kjøretøy (km),2022,2022,,.
24,Minibusser,7,Andre drivstoff,GjsnittKjorelengde,Gjennomsnittlig kjørelengde per kjøretøy (km),2023,2023,,.
24,Minibusser,7,Andre drivstoff,GjsnittKjorelengde,Gjennomsnittlig kjørelengde per kjøretøy (km),2024,2024,,.
24,Minibusser,7,Andre drivstoff,GjsnittKjorelengde,Gjennomsnittlig kjørelengde per kjøretøy (km),2025,2025,,.
25,Busser,0,Alle typer drivstoff,Kjorelengde,Kjørelengde (mill. km),2005,2005,456.7,
25,Busser,0,Alle typer drivstoff,Kjorelengde,Kjørelengde (mill. km),2006,2006,472.2,
25,Busser,0,Alle typer drivstoff,Kjorelengde,Kjørelengde (mill. km),2007,2007,480.4,
25,Busser,0,Alle typer drivstoff,Kjorelengde,Kjørelengde (mill. km),2008,2008,495.5,
25,Busser,0,Alle typer drivstoff,Kjorelengde,Kjørelengde (mill. km),2009,2009,491.4,
25,Busser,0,Alle typer drivstoff,Kjorelengde,Kjørelengde (mill. km),2010,2010,503.5,
25,Busser,0,Alle typer drivstoff,Kjorelengde,Kjørelengde (mill. km),2011,2011,513.2,
25,Busser,0,Alle typer drivstoff,Kjorelengde,Kjørelengde (mill. km),2012,2012,515.9,
25,Busser,0,Alle typer drivstoff,Kjorelengde,Kjørelengde (mill. km),2013,2013,517.5,
25,Busser,0,Alle typer drivstoff,Kjorelengde,Kjørelengde (mill. km),2014,2014,515.2,
25,Busser,0,Alle typer drivstoff,Kjorelengde,Kjørelengde (mill. km),2015,2015,515.0,
25,Busser,0,Alle typer drivstoff,Kjorelengde,Kjørelengde (mill. km),2016,2016,524.9,
25,Busser,0,Alle typer drivstoff,Kjorelengde,Kjørelengde (mill. km),2017,2017,533.3,
25,Busser,0,Alle typer drivstoff,Kjorelengde,Kjørelengde (mill. km),2018,2018,543.8,
25,Busser,0,Alle typer drivstoff,Kjorelengde,Kjørelengde (mill. km),2019,2019,551.7,
25,Busser,0,Alle typer drivstoff,Kjorelengde,Kjørelengde (mill. km),2020,2020,526.3,
25,Busser,0,Alle typer drivstoff,Kjorelengde,Kjørelengde (mill. km),2021,2021,480.4,
25,Busser,0,Alle typer drivstoff,Kjorelengde,Kjørelengde (mill. km),2022,2022,518.9,
25,Busser,0,Alle typer drivstoff,Kjorelengde,Kjørelengde (mill. km),2023,2023,542.1,
25,Busser,0,Alle typer drivstoff,Kjorelengde,Kjørelengde (mill. km),2024,2024,555.7,
25,Busser,0,Alle typer drivstoff,Kjorelengde,Kjørelengde (mill. km),2025,2025,556.8,
25,Busser,0,Alle typer drivstoff,GjsnittKjorelengde,Gjennomsnittlig kjørelengde per kjøretøy (km),2005,2005,42108.0,
25,Busser,0,Alle typer drivstoff,GjsnittKjorelengde,Gjennomsnittlig kjørelengde per kjøretøy (km),2006,2006,43310.0,
25,Busser,0,Alle typer drivstoff,GjsnittKjorelengde,Gjennomsnittlig kjørelengde per kjøretøy (km),2007,2007,42601.0,
25,Busser,0,Alle typer drivstoff,GjsnittKjorelengde,Gjennomsnittlig kjørelengde per kjøretøy (km),2008,2008,42091.0,
25,Busser,0,Alle typer drivstoff,GjsnittKjorelengde,Gjennomsnittlig kjørelengde per kjøretøy (km),2009,2009,40920.0,
25,Busser,0,Alle typer drivstoff,GjsnittKjorelengde,Gjennomsnittlig kjørelengde per kjøretøy (km),2010,2010,40138.0,
25,Busser,0,Alle typer drivstoff,GjsnittKjorelengde,Gjennomsnittlig kjørelengde per kjøretøy (km),2011,2011,39677.0,
25,Busser,0,Alle typer drivstoff,GjsnittKjorelengde,Gjennomsnittlig kjørelengde per kjøretøy (km),2012,2012,39761.0,
25,Busser,0,Alle typer drivstoff,GjsnittKjorelengde,Gjennomsnittlig kjørelengde per kjøretøy (km),2013,2013,39469.0,
25,Busser,0,Alle typer drivstoff,GjsnittKjorelengde,Gjennomsnittlig kjørelengde per kjøretøy (km),2014,2014,39369.0,
25,Busser,0,Alle typer drivstoff,GjsnittKjorelengde,Gjennomsnittlig kjørelengde per kjøretøy (km),2015,2015,39031.0,
25,Busser,0,Alle typer drivstoff,GjsnittKjorelengde,Gjennomsnittlig kjørelengde per kjøretøy (km),2016,2016,38095.0,
25,Busser,0,Alle typer drivstoff,GjsnittKjorelengde,Gjennomsnittlig kjørelengde per kjøretøy (km),2017,2017,39358.0,
25,Busser,0,Alle typer drivstoff,GjsnittKjorelengde,Gjennomsnittlig kjørelengde per kjøretøy (km),2018,2018,39766.0,
25,Busser,0,Alle typer drivstoff,GjsnittKjorelengde,Gjennomsnittlig kjørelengde per kjøretøy (km),2019,2019,36719.0,
25,Busser,0,Alle typer drivstoff,GjsnittKjorelengde,Gjennomsnittlig kjørelengde per kjøretøy (km),2020,2020,36403.0,
25,Busser,0,Alle typer drivstoff,GjsnittKjorelengde,Gjennomsnittlig kjørelengde per kjøretøy (km),2021,2021,34624.0,
25,Busser,0,Alle typer drivstoff,GjsnittKjorelengde,Gjennomsnittlig kjørelengde per kjøretøy (km),2022,2022,39280.0,
25,Busser,0,Alle typer drivstoff,GjsnittKjorelengde,Gjennomsnittlig kjørelengde per kjøretøy (km),2023,2023,40329.0,
25,Busser,0,Alle typer drivstoff,GjsnittKjorelengde,Gjennomsnittlig kjørelengde per kjøretøy (km),2024,2024,40675.0,
25,Busser,0,Alle typer drivstoff,GjsnittKjorelengde,Gjennomsnittlig kjørelengde per kjøretøy (km),2025,2025,40100.0,
25,Busser,1,Bensin,Kjorelengde,Kjørelengde (mill. km),2005,2005,0.1,
25,Busser,1,Bensin,Kjorelengde,Kjørelengde (mill. km),2006,2006,0.1,
25,Busser,1,Bensin,Kjorelengde,Kjørelengde (mill. km),2007,2007,0.1,
25,Busser,1,Bensin,Kjorelengde,Kjørelengde (mill. km),2008,2008,0.1,
25,Busser,1,Bensin,Kjorelengde,Kjørelengde (mill. km),2009,2009,0.1,
25,Busser,1,Bensin,Kjorelengde,Kjørelengde (mill. km),2010,2010,0.0,
25,Busser,1,Bensin,Kjorelengde,Kjørelengde (mill. km),2011,2011,0.0,
25,Busser,1,Bensin,Kjorelengde,Kjørelengde (mill. km),2012,2012,0.1,
25,Busser,1,Bensin,Kjorelengde,Kjørelengde (mill. km),2013,2013,0.0,
25,Busser,1,Bensin,Kjorelengde,Kjørelengde (mill. km),2014,2014,0.0,
25,Busser,1,Bensin,Kjorelengde,Kjørelengde (mill. km),2015,2015,0.1,
25,Busser,1,Bensin,Kjorelengde,Kjørelengde (mill. km),2016,2016,0.1,
25,Busser,1,Bensin,Kjorelengde,Kjørelengde (mill. km),2017,2017,0.1,
25,Busser,1,Bensin,Kjorelengde,Kjørelengde (mill. km),2018,2018,0.1,
25,Busser,1,Bensin,Kjorelengde,Kjørelengde (mill. km),2019,2019,0.1,
25,Busser,1,Bensin,Kjorelengde,Kjørelengde (mill. km),2020,2020,0.2,
25,Busser,1,Bensin,Kjorelengde,Kjørelengde (mill. km),2021,2021,0.1,
25,Busser,1,Bensin,Kjorelengde,Kjørelengde (mill. km),2022,2022,0.2,
25,Busser,1,Bensin,Kjorelengde,Kjørelengde (mill. km),2023,2023,0.2,
25,Busser,1,Bensin,Kjorelengde,Kjørelengde (mill. km),2024,2024,,:
25,Busser,1,Bensin,Kjorelengde,Kjørelengde (mill. km),2025,2025,0.1,
25,Busser,1,Bensin,GjsnittKjorelengde,Gjennomsnittlig kjørelengde per kjøretøy (km),2005,2005,21357.0,
25,Busser,1,Bensin,GjsnittKjorelengde,Gjennomsnittlig kjørelengde per kjøretøy (km),2006,2006,18408.0,
25,Busser,1,Bensin,GjsnittKjorelengde,Gjennomsnittlig kjørelengde per kjøretøy (km),2007,2007,19651.0,
25,Busser,1,Bensin,GjsnittKjorelengde,Gjennomsnittlig kjørelengde per kjøretøy (km),2008,2008,19312.0,
25,Busser,1,Bensin,GjsnittKjorelengde,Gjennomsnittlig kjørelengde per kjøretøy (km),2009,2009,14352.0,
25,Busser,1,Bensin,GjsnittKjorelengde,Gjennomsnittlig kjørelengde per kjøretøy (km),2010,2010,11775.0,
25,Busser,1,Bensin,GjsnittKjorelengde,Gjennomsnittlig kjørelengde per kjøretøy (km),2011,2011,6366.0,
25,Busser,1,Bensin,GjsnittKjorelengde,Gjennomsnittlig kjørelengde per kjøretøy (km),2012,2012,18451.0,
25,Busser,1,Bensin,GjsnittKjorelengde,Gjennomsnittlig kjørelengde per kjøretøy (km),2013,2013,5528.0,
25,Busser,1,Bensin,GjsnittKjorelengde,Gjennomsnittlig kjørelengde per kjøretøy (km),2014,2014,5099.0,
25,Busser,1,Bensin,GjsnittKjorelengde,Gjennomsnittlig kjørelengde per kjøretøy (km),2015,2015,18279.0,
25,Busser,1,Bensin,GjsnittKjorelengde,Gjennomsnittlig kjørelengde per kjøretøy (km),2016,2016,13706.0,
25,Busser,1,Bensin,GjsnittKjorelengde,Gjennomsnittlig kjørelengde per kjøretøy (km),2017,2017,16338.0,
25,Busser,1,Bensin,GjsnittKjorelengde,Gjennomsnittlig kjørelengde per kjøretøy (km),2018,2018,8240.0,
25,Busser,1,Bensin,GjsnittKjorelengde,Gjennomsnittlig kjørelengde per kjøretøy (km),2019,2019,8687.0,
25,Busser,1,Bensin,GjsnittKjorelengde,Gjennomsnittlig kjørelengde per kjøretøy (km),2020,2020,17809.0,
25,Busser,1,Bensin,GjsnittKjorelengde,Gjennomsnittlig kjørelengde per kjøretøy (km),2021,2021,15391.0,
25,Busser,1,Bensin,GjsnittKjorelengde,Gjennomsnittlig kjørelengde per kjøretøy (km),2022,2022,19201.0,
25,Busser,1,Bensin,GjsnittKjorelengde,Gjennomsnittlig kjørelengde per kjøretøy (km),2023,2023,20309.0,
25,Busser,1,Bensin,GjsnittKjorelengde,Gjennomsnittlig kjørelengde per kjøretøy (km),2024,2024,,:
25,Busser,1,Bensin,GjsnittKjorelengde,Gjennomsnittlig kjørelengde per kjøretøy (km),2025,2025,17037.0,
25,Busser,2,Diesel,Kjorelengde,Kjørelengde (mill. km),2005,2005,451.0,
25,Busser,2,Diesel,Kjorelengde,Kjørelengde (mill. km),2006,2006,465.2,
25,Busser,2,Diesel,Kjorelengde,Kjørelengde (mill. km),2007,2007,473.0,
25,Busser,2,Diesel,Kjorelengde,Kjørelengde (mill. km),2008,2008,486.4,
25,Busser,2,Diesel,Kjorelengde,Kjørelengde (mill. km),2009,2009,481.8,
25,Busser,2,Diesel,Kjorelengde,Kjørelengde (mill. km),2010,2010,492.5,
25,Busser,2,Diesel,Kjorelengde,Kjørelengde (mill. km),2011,2011,496.9,
25,Busser,2,Diesel,Kjorelengde,Kjørelengde (mill. km),2012,2012,490.9,
25,Busser,2,Diesel,Kjorelengde,Kjørelengde (mill. km),2013,2013,484.9,
25,Busser,2,Diesel,Kjorelengde,Kjørelengde (mill. km),2014,2014,482.3,
25,Busser,2,Diesel,Kjorelengde,Kjørelengde (mill. km),2015,2015,478.7,
25,Busser,2,Diesel,Kjorelengde,Kjørelengde (mill. km),2016,2016,482.8,
25,Busser,2,Diesel,Kjorelengde,Kjørelengde (mill. km),2017,2017,487.5,
25,Busser,2,Diesel,Kjorelengde,Kjørelengde (mill. km),2018,2018,487.8,
25,Busser,2,Diesel,Kjorelengde,Kjørelengde (mill. km),2019,2019,489.6,
25,Busser,2,Diesel,Kjorelengde,Kjørelengde (mill. km),2020,2020,454.9,
25,Busser,2,Diesel,Kjorelengde,Kjørelengde (mill. km),2021,2021,401.0,
25,Busser,2,Diesel,Kjorelengde,Kjørelengde (mill. km),2022,2022,426.6,
25,Busser,2,Diesel,Kjorelengde,Kjørelengde (mill. km),2023,2023,434.1,
25,Busser,2,Diesel,Kjorelengde,Kjørelengde (mill. km),2024,2024,430.2,
25,Busser,2,Diesel,Kjorelengde,Kjørelengde (mill. km),2025,2025,410.5,
25,Busser,2,Diesel,GjsnittKjorelengde,Gjennomsnittlig kjørelengde per kjøretøy (km),2005,2005,42001.0,
25,Busser,2,Diesel,GjsnittKjorelengde,Gjennomsnittlig kjørelengde per kjøretøy (km),2006,2006,43201.0,
25,Busser,2,Diesel,GjsnittKjorelengde,Gjennomsnittlig kjørelengde per kjøretøy (km),2007,2007,42454.0,
25,Busser,2,Diesel,GjsnittKjorelengde,Gjennomsnittlig kjørelengde per kjøretøy (km),2008,2008,41991.0,
25,Busser,2,Diesel,GjsnittKjorelengde,Gjennomsnittlig kjørelengde per kjøretøy (km),2009,2009,40745.0,
25,Busser,2,Diesel,GjsnittKjorelengde,Gjennomsnittlig kjørelengde per kjøretøy (km),2010,2010,40074.0,
25,Busser,2,Diesel,GjsnittKjorelengde,Gjennomsnittlig kjørelengde per kjøretøy (km),2011,2011,39957.0,
25,Busser,2,Diesel,GjsnittKjorelengde,Gjennomsnittlig kjørelengde per kjøretøy (km),2012,2012,39480.0,
25,Busser,2,Diesel,GjsnittKjorelengde,Gjennomsnittlig kjørelengde per kjøretøy (km),2013,2013,38787.0,
25,Busser,2,Diesel,GjsnittKjorelengde,Gjennomsnittlig kjørelengde per kjøretøy (km),2014,2014,38718.0,
25,Busser,2,Diesel,GjsnittKjorelengde,Gjennomsnittlig kjørelengde per kjøretøy (km),2015,2015,38306.0,
25,Busser,2,Diesel,GjsnittKjorelengde,Gjennomsnittlig kjørelengde per kjøretøy (km),2016,2016,37200.0,
25,Busser,2,Diesel,GjsnittKjorelengde,Gjennomsnittlig kjørelengde per kjøretøy (km),2017,2017,38416.0,
25,Busser,2,Diesel,GjsnittKjorelengde,Gjennomsnittlig kjørelengde per kjøretøy (km),2018,2018,38351.0,
25,Busser,2,Diesel,GjsnittKjorelengde,Gjennomsnittlig kjørelengde per kjøretøy (km),2019,2019,35749.0,
25,Busser,2,Diesel,GjsnittKjorelengde,Gjennomsnittlig kjørelengde per kjøretøy (km),2020,2020,34977.0,
25,Busser,2,Diesel,GjsnittKjorelengde,Gjennomsnittlig kjørelengde per kjøretøy (km),2021,2021,32073.0,
25,Busser,2,Diesel,GjsnittKjorelengde,Gjennomsnittlig kjørelengde per kjøretøy (km),2022,2022,36696.0,
25,Busser,2,Diesel,GjsnittKjorelengde,Gjennomsnittlig kjørelengde per kjøretøy (km),2023,2023,38479.0,
25,Busser,2,Diesel,GjsnittKjorelengde,Gjennomsnittlig kjørelengde per kjøretøy (km),2024,2024,37933.0,
25,Busser,2,Diesel,GjsnittKjorelengde,Gjennomsnittlig kjørelengde per kjøretøy (km),2025,2025,37294.0,
25,Busser,18,Elektrisitet,Kjorelengde,Kjørelengde (mill. km),2005,2005,0.4,
25,Busser,18,Elektrisitet,Kjorelengde,Kjørelengde (mill. km),2006,2006,0.5,
25,Busser,18,Elektrisitet,Kjorelengde,Kjørelengde (mill. km),2007,2007,0.4,
25,Busser,18,Elektrisitet,Kjorelengde,Kjørelengde (mill. km),2008,2008,0.3,
25,Busser,18,Elektrisitet,Kjorelengde,Kjørelengde (mill. km),2009,2009,0.3,
25,Busser,18,Elektrisitet,Kjorelengde,Kjørelengde (mill. km),2010,2010,0.3,
25,Busser,18,Elektrisitet,Kjorelengde,Kjørelengde (mill. km),2011,2011,0.2,
25,Busser,18,Elektrisitet,Kjorelengde,Kjørelengde (mill. km),2012,2012,0.3,
25,Busser,18,Elektrisitet,Kjorelengde,Kjørelengde (mill. km),2013,2013,0.4,
25,Busser,18,Elektrisitet,Kjorelengde,Kjørelengde (mill. km),2014,2014,0.3,
25,Busser,18,Elektrisitet,Kjorelengde,Kjørelengde (mill. km),2015,2015,0.3,
25,Busser,18,Elektrisitet,Kjorelengde,Kjørelengde (mill. km),2016,2016,0.3,
25,Busser,18,Elektrisitet,Kjorelengde,Kjørelengde (mill. km),2017,2017,0.8,
25,Busser,18,Elektrisitet,Kjorelengde,Kjørelengde (mill. km),2018,2018,1.3,
25,Busser,18,Elektrisitet,Kjorelengde,Kjørelengde (mill. km),2019,2019,3.4,
25,Busser,18,Elektrisitet,Kjorelengde,Kjørelengde (mill. km),2020,2020,13.9,
25,Busser,18,Elektrisitet,Kjorelengde,Kjørelengde (mill. km),2021,2021,23.9,
25,Busser,18,Elektrisitet,Kjorelengde,Kjørelengde (mill. km),2022,2022,36.3,
25,Busser,18,Elektrisitet,Kjorelengde,Kjørelengde (mill. km),2023,2023,54.8,
25,Busser,18,Elektrisitet,Kjorelengde,Kjørelengde (mill. km),2024,2024,76.4,
25,Busser,18,Elektrisitet,Kjorelengde,Kjørelengde (mill. km),2025,2025,99.0,
25,Busser,18,Elektrisitet,GjsnittKjorelengde,Gjennomsnittlig kjørelengde per kjøretøy (km),2005,2005,48252.0,
25,Busser,18,Elektrisitet,GjsnittKjorelengde,Gjennomsnittlig kjørelengde per kjøretøy (km),2006,2006,57059.0,
25,Busser,18,Elektrisitet,GjsnittKjorelengde,Gjennomsnittlig kjørelengde per kjøretøy (km),2007,2007,49421.0,
25,Busser,18,Elektrisitet,GjsnittKjorelengde,Gjennomsnittlig kjørelengde per kjøretøy (km),2008,2008,41309.0,
25,Busser,18,Elektrisitet,GjsnittKjorelengde,Gjennomsnittlig kjørelengde per kjøretøy (km),2009,2009,40124.0,
25,Busser,18,Elektrisitet,GjsnittKjorelengde,Gjennomsnittlig kjørelengde per kjøretøy (km),2010,2010,31317.0,
25,Busser,18,Elektrisitet,GjsnittKjorelengde,Gjennomsnittlig kjørelengde per kjøretøy (km),2011,2011,27986.0,
25,Busser,18,Elektrisitet,GjsnittKjorelengde,Gjennomsnittlig kjørelengde per kjøretøy (km),2012,2012,41156.0,
25,Busser,18,Elektrisitet,GjsnittKjorelengde,Gjennomsnittlig kjørelengde per kjøretøy (km),2013,2013,47649.0,
25,Busser,18,Elektrisitet,GjsnittKjorelengde,Gjennomsnittlig kjørelengde per kjøretøy (km),2014,2014,32297.0,
25,Busser,18,Elektrisitet,GjsnittKjorelengde,Gjennomsnittlig kjørelengde per kjøretøy (km),2015,2015,27747.0,
25,Busser,18,Elektrisitet,GjsnittKjorelengde,Gjennomsnittlig kjørelengde per kjøretøy (km),2016,2016,26328.0,
25,Busser,18,Elektrisitet,GjsnittKjorelengde,Gjennomsnittlig kjørelengde per kjøretøy (km),2017,2017,29671.0,
25,Busser,18,Elektrisitet,GjsnittKjorelengde,Gjennomsnittlig kjørelengde per kjøretøy (km),2018,2018,40834.0,
25,Busser,18,Elektrisitet,GjsnittKjorelengde,Gjennomsnittlig kjørelengde per kjøretøy (km),2019,2019,18127.0,
25,Busser,18,Elektrisitet,GjsnittKjorelengde,Gjennomsnittlig kjørelengde per kjøretøy (km),2020,2020,33424.0,
25,Busser,18,Elektrisitet,GjsnittKjorelengde,Gjennomsnittlig kjørelengde per kjøretøy (km),2021,2021,47987.0,
25,Busser,18,Elektrisitet,GjsnittKjorelengde,Gjennomsnittlig kjørelengde per kjøretøy (km),2022,2022,50917.0,
25,Busser,18,Elektrisitet,GjsnittKjorelengde,Gjennomsnittlig kjørelengde per kjøretøy (km),2023,2023,44432.0,
25,Busser,18,Elektrisitet,GjsnittKjorelengde,Gjennomsnittlig kjørelengde per kjøretøy (km),2024,2024,50681.0,
25,Busser,18,Elektrisitet,GjsnittKjorelengde,Gjennomsnittlig kjørelengde per kjøretøy (km),2025,2025,47277.0,
25,Busser,14,"Bensin hybrid, ladbar",Kjorelengde,Kjørelengde (mill. km),2005,2005,,.
25,Busser,14,"Bensin hybrid, ladbar",Kjorelengde,Kjørelengde (mill. km),2006,2006,,.
25,Busser,14,"Bensin hybrid, ladbar",Kjorelengde,Kjørelengde (mill. km),2007,2007,,.
25,Busser,14,"Bensin hybrid, ladbar",Kjorelengde,Kjørelengde (mill. km),2008,2008,,.
25,Busser,14,"Bensin hybrid, ladbar",Kjorelengde,Kjørelengde (mill. km),2009,2009,,.
25,Busser,14,"Bensin hybrid, ladbar",Kjorelengde,Kjørelengde (mill. km),2010,2010,,.
25,Busser,14,"Bensin hybrid, ladbar",Kjorelengde,Kjørelengde (mill. km),2011,2011,,.
25,Busser,14,"Bensin hybrid, ladbar",Kjorelengde,Kjørelengde (mill. km),2012,2012,,.
25,Busser,14,"Bensin hybrid, ladbar",Kjorelengde,Kjørelengde (mill. km),2013,2013,,.
25,Busser,14,"Bensin hybrid, ladbar",Kjorelengde,Kjørelengde (mill. km),2014,2014,,.
25,Busser,14,"Bensin hybrid, ladbar",Kjorelengde,Kjørelengde (mill. km),2015,2015,,.
25,Busser,14,"Bensin hybrid, ladbar",Kjorelengde,Kjørelengde (mill. km),2016,2016,,.
25,Busser,14,"Bensin hybrid, ladbar",Kjorelengde,Kjørelengde (mill. km),2017,2017,,.
25,Busser,14,"Bensin hybrid, ladbar",Kjorelengde,Kjørelengde (mill. km),2018,2018,,.
25,Busser,14,"Bensin hybrid, ladbar",Kjorelengde,Kjørelengde (mill. km),2019,2019,,.
25,Busser,14,"Bensin hybrid, ladbar",Kjorelengde,Kjørelengde (mill. km),2020,2020,,.
25,Busser,14,"Bensin hybrid, ladbar",Kjorelengde,Kjørelengde (mill. km),2021,2021,,.
25,Busser,14,"Bensin hybrid, ladbar",Kjorelengde,Kjørelengde (mill. km),2022,2022,,.
25,Busser,14,"Bensin hybrid, ladbar",Kjorelengde,Kjørelengde (mill. km),2023,2023,,.
25,Busser,14,"Bensin hybrid, ladbar",Kjorelengde,Kjørelengde (mill. km),2024,2024,,.
25,Busser,14,"Bensin hybrid, ladbar",Kjorelengde,Kjørelengde (mill. km),2025,2025,,.
25,Busser,14,"Bensin hybrid, ladbar",GjsnittKjorelengde,Gjennomsnittlig kjørelengde per kjøretøy (km),2005,2005,,.
25,Busser,14,"Bensin hybrid, ladbar",GjsnittKjorelengde,Gjennomsnittlig kjørelengde per kjøretøy (km),2006,2006,,.
25,Busser,14,"Bensin hybrid, ladbar",GjsnittKjorelengde,Gjennomsnittlig kjørelengde per kjøretøy (km),2007,2007,,.
25,Busser,14,"Bensin hybrid, ladbar",GjsnittKjorelengde,Gjennomsnittlig kjørelengde per kjøretøy (km),2008,2008,,.
25,Busser,14,"Bensin hybrid, ladbar",GjsnittKjorelengde,Gjennomsnittlig kjørelengde per kjøretøy (km),2009,2009,,.
25,Busser,14,"Bensin hybrid, ladbar",GjsnittKjorelengde,Gjennomsnittlig kjørelengde per kjøretøy (km),2010,2010,,.
25,Busser,14,"Bensin hybrid, ladbar",GjsnittKjorelengde,Gjennomsnittlig kjørelengde per kjøretøy (km),2011,2011,,.
25,Busser,14,"Bensin hybrid, ladbar",GjsnittKjorelengde,Gjennomsnittlig kjørelengde per kjøretøy (km),2012,2012,,.
25,Busser,14,"Bensin hybrid, ladbar",GjsnittKjorelengde,Gjennomsnittlig kjørelengde per kjøretøy (km),2013,2013,,.
25,Busser,14,"Bensin hybrid, ladbar",GjsnittKjorelengde,Gjennomsnittlig kjørelengde per kjøretøy (km),2014,2014,,.
25,Busser,14,"Bensin hybrid, ladbar",GjsnittKjorelengde,Gjennomsnittlig kjørelengde per kjøretøy (km),2015,2015,,.
25,Busser,14,"Bensin hybrid, ladbar",GjsnittKjorelengde,Gjennomsnittlig kjørelengde per kjøretøy (km),2016,2016,,.
25,Busser,14,"Bensin hybrid, ladbar",GjsnittKjorelengde,Gjennomsnittlig kjørelengde per kjøretøy (km),2017,2017,,.
25,Busser,14,"Bensin hybrid, ladbar",GjsnittKjorelengde,Gjennomsnittlig kjørelengde per kjøretøy (km),2018,2018,,.
25,Busser,14,"Bensin hybrid, ladbar",GjsnittKjorelengde,Gjennomsnittlig kjørelengde per kjøretøy (km),2019,2019,,.
25,Busser,14,"Bensin hybrid, ladbar",GjsnittKjorelengde,Gjennomsnittlig kjørelengde per kjøretøy (km),2020,2020,,.
25,Busser,14,"Bensin hybrid, ladbar",GjsnittKjorelengde,Gjennomsnittlig kjørelengde per kjøretøy (km),2021,2021,,.
25,Busser,14,"Bensin hybrid, ladbar",GjsnittKjorelengde,Gjennomsnittlig kjørelengde per kjøretøy (km),2022,2022,,.
25,Busser,14,"Bensin hybrid, ladbar",GjsnittKjorelengde,Gjennomsnittlig kjørelengde per kjøretøy (km),2023,2023,,.
25,Busser,14,"Bensin hybrid, ladbar",GjsnittKjorelengde,Gjennomsnittlig kjørelengde per kjøretøy (km),2024,2024,,.
25,Busser,14,"Bensin hybrid, ladbar",GjsnittKjorelengde,Gjennomsnittlig kjørelengde per kjøretøy (km),2025,2025,,.
25,Busser,15,"Bensin hybrid, ikke ladbar",Kjorelengde,Kjørelengde (mill. km),2005,2005,,.
25,Busser,15,"Bensin hybrid, ikke ladbar",Kjorelengde,Kjørelengde (mill. km),2006,2006,,.
25,Busser,15,"Bensin hybrid, ikke ladbar",Kjorelengde,Kjørelengde (mill. km),2007,2007,,.
25,Busser,15,"Bensin hybrid, ikke ladbar",Kjorelengde,Kjørelengde (mill. km),2008,2008,,.
25,Busser,15,"Bensin hybrid, ikke ladbar",Kjorelengde,Kjørelengde (mill. km),2009,2009,,.
25,Busser,15,"Bensin hybrid, ikke ladbar",Kjorelengde,Kjørelengde (mill. km),2010,2010,,.
25,Busser,15,"Bensin hybrid, ikke ladbar",Kjorelengde,Kjørelengde (mill. km),2011,2011,,.
25,Busser,15,"Bensin hybrid, ikke ladbar",Kjorelengde,Kjørelengde (mill. km),2012,2012,,.
25,Busser,15,"Bensin hybrid, ikke ladbar",Kjorelengde,Kjørelengde (mill. km),2013,2013,,.
25,Busser,15,"Bensin hybrid, ikke ladbar",Kjorelengde,Kjørelengde (mill. km),2014,2014,,.
25,Busser,15,"Bensin hybrid, ikke ladbar",Kjorelengde,Kjørelengde (mill. km),2015,2015,,.
25,Busser,15,"Bensin hybrid, ikke ladbar",Kjorelengde,Kjørelengde (mill. km),2016,2016,,.
25,Busser,15,"Bensin hybrid, ikke ladbar",Kjorelengde,Kjørelengde (mill. km),2017,2017,,.
25,Busser,15,"Bensin hybrid, ikke ladbar",Kjorelengde,Kjørelengde (mill. km),2018,2018,,.
25,Busser,15,"Bensin hybrid, ikke ladbar",Kjorelengde,Kjørelengde (mill. km),2019,2019,,.
25,Busser,15,"Bensin hybrid, ikke ladbar",Kjorelengde,Kjørelengde (mill. km),2020,2020,,.
25,Busser,15,"Bensin hybrid, ikke ladbar",Kjorelengde,Kjørelengde (mill. km),2021,2021,,.
25,Busser,15,"Bensin hybrid, ikke ladbar",Kjorelengde,Kjørelengde (mill. km),2022,2022,,.
25,Busser,15,"Bensin hybrid, ikke ladbar",Kjorelengde,Kjørelengde (mill. km),2023,2023,,.
25,Busser,15,"Bensin hybrid, ikke ladbar",Kjorelengde,Kjørelengde (mill. km),2024,2024,,.
25,Busser,15,"Bensin hybrid, ikke ladbar",Kjorelengde,Kjørelengde (mill. km),2025,2025,,.
25,Busser,15,"Bensin hybrid, ikke ladbar",GjsnittKjorelengde,Gjennomsnittlig kjørelengde per kjøretøy (km),2005,2005,,.
25,Busser,15,"Bensin hybrid, ikke ladbar",GjsnittKjorelengde,Gjennomsnittlig kjørelengde per kjøretøy (km),2006,2006,,.
25,Busser,15,"Bensin hybrid, ikke ladbar",GjsnittKjorelengde,Gjennomsnittlig kjørelengde per kjøretøy (km),2007,2007,,.
25,Busser,15,"Bensin hybrid, ikke ladbar",GjsnittKjorelengde,Gjennomsnittlig kjørelengde per kjøretøy (km),2008,2008,,.
25,Busser,15,"Bensin hybrid, ikke ladbar",GjsnittKjorelengde,Gjennomsnittlig kjørelengde per kjøretøy (km),2009,2009,,.
25,Busser,15,"Bensin hybrid, ikke ladbar",GjsnittKjorelengde,Gjennomsnittlig kjørelengde per kjøretøy (km),2010,2010,,.
25,Busser,15,"Bensin hybrid, ikke ladbar",GjsnittKjorelengde,Gjennomsnittlig kjørelengde per kjøretøy (km),2011,2011,,.
25,Busser,15,"Bensin hybrid, ikke ladbar",GjsnittKjorelengde,Gjennomsnittlig kjørelengde per kjøretøy (km),2012,2012,,.
25,Busser,15,"Bensin hybrid, ikke ladbar",GjsnittKjorelengde,Gjennomsnittlig kjørelengde per kjøretøy (km),2013,2013,,.
25,Busser,15,"Bensin hybrid, ikke ladbar",GjsnittKjorelengde,Gjennomsnittlig kjørelengde per kjøretøy (km),2014,2014,,.
25,Busser,15,"Bensin hybrid, ikke ladbar",GjsnittKjorelengde,Gjennomsnittlig kjørelengde per kjøretøy (km),2015,2015,,.
25,Busser,15,"Bensin hybrid, ikke ladbar",GjsnittKjorelengde,Gjennomsnittlig kjørelengde per kjøretøy (km),2016,2016,,.
25,Busser,15,"Bensin hybrid, ikke ladbar",GjsnittKjorelengde,Gjennomsnittlig kjørelengde per kjøretøy (km),2017,2017,,.
25,Busser,15,"Bensin hybrid, ikke ladbar",GjsnittKjorelengde,Gjennomsnittlig kjørelengde per kjøretøy (km),2018,2018,,.
25,Busser,15,"Bensin hybrid, ikke ladbar",GjsnittKjorelengde,Gjennomsnittlig kjørelengde per kjøretøy (km),2019,2019,,.
25,Busser,15,"Bensin hybrid, ikke ladbar",GjsnittKjorelengde,Gjennomsnittlig kjørelengde per kjøretøy (km),2020,2020,,.
25,Busser,15,"Bensin hybrid, ikke ladbar",GjsnittKjorelengde,Gjennomsnittlig kjørelengde per kjøretøy (km),2021,2021,,.
25,Busser,15,"Bensin hybrid, ikke ladbar",GjsnittKjorelengde,Gjennomsnittlig kjørelengde per kjøretøy (km),2022,2022,,.
25,Busser,15,"Bensin hybrid, ikke ladbar",GjsnittKjorelengde,Gjennomsnittlig kjørelengde per kjøretøy (km),2023,2023,,.
25,Busser,15,"Bensin hybrid, ikke ladbar",GjsnittKjorelengde,Gjennomsnittlig kjørelengde per kjøretøy (km),2024,2024,,.
25,Busser,15,"Bensin hybrid, ikke ladbar",GjsnittKjorelengde,Gjennomsnittlig kjørelengde per kjøretøy (km),2025,2025,,.
25,Busser,16,"Diesel hybrid, ladbar",Kjorelengde,Kjørelengde (mill. km),2005,2005,,.
25,Busser,16,"Diesel hybrid, ladbar",Kjorelengde,Kjørelengde (mill. km),2006,2006,,.
25,Busser,16,"Diesel hybrid, ladbar",Kjorelengde,Kjørelengde (mill. km),2007,2007,,.
25,Busser,16,"Diesel hybrid, ladbar",Kjorelengde,Kjørelengde (mill. km),2008,2008,,.
25,Busser,16,"Diesel hybrid, ladbar",Kjorelengde,Kjørelengde (mill. km),2009,2009,,.
25,Busser,16,"Diesel hybrid, ladbar",Kjorelengde,Kjørelengde (mill. km),2010,2010,,.
25,Busser,16,"Diesel hybrid, ladbar",Kjorelengde,Kjørelengde (mill. km),2011,2011,,.
25,Busser,16,"Diesel hybrid, ladbar",Kjorelengde,Kjørelengde (mill. km),2012,2012,,.
25,Busser,16,"Diesel hybrid, ladbar",Kjorelengde,Kjørelengde (mill. km),2013,2013,,.
25,Busser,16,"Diesel hybrid, ladbar",Kjorelengde,Kjørelengde (mill. km),2014,2014,,.
25,Busser,16,"Diesel hybrid, ladbar",Kjorelengde,Kjørelengde (mill. km),2015,2015,,.
25,Busser,16,"Diesel hybrid, ladbar",Kjorelengde,Kjørelengde (mill. km),2016,2016,,.
25,Busser,16,"Diesel hybrid, ladbar",Kjorelengde,Kjørelengde (mill. km),2017,2017,,.
25,Busser,16,"Diesel hybrid, ladbar",Kjorelengde,Kjørelengde (mill. km),2018,2018,,.
25,Busser,16,"Diesel hybrid, ladbar",Kjorelengde,Kjørelengde (mill. km),2019,2019,1.1,
25,Busser,16,"Diesel hybrid, ladbar",Kjorelengde,Kjørelengde (mill. km),2020,2020,3.2,
25,Busser,16,"Diesel hybrid, ladbar",Kjorelengde,Kjørelengde (mill. km),2021,2021,3.2,
25,Busser,16,"Diesel hybrid, ladbar",Kjorelengde,Kjørelengde (mill. km),2022,2022,3.0,
25,Busser,16,"Diesel hybrid, ladbar",Kjorelengde,Kjørelengde (mill. km),2023,2023,2.9,
25,Busser,16,"Diesel hybrid, ladbar",Kjorelengde,Kjørelengde (mill. km),2024,2024,3.0,
25,Busser,16,"Diesel hybrid, ladbar",Kjorelengde,Kjørelengde (mill. km),2025,2025,3.1,
25,Busser,16,"Diesel hybrid, ladbar",GjsnittKjorelengde,Gjennomsnittlig kjørelengde per kjøretøy (km),2005,2005,,.
25,Busser,16,"Diesel hybrid, ladbar",GjsnittKjorelengde,Gjennomsnittlig kjørelengde per kjøretøy (km),2006,2006,,.
25,Busser,16,"Diesel hybrid, ladbar",GjsnittKjorelengde,Gjennomsnittlig kjørelengde per kjøretøy (km),2007,2007,,.
25,Busser,16,"Diesel hybrid, ladbar",GjsnittKjorelengde,Gjennomsnittlig kjørelengde per kjøretøy (km),2008,2008,,.
25,Busser,16,"Diesel hybrid, ladbar",GjsnittKjorelengde,Gjennomsnittlig kjørelengde per kjøretøy (km),2009,2009,,.
25,Busser,16,"Diesel hybrid, ladbar",GjsnittKjorelengde,Gjennomsnittlig kjørelengde per kjøretøy (km),2010,2010,,.
25,Busser,16,"Diesel hybrid, ladbar",GjsnittKjorelengde,Gjennomsnittlig kjørelengde per kjøretøy (km),2011,2011,,.
25,Busser,16,"Diesel hybrid, ladbar",GjsnittKjorelengde,Gjennomsnittlig kjørelengde per kjøretøy (km),2012,2012,,.
25,Busser,16,"Diesel hybrid, ladbar",GjsnittKjorelengde,Gjennomsnittlig kjørelengde per kjøretøy (km),2013,2013,,.
25,Busser,16,"Diesel hybrid, ladbar",GjsnittKjorelengde,Gjennomsnittlig kjørelengde per kjøretøy (km),2014,2014,,.
25,Busser,16,"Diesel hybrid, ladbar",GjsnittKjorelengde,Gjennomsnittlig kjørelengde per kjøretøy (km),2015,2015,,.
25,Busser,16,"Diesel hybrid, ladbar",GjsnittKjorelengde,Gjennomsnittlig kjørelengde per kjøretøy (km),2016,2016,,.
25,Busser,16,"Diesel hybrid, ladbar",GjsnittKjorelengde,Gjennomsnittlig kjørelengde per kjøretøy (km),2017,2017,,.
25,Busser,16,"Diesel hybrid, ladbar",GjsnittKjorelengde,Gjennomsnittlig kjørelengde per kjøretøy (km),2018,2018,,.
25,Busser,16,"Diesel hybrid, ladbar",GjsnittKjorelengde,Gjennomsnittlig kjørelengde per kjøretøy (km),2019,2019,21281.0,
25,Busser,16,"Diesel hybrid, ladbar",GjsnittKjorelengde,Gjennomsnittlig kjørelengde per kjøretøy (km),2020,2020,73207.0,
25,Busser,16,"Diesel hybrid, ladbar",GjsnittKjorelengde,Gjennomsnittlig kjørelengde per kjøretøy (km),2021,2021,71617.0,
25,Busser,16,"Diesel hybrid, ladbar",GjsnittKjorelengde,Gjennomsnittlig kjørelengde per kjøretøy (km),2022,2022,68954.0,
25,Busser,16,"Diesel hybrid, ladbar",GjsnittKjorelengde,Gjennomsnittlig kjørelengde per kjøretøy (km),2023,2023,66763.0,
25,Busser,16,"Diesel hybrid, ladbar",GjsnittKjorelengde,Gjennomsnittlig kjørelengde per kjøretøy (km),2024,2024,68815.0,
25,Busser,16,"Diesel hybrid, ladbar",GjsnittKjorelengde,Gjennomsnittlig kjørelengde per kjøretøy (km),2025,2025,69701.0,
25,Busser,17,"Diesel hybrid, ikke ladbar",Kjorelengde,Kjørelengde (mill. km),2005,2005,,.
25,Busser,17,"Diesel hybrid, ikke ladbar",Kjorelengde,Kjørelengde (mill. km),2006,2006,,.
25,Busser,17,"Diesel hybrid, ikke ladbar",Kjorelengde,Kjørelengde (mill. km),2007,2007,,.
25,Busser,17,"Diesel hybrid, ikke ladbar",Kjorelengde,Kjørelengde (mill. km),2008,2008,,.
25,Busser,17,"Diesel hybrid, ikke ladbar",Kjorelengde,Kjørelengde (mill. km),2009,2009,,.
25,Busser,17,"Diesel hybrid, ikke ladbar",Kjorelengde,Kjørelengde (mill. km),2010,2010,,.
25,Busser,17,"Diesel hybrid, ikke ladbar",Kjorelengde,Kjørelengde (mill. km),2011,2011,,.
25,Busser,17,"Diesel hybrid, ikke ladbar",Kjorelengde,Kjørelengde (mill. km),2012,2012,,.
25,Busser,17,"Diesel hybrid, ikke ladbar",Kjorelengde,Kjørelengde (mill. km),2013,2013,,.
25,Busser,17,"Diesel hybrid, ikke ladbar",Kjorelengde,Kjørelengde (mill. km),2014,2014,,.
25,Busser,17,"Diesel hybrid, ikke ladbar",Kjorelengde,Kjørelengde (mill. km),2015,2015,,.
25,Busser,17,"Diesel hybrid, ikke ladbar",Kjorelengde,Kjørelengde (mill. km),2016,2016,3.1,
25,Busser,17,"Diesel hybrid, ikke ladbar",Kjorelengde,Kjørelengde (mill. km),2017,2017,3.6,
25,Busser,17,"Diesel hybrid, ikke ladbar",Kjorelengde,Kjørelengde (mill. km),2018,2018,7.2,
25,Busser,17,"Diesel hybrid, ikke ladbar",Kjorelengde,Kjørelengde (mill. km),2019,2019,11.3,
25,Busser,17,"Diesel hybrid, ikke ladbar",Kjorelengde,Kjørelengde (mill. km),2020,2020,9.5,
25,Busser,17,"Diesel hybrid, ikke ladbar",Kjorelengde,Kjørelengde (mill. km),2021,2021,8.6,
25,Busser,17,"Diesel hybrid, ikke ladbar",Kjorelengde,Kjørelengde (mill. km),2022,2022,8.7,
25,Busser,17,"Diesel hybrid, ikke ladbar",Kjorelengde,Kjørelengde (mill. km),2023,2023,8.6,
25,Busser,17,"Diesel hybrid, ikke ladbar",Kjorelengde,Kjørelengde (mill. km),2024,2024,9.2,
25,Busser,17,"Diesel hybrid, ikke ladbar",Kjorelengde,Kjørelengde (mill. km),2025,2025,8.5,
25,Busser,17,"Diesel hybrid, ikke ladbar",GjsnittKjorelengde,Gjennomsnittlig kjørelengde per kjøretøy (km),2005,2005,,.
25,Busser,17,"Diesel hybrid, ikke ladbar",GjsnittKjorelengde,Gjennomsnittlig kjørelengde per kjøretøy (km),2006,2006,,.
25,Busser,17,"Diesel hybrid, ikke ladbar",GjsnittKjorelengde,Gjennomsnittlig kjørelengde per kjøretøy (km),2007,2007,,.
25,Busser,17,"Diesel hybrid, ikke ladbar",GjsnittKjorelengde,Gjennomsnittlig kjørelengde per kjøretøy (km),2008,2008,,.
25,Busser,17,"Diesel hybrid, ikke ladbar",GjsnittKjorelengde,Gjennomsnittlig kjørelengde per kjøretøy (km),2009,2009,,.
25,Busser,17,"Diesel hybrid, ikke ladbar",GjsnittKjorelengde,Gjennomsnittlig kjørelengde per kjøretøy (km),2010,2010,,.
25,Busser,17,"Diesel hybrid, ikke ladbar",GjsnittKjorelengde,Gjennomsnittlig kjørelengde per kjøretøy (km),2011,2011,,.
25,Busser,17,"Diesel hybrid, ikke ladbar",GjsnittKjorelengde,Gjennomsnittlig kjørelengde per kjøretøy (km),2012,2012,,.
25,Busser,17,"Diesel hybrid, ikke ladbar",GjsnittKjorelengde,Gjennomsnittlig kjørelengde per kjøretøy (km),2013,2013,,.
25,Busser,17,"Diesel hybrid, ikke ladbar",GjsnittKjorelengde,Gjennomsnittlig kjørelengde per kjøretøy (km),2014,2014,,.
25,Busser,17,"Diesel hybrid, ikke ladbar",GjsnittKjorelengde,Gjennomsnittlig kjørelengde per kjøretøy (km),2015,2015,,.
25,Busser,17,"Diesel hybrid, ikke ladbar",GjsnittKjorelengde,Gjennomsnittlig kjørelengde per kjøretøy (km),2016,2016,53552.0,
25,Busser,17,"Diesel hybrid, ikke ladbar",GjsnittKjorelengde,Gjennomsnittlig kjørelengde per kjøretøy (km),2017,2017,54240.0,
25,Busser,17,"Diesel hybrid, ikke ladbar",GjsnittKjorelengde,Gjennomsnittlig kjørelengde per kjøretøy (km),2018,2018,47831.0,
25,Busser,17,"Diesel hybrid, ikke ladbar",GjsnittKjorelengde,Gjennomsnittlig kjørelengde per kjøretøy (km),2019,2019,71979.0,
25,Busser,17,"Diesel hybrid, ikke ladbar",GjsnittKjorelengde,Gjennomsnittlig kjørelengde per kjøretøy (km),2020,2020,75041.0,
25,Busser,17,"Diesel hybrid, ikke ladbar",GjsnittKjorelengde,Gjennomsnittlig kjørelengde per kjøretøy (km),2021,2021,77664.0,
25,Busser,17,"Diesel hybrid, ikke ladbar",GjsnittKjorelengde,Gjennomsnittlig kjørelengde per kjøretøy (km),2022,2022,82545.0,
25,Busser,17,"Diesel hybrid, ikke ladbar",GjsnittKjorelengde,Gjennomsnittlig kjørelengde per kjøretøy (km),2023,2023,80815.0,
25,Busser,17,"Diesel hybrid, ikke ladbar",GjsnittKjorelengde,Gjennomsnittlig kjørelengde per kjøretøy (km),2024,2024,79386.0,
25,Busser,17,"Diesel hybrid, ikke ladbar",GjsnittKjorelengde,Gjennomsnittlig kjørelengde per kjøretøy (km),2025,2025,72207.0,
25,Busser,3,Parafin,Kjorelengde,Kjørelengde (mill. km),2005,2005,,.
25,Busser,3,Parafin,Kjorelengde,Kjørelengde (mill. km),2006,2006,,.
25,Busser,3,Parafin,Kjorelengde,Kjørelengde (mill. km),2007,2007,,.
25,Busser,3,Parafin,Kjorelengde,Kjørelengde (mill. km),2008,2008,,.
25,Busser,3,Parafin,Kjorelengde,Kjørelengde (mill. km),2009,2009,,.
25,Busser,3,Parafin,Kjorelengde,Kjørelengde (mill. km),2010,2010,,.
25,Busser,3,Parafin,Kjorelengde,Kjørelengde (mill. km),2011,2011,,.
25,Busser,3,Parafin,Kjorelengde,Kjørelengde (mill. km),2012,2012,,.
25,Busser,3,Parafin,Kjorelengde,Kjørelengde (mill. km),2013,2013,,.
25,Busser,3,Parafin,Kjorelengde,Kjørelengde (mill. km),2014,2014,,.
25,Busser,3,Parafin,Kjorelengde,Kjørelengde (mill. km),2015,2015,,.
25,Busser,3,Parafin,Kjorelengde,Kjørelengde (mill. km),2016,2016,,.
25,Busser,3,Parafin,Kjorelengde,Kjørelengde (mill. km),2017,2017,,:
25,Busser,3,Parafin,Kjorelengde,Kjørelengde (mill. km),2018,2018,,:
25,Busser,3,Parafin,Kjorelengde,Kjørelengde (mill. km),2019,2019,,:
25,Busser,3,Parafin,Kjorelengde,Kjørelengde (mill. km),2020,2020,,:
25,Busser,3,Parafin,Kjorelengde,Kjørelengde (mill. km),2021,2021,,:
25,Busser,3,Parafin,Kjorelengde,Kjørelengde (mill. km),2022,2022,,:
25,Busser,3,Parafin,Kjorelengde,Kjørelengde (mill. km),2023,2023,,.
25,Busser,3,Parafin,Kjorelengde,Kjørelengde (mill. km),2024,2024,,.
25,Busser,3,Parafin,Kjorelengde,Kjørelengde (mill. km),2025,2025,,.
25,Busser,3,Parafin,GjsnittKjorelengde,Gjennomsnittlig kjørelengde per kjøretøy (km),2005,2005,,.
25,Busser,3,Parafin,GjsnittKjorelengde,Gjennomsnittlig kjørelengde per kjøretøy (km),2006,2006,,.
25,Busser,3,Parafin,GjsnittKjorelengde,Gjennomsnittlig kjørelengde per kjøretøy (km),2007,2007,,.
25,Busser,3,Parafin,GjsnittKjorelengde,Gjennomsnittlig kjørelengde per kjøretøy (km),2008,2008,,.
25,Busser,3,Parafin,GjsnittKjorelengde,Gjennomsnittlig kjørelengde per kjøretøy (km),2009,2009,,.
25,Busser,3,Parafin,GjsnittKjorelengde,Gjennomsnittlig kjørelengde per kjøretøy (km),2010,2010,,.
25,Busser,3,Parafin,GjsnittKjorelengde,Gjennomsnittlig kjørelengde per kjøretøy (km),2011,2011,,.
25,Busser,3,Parafin,GjsnittKjorelengde,Gjennomsnittlig kjørelengde per kjøretøy (km),2012,2012,,.
25,Busser,3,Parafin,GjsnittKjorelengde,Gjennomsnittlig kjørelengde per kjøretøy (km),2013,2013,,.
25,Busser,3,Parafin,GjsnittKjorelengde,Gjennomsnittlig kjørelengde per kjøretøy (km),2014,2014,,.
25,Busser,3,Parafin,GjsnittKjorelengde,Gjennomsnittlig kjørelengde per kjøretøy (km),2015,2015,,.
25,Busser,3,Parafin,GjsnittKjorelengde,Gjennomsnittlig kjørelengde per kjøretøy (km),2016,2016,,.
25,Busser,3,Parafin,GjsnittKjorelengde,Gjennomsnittlig kjørelengde per kjøretøy (km),2017,2017,,:
25,Busser,3,Parafin,GjsnittKjorelengde,Gjennomsnittlig kjørelengde per kjøretøy (km),2018,2018,,:
25,Busser,3,Parafin,GjsnittKjorelengde,Gjennomsnittlig kjørelengde per kjøretøy (km),2019,2019,,:
25,Busser,3,Parafin,GjsnittKjorelengde,Gjennomsnittlig kjørelengde per kjøretøy (km),2020,2020,,:
25,Busser,3,Parafin,GjsnittKjorelengde,Gjennomsnittlig kjørelengde per kjøretøy (km),2021,2021,,:
25,Busser,3,Parafin,GjsnittKjorelengde,Gjennomsnittlig kjørelengde per kjøretøy (km),2022,2022,,:
25,Busser,3,Parafin,GjsnittKjorelengde,Gjennomsnittlig kjørelengde per kjøretøy (km),2023,2023,,.
25,Busser,3,Parafin,GjsnittKjorelengde,Gjennomsnittlig kjørelengde per kjøretøy (km),2024,2024,,.
25,Busser,3,Parafin,GjsnittKjorelengde,Gjennomsnittlig kjørelengde per kjøretøy (km),2025,2025,,.
25,Busser,4,Gass,Kjorelengde,Kjørelengde (mill. km),2005,2005,,.
25,Busser,4,Gass,Kjorelengde,Kjørelengde (mill. km),2006,2006,,.
25,Busser,4,Gass,Kjorelengde,Kjørelengde (mill. km),2007,2007,,.
25,Busser,4,Gass,Kjorelengde,Kjørelengde (mill. km),2008,2008,,.
25,Busser,4,Gass,Kjorelengde,Kjørelengde (mill. km),2009,2009,,.
25,Busser,4,Gass,Kjorelengde,Kjørelengde (mill. km),2010,2010,,.
25,Busser,4,Gass,Kjorelengde,Kjørelengde (mill. km),2011,2011,,.
25,Busser,4,Gass,Kjorelengde,Kjørelengde (mill. km),2012,2012,,.
25,Busser,4,Gass,Kjorelengde,Kjørelengde (mill. km),2013,2013,,.
25,Busser,4,Gass,Kjorelengde,Kjørelengde (mill. km),2014,2014,,.
25,Busser,4,Gass,Kjorelengde,Kjørelengde (mill. km),2015,2015,,.
25,Busser,4,Gass,Kjorelengde,Kjørelengde (mill. km),2016,2016,38.2,
25,Busser,4,Gass,Kjorelengde,Kjørelengde (mill. km),2017,2017,41.2,
25,Busser,4,Gass,Kjorelengde,Kjørelengde (mill. km),2018,2018,47.3,
25,Busser,4,Gass,Kjorelengde,Kjørelengde (mill. km),2019,2019,46.1,
25,Busser,4,Gass,Kjorelengde,Kjørelengde (mill. km),2020,2020,44.4,
25,Busser,4,Gass,Kjorelengde,Kjørelengde (mill. km),2021,2021,43.3,
25,Busser,4,Gass,Kjorelengde,Kjørelengde (mill. km),2022,2022,43.8,
25,Busser,4,Gass,Kjorelengde,Kjørelengde (mill. km),2023,2023,41.2,
25,Busser,4,Gass,Kjorelengde,Kjørelengde (mill. km),2024,2024,36.4,
25,Busser,4,Gass,Kjorelengde,Kjørelengde (mill. km),2025,2025,35.4,
25,Busser,4,Gass,GjsnittKjorelengde,Gjennomsnittlig kjørelengde per kjøretøy (km),2005,2005,,.
25,Busser,4,Gass,GjsnittKjorelengde,Gjennomsnittlig kjørelengde per kjøretøy (km),2006,2006,,.
25,Busser,4,Gass,GjsnittKjorelengde,Gjennomsnittlig kjørelengde per kjøretøy (km),2007,2007,,.
25,Busser,4,Gass,GjsnittKjorelengde,Gjennomsnittlig kjørelengde per kjøretøy (km),2008,2008,,.
25,Busser,4,Gass,GjsnittKjorelengde,Gjennomsnittlig kjørelengde per kjøretøy (km),2009,2009,,.
25,Busser,4,Gass,GjsnittKjorelengde,Gjennomsnittlig kjørelengde per kjøretøy (km),2010,2010,,.
25,Busser,4,Gass,GjsnittKjorelengde,Gjennomsnittlig kjørelengde per kjøretøy (km),2011,2011,,.
25,Busser,4,Gass,GjsnittKjorelengde,Gjennomsnittlig kjørelengde per kjøretøy (km),2012,2012,,.
25,Busser,4,Gass,GjsnittKjorelengde,Gjennomsnittlig kjørelengde per kjøretøy (km),2013,2013,,.
25,Busser,4,Gass,GjsnittKjorelengde,Gjennomsnittlig kjørelengde per kjøretøy (km),2014,2014,,.
25,Busser,4,Gass,GjsnittKjorelengde,Gjennomsnittlig kjørelengde per kjøretøy (km),2015,2015,,.
25,Busser,4,Gass,GjsnittKjorelengde,Gjennomsnittlig kjørelengde per kjøretøy (km),2016,2016,54415.0,
25,Busser,4,Gass,GjsnittKjorelengde,Gjennomsnittlig kjørelengde per kjøretøy (km),2017,2017,54616.0,
25,Busser,4,Gass,GjsnittKjorelengde,Gjennomsnittlig kjørelengde per kjøretøy (km),2018,2018,62201.0,
25,Busser,4,Gass,GjsnittKjorelengde,Gjennomsnittlig kjørelengde per kjøretøy (km),2019,2019,50356.0,
25,Busser,4,Gass,GjsnittKjorelengde,Gjennomsnittlig kjørelengde per kjøretøy (km),2020,2020,52300.0,
25,Busser,4,Gass,GjsnittKjorelengde,Gjennomsnittlig kjørelengde per kjøretøy (km),2021,2021,61871.0,
25,Busser,4,Gass,GjsnittKjorelengde,Gjennomsnittlig kjørelengde per kjøretøy (km),2022,2022,62032.0,
25,Busser,4,Gass,GjsnittKjorelengde,Gjennomsnittlig kjørelengde per kjøretøy (km),2023,2023,54094.0,
25,Busser,4,Gass,GjsnittKjorelengde,Gjennomsnittlig kjørelengde per kjøretøy (km),2024,2024,57003.0,
25,Busser,4,Gass,GjsnittKjorelengde,Gjennomsnittlig kjørelengde per kjøretøy (km),2025,2025,57876.0,
25,Busser,13,Hydrogen,Kjorelengde,Kjørelengde (mill. km),2005,2005,,.
25,Busser,13,Hydrogen,Kjorelengde,Kjørelengde (mill. km),2006,2006,,.
25,Busser,13,Hydrogen,Kjorelengde,Kjørelengde (mill. km),2007,2007,,.
25,Busser,13,Hydrogen,Kjorelengde,Kjørelengde (mill. km),2008,2008,,.
25,Busser,13,Hydrogen,Kjorelengde,Kjørelengde (mill. km),2009,2009,,.
25,Busser,13,Hydrogen,Kjorelengde,Kjørelengde (mill. km),2010,2010,,.
25,Busser,13,Hydrogen,Kjorelengde,Kjørelengde (mill. km),2011,2011,,.
25,Busser,13,Hydrogen,Kjorelengde,Kjørelengde (mill. km),2012,2012,,.
25,Busser,13,Hydrogen,Kjorelengde,Kjørelengde (mill. km),2013,2013,,.
25,Busser,13,Hydrogen,Kjorelengde,Kjørelengde (mill. km),2014,2014,,.
25,Busser,13,Hydrogen,Kjorelengde,Kjørelengde (mill. km),2015,2015,,.
25,Busser,13,Hydrogen,Kjorelengde,Kjørelengde (mill. km),2016,2016,0.1,
25,Busser,13,Hydrogen,Kjorelengde,Kjørelengde (mill. km),2017,2017,,:
25,Busser,13,Hydrogen,Kjorelengde,Kjørelengde (mill. km),2018,2018,,:
25,Busser,13,Hydrogen,Kjorelengde,Kjørelengde (mill. km),2019,2019,,:
25,Busser,13,Hydrogen,Kjorelengde,Kjørelengde (mill. km),2020,2020,,:
25,Busser,13,Hydrogen,Kjorelengde,Kjørelengde (mill. km),2021,2021,,:
25,Busser,13,Hydrogen,Kjorelengde,Kjørelengde (mill. km),2022,2022,,.
25,Busser,13,Hydrogen,Kjorelengde,Kjørelengde (mill. km),2023,2023,,.
25,Busser,13,Hydrogen,Kjorelengde,Kjørelengde (mill. km),2024,2024,,.
25,Busser,13,Hydrogen,Kjorelengde,Kjørelengde (mill. km),2025,2025,,.
25,Busser,13,Hydrogen,GjsnittKjorelengde,Gjennomsnittlig kjørelengde per kjøretøy (km),2005,2005,,.
25,Busser,13,Hydrogen,GjsnittKjorelengde,Gjennomsnittlig kjørelengde per kjøretøy (km),2006,2006,,.
25,Busser,13,Hydrogen,GjsnittKjorelengde,Gjennomsnittlig kjørelengde per kjøretøy (km),2007,2007,,.
25,Busser,13,Hydrogen,GjsnittKjorelengde,Gjennomsnittlig kjørelengde per kjøretøy (km),2008,2008,,.
25,Busser,13,Hydrogen,GjsnittKjorelengde,Gjennomsnittlig kjørelengde per kjøretøy (km),2009,2009,,.
25,Busser,13,Hydrogen,GjsnittKjorelengde,Gjennomsnittlig kjørelengde per kjøretøy (km),2010,2010,,.
25,Busser,13,Hydrogen,GjsnittKjorelengde,Gjennomsnittlig kjørelengde per kjøretøy (km),2011,2011,,.
25,Busser,13,Hydrogen,GjsnittKjorelengde,Gjennomsnittlig kjørelengde per kjøretøy (km),2012,2012,,.
25,Busser,13,Hydrogen,GjsnittKjorelengde,Gjennomsnittlig kjørelengde per kjøretøy (km),2013,2013,,.
25,Busser,13,Hydrogen,GjsnittKjorelengde,Gjennomsnittlig kjørelengde per kjøretøy (km),2014,2014,,.
25,Busser,13,Hydrogen,GjsnittKjorelengde,Gjennomsnittlig kjørelengde per kjøretøy (km),2015,2015,,.
25,Busser,13,Hydrogen,GjsnittKjorelengde,Gjennomsnittlig kjørelengde per kjøretøy (km),2016,2016,18461.0,
25,Busser,13,Hydrogen,GjsnittKjorelengde,Gjennomsnittlig kjørelengde per kjøretøy (km),2017,2017,,:
25,Busser,13,Hydrogen,GjsnittKjorelengde,Gjennomsnittlig kjørelengde per kjøretøy (km),2018,2018,,:
25,Busser,13,Hydrogen,GjsnittKjorelengde,Gjennomsnittlig kjørelengde per kjøretøy (km),2019,2019,,:
25,Busser,13,Hydrogen,GjsnittKjorelengde,Gjennomsnittlig kjørelengde per kjøretøy (km),2020,2020,,:
25,Busser,13,Hydrogen,GjsnittKjorelengde,Gjennomsnittlig kjørelengde per kjøretøy (km),2021,2021,,:
25,Busser,13,Hydrogen,GjsnittKjorelengde,Gjennomsnittlig kjørelengde per kjøretøy (km),2022,2022,,.
25,Busser,13,Hydrogen,GjsnittKjorelengde,Gjennomsnittlig kjørelengde per kjøretøy (km),2023,2023,,.
25,Busser,13,Hydrogen,GjsnittKjorelengde,Gjennomsnittlig kjørelengde per kjøretøy (km),2024,2024,,.
25,Busser,13,Hydrogen,GjsnittKjorelengde,Gjennomsnittlig kjørelengde per kjøretøy (km),2025,2025,,.
25,Busser,7,Andre drivstoff,Kjorelengde,Kjørelengde (mill. km),2005,2005,5.2,
25,Busser,7,Andre drivstoff,Kjorelengde,Kjørelengde (mill. km),2006,2006,6.5,
25,Busser,7,Andre drivstoff,Kjorelengde,Kjørelengde (mill. km),2007,2007,6.8,
25,Busser,7,Andre drivstoff,Kjorelengde,Kjørelengde (mill. km),2008,2008,8.6,
25,Busser,7,Andre drivstoff,Kjorelengde,Kjørelengde (mill. km),2009,2009,9.2,
25,Busser,7,Andre drivstoff,Kjorelengde,Kjørelengde (mill. km),2010,2010,10.7,
25,Busser,7,Andre drivstoff,Kjorelengde,Kjørelengde (mill. km),2011,2011,16.1,
25,Busser,7,Andre drivstoff,Kjorelengde,Kjørelengde (mill. km),2012,2012,24.6,
25,Busser,7,Andre drivstoff,Kjorelengde,Kjørelengde (mill. km),2013,2013,32.2,
25,Busser,7,Andre drivstoff,Kjorelengde,Kjørelengde (mill. km),2014,2014,32.7,
25,Busser,7,Andre drivstoff,Kjorelengde,Kjørelengde (mill. km),2015,2015,35.8,
25,Busser,7,Andre drivstoff,Kjorelengde,Kjørelengde (mill. km),2016,2016,0.2,
25,Busser,7,Andre drivstoff,Kjorelengde,Kjørelengde (mill. km),2017,2017,,.
25,Busser,7,Andre drivstoff,Kjorelengde,Kjørelengde (mill. km),2018,2018,,.
25,Busser,7,Andre drivstoff,Kjorelengde,Kjørelengde (mill. km),2019,2019,,.
25,Busser,7,Andre drivstoff,Kjorelengde,Kjørelengde (mill. km),2020,2020,0.3,
25,Busser,7,Andre drivstoff,Kjorelengde,Kjørelengde (mill. km),2021,2021,0.2,
25,Busser,7,Andre drivstoff,Kjorelengde,Kjørelengde (mill. km),2022,2022,0.2,
25,Busser,7,Andre drivstoff,Kjorelengde,Kjørelengde (mill. km),2023,2023,0.2,
25,Busser,7,Andre drivstoff,Kjorelengde,Kjørelengde (mill. km),2024,2024,,:
25,Busser,7,Andre drivstoff,Kjorelengde,Kjørelengde (mill. km),2025,2025,0.3,
25,Busser,7,Andre drivstoff,GjsnittKjorelengde,Gjennomsnittlig kjørelengde per kjøretøy (km),2005,2005,55134.0,
25,Busser,7,Andre drivstoff,GjsnittKjorelengde,Gjennomsnittlig kjørelengde per kjøretøy (km),2006,2006,53369.0,
25,Busser,7,Andre drivstoff,GjsnittKjorelengde,Gjennomsnittlig kjørelengde per kjøretøy (km),2007,2007,56853.0,
25,Busser,7,Andre drivstoff,GjsnittKjorelengde,Gjennomsnittlig kjørelengde per kjøretøy (km),2008,2008,49671.0,
25,Busser,7,Andre drivstoff,GjsnittKjorelengde,Gjennomsnittlig kjørelengde per kjøretøy (km),2009,2009,53615.0,
25,Busser,7,Andre drivstoff,GjsnittKjorelengde,Gjennomsnittlig kjørelengde per kjøretøy (km),2010,2010,44012.0,
25,Busser,7,Andre drivstoff,GjsnittKjorelengde,Gjennomsnittlig kjørelengde per kjøretøy (km),2011,2011,33022.0,
25,Busser,7,Andre drivstoff,GjsnittKjorelengde,Gjennomsnittlig kjørelengde per kjøretøy (km),2012,2012,46479.0,
25,Busser,7,Andre drivstoff,GjsnittKjorelengde,Gjennomsnittlig kjørelengde per kjøretøy (km),2013,2013,53848.0,
25,Busser,7,Andre drivstoff,GjsnittKjorelengde,Gjennomsnittlig kjørelengde per kjøretøy (km),2014,2014,52768.0,
25,Busser,7,Andre drivstoff,GjsnittKjorelengde,Gjennomsnittlig kjørelengde per kjøretøy (km),2015,2015,52713.0,
25,Busser,7,Andre drivstoff,GjsnittKjorelengde,Gjennomsnittlig kjørelengde per kjøretøy (km),2016,2016,16416.0,
25,Busser,7,Andre drivstoff,GjsnittKjorelengde,Gjennomsnittlig kjørelengde per kjøretøy (km),2017,2017,,.
25,Busser,7,Andre drivstoff,GjsnittKjorelengde,Gjennomsnittlig kjørelengde per kjøretøy (km),2018,2018,,.
25,Busser,7,Andre drivstoff,GjsnittKjorelengde,Gjennomsnittlig kjørelengde per kjøretøy (km),2019,2019,,.
25,Busser,7,Andre drivstoff,GjsnittKjorelengde,Gjennomsnittlig kjørelengde per kjøretøy (km),2020,2020,53600.0,
25,Busser,7,Andre drivstoff,GjsnittKjorelengde,Gjennomsnittlig kjørelengde per kjøretøy (km),2021,2021,35954.0,
25,Busser,7,Andre drivstoff,GjsnittKjorelengde,Gjennomsnittlig kjørelengde per kjøretøy (km),2022,2022,42933.0,
25,Busser,7,Andre drivstoff,GjsnittKjorelengde,Gjennomsnittlig kjørelengde per kjøretøy (km),2023,2023,44663.0,
25,Busser,7,Andre drivstoff,GjsnittKjorelengde,Gjennomsnittlig kjørelengde per kjøretøy (km),2024,2024,,:
25,Busser,7,Andre drivstoff,GjsnittKjorelengde,Gjennomsnittlig kjørelengde per kjøretøy (km),2025,2025,41839.0,
26,Små lastebiler,0,Alle typer drivstoff,Kjorelengde,Kjørelengde (mill. km),2005,2005,601.4,
26,Små lastebiler,0,Alle typer drivstoff,Kjorelengde,Kjørelengde (mill. km),2006,2006,575.4,
26,Små lastebiler,0,Alle typer drivstoff,Kjorelengde,Kjørelengde (mill. km),2007,2007,532.9,
26,Små lastebiler,0,Alle typer drivstoff,Kjorelengde,Kjørelengde (mill. km),2008,2008,474.6,
26,Små lastebiler,0,Alle typer drivstoff,Kjorelengde,Kjørelengde (mill. km),2009,2009,418.1,
26,Små lastebiler,0,Alle typer drivstoff,Kjorelengde,Kjørelengde (mill. km),2010,2010,372.6,
26,Små lastebiler,0,Alle typer drivstoff,Kjorelengde,Kjørelengde (mill. km),2011,2011,337.5,
26,Små lastebiler,0,Alle typer drivstoff,Kjorelengde,Kjørelengde (mill. km),2012,2012,306.1,
26,Små lastebiler,0,Alle typer drivstoff,Kjorelengde,Kjørelengde (mill. km),2013,2013,272.4,
26,Små lastebiler,0,Alle typer drivstoff,Kjorelengde,Kjørelengde (mill. km),2014,2014,240.1,
26,Små lastebiler,0,Alle typer drivstoff,Kjorelengde,Kjørelengde (mill. km),2015,2015,214.6,
26,Små lastebiler,0,Alle typer drivstoff,Kjorelengde,Kjørelengde (mill. km),2016,2016,177.2,
26,Små lastebiler,0,Alle typer drivstoff,Kjorelengde,Kjørelengde (mill. km),2017,2017,155.9,
26,Små lastebiler,0,Alle typer drivstoff,Kjorelengde,Kjørelengde (mill. km),2018,2018,139.4,
26,Små lastebiler,0,Alle typer drivstoff,Kjorelengde,Kjørelengde (mill. km),2019,2019,128.3,
26,Små lastebiler,0,Alle typer drivstoff,Kjorelengde,Kjørelengde (mill. km),2020,2020,114.1,
26,Små lastebiler,0,Alle typer drivstoff,Kjorelengde,Kjørelengde (mill. km),2021,2021,111.7,
26,Små lastebiler,0,Alle typer drivstoff,Kjorelengde,Kjørelengde (mill. km),2022,2022,108.4,
26,Små lastebiler,0,Alle typer drivstoff,Kjorelengde,Kjørelengde (mill. km),2023,2023,107.3,
26,Små lastebiler,0,Alle typer drivstoff,Kjorelengde,Kjørelengde (mill. km),2024,2024,113.2,
26,Små lastebiler,0,Alle typer drivstoff,Kjorelengde,Kjørelengde (mill. km),2025,2025,112.0,
26,Små lastebiler,0,Alle typer drivstoff,GjsnittKjorelengde,Gjennomsnittlig kjørelengde per kjøretøy (km),2005,2005,16095.0,
26,Små lastebiler,0,Alle typer drivstoff,GjsnittKjorelengde,Gjennomsnittlig kjørelengde per kjøretøy (km),2006,2006,15926.0,
26,Små lastebiler,0,Alle typer drivstoff,GjsnittKjorelengde,Gjennomsnittlig kjørelengde per kjøretøy (km),2007,2007,15564.0,
26,Små lastebiler,0,Alle typer drivstoff,GjsnittKjorelengde,Gjennomsnittlig kjørelengde per kjøretøy (km),2008,2008,14725.0,
26,Små lastebiler,0,Alle typer drivstoff,GjsnittKjorelengde,Gjennomsnittlig kjørelengde per kjøretøy (km),2009,2009,13829.0,
26,Små lastebiler,0,Alle typer drivstoff,GjsnittKjorelengde,Gjennomsnittlig kjørelengde per kjøretøy (km),2010,2010,13020.0,
26,Små lastebiler,0,Alle typer drivstoff,GjsnittKjorelengde,Gjennomsnittlig kjørelengde per kjøretøy (km),2011,2011,12478.0,
26,Små lastebiler,0,Alle typer drivstoff,GjsnittKjorelengde,Gjennomsnittlig kjørelengde per kjøretøy (km),2012,2012,12014.0,
26,Små lastebiler,0,Alle typer drivstoff,GjsnittKjorelengde,Gjennomsnittlig kjørelengde per kjøretøy (km),2013,2013,11373.0,
26,Små lastebiler,0,Alle typer drivstoff,GjsnittKjorelengde,Gjennomsnittlig kjørelengde per kjøretøy (km),2014,2014,10780.0,
26,Små lastebiler,0,Alle typer drivstoff,GjsnittKjorelengde,Gjennomsnittlig kjørelengde per kjøretøy (km),2015,2015,10467.0,
26,Små lastebiler,0,Alle typer drivstoff,GjsnittKjorelengde,Gjennomsnittlig kjørelengde per kjøretøy (km),2016,2016,9928.0,
26,Små lastebiler,0,Alle typer drivstoff,GjsnittKjorelengde,Gjennomsnittlig kjørelengde per kjøretøy (km),2017,2017,9573.0,
26,Små lastebiler,0,Alle typer drivstoff,GjsnittKjorelengde,Gjennomsnittlig kjørelengde per kjøretøy (km),2018,2018,9301.0,
26,Små lastebiler,0,Alle typer drivstoff,GjsnittKjorelengde,Gjennomsnittlig kjørelengde per kjøretøy (km),2019,2019,9332.0,
26,Små lastebiler,0,Alle typer drivstoff,GjsnittKjorelengde,Gjennomsnittlig kjørelengde per kjøretøy (km),2020,2020,8501.0,
26,Små lastebiler,0,Alle typer drivstoff,GjsnittKjorelengde,Gjennomsnittlig kjørelengde per kjøretøy (km),2021,2021,8890.0,
26,Små lastebiler,0,Alle typer drivstoff,GjsnittKjorelengde,Gjennomsnittlig kjørelengde per kjøretøy (km),2022,2022,8908.0,
26,Små lastebiler,0,Alle typer drivstoff,GjsnittKjorelengde,Gjennomsnittlig kjørelengde per kjøretøy (km),2023,2023,9033.0,
26,Små lastebiler,0,Alle typer drivstoff,GjsnittKjorelengde,Gjennomsnittlig kjørelengde per kjøretøy (km),2024,2024,9650.0,
26,Små lastebiler,0,Alle typer drivstoff,GjsnittKjorelengde,Gjennomsnittlig kjørelengde per kjøretøy (km),2025,2025,9965.0,
26,Små lastebiler,1,Bensin,Kjorelengde,Kjørelengde (mill. km),2005,2005,108.7,
26,Små lastebiler,1,Bensin,Kjorelengde,Kjørelengde (mill. km),2006,2006,108.7,
26,Små lastebiler,1,Bensin,Kjorelengde,Kjørelengde (mill. km),2007,2007,100.0,
26,Små lastebiler,1,Bensin,Kjorelengde,Kjørelengde (mill. km),2008,2008,86.1,
26,Små lastebiler,1,Bensin,Kjorelengde,Kjørelengde (mill. km),2009,2009,76.5,
26,Små lastebiler,1,Bensin,Kjorelengde,Kjørelengde (mill. km),2010,2010,68.6,
26,Små lastebiler,1,Bensin,Kjorelengde,Kjørelengde (mill. km),2011,2011,57.4,
26,Små lastebiler,1,Bensin,Kjorelengde,Kjørelengde (mill. km),2012,2012,45.9,
26,Små lastebiler,1,Bensin,Kjorelengde,Kjørelengde (mill. km),2013,2013,37.0,
26,Små lastebiler,1,Bensin,Kjorelengde,Kjørelengde (mill. km),2014,2014,27.1,
26,Små lastebiler,1,Bensin,Kjorelengde,Kjørelengde (mill. km),2015,2015,21.4,
26,Små lastebiler,1,Bensin,Kjorelengde,Kjørelengde (mill. km),2016,2016,11.2,
26,Små lastebiler,1,Bensin,Kjorelengde,Kjørelengde (mill. km),2017,2017,8.0,
26,Små lastebiler,1,Bensin,Kjorelengde,Kjørelengde (mill. km),2018,2018,5.7,
26,Små lastebiler,1,Bensin,Kjorelengde,Kjørelengde (mill. km),2019,2019,4.5,
26,Små lastebiler,1,Bensin,Kjorelengde,Kjørelengde (mill. km),2020,2020,4.2,
26,Små lastebiler,1,Bensin,Kjorelengde,Kjørelengde (mill. km),2021,2021,2.8,
26,Små lastebiler,1,Bensin,Kjorelengde,Kjørelengde (mill. km),2022,2022,2.4,
26,Små lastebiler,1,Bensin,Kjorelengde,Kjørelengde (mill. km),2023,2023,1.7,
26,Små lastebiler,1,Bensin,Kjorelengde,Kjørelengde (mill. km),2024,2024,1.5,
26,Små lastebiler,1,Bensin,Kjorelengde,Kjørelengde (mill. km),2025,2025,1.3,
26,Små lastebiler,1,Bensin,GjsnittKjorelengde,Gjennomsnittlig kjørelengde per kjøretøy (km),2005,2005,15993.0,
26,Små lastebiler,1,Bensin,GjsnittKjorelengde,Gjennomsnittlig kjørelengde per kjøretøy (km),2006,2006,16177.0,
26,Små lastebiler,1,Bensin,GjsnittKjorelengde,Gjennomsnittlig kjørelengde per kjøretøy (km),2007,2007,15784.0,
26,Små lastebiler,1,Bensin,GjsnittKjorelengde,Gjennomsnittlig kjørelengde per kjøretøy (km),2008,2008,14576.0,
26,Små lastebiler,1,Bensin,GjsnittKjorelengde,Gjennomsnittlig kjørelengde per kjøretøy (km),2009,2009,13408.0,
26,Små lastebiler,1,Bensin,GjsnittKjorelengde,Gjennomsnittlig kjørelengde per kjøretøy (km),2010,2010,12557.0,
26,Små lastebiler,1,Bensin,GjsnittKjorelengde,Gjennomsnittlig kjørelengde per kjøretøy (km),2011,2011,11540.0,
26,Små lastebiler,1,Bensin,GjsnittKjorelengde,Gjennomsnittlig kjørelengde per kjøretøy (km),2012,2012,10301.0,
26,Små lastebiler,1,Bensin,GjsnittKjorelengde,Gjennomsnittlig kjørelengde per kjøretøy (km),2013,2013,9481.0,
26,Små lastebiler,1,Bensin,GjsnittKjorelengde,Gjennomsnittlig kjørelengde per kjøretøy (km),2014,2014,8210.0,
26,Små lastebiler,1,Bensin,GjsnittKjorelengde,Gjennomsnittlig kjørelengde per kjøretøy (km),2015,2015,7721.0,
26,Små lastebiler,1,Bensin,GjsnittKjorelengde,Gjennomsnittlig kjørelengde per kjøretøy (km),2016,2016,5809.0,
26,Små lastebiler,1,Bensin,GjsnittKjorelengde,Gjennomsnittlig kjørelengde per kjøretøy (km),2017,2017,4915.0,
26,Små lastebiler,1,Bensin,GjsnittKjorelengde,Gjennomsnittlig kjørelengde per kjøretøy (km),2018,2018,4093.0,
26,Små lastebiler,1,Bensin,GjsnittKjorelengde,Gjennomsnittlig kjørelengde per kjøretøy (km),2019,2019,3847.0,
26,Små lastebiler,1,Bensin,GjsnittKjorelengde,Gjennomsnittlig kjørelengde per kjøretøy (km),2020,2020,3900.0,
26,Små lastebiler,1,Bensin,GjsnittKjorelengde,Gjennomsnittlig kjørelengde per kjøretøy (km),2021,2021,2866.0,
26,Små lastebiler,1,Bensin,GjsnittKjorelengde,Gjennomsnittlig kjørelengde per kjøretøy (km),2022,2022,2619.0,
26,Små lastebiler,1,Bensin,GjsnittKjorelengde,Gjennomsnittlig kjørelengde per kjøretøy (km),2023,2023,2122.0,
26,Små lastebiler,1,Bensin,GjsnittKjorelengde,Gjennomsnittlig kjørelengde per kjøretøy (km),2024,2024,2047.0,
26,Små lastebiler,1,Bensin,GjsnittKjorelengde,Gjennomsnittlig kjørelengde per kjøretøy (km),2025,2025,2701.0,
26,Små lastebiler,2,Diesel,Kjorelengde,Kjørelengde (mill. km),2005,2005,492.5,
26,Små lastebiler,2,Diesel,Kjorelengde,Kjørelengde (mill. km),2006,2006,466.5,
26,Små lastebiler,2,Diesel,Kjorelengde,Kjørelengde (mill. km),2007,2007,432.7,
26,Små lastebiler,2,Diesel,Kjorelengde,Kjørelengde (mill. km),2008,2008,388.2,
26,Små lastebiler,2,Diesel,Kjorelengde,Kjørelengde (mill. km),2009,2009,341.2,
26,Små lastebiler,2,Diesel,Kjorelengde,Kjørelengde (mill. km),2010,2010,303.7,
26,Små lastebiler,2,Diesel,Kjorelengde,Kjørelengde (mill. km),2011,2011,279.8,
26,Små lastebiler,2,Diesel,Kjorelengde,Kjørelengde (mill. km),2012,2012,260.0,
26,Små lastebiler,2,Diesel,Kjorelengde,Kjørelengde (mill. km),2013,2013,235.2,
26,Små lastebiler,2,Diesel,Kjorelengde,Kjørelengde (mill. km),2014,2014,212.9,
26,Små lastebiler,2,Diesel,Kjorelengde,Kjørelengde (mill. km),2015,2015,193.1,
26,Små lastebiler,2,Diesel,Kjorelengde,Kjørelengde (mill. km),2016,2016,165.9,
26,Små lastebiler,2,Diesel,Kjorelengde,Kjørelengde (mill. km),2017,2017,147.7,
26,Små lastebiler,2,Diesel,Kjorelengde,Kjørelengde (mill. km),2018,2018,133.3,
26,Små lastebiler,2,Diesel,Kjorelengde,Kjørelengde (mill. km),2019,2019,123.3,
26,Små lastebiler,2,Diesel,Kjorelengde,Kjørelengde (mill. km),2020,2020,109.2,
26,Små lastebiler,2,Diesel,Kjorelengde,Kjørelengde (mill. km),2021,2021,108.1,
26,Små lastebiler,2,Diesel,Kjorelengde,Kjørelengde (mill. km),2022,2022,104.6,
26,Små lastebiler,2,Diesel,Kjorelengde,Kjørelengde (mill. km),2023,2023,97.3,
26,Små lastebiler,2,Diesel,Kjorelengde,Kjørelengde (mill. km),2024,2024,95.2,
26,Små lastebiler,2,Diesel,Kjorelengde,Kjørelengde (mill. km),2025,2025,87.9,
26,Små lastebiler,2,Diesel,GjsnittKjorelengde,Gjennomsnittlig kjørelengde per kjøretøy (km),2005,2005,16119.0,
26,Små lastebiler,2,Diesel,GjsnittKjorelengde,Gjennomsnittlig kjørelengde per kjøretøy (km),2006,2006,15869.0,
26,Små lastebiler,2,Diesel,GjsnittKjorelengde,Gjennomsnittlig kjørelengde per kjøretøy (km),2007,2007,15516.0,
26,Små lastebiler,2,Diesel,GjsnittKjorelengde,Gjennomsnittlig kjørelengde per kjøretøy (km),2008,2008,14760.0,
26,Små lastebiler,2,Diesel,GjsnittKjorelengde,Gjennomsnittlig kjørelengde per kjøretøy (km),2009,2009,13924.0,
26,Små lastebiler,2,Diesel,GjsnittKjorelengde,Gjennomsnittlig kjørelengde per kjøretøy (km),2010,2010,13129.0,
26,Små lastebiler,2,Diesel,GjsnittKjorelengde,Gjennomsnittlig kjørelengde per kjøretøy (km),2011,2011,12691.0,
26,Små lastebiler,2,Diesel,GjsnittKjorelengde,Gjennomsnittlig kjørelengde per kjøretøy (km),2012,2012,12379.0,
26,Små lastebiler,2,Diesel,GjsnittKjorelengde,Gjennomsnittlig kjørelengde per kjøretøy (km),2013,2013,11744.0,
26,Små lastebiler,2,Diesel,GjsnittKjorelengde,Gjennomsnittlig kjørelengde per kjøretøy (km),2014,2014,11232.0,
26,Små lastebiler,2,Diesel,GjsnittKjorelengde,Gjennomsnittlig kjørelengde per kjøretøy (km),2015,2015,10901.0,
26,Små lastebiler,2,Diesel,GjsnittKjorelengde,Gjennomsnittlig kjørelengde per kjøretøy (km),2016,2016,10431.0,
26,Små lastebiler,2,Diesel,GjsnittKjorelengde,Gjennomsnittlig kjørelengde per kjøretøy (km),2017,2017,10093.0,
26,Små lastebiler,2,Diesel,GjsnittKjorelengde,Gjennomsnittlig kjørelengde per kjøretøy (km),2018,2018,9832.0,
26,Små lastebiler,2,Diesel,GjsnittKjorelengde,Gjennomsnittlig kjørelengde per kjøretøy (km),2019,2019,9831.0,
26,Små lastebiler,2,Diesel,GjsnittKjorelengde,Gjennomsnittlig kjørelengde per kjøretøy (km),2020,2020,8886.0,
26,Små lastebiler,2,Diesel,GjsnittKjorelengde,Gjennomsnittlig kjørelengde per kjøretøy (km),2021,2021,9375.0,
26,Små lastebiler,2,Diesel,GjsnittKjorelengde,Gjennomsnittlig kjørelengde per kjøretøy (km),2022,2022,9515.0,
26,Små lastebiler,2,Diesel,GjsnittKjorelengde,Gjennomsnittlig kjørelengde per kjøretøy (km),2023,2023,9441.0,
26,Små lastebiler,2,Diesel,GjsnittKjorelengde,Gjennomsnittlig kjørelengde per kjøretøy (km),2024,2024,9641.0,
26,Små lastebiler,2,Diesel,GjsnittKjorelengde,Gjennomsnittlig kjørelengde per kjøretøy (km),2025,2025,9524.0,
26,Små lastebiler,18,Elektrisitet,Kjorelengde,Kjørelengde (mill. km),2005,2005,,:
26,Små lastebiler,18,Elektrisitet,Kjorelengde,Kjørelengde (mill. km),2006,2006,,:
26,Små lastebiler,18,Elektrisitet,Kjorelengde,Kjørelengde (mill. km),2007,2007,,:
26,Små lastebiler,18,Elektrisitet,Kjorelengde,Kjørelengde (mill. km),2008,2008,,:
26,Små lastebiler,18,Elektrisitet,Kjorelengde,Kjørelengde (mill. km),2009,2009,,:
26,Små lastebiler,18,Elektrisitet,Kjorelengde,Kjørelengde (mill. km),2010,2010,,:
26,Små lastebiler,18,Elektrisitet,Kjorelengde,Kjørelengde (mill. km),2011,2011,,:
26,Små lastebiler,18,Elektrisitet,Kjorelengde,Kjørelengde (mill. km),2012,2012,,:
26,Små lastebiler,18,Elektrisitet,Kjorelengde,Kjørelengde (mill. km),2013,2013,,:
26,Små lastebiler,18,Elektrisitet,Kjorelengde,Kjørelengde (mill. km),2014,2014,,:
26,Små lastebiler,18,Elektrisitet,Kjorelengde,Kjørelengde (mill. km),2015,2015,,:
26,Små lastebiler,18,Elektrisitet,Kjorelengde,Kjørelengde (mill. km),2016,2016,,.
26,Små lastebiler,18,Elektrisitet,Kjorelengde,Kjørelengde (mill. km),2017,2017,,.
26,Små lastebiler,18,Elektrisitet,Kjorelengde,Kjørelengde (mill. km),2018,2018,0.1,
26,Små lastebiler,18,Elektrisitet,Kjorelengde,Kjørelengde (mill. km),2019,2019,0.2,
26,Små lastebiler,18,Elektrisitet,Kjorelengde,Kjørelengde (mill. km),2020,2020,0.2,
26,Små lastebiler,18,Elektrisitet,Kjorelengde,Kjørelengde (mill. km),2021,2021,0.3,
26,Små lastebiler,18,Elektrisitet,Kjorelengde,Kjørelengde (mill. km),2022,2022,0.9,
26,Små lastebiler,18,Elektrisitet,Kjorelengde,Kjørelengde (mill. km),2023,2023,7.6,
26,Små lastebiler,18,Elektrisitet,Kjorelengde,Kjørelengde (mill. km),2024,2024,15.3,
26,Små lastebiler,18,Elektrisitet,Kjorelengde,Kjørelengde (mill. km),2025,2025,20.9,
26,Små lastebiler,18,Elektrisitet,GjsnittKjorelengde,Gjennomsnittlig kjørelengde per kjøretøy (km),2005,2005,,:
26,Små lastebiler,18,Elektrisitet,GjsnittKjorelengde,Gjennomsnittlig kjørelengde per kjøretøy (km),2006,2006,,:
26,Små lastebiler,18,Elektrisitet,GjsnittKjorelengde,Gjennomsnittlig kjørelengde per kjøretøy (km),2007,2007,,:
26,Små lastebiler,18,Elektrisitet,GjsnittKjorelengde,Gjennomsnittlig kjørelengde per kjøretøy (km),2008,2008,,:
26,Små lastebiler,18,Elektrisitet,GjsnittKjorelengde,Gjennomsnittlig kjørelengde per kjøretøy (km),2009,2009,,:
26,Små lastebiler,18,Elektrisitet,GjsnittKjorelengde,Gjennomsnittlig kjørelengde per kjøretøy (km),2010,2010,,:
26,Små lastebiler,18,Elektrisitet,GjsnittKjorelengde,Gjennomsnittlig kjørelengde per kjøretøy (km),2011,2011,,:
26,Små lastebiler,18,Elektrisitet,GjsnittKjorelengde,Gjennomsnittlig kjørelengde per kjøretøy (km),2012,2012,,:
26,Små lastebiler,18,Elektrisitet,GjsnittKjorelengde,Gjennomsnittlig kjørelengde per kjøretøy (km),2013,2013,,:
26,Små lastebiler,18,Elektrisitet,GjsnittKjorelengde,Gjennomsnittlig kjørelengde per kjøretøy (km),2014,2014,,:
26,Små lastebiler,18,Elektrisitet,GjsnittKjorelengde,Gjennomsnittlig kjørelengde per kjøretøy (km),2015,2015,,:
26,Små lastebiler,18,Elektrisitet,GjsnittKjorelengde,Gjennomsnittlig kjørelengde per kjøretøy (km),2016,2016,,.
26,Små lastebiler,18,Elektrisitet,GjsnittKjorelengde,Gjennomsnittlig kjørelengde per kjøretøy (km),2017,2017,,.
26,Små lastebiler,18,Elektrisitet,GjsnittKjorelengde,Gjennomsnittlig kjørelengde per kjøretøy (km),2018,2018,8022.0,
26,Små lastebiler,18,Elektrisitet,GjsnittKjorelengde,Gjennomsnittlig kjørelengde per kjøretøy (km),2019,2019,22079.0,
26,Små lastebiler,18,Elektrisitet,GjsnittKjorelengde,Gjennomsnittlig kjørelengde per kjøretøy (km),2020,2020,16872.0,
26,Små lastebiler,18,Elektrisitet,GjsnittKjorelengde,Gjennomsnittlig kjørelengde per kjøretøy (km),2021,2021,15411.0,
26,Små lastebiler,18,Elektrisitet,GjsnittKjorelengde,Gjennomsnittlig kjørelengde per kjøretøy (km),2022,2022,3790.0,
26,Små lastebiler,18,Elektrisitet,GjsnittKjorelengde,Gjennomsnittlig kjørelengde per kjøretøy (km),2023,2023,10573.0,
26,Små lastebiler,18,Elektrisitet,GjsnittKjorelengde,Gjennomsnittlig kjørelengde per kjøretøy (km),2024,2024,14777.0,
26,Små lastebiler,18,Elektrisitet,GjsnittKjorelengde,Gjennomsnittlig kjørelengde per kjøretøy (km),2025,2025,14352.0,
26,Små lastebiler,14,"Bensin hybrid, ladbar",Kjorelengde,Kjørelengde (mill. km),2005,2005,,.
26,Små lastebiler,14,"Bensin hybrid, ladbar",Kjorelengde,Kjørelengde (mill. km),2006,2006,,.
26,Små lastebiler,14,"Bensin hybrid, ladbar",Kjorelengde,Kjørelengde (mill. km),2007,2007,,.
26,Små lastebiler,14,"Bensin hybrid, ladbar",Kjorelengde,Kjørelengde (mill. km),2008,2008,,.
26,Små lastebiler,14,"Bensin hybrid, ladbar",Kjorelengde,Kjørelengde (mill. km),2009,2009,,.
26,Små lastebiler,14,"Bensin hybrid, ladbar",Kjorelengde,Kjørelengde (mill. km),2010,2010,,.
26,Små lastebiler,14,"Bensin hybrid, ladbar",Kjorelengde,Kjørelengde (mill. km),2011,2011,,.
26,Små lastebiler,14,"Bensin hybrid, ladbar",Kjorelengde,Kjørelengde (mill. km),2012,2012,,.
26,Små lastebiler,14,"Bensin hybrid, ladbar",Kjorelengde,Kjørelengde (mill. km),2013,2013,,.
26,Små lastebiler,14,"Bensin hybrid, ladbar",Kjorelengde,Kjørelengde (mill. km),2014,2014,,.
26,Små lastebiler,14,"Bensin hybrid, ladbar",Kjorelengde,Kjørelengde (mill. km),2015,2015,,.
26,Små lastebiler,14,"Bensin hybrid, ladbar",Kjorelengde,Kjørelengde (mill. km),2016,2016,,.
26,Små lastebiler,14,"Bensin hybrid, ladbar",Kjorelengde,Kjørelengde (mill. km),2017,2017,,.
26,Små lastebiler,14,"Bensin hybrid, ladbar",Kjorelengde,Kjørelengde (mill. km),2018,2018,,.
26,Små lastebiler,14,"Bensin hybrid, ladbar",Kjorelengde,Kjørelengde (mill. km),2019,2019,,.
26,Små lastebiler,14,"Bensin hybrid, ladbar",Kjorelengde,Kjørelengde (mill. km),2020,2020,,.
26,Små lastebiler,14,"Bensin hybrid, ladbar",Kjorelengde,Kjørelengde (mill. km),2021,2021,,.
26,Små lastebiler,14,"Bensin hybrid, ladbar",Kjorelengde,Kjørelengde (mill. km),2022,2022,,.
26,Små lastebiler,14,"Bensin hybrid, ladbar",Kjorelengde,Kjørelengde (mill. km),2023,2023,,.
26,Små lastebiler,14,"Bensin hybrid, ladbar",Kjorelengde,Kjørelengde (mill. km),2024,2024,,.
26,Små lastebiler,14,"Bensin hybrid, ladbar",Kjorelengde,Kjørelengde (mill. km),2025,2025,,.
26,Små lastebiler,14,"Bensin hybrid, ladbar",GjsnittKjorelengde,Gjennomsnittlig kjørelengde per kjøretøy (km),2005,2005,,.
26,Små lastebiler,14,"Bensin hybrid, ladbar",GjsnittKjorelengde,Gjennomsnittlig kjørelengde per kjøretøy (km),2006,2006,,.
26,Små lastebiler,14,"Bensin hybrid, ladbar",GjsnittKjorelengde,Gjennomsnittlig kjørelengde per kjøretøy (km),2007,2007,,.
26,Små lastebiler,14,"Bensin hybrid, ladbar",GjsnittKjorelengde,Gjennomsnittlig kjørelengde per kjøretøy (km),2008,2008,,.
26,Små lastebiler,14,"Bensin hybrid, ladbar",GjsnittKjorelengde,Gjennomsnittlig kjørelengde per kjøretøy (km),2009,2009,,.
26,Små lastebiler,14,"Bensin hybrid, ladbar",GjsnittKjorelengde,Gjennomsnittlig kjørelengde per kjøretøy (km),2010,2010,,.
26,Små lastebiler,14,"Bensin hybrid, ladbar",GjsnittKjorelengde,Gjennomsnittlig kjørelengde per kjøretøy (km),2011,2011,,.
26,Små lastebiler,14,"Bensin hybrid, ladbar",GjsnittKjorelengde,Gjennomsnittlig kjørelengde per kjøretøy (km),2012,2012,,.
26,Små lastebiler,14,"Bensin hybrid, ladbar",GjsnittKjorelengde,Gjennomsnittlig kjørelengde per kjøretøy (km),2013,2013,,.
26,Små lastebiler,14,"Bensin hybrid, ladbar",GjsnittKjorelengde,Gjennomsnittlig kjørelengde per kjøretøy (km),2014,2014,,.
26,Små lastebiler,14,"Bensin hybrid, ladbar",GjsnittKjorelengde,Gjennomsnittlig kjørelengde per kjøretøy (km),2015,2015,,.
26,Små lastebiler,14,"Bensin hybrid, ladbar",GjsnittKjorelengde,Gjennomsnittlig kjørelengde per kjøretøy (km),2016,2016,,.
26,Små lastebiler,14,"Bensin hybrid, ladbar",GjsnittKjorelengde,Gjennomsnittlig kjørelengde per kjøretøy (km),2017,2017,,.
26,Små lastebiler,14,"Bensin hybrid, ladbar",GjsnittKjorelengde,Gjennomsnittlig kjørelengde per kjøretøy (km),2018,2018,,.
26,Små lastebiler,14,"Bensin hybrid, ladbar",GjsnittKjorelengde,Gjennomsnittlig kjørelengde per kjøretøy (km),2019,2019,,.
26,Små lastebiler,14,"Bensin hybrid, ladbar",GjsnittKjorelengde,Gjennomsnittlig kjørelengde per kjøretøy (km),2020,2020,,.
26,Små lastebiler,14,"Bensin hybrid, ladbar",GjsnittKjorelengde,Gjennomsnittlig kjørelengde per kjøretøy (km),2021,2021,,.
26,Små lastebiler,14,"Bensin hybrid, ladbar",GjsnittKjorelengde,Gjennomsnittlig kjørelengde per kjøretøy (km),2022,2022,,.
26,Små lastebiler,14,"Bensin hybrid, ladbar",GjsnittKjorelengde,Gjennomsnittlig kjørelengde per kjøretøy (km),2023,2023,,.
26,Små lastebiler,14,"Bensin hybrid, ladbar",GjsnittKjorelengde,Gjennomsnittlig kjørelengde per kjøretøy (km),2024,2024,,.
26,Små lastebiler,14,"Bensin hybrid, ladbar",GjsnittKjorelengde,Gjennomsnittlig kjørelengde per kjøretøy (km),2025,2025,,.
26,Små lastebiler,15,"Bensin hybrid, ikke ladbar",Kjorelengde,Kjørelengde (mill. km),2005,2005,,.
26,Små lastebiler,15,"Bensin hybrid, ikke ladbar",Kjorelengde,Kjørelengde (mill. km),2006,2006,,.
26,Små lastebiler,15,"Bensin hybrid, ikke ladbar",Kjorelengde,Kjørelengde (mill. km),2007,2007,,.
26,Små lastebiler,15,"Bensin hybrid, ikke ladbar",Kjorelengde,Kjørelengde (mill. km),2008,2008,,.
26,Små lastebiler,15,"Bensin hybrid, ikke ladbar",Kjorelengde,Kjørelengde (mill. km),2009,2009,,.
26,Små lastebiler,15,"Bensin hybrid, ikke ladbar",Kjorelengde,Kjørelengde (mill. km),2010,2010,,.
26,Små lastebiler,15,"Bensin hybrid, ikke ladbar",Kjorelengde,Kjørelengde (mill. km),2011,2011,,.
26,Små lastebiler,15,"Bensin hybrid, ikke ladbar",Kjorelengde,Kjørelengde (mill. km),2012,2012,,.
26,Små lastebiler,15,"Bensin hybrid, ikke ladbar",Kjorelengde,Kjørelengde (mill. km),2013,2013,,.
26,Små lastebiler,15,"Bensin hybrid, ikke ladbar",Kjorelengde,Kjørelengde (mill. km),2014,2014,,.
26,Små lastebiler,15,"Bensin hybrid, ikke ladbar",Kjorelengde,Kjørelengde (mill. km),2015,2015,,.
26,Små lastebiler,15,"Bensin hybrid, ikke ladbar",Kjorelengde,Kjørelengde (mill. km),2016,2016,,:
26,Små lastebiler,15,"Bensin hybrid, ikke ladbar",Kjorelengde,Kjørelengde (mill. km),2017,2017,,.
26,Små lastebiler,15,"Bensin hybrid, ikke ladbar",Kjorelengde,Kjørelengde (mill. km),2018,2018,,.
26,Små lastebiler,15,"Bensin hybrid, ikke ladbar",Kjorelengde,Kjørelengde (mill. km),2019,2019,,.
26,Små lastebiler,15,"Bensin hybrid, ikke ladbar",Kjorelengde,Kjørelengde (mill. km),2020,2020,,.
26,Små lastebiler,15,"Bensin hybrid, ikke ladbar",Kjorelengde,Kjørelengde (mill. km),2021,2021,,.
26,Små lastebiler,15,"Bensin hybrid, ikke ladbar",Kjorelengde,Kjørelengde (mill. km),2022,2022,,.
26,Små lastebiler,15,"Bensin hybrid, ikke ladbar",Kjorelengde,Kjørelengde (mill. km),2023,2023,,.
26,Små lastebiler,15,"Bensin hybrid, ikke ladbar",Kjorelengde,Kjørelengde (mill. km),2024,2024,,.
26,Små lastebiler,15,"Bensin hybrid, ikke ladbar",Kjorelengde,Kjørelengde (mill. km),2025,2025,,.
26,Små lastebiler,15,"Bensin hybrid, ikke ladbar",GjsnittKjorelengde,Gjennomsnittlig kjørelengde per kjøretøy (km),2005,2005,,.
26,Små lastebiler,15,"Bensin hybrid, ikke ladbar",GjsnittKjorelengde,Gjennomsnittlig kjørelengde per kjøretøy (km),2006,2006,,.
26,Små lastebiler,15,"Bensin hybrid, ikke ladbar",GjsnittKjorelengde,Gjennomsnittlig kjørelengde per kjøretøy (km),2007,2007,,.
26,Små lastebiler,15,"Bensin hybrid, ikke ladbar",GjsnittKjorelengde,Gjennomsnittlig kjørelengde per kjøretøy (km),2008,2008,,.
26,Små lastebiler,15,"Bensin hybrid, ikke ladbar",GjsnittKjorelengde,Gjennomsnittlig kjørelengde per kjøretøy (km),2009,2009,,.
26,Små lastebiler,15,"Bensin hybrid, ikke ladbar",GjsnittKjorelengde,Gjennomsnittlig kjørelengde per kjøretøy (km),2010,2010,,.
26,Små lastebiler,15,"Bensin hybrid, ikke ladbar",GjsnittKjorelengde,Gjennomsnittlig kjørelengde per kjøretøy (km),2011,2011,,.
26,Små lastebiler,15,"Bensin hybrid, ikke ladbar",GjsnittKjorelengde,Gjennomsnittlig kjørelengde per kjøretøy (km),2012,2012,,.
26,Små lastebiler,15,"Bensin hybrid, ikke ladbar",GjsnittKjorelengde,Gjennomsnittlig kjørelengde per kjøretøy (km),2013,2013,,.
26,Små lastebiler,15,"Bensin hybrid, ikke ladbar",GjsnittKjorelengde,Gjennomsnittlig kjørelengde per kjøretøy (km),2014,2014,,.
26,Små lastebiler,15,"Bensin hybrid, ikke ladbar",GjsnittKjorelengde,Gjennomsnittlig kjørelengde per kjøretøy (km),2015,2015,,.
26,Små lastebiler,15,"Bensin hybrid, ikke ladbar",GjsnittKjorelengde,Gjennomsnittlig kjørelengde per kjøretøy (km),2016,2016,,:
26,Små lastebiler,15,"Bensin hybrid, ikke ladbar",GjsnittKjorelengde,Gjennomsnittlig kjørelengde per kjøretøy (km),2017,2017,,.
26,Små lastebiler,15,"Bensin hybrid, ikke ladbar",GjsnittKjorelengde,Gjennomsnittlig kjørelengde per kjøretøy (km),2018,2018,,.
26,Små lastebiler,15,"Bensin hybrid, ikke ladbar",GjsnittKjorelengde,Gjennomsnittlig kjørelengde per kjøretøy (km),2019,2019,,.
26,Små lastebiler,15,"Bensin hybrid, ikke ladbar",GjsnittKjorelengde,Gjennomsnittlig kjørelengde per kjøretøy (km),2020,2020,,.
26,Små lastebiler,15,"Bensin hybrid, ikke ladbar",GjsnittKjorelengde,Gjennomsnittlig kjørelengde per kjøretøy (km),2021,2021,,.
26,Små lastebiler,15,"Bensin hybrid, ikke ladbar",GjsnittKjorelengde,Gjennomsnittlig kjørelengde per kjøretøy (km),2022,2022,,.
26,Små lastebiler,15,"Bensin hybrid, ikke ladbar",GjsnittKjorelengde,Gjennomsnittlig kjørelengde per kjøretøy (km),2023,2023,,.
26,Små lastebiler,15,"Bensin hybrid, ikke ladbar",GjsnittKjorelengde,Gjennomsnittlig kjørelengde per kjøretøy (km),2024,2024,,.
26,Små lastebiler,15,"Bensin hybrid, ikke ladbar",GjsnittKjorelengde,Gjennomsnittlig kjørelengde per kjøretøy (km),2025,2025,,.
26,Små lastebiler,16,"Diesel hybrid, ladbar",Kjorelengde,Kjørelengde (mill. km),2005,2005,,.
26,Små lastebiler,16,"Diesel hybrid, ladbar",Kjorelengde,Kjørelengde (mill. km),2006,2006,,.
26,Små lastebiler,16,"Diesel hybrid, ladbar",Kjorelengde,Kjørelengde (mill. km),2007,2007,,.
26,Små lastebiler,16,"Diesel hybrid, ladbar",Kjorelengde,Kjørelengde (mill. km),2008,2008,,.
26,Små lastebiler,16,"Diesel hybrid, ladbar",Kjorelengde,Kjørelengde (mill. km),2009,2009,,.
26,Små lastebiler,16,"Diesel hybrid, ladbar",Kjorelengde,Kjørelengde (mill. km),2010,2010,,.
26,Små lastebiler,16,"Diesel hybrid, ladbar",Kjorelengde,Kjørelengde (mill. km),2011,2011,,.
26,Små lastebiler,16,"Diesel hybrid, ladbar",Kjorelengde,Kjørelengde (mill. km),2012,2012,,.
26,Små lastebiler,16,"Diesel hybrid, ladbar",Kjorelengde,Kjørelengde (mill. km),2013,2013,,.
26,Små lastebiler,16,"Diesel hybrid, ladbar",Kjorelengde,Kjørelengde (mill. km),2014,2014,,.
26,Små lastebiler,16,"Diesel hybrid, ladbar",Kjorelengde,Kjørelengde (mill. km),2015,2015,,.
26,Små lastebiler,16,"Diesel hybrid, ladbar",Kjorelengde,Kjørelengde (mill. km),2016,2016,,:
26,Små lastebiler,16,"Diesel hybrid, ladbar",Kjorelengde,Kjørelengde (mill. km),2017,2017,,:
26,Små lastebiler,16,"Diesel hybrid, ladbar",Kjorelengde,Kjørelengde (mill. km),2018,2018,,:
26,Små lastebiler,16,"Diesel hybrid, ladbar",Kjorelengde,Kjørelengde (mill. km),2019,2019,,:
26,Små lastebiler,16,"Diesel hybrid, ladbar",Kjorelengde,Kjørelengde (mill. km),2020,2020,,:
26,Små lastebiler,16,"Diesel hybrid, ladbar",Kjorelengde,Kjørelengde (mill. km),2021,2021,,:
26,Små lastebiler,16,"Diesel hybrid, ladbar",Kjorelengde,Kjørelengde (mill. km),2022,2022,,:
26,Små lastebiler,16,"Diesel hybrid, ladbar",Kjorelengde,Kjørelengde (mill. km),2023,2023,,:
26,Små lastebiler,16,"Diesel hybrid, ladbar",Kjorelengde,Kjørelengde (mill. km),2024,2024,,:
26,Små lastebiler,16,"Diesel hybrid, ladbar",Kjorelengde,Kjørelengde (mill. km),2025,2025,0.0,
26,Små lastebiler,16,"Diesel hybrid, ladbar",GjsnittKjorelengde,Gjennomsnittlig kjørelengde per kjøretøy (km),2005,2005,,.
26,Små lastebiler,16,"Diesel hybrid, ladbar",GjsnittKjorelengde,Gjennomsnittlig kjørelengde per kjøretøy (km),2006,2006,,.
26,Små lastebiler,16,"Diesel hybrid, ladbar",GjsnittKjorelengde,Gjennomsnittlig kjørelengde per kjøretøy (km),2007,2007,,.
26,Små lastebiler,16,"Diesel hybrid, ladbar",GjsnittKjorelengde,Gjennomsnittlig kjørelengde per kjøretøy (km),2008,2008,,.
26,Små lastebiler,16,"Diesel hybrid, ladbar",GjsnittKjorelengde,Gjennomsnittlig kjørelengde per kjøretøy (km),2009,2009,,.
26,Små lastebiler,16,"Diesel hybrid, ladbar",GjsnittKjorelengde,Gjennomsnittlig kjørelengde per kjøretøy (km),2010,2010,,.
26,Små lastebiler,16,"Diesel hybrid, ladbar",GjsnittKjorelengde,Gjennomsnittlig kjørelengde per kjøretøy (km),2011,2011,,.
26,Små lastebiler,16,"Diesel hybrid, ladbar",GjsnittKjorelengde,Gjennomsnittlig kjørelengde per kjøretøy (km),2012,2012,,.
26,Små lastebiler,16,"Diesel hybrid, ladbar",GjsnittKjorelengde,Gjennomsnittlig kjørelengde per kjøretøy (km),2013,2013,,.
26,Små lastebiler,16,"Diesel hybrid, ladbar",GjsnittKjorelengde,Gjennomsnittlig kjørelengde per kjøretøy (km),2014,2014,,.
26,Små lastebiler,16,"Diesel hybrid, ladbar",GjsnittKjorelengde,Gjennomsnittlig kjørelengde per kjøretøy (km),2015,2015,,.
26,Små lastebiler,16,"Diesel hybrid, ladbar",GjsnittKjorelengde,Gjennomsnittlig kjørelengde per kjøretøy (km),2016,2016,,:
26,Små lastebiler,16,"Diesel hybrid, ladbar",GjsnittKjorelengde,Gjennomsnittlig kjørelengde per kjøretøy (km),2017,2017,,:
26,Små lastebiler,16,"Diesel hybrid, ladbar",GjsnittKjorelengde,Gjennomsnittlig kjørelengde per kjøretøy (km),2018,2018,,:
26,Små lastebiler,16,"Diesel hybrid, ladbar",GjsnittKjorelengde,Gjennomsnittlig kjørelengde per kjøretøy (km),2019,2019,,:
26,Små lastebiler,16,"Diesel hybrid, ladbar",GjsnittKjorelengde,Gjennomsnittlig kjørelengde per kjøretøy (km),2020,2020,,:
26,Små lastebiler,16,"Diesel hybrid, ladbar",GjsnittKjorelengde,Gjennomsnittlig kjørelengde per kjøretøy (km),2021,2021,,:
26,Små lastebiler,16,"Diesel hybrid, ladbar",GjsnittKjorelengde,Gjennomsnittlig kjørelengde per kjøretøy (km),2022,2022,,:
26,Små lastebiler,16,"Diesel hybrid, ladbar",GjsnittKjorelengde,Gjennomsnittlig kjørelengde per kjøretøy (km),2023,2023,,:
26,Små lastebiler,16,"Diesel hybrid, ladbar",GjsnittKjorelengde,Gjennomsnittlig kjørelengde per kjøretøy (km),2024,2024,,:
26,Små lastebiler,16,"Diesel hybrid, ladbar",GjsnittKjorelengde,Gjennomsnittlig kjørelengde per kjøretøy (km),2025,2025,13748.0,
26,Små lastebiler,17,"Diesel hybrid, ikke ladbar",Kjorelengde,Kjørelengde (mill. km),2005,2005,,.
26,Små lastebiler,17,"Diesel hybrid, ikke ladbar",Kjorelengde,Kjørelengde (mill. km),2006,2006,,.
26,Små lastebiler,17,"Diesel hybrid, ikke ladbar",Kjorelengde,Kjørelengde (mill. km),2007,2007,,.
26,Små lastebiler,17,"Diesel hybrid, ikke ladbar",Kjorelengde,Kjørelengde (mill. km),2008,2008,,.
26,Små lastebiler,17,"Diesel hybrid, ikke ladbar",Kjorelengde,Kjørelengde (mill. km),2009,2009,,.
26,Små lastebiler,17,"Diesel hybrid, ikke ladbar",Kjorelengde,Kjørelengde (mill. km),2010,2010,,.
26,Små lastebiler,17,"Diesel hybrid, ikke ladbar",Kjorelengde,Kjørelengde (mill. km),2011,2011,,.
26,Små lastebiler,17,"Diesel hybrid, ikke ladbar",Kjorelengde,Kjørelengde (mill. km),2012,2012,,.
26,Små lastebiler,17,"Diesel hybrid, ikke ladbar",Kjorelengde,Kjørelengde (mill. km),2013,2013,,.
26,Små lastebiler,17,"Diesel hybrid, ikke ladbar",Kjorelengde,Kjørelengde (mill. km),2014,2014,,.
26,Små lastebiler,17,"Diesel hybrid, ikke ladbar",Kjorelengde,Kjørelengde (mill. km),2015,2015,,.
26,Små lastebiler,17,"Diesel hybrid, ikke ladbar",Kjorelengde,Kjørelengde (mill. km),2016,2016,0.0,
26,Små lastebiler,17,"Diesel hybrid, ikke ladbar",Kjorelengde,Kjørelengde (mill. km),2017,2017,0.1,
26,Små lastebiler,17,"Diesel hybrid, ikke ladbar",Kjorelengde,Kjørelengde (mill. km),2018,2018,0.1,
26,Små lastebiler,17,"Diesel hybrid, ikke ladbar",Kjorelengde,Kjørelengde (mill. km),2019,2019,0.2,
26,Små lastebiler,17,"Diesel hybrid, ikke ladbar",Kjorelengde,Kjørelengde (mill. km),2020,2020,0.1,
26,Små lastebiler,17,"Diesel hybrid, ikke ladbar",Kjorelengde,Kjørelengde (mill. km),2021,2021,0.1,
26,Små lastebiler,17,"Diesel hybrid, ikke ladbar",Kjorelengde,Kjørelengde (mill. km),2022,2022,0.1,
26,Små lastebiler,17,"Diesel hybrid, ikke ladbar",Kjorelengde,Kjørelengde (mill. km),2023,2023,0.0,
26,Små lastebiler,17,"Diesel hybrid, ikke ladbar",Kjorelengde,Kjørelengde (mill. km),2024,2024,0.0,
26,Små lastebiler,17,"Diesel hybrid, ikke ladbar",Kjorelengde,Kjørelengde (mill. km),2025,2025,0.0,
26,Små lastebiler,17,"Diesel hybrid, ikke ladbar",GjsnittKjorelengde,Gjennomsnittlig kjørelengde per kjøretøy (km),2005,2005,,.
26,Små lastebiler,17,"Diesel hybrid, ikke ladbar",GjsnittKjorelengde,Gjennomsnittlig kjørelengde per kjøretøy (km),2006,2006,,.
26,Små lastebiler,17,"Diesel hybrid, ikke ladbar",GjsnittKjorelengde,Gjennomsnittlig kjørelengde per kjøretøy (km),2007,2007,,.
26,Små lastebiler,17,"Diesel hybrid, ikke ladbar",GjsnittKjorelengde,Gjennomsnittlig kjørelengde per kjøretøy (km),2008,2008,,.
26,Små lastebiler,17,"Diesel hybrid, ikke ladbar",GjsnittKjorelengde,Gjennomsnittlig kjørelengde per kjøretøy (km),2009,2009,,.
26,Små lastebiler,17,"Diesel hybrid, ikke ladbar",GjsnittKjorelengde,Gjennomsnittlig kjørelengde per kjøretøy (km),2010,2010,,.
26,Små lastebiler,17,"Diesel hybrid, ikke ladbar",GjsnittKjorelengde,Gjennomsnittlig kjørelengde per kjøretøy (km),2011,2011,,.
26,Små lastebiler,17,"Diesel hybrid, ikke ladbar",GjsnittKjorelengde,Gjennomsnittlig kjørelengde per kjøretøy (km),2012,2012,,.
26,Små lastebiler,17,"Diesel hybrid, ikke ladbar",GjsnittKjorelengde,Gjennomsnittlig kjørelengde per kjøretøy (km),2013,2013,,.
26,Små lastebiler,17,"Diesel hybrid, ikke ladbar",GjsnittKjorelengde,Gjennomsnittlig kjørelengde per kjøretøy (km),2014,2014,,.
26,Små lastebiler,17,"Diesel hybrid, ikke ladbar",GjsnittKjorelengde,Gjennomsnittlig kjørelengde per kjøretøy (km),2015,2015,,.
26,Små lastebiler,17,"Diesel hybrid, ikke ladbar",GjsnittKjorelengde,Gjennomsnittlig kjørelengde per kjøretøy (km),2016,2016,6258.0,
26,Små lastebiler,17,"Diesel hybrid, ikke ladbar",GjsnittKjorelengde,Gjennomsnittlig kjørelengde per kjøretøy (km),2017,2017,12782.0,
26,Små lastebiler,17,"Diesel hybrid, ikke ladbar",GjsnittKjorelengde,Gjennomsnittlig kjørelengde per kjøretøy (km),2018,2018,13864.0,
26,Små lastebiler,17,"Diesel hybrid, ikke ladbar",GjsnittKjorelengde,Gjennomsnittlig kjørelengde per kjøretøy (km),2019,2019,17691.0,
26,Små lastebiler,17,"Diesel hybrid, ikke ladbar",GjsnittKjorelengde,Gjennomsnittlig kjørelengde per kjøretøy (km),2020,2020,21097.0,
26,Små lastebiler,17,"Diesel hybrid, ikke ladbar",GjsnittKjorelengde,Gjennomsnittlig kjørelengde per kjøretøy (km),2021,2021,14822.0,
26,Små lastebiler,17,"Diesel hybrid, ikke ladbar",GjsnittKjorelengde,Gjennomsnittlig kjørelengde per kjøretøy (km),2022,2022,9882.0,
26,Små lastebiler,17,"Diesel hybrid, ikke ladbar",GjsnittKjorelengde,Gjennomsnittlig kjørelengde per kjøretøy (km),2023,2023,6428.0,
26,Små lastebiler,17,"Diesel hybrid, ikke ladbar",GjsnittKjorelengde,Gjennomsnittlig kjørelengde per kjøretøy (km),2024,2024,7277.0,
26,Små lastebiler,17,"Diesel hybrid, ikke ladbar",GjsnittKjorelengde,Gjennomsnittlig kjørelengde per kjøretøy (km),2025,2025,11099.0,
26,Små lastebiler,3,Parafin,Kjorelengde,Kjørelengde (mill. km),2005,2005,,.
26,Små lastebiler,3,Parafin,Kjorelengde,Kjørelengde (mill. km),2006,2006,,.
26,Små lastebiler,3,Parafin,Kjorelengde,Kjørelengde (mill. km),2007,2007,,.
26,Små lastebiler,3,Parafin,Kjorelengde,Kjørelengde (mill. km),2008,2008,,.
26,Små lastebiler,3,Parafin,Kjorelengde,Kjørelengde (mill. km),2009,2009,,.
26,Små lastebiler,3,Parafin,Kjorelengde,Kjørelengde (mill. km),2010,2010,,.
26,Små lastebiler,3,Parafin,Kjorelengde,Kjørelengde (mill. km),2011,2011,,.
26,Små lastebiler,3,Parafin,Kjorelengde,Kjørelengde (mill. km),2012,2012,,.
26,Små lastebiler,3,Parafin,Kjorelengde,Kjørelengde (mill. km),2013,2013,,.
26,Små lastebiler,3,Parafin,Kjorelengde,Kjørelengde (mill. km),2014,2014,,.
26,Små lastebiler,3,Parafin,Kjorelengde,Kjørelengde (mill. km),2015,2015,,.
26,Små lastebiler,3,Parafin,Kjorelengde,Kjørelengde (mill. km),2016,2016,0.0,
26,Små lastebiler,3,Parafin,Kjorelengde,Kjørelengde (mill. km),2017,2017,0.0,
26,Små lastebiler,3,Parafin,Kjorelengde,Kjørelengde (mill. km),2018,2018,,:
26,Små lastebiler,3,Parafin,Kjorelengde,Kjørelengde (mill. km),2019,2019,,:
26,Små lastebiler,3,Parafin,Kjorelengde,Kjørelengde (mill. km),2020,2020,,:
26,Små lastebiler,3,Parafin,Kjorelengde,Kjørelengde (mill. km),2021,2021,,:
26,Små lastebiler,3,Parafin,Kjorelengde,Kjørelengde (mill. km),2022,2022,,:
26,Små lastebiler,3,Parafin,Kjorelengde,Kjørelengde (mill. km),2023,2023,,:
26,Små lastebiler,3,Parafin,Kjorelengde,Kjørelengde (mill. km),2024,2024,,:
26,Små lastebiler,3,Parafin,Kjorelengde,Kjørelengde (mill. km),2025,2025,,.
26,Små lastebiler,3,Parafin,GjsnittKjorelengde,Gjennomsnittlig kjørelengde per kjøretøy (km),2005,2005,,.
26,Små lastebiler,3,Parafin,GjsnittKjorelengde,Gjennomsnittlig kjørelengde per kjøretøy (km),2006,2006,,.
26,Små lastebiler,3,Parafin,GjsnittKjorelengde,Gjennomsnittlig kjørelengde per kjøretøy (km),2007,2007,,.
26,Små lastebiler,3,Parafin,GjsnittKjorelengde,Gjennomsnittlig kjørelengde per kjøretøy (km),2008,2008,,.
26,Små lastebiler,3,Parafin,GjsnittKjorelengde,Gjennomsnittlig kjørelengde per kjøretøy (km),2009,2009,,.
26,Små lastebiler,3,Parafin,GjsnittKjorelengde,Gjennomsnittlig kjørelengde per kjøretøy (km),2010,2010,,.
26,Små lastebiler,3,Parafin,GjsnittKjorelengde,Gjennomsnittlig kjørelengde per kjøretøy (km),2011,2011,,.
26,Små lastebiler,3,Parafin,GjsnittKjorelengde,Gjennomsnittlig kjørelengde per kjøretøy (km),2012,2012,,.
26,Små lastebiler,3,Parafin,GjsnittKjorelengde,Gjennomsnittlig kjørelengde per kjøretøy (km),2013,2013,,.
26,Små lastebiler,3,Parafin,GjsnittKjorelengde,Gjennomsnittlig kjørelengde per kjøretøy (km),2014,2014,,.
26,Små lastebiler,3,Parafin,GjsnittKjorelengde,Gjennomsnittlig kjørelengde per kjøretøy (km),2015,2015,,.
26,Små lastebiler,3,Parafin,GjsnittKjorelengde,Gjennomsnittlig kjørelengde per kjøretøy (km),2016,2016,1350.0,
26,Små lastebiler,3,Parafin,GjsnittKjorelengde,Gjennomsnittlig kjørelengde per kjøretøy (km),2017,2017,1413.0,
26,Små lastebiler,3,Parafin,GjsnittKjorelengde,Gjennomsnittlig kjørelengde per kjøretøy (km),2018,2018,,:
26,Små lastebiler,3,Parafin,GjsnittKjorelengde,Gjennomsnittlig kjørelengde per kjøretøy (km),2019,2019,,:
26,Små lastebiler,3,Parafin,GjsnittKjorelengde,Gjennomsnittlig kjørelengde per kjøretøy (km),2020,2020,,:
26,Små lastebiler,3,Parafin,GjsnittKjorelengde,Gjennomsnittlig kjørelengde per kjøretøy (km),2021,2021,,:
26,Små lastebiler,3,Parafin,GjsnittKjorelengde,Gjennomsnittlig kjørelengde per kjøretøy (km),2022,2022,,:
26,Små lastebiler,3,Parafin,GjsnittKjorelengde,Gjennomsnittlig kjørelengde per kjøretøy (km),2023,2023,,:
26,Små lastebiler,3,Parafin,GjsnittKjorelengde,Gjennomsnittlig kjørelengde per kjøretøy (km),2024,2024,,:
26,Små lastebiler,3,Parafin,GjsnittKjorelengde,Gjennomsnittlig kjørelengde per kjøretøy (km),2025,2025,,.
26,Små lastebiler,4,Gass,Kjorelengde,Kjørelengde (mill. km),2005,2005,,.
26,Små lastebiler,4,Gass,Kjorelengde,Kjørelengde (mill. km),2006,2006,,.
26,Små lastebiler,4,Gass,Kjorelengde,Kjørelengde (mill. km),2007,2007,,.
26,Små lastebiler,4,Gass,Kjorelengde,Kjørelengde (mill. km),2008,2008,,.
26,Små lastebiler,4,Gass,Kjorelengde,Kjørelengde (mill. km),2009,2009,,.
26,Små lastebiler,4,Gass,Kjorelengde,Kjørelengde (mill. km),2010,2010,,.
26,Små lastebiler,4,Gass,Kjorelengde,Kjørelengde (mill. km),2011,2011,,.
26,Små lastebiler,4,Gass,Kjorelengde,Kjørelengde (mill. km),2012,2012,,.
26,Små lastebiler,4,Gass,Kjorelengde,Kjørelengde (mill. km),2013,2013,,.
26,Små lastebiler,4,Gass,Kjorelengde,Kjørelengde (mill. km),2014,2014,,.
26,Små lastebiler,4,Gass,Kjorelengde,Kjørelengde (mill. km),2015,2015,,.
26,Små lastebiler,4,Gass,Kjorelengde,Kjørelengde (mill. km),2016,2016,,:
26,Små lastebiler,4,Gass,Kjorelengde,Kjørelengde (mill. km),2017,2017,,:
26,Små lastebiler,4,Gass,Kjorelengde,Kjørelengde (mill. km),2018,2018,0.2,
26,Små lastebiler,4,Gass,Kjorelengde,Kjørelengde (mill. km),2019,2019,0.1,
26,Små lastebiler,4,Gass,Kjorelengde,Kjørelengde (mill. km),2020,2020,0.3,
26,Små lastebiler,4,Gass,Kjorelengde,Kjørelengde (mill. km),2021,2021,0.4,
26,Små lastebiler,4,Gass,Kjorelengde,Kjørelengde (mill. km),2022,2022,0.5,
26,Små lastebiler,4,Gass,Kjorelengde,Kjørelengde (mill. km),2023,2023,0.6,
26,Små lastebiler,4,Gass,Kjorelengde,Kjørelengde (mill. km),2024,2024,1.1,
26,Små lastebiler,4,Gass,Kjorelengde,Kjørelengde (mill. km),2025,2025,1.9,
26,Små lastebiler,4,Gass,GjsnittKjorelengde,Gjennomsnittlig kjørelengde per kjøretøy (km),2005,2005,,.
26,Små lastebiler,4,Gass,GjsnittKjorelengde,Gjennomsnittlig kjørelengde per kjøretøy (km),2006,2006,,.
26,Små lastebiler,4,Gass,GjsnittKjorelengde,Gjennomsnittlig kjørelengde per kjøretøy (km),2007,2007,,.
26,Små lastebiler,4,Gass,GjsnittKjorelengde,Gjennomsnittlig kjørelengde per kjøretøy (km),2008,2008,,.
26,Små lastebiler,4,Gass,GjsnittKjorelengde,Gjennomsnittlig kjørelengde per kjøretøy (km),2009,2009,,.
26,Små lastebiler,4,Gass,GjsnittKjorelengde,Gjennomsnittlig kjørelengde per kjøretøy (km),2010,2010,,.
26,Små lastebiler,4,Gass,GjsnittKjorelengde,Gjennomsnittlig kjørelengde per kjøretøy (km),2011,2011,,.
26,Små lastebiler,4,Gass,GjsnittKjorelengde,Gjennomsnittlig kjørelengde per kjøretøy (km),2012,2012,,.
26,Små lastebiler,4,Gass,GjsnittKjorelengde,Gjennomsnittlig kjørelengde per kjøretøy (km),2013,2013,,.
26,Små lastebiler,4,Gass,GjsnittKjorelengde,Gjennomsnittlig kjørelengde per kjøretøy (km),2014,2014,,.
26,Små lastebiler,4,Gass,GjsnittKjorelengde,Gjennomsnittlig kjørelengde per kjøretøy (km),2015,2015,,.
26,Små lastebiler,4,Gass,GjsnittKjorelengde,Gjennomsnittlig kjørelengde per kjøretøy (km),2016,2016,,:
26,Små lastebiler,4,Gass,GjsnittKjorelengde,Gjennomsnittlig kjørelengde per kjøretøy (km),2017,2017,,:
26,Små lastebiler,4,Gass,GjsnittKjorelengde,Gjennomsnittlig kjørelengde per kjøretøy (km),2018,2018,17431.0,
26,Små lastebiler,4,Gass,GjsnittKjorelengde,Gjennomsnittlig kjørelengde per kjøretøy (km),2019,2019,12082.0,
26,Små lastebiler,4,Gass,GjsnittKjorelengde,Gjennomsnittlig kjørelengde per kjøretøy (km),2020,2020,13767.0,
26,Små lastebiler,4,Gass,GjsnittKjorelengde,Gjennomsnittlig kjørelengde per kjøretøy (km),2021,2021,16932.0,
26,Små lastebiler,4,Gass,GjsnittKjorelengde,Gjennomsnittlig kjørelengde per kjøretøy (km),2022,2022,16133.0,
26,Små lastebiler,4,Gass,GjsnittKjorelengde,Gjennomsnittlig kjørelengde per kjøretøy (km),2023,2023,18273.0,
26,Små lastebiler,4,Gass,GjsnittKjorelengde,Gjennomsnittlig kjørelengde per kjøretøy (km),2024,2024,16352.0,
26,Små lastebiler,4,Gass,GjsnittKjorelengde,Gjennomsnittlig kjørelengde per kjøretøy (km),2025,2025,22491.0,
26,Små lastebiler,13,Hydrogen,Kjorelengde,Kjørelengde (mill. km),2005,2005,,.
26,Små lastebiler,13,Hydrogen,Kjorelengde,Kjørelengde (mill. km),2006,2006,,.
26,Små lastebiler,13,Hydrogen,Kjorelengde,Kjørelengde (mill. km),2007,2007,,.
26,Små lastebiler,13,Hydrogen,Kjorelengde,Kjørelengde (mill. km),2008,2008,,.
26,Små lastebiler,13,Hydrogen,Kjorelengde,Kjørelengde (mill. km),2009,2009,,.
26,Små lastebiler,13,Hydrogen,Kjorelengde,Kjørelengde (mill. km),2010,2010,,.
26,Små lastebiler,13,Hydrogen,Kjorelengde,Kjørelengde (mill. km),2011,2011,,.
26,Små lastebiler,13,Hydrogen,Kjorelengde,Kjørelengde (mill. km),2012,2012,,.
26,Små lastebiler,13,Hydrogen,Kjorelengde,Kjørelengde (mill. km),2013,2013,,.
26,Små lastebiler,13,Hydrogen,Kjorelengde,Kjørelengde (mill. km),2014,2014,,.
26,Små lastebiler,13,Hydrogen,Kjorelengde,Kjørelengde (mill. km),2015,2015,,.
26,Små lastebiler,13,Hydrogen,Kjorelengde,Kjørelengde (mill. km),2016,2016,,.
26,Små lastebiler,13,Hydrogen,Kjorelengde,Kjørelengde (mill. km),2017,2017,,.
26,Små lastebiler,13,Hydrogen,Kjorelengde,Kjørelengde (mill. km),2018,2018,,.
26,Små lastebiler,13,Hydrogen,Kjorelengde,Kjørelengde (mill. km),2019,2019,,.
26,Små lastebiler,13,Hydrogen,Kjorelengde,Kjørelengde (mill. km),2020,2020,,.
26,Små lastebiler,13,Hydrogen,Kjorelengde,Kjørelengde (mill. km),2021,2021,,.
26,Små lastebiler,13,Hydrogen,Kjorelengde,Kjørelengde (mill. km),2022,2022,,.
26,Små lastebiler,13,Hydrogen,Kjorelengde,Kjørelengde (mill. km),2023,2023,,.
26,Små lastebiler,13,Hydrogen,Kjorelengde,Kjørelengde (mill. km),2024,2024,,.
26,Små lastebiler,13,Hydrogen,Kjorelengde,Kjørelengde (mill. km),2025,2025,,.
26,Små lastebiler,13,Hydrogen,GjsnittKjorelengde,Gjennomsnittlig kjørelengde per kjøretøy (km),2005,2005,,.
26,Små lastebiler,13,Hydrogen,GjsnittKjorelengde,Gjennomsnittlig kjørelengde per kjøretøy (km),2006,2006,,.
26,Små lastebiler,13,Hydrogen,GjsnittKjorelengde,Gjennomsnittlig kjørelengde per kjøretøy (km),2007,2007,,.
26,Små lastebiler,13,Hydrogen,GjsnittKjorelengde,Gjennomsnittlig kjørelengde per kjøretøy (km),2008,2008,,.
26,Små lastebiler,13,Hydrogen,GjsnittKjorelengde,Gjennomsnittlig kjørelengde per kjøretøy (km),2009,2009,,.
26,Små lastebiler,13,Hydrogen,GjsnittKjorelengde,Gjennomsnittlig kjørelengde per kjøretøy (km),2010,2010,,.
26,Små lastebiler,13,Hydrogen,GjsnittKjorelengde,Gjennomsnittlig kjørelengde per kjøretøy (km),2011,2011,,.
26,Små lastebiler,13,Hydrogen,GjsnittKjorelengde,Gjennomsnittlig kjørelengde per kjøretøy (km),2012,2012,,.
26,Små lastebiler,13,Hydrogen,GjsnittKjorelengde,Gjennomsnittlig kjørelengde per kjøretøy (km),2013,2013,,.
26,Små lastebiler,13,Hydrogen,GjsnittKjorelengde,Gjennomsnittlig kjørelengde per kjøretøy (km),2014,2014,,.
26,Små lastebiler,13,Hydrogen,GjsnittKjorelengde,Gjennomsnittlig kjørelengde per kjøretøy (km),2015,2015,,.
26,Små lastebiler,13,Hydrogen,GjsnittKjorelengde,Gjennomsnittlig kjørelengde per kjøretøy (km),2016,2016,,.
26,Små lastebiler,13,Hydrogen,GjsnittKjorelengde,Gjennomsnittlig kjørelengde per kjøretøy (km),2017,2017,,.
26,Små lastebiler,13,Hydrogen,GjsnittKjorelengde,Gjennomsnittlig kjørelengde per kjøretøy (km),2018,2018,,.
26,Små lastebiler,13,Hydrogen,GjsnittKjorelengde,Gjennomsnittlig kjørelengde per kjøretøy (km),2019,2019,,.
26,Små lastebiler,13,Hydrogen,GjsnittKjorelengde,Gjennomsnittlig kjørelengde per kjøretøy (km),2020,2020,,.
26,Små lastebiler,13,Hydrogen,GjsnittKjorelengde,Gjennomsnittlig kjørelengde per kjøretøy (km),2021,2021,,.
26,Små lastebiler,13,Hydrogen,GjsnittKjorelengde,Gjennomsnittlig kjørelengde per kjøretøy (km),2022,2022,,.
26,Små lastebiler,13,Hydrogen,GjsnittKjorelengde,Gjennomsnittlig kjørelengde per kjøretøy (km),2023,2023,,.
26,Små lastebiler,13,Hydrogen,GjsnittKjorelengde,Gjennomsnittlig kjørelengde per kjøretøy (km),2024,2024,,.
26,Små lastebiler,13,Hydrogen,GjsnittKjorelengde,Gjennomsnittlig kjørelengde per kjøretøy (km),2025,2025,,.
26,Små lastebiler,7,Andre drivstoff,Kjorelengde,Kjørelengde (mill. km),2005,2005,,:
26,Små lastebiler,7,Andre drivstoff,Kjorelengde,Kjørelengde (mill. km),2006,2006,,:
26,Små lastebiler,7,Andre drivstoff,Kjorelengde,Kjørelengde (mill. km),2007,2007,,:
26,Små lastebiler,7,Andre drivstoff,Kjorelengde,Kjørelengde (mill. km),2008,2008,,:
26,Små lastebiler,7,Andre drivstoff,Kjorelengde,Kjørelengde (mill. km),2009,2009,,:
26,Små lastebiler,7,Andre drivstoff,Kjorelengde,Kjørelengde (mill. km),2010,2010,,:
26,Små lastebiler,7,Andre drivstoff,Kjorelengde,Kjørelengde (mill. km),2011,2011,,:
26,Små lastebiler,7,Andre drivstoff,Kjorelengde,Kjørelengde (mill. km),2012,2012,,:
26,Små lastebiler,7,Andre drivstoff,Kjorelengde,Kjørelengde (mill. km),2013,2013,,:
26,Små lastebiler,7,Andre drivstoff,Kjorelengde,Kjørelengde (mill. km),2014,2014,,:
26,Små lastebiler,7,Andre drivstoff,Kjorelengde,Kjørelengde (mill. km),2015,2015,,:
26,Små lastebiler,7,Andre drivstoff,Kjorelengde,Kjørelengde (mill. km),2016,2016,,.
26,Små lastebiler,7,Andre drivstoff,Kjorelengde,Kjørelengde (mill. km),2017,2017,,.
26,Små lastebiler,7,Andre drivstoff,Kjorelengde,Kjørelengde (mill. km),2018,2018,,.
26,Små lastebiler,7,Andre drivstoff,Kjorelengde,Kjørelengde (mill. km),2019,2019,,.
26,Små lastebiler,7,Andre drivstoff,Kjorelengde,Kjørelengde (mill. km),2020,2020,,.
26,Små lastebiler,7,Andre drivstoff,Kjorelengde,Kjørelengde (mill. km),2021,2021,,.
26,Små lastebiler,7,Andre drivstoff,Kjorelengde,Kjørelengde (mill. km),2022,2022,,.
26,Små lastebiler,7,Andre drivstoff,Kjorelengde,Kjørelengde (mill. km),2023,2023,,.
26,Små lastebiler,7,Andre drivstoff,Kjorelengde,Kjørelengde (mill. km),2024,2024,,.
26,Små lastebiler,7,Andre drivstoff,Kjorelengde,Kjørelengde (mill. km),2025,2025,,.
26,Små lastebiler,7,Andre drivstoff,GjsnittKjorelengde,Gjennomsnittlig kjørelengde per kjøretøy (km),2005,2005,,:
26,Små lastebiler,7,Andre drivstoff,GjsnittKjorelengde,Gjennomsnittlig kjørelengde per kjøretøy (km),2006,2006,,:
26,Små lastebiler,7,Andre drivstoff,GjsnittKjorelengde,Gjennomsnittlig kjørelengde per kjøretøy (km),2007,2007,,:
26,Små lastebiler,7,Andre drivstoff,GjsnittKjorelengde,Gjennomsnittlig kjørelengde per kjøretøy (km),2008,2008,,:
26,Små lastebiler,7,Andre drivstoff,GjsnittKjorelengde,Gjennomsnittlig kjørelengde per kjøretøy (km),2009,2009,,:
26,Små lastebiler,7,Andre drivstoff,GjsnittKjorelengde,Gjennomsnittlig kjørelengde per kjøretøy (km),2010,2010,,:
26,Små lastebiler,7,Andre drivstoff,GjsnittKjorelengde,Gjennomsnittlig kjørelengde per kjøretøy (km),2011,2011,,:
26,Små lastebiler,7,Andre drivstoff,GjsnittKjorelengde,Gjennomsnittlig kjørelengde per kjøretøy (km),2012,2012,,:
26,Små lastebiler,7,Andre drivstoff,GjsnittKjorelengde,Gjennomsnittlig kjørelengde per kjøretøy (km),2013,2013,,:
26,Små lastebiler,7,Andre drivstoff,GjsnittKjorelengde,Gjennomsnittlig kjørelengde per kjøretøy (km),2014,2014,,:
26,Små lastebiler,7,Andre drivstoff,GjsnittKjorelengde,Gjennomsnittlig kjørelengde per kjøretøy (km),2015,2015,,:
26,Små lastebiler,7,Andre drivstoff,GjsnittKjorelengde,Gjennomsnittlig kjørelengde per kjøretøy (km),2016,2016,,.
26,Små lastebiler,7,Andre drivstoff,GjsnittKjorelengde,Gjennomsnittlig kjørelengde per kjøretøy (km),2017,2017,,.
26,Små lastebiler,7,Andre drivstoff,GjsnittKjorelengde,Gjennomsnittlig kjørelengde per kjøretøy (km),2018,2018,,.
26,Små lastebiler,7,Andre drivstoff,GjsnittKjorelengde,Gjennomsnittlig kjørelengde per kjøretøy (km),2019,2019,,.
26,Små lastebiler,7,Andre drivstoff,GjsnittKjorelengde,Gjennomsnittlig kjørelengde per kjøretøy (km),2020,2020,,.
26,Små lastebiler,7,Andre drivstoff,GjsnittKjorelengde,Gjennomsnittlig kjørelengde per kjøretøy (km),2021,2021,,.
26,Små lastebiler,7,Andre drivstoff,GjsnittKjorelengde,Gjennomsnittlig kjørelengde per kjøretøy (km),2022,2022,,.
26,Små lastebiler,7,Andre drivstoff,GjsnittKjorelengde,Gjennomsnittlig kjørelengde per kjøretøy (km),2023,2023,,.
26,Små lastebiler,7,Andre drivstoff,GjsnittKjorelengde,Gjennomsnittlig kjørelengde per kjøretøy (km),2024,2024,,.
26,Små lastebiler,7,Andre drivstoff,GjsnittKjorelengde,Gjennomsnittlig kjørelengde per kjøretøy (km),2025,2025,,.
27,Små kombinerte biler,0,Alle typer drivstoff,Kjorelengde,Kjørelengde (mill. km),2005,2005,988.8,
27,Små kombinerte biler,0,Alle typer drivstoff,Kjorelengde,Kjørelengde (mill. km),2006,2006,915.1,
27,Små kombinerte biler,0,Alle typer drivstoff,Kjorelengde,Kjørelengde (mill. km),2007,2007,841.4,
27,Små kombinerte biler,0,Alle typer drivstoff,Kjorelengde,Kjørelengde (mill. km),2008,2008,733.3,
27,Små kombinerte biler,0,Alle typer drivstoff,Kjorelengde,Kjørelengde (mill. km),2009,2009,632.9,
27,Små kombinerte biler,0,Alle typer drivstoff,Kjorelengde,Kjørelengde (mill. km),2010,2010,549.0,
27,Små kombinerte biler,0,Alle typer drivstoff,Kjorelengde,Kjørelengde (mill. km),2011,2011,477.7,
27,Små kombinerte biler,0,Alle typer drivstoff,Kjorelengde,Kjørelengde (mill. km),2012,2012,411.0,
27,Små kombinerte biler,0,Alle typer drivstoff,Kjorelengde,Kjørelengde (mill. km),2013,2013,349.2,
27,Små kombinerte biler,0,Alle typer drivstoff,Kjorelengde,Kjørelengde (mill. km),2014,2014,292.1,
27,Små kombinerte biler,0,Alle typer drivstoff,Kjorelengde,Kjørelengde (mill. km),2015,2015,248.5,
27,Små kombinerte biler,0,Alle typer drivstoff,Kjorelengde,Kjørelengde (mill. km),2016,2016,211.7,
27,Små kombinerte biler,0,Alle typer drivstoff,Kjorelengde,Kjørelengde (mill. km),2017,2017,175.0,
27,Små kombinerte biler,0,Alle typer drivstoff,Kjorelengde,Kjørelengde (mill. km),2018,2018,143.8,
27,Små kombinerte biler,0,Alle typer drivstoff,Kjorelengde,Kjørelengde (mill. km),2019,2019,114.6,
27,Små kombinerte biler,0,Alle typer drivstoff,Kjorelengde,Kjørelengde (mill. km),2020,2020,89.6,
27,Små kombinerte biler,0,Alle typer drivstoff,Kjorelengde,Kjørelengde (mill. km),2021,2021,81.2,
27,Små kombinerte biler,0,Alle typer drivstoff,Kjorelengde,Kjørelengde (mill. km),2022,2022,68.2,
27,Små kombinerte biler,0,Alle typer drivstoff,Kjorelengde,Kjørelengde (mill. km),2023,2023,57.0,
27,Små kombinerte biler,0,Alle typer drivstoff,Kjorelengde,Kjørelengde (mill. km),2024,2024,49.5,
27,Små kombinerte biler,0,Alle typer drivstoff,Kjorelengde,Kjørelengde (mill. km),2025,2025,45.1,
27,Små kombinerte biler,0,Alle typer drivstoff,GjsnittKjorelengde,Gjennomsnittlig kjørelengde per kjøretøy (km),2005,2005,14947.0,
27,Små kombinerte biler,0,Alle typer drivstoff,GjsnittKjorelengde,Gjennomsnittlig kjørelengde per kjøretøy (km),2006,2006,14603.0,
27,Små kombinerte biler,0,Alle typer drivstoff,GjsnittKjorelengde,Gjennomsnittlig kjørelengde per kjøretøy (km),2007,2007,14700.0,
27,Små kombinerte biler,0,Alle typer drivstoff,GjsnittKjorelengde,Gjennomsnittlig kjørelengde per kjøretøy (km),2008,2008,14112.0,
27,Små kombinerte biler,0,Alle typer drivstoff,GjsnittKjorelengde,Gjennomsnittlig kjørelengde per kjøretøy (km),2009,2009,13588.0,
27,Små kombinerte biler,0,Alle typer drivstoff,GjsnittKjorelengde,Gjennomsnittlig kjørelengde per kjøretøy (km),2010,2010,13047.0,
27,Små kombinerte biler,0,Alle typer drivstoff,GjsnittKjorelengde,Gjennomsnittlig kjørelengde per kjøretøy (km),2011,2011,12601.0,
27,Små kombinerte biler,0,Alle typer drivstoff,GjsnittKjorelengde,Gjennomsnittlig kjørelengde per kjøretøy (km),2012,2012,12093.0,
27,Små kombinerte biler,0,Alle typer drivstoff,GjsnittKjorelengde,Gjennomsnittlig kjørelengde per kjøretøy (km),2013,2013,11500.0,
27,Små kombinerte biler,0,Alle typer drivstoff,GjsnittKjorelengde,Gjennomsnittlig kjørelengde per kjøretøy (km),2014,2014,10936.0,
27,Små kombinerte biler,0,Alle typer drivstoff,GjsnittKjorelengde,Gjennomsnittlig kjørelengde per kjøretøy (km),2015,2015,10601.0,
27,Små kombinerte biler,0,Alle typer drivstoff,GjsnittKjorelengde,Gjennomsnittlig kjørelengde per kjøretøy (km),2016,2016,10425.0,
27,Små kombinerte biler,0,Alle typer drivstoff,GjsnittKjorelengde,Gjennomsnittlig kjørelengde per kjøretøy (km),2017,2017,9932.0,
27,Små kombinerte biler,0,Alle typer drivstoff,GjsnittKjorelengde,Gjennomsnittlig kjørelengde per kjøretøy (km),2018,2018,9334.0,
27,Små kombinerte biler,0,Alle typer drivstoff,GjsnittKjorelengde,Gjennomsnittlig kjørelengde per kjøretøy (km),2019,2019,8575.0,
27,Små kombinerte biler,0,Alle typer drivstoff,GjsnittKjorelengde,Gjennomsnittlig kjørelengde per kjøretøy (km),2020,2020,7291.0,
27,Små kombinerte biler,0,Alle typer drivstoff,GjsnittKjorelengde,Gjennomsnittlig kjørelengde per kjøretøy (km),2021,2021,7405.0,
27,Små kombinerte biler,0,Alle typer drivstoff,GjsnittKjorelengde,Gjennomsnittlig kjørelengde per kjøretøy (km),2022,2022,6976.0,
27,Små kombinerte biler,0,Alle typer drivstoff,GjsnittKjorelengde,Gjennomsnittlig kjørelengde per kjøretøy (km),2023,2023,6626.0,
27,Små kombinerte biler,0,Alle typer drivstoff,GjsnittKjorelengde,Gjennomsnittlig kjørelengde per kjøretøy (km),2024,2024,6377.0,
27,Små kombinerte biler,0,Alle typer drivstoff,GjsnittKjorelengde,Gjennomsnittlig kjørelengde per kjøretøy (km),2025,2025,6494.0,
27,Små kombinerte biler,1,Bensin,Kjorelengde,Kjørelengde (mill. km),2005,2005,203.7,
27,Små kombinerte biler,1,Bensin,Kjorelengde,Kjørelengde (mill. km),2006,2006,169.7,
27,Små kombinerte biler,1,Bensin,Kjorelengde,Kjørelengde (mill. km),2007,2007,143.1,
27,Små kombinerte biler,1,Bensin,Kjorelengde,Kjørelengde (mill. km),2008,2008,,:
27,Små kombinerte biler,1,Bensin,Kjorelengde,Kjørelengde (mill. km),2009,2009,,:
27,Små kombinerte biler,1,Bensin,Kjorelengde,Kjørelengde (mill. km),2010,2010,75.5,
27,Små kombinerte biler,1,Bensin,Kjorelengde,Kjørelengde (mill. km),2011,2011,60.5,
27,Små kombinerte biler,1,Bensin,Kjorelengde,Kjørelengde (mill. km),2012,2012,46.9,
27,Små kombinerte biler,1,Bensin,Kjorelengde,Kjørelengde (mill. km),2013,2013,35.0,
27,Små kombinerte biler,1,Bensin,Kjorelengde,Kjørelengde (mill. km),2014,2014,25.1,
27,Små kombinerte biler,1,Bensin,Kjorelengde,Kjørelengde (mill. km),2015,2015,19.3,
27,Små kombinerte biler,1,Bensin,Kjorelengde,Kjørelengde (mill. km),2016,2016,14.2,
27,Små kombinerte biler,1,Bensin,Kjorelengde,Kjørelengde (mill. km),2017,2017,10.4,
27,Små kombinerte biler,1,Bensin,Kjorelengde,Kjørelengde (mill. km),2018,2018,8.1,
27,Små kombinerte biler,1,Bensin,Kjorelengde,Kjørelengde (mill. km),2019,2019,6.1,
27,Små kombinerte biler,1,Bensin,Kjorelengde,Kjørelengde (mill. km),2020,2020,4.6,
27,Små kombinerte biler,1,Bensin,Kjorelengde,Kjørelengde (mill. km),2021,2021,4.1,
27,Små kombinerte biler,1,Bensin,Kjorelengde,Kjørelengde (mill. km),2022,2022,3.4,
27,Små kombinerte biler,1,Bensin,Kjorelengde,Kjørelengde (mill. km),2023,2023,2.9,
27,Små kombinerte biler,1,Bensin,Kjorelengde,Kjørelengde (mill. km),2024,2024,2.5,
27,Små kombinerte biler,1,Bensin,Kjorelengde,Kjørelengde (mill. km),2025,2025,2.4,
27,Små kombinerte biler,1,Bensin,GjsnittKjorelengde,Gjennomsnittlig kjørelengde per kjøretøy (km),2005,2005,12540.0,
27,Små kombinerte biler,1,Bensin,GjsnittKjorelengde,Gjennomsnittlig kjørelengde per kjøretøy (km),2006,2006,11988.0,
27,Små kombinerte biler,1,Bensin,GjsnittKjorelengde,Gjennomsnittlig kjørelengde per kjøretøy (km),2007,2007,11948.0,
27,Små kombinerte biler,1,Bensin,GjsnittKjorelengde,Gjennomsnittlig kjørelengde per kjøretøy (km),2008,2008,,:
27,Små kombinerte biler,1,Bensin,GjsnittKjorelengde,Gjennomsnittlig kjørelengde per kjøretøy (km),2009,2009,,:
27,Små kombinerte biler,1,Bensin,GjsnittKjorelengde,Gjennomsnittlig kjørelengde per kjøretøy (km),2010,2010,10282.0,
27,Små kombinerte biler,1,Bensin,GjsnittKjorelengde,Gjennomsnittlig kjørelengde per kjøretøy (km),2011,2011,9827.0,
27,Små kombinerte biler,1,Bensin,GjsnittKjorelengde,Gjennomsnittlig kjørelengde per kjøretøy (km),2012,2012,9173.0,
27,Små kombinerte biler,1,Bensin,GjsnittKjorelengde,Gjennomsnittlig kjørelengde per kjøretøy (km),2013,2013,8410.0,
27,Små kombinerte biler,1,Bensin,GjsnittKjorelengde,Gjennomsnittlig kjørelengde per kjøretøy (km),2014,2014,7591.0,
27,Små kombinerte biler,1,Bensin,GjsnittKjorelengde,Gjennomsnittlig kjørelengde per kjøretøy (km),2015,2015,7224.0,
27,Små kombinerte biler,1,Bensin,GjsnittKjorelengde,Gjennomsnittlig kjørelengde per kjøretøy (km),2016,2016,6697.0,
27,Små kombinerte biler,1,Bensin,GjsnittKjorelengde,Gjennomsnittlig kjørelengde per kjøretøy (km),2017,2017,5895.0,
27,Små kombinerte biler,1,Bensin,GjsnittKjorelengde,Gjennomsnittlig kjørelengde per kjøretøy (km),2018,2018,5559.0,
27,Små kombinerte biler,1,Bensin,GjsnittKjorelengde,Gjennomsnittlig kjørelengde per kjøretøy (km),2019,2019,4872.0,
27,Små kombinerte biler,1,Bensin,GjsnittKjorelengde,Gjennomsnittlig kjørelengde per kjøretøy (km),2020,2020,3838.0,
27,Små kombinerte biler,1,Bensin,GjsnittKjorelengde,Gjennomsnittlig kjørelengde per kjøretøy (km),2021,2021,3940.0,
27,Små kombinerte biler,1,Bensin,GjsnittKjorelengde,Gjennomsnittlig kjørelengde per kjøretøy (km),2022,2022,3583.0,
27,Små kombinerte biler,1,Bensin,GjsnittKjorelengde,Gjennomsnittlig kjørelengde per kjøretøy (km),2023,2023,3505.0,
27,Små kombinerte biler,1,Bensin,GjsnittKjorelengde,Gjennomsnittlig kjørelengde per kjøretøy (km),2024,2024,3183.0,
27,Små kombinerte biler,1,Bensin,GjsnittKjorelengde,Gjennomsnittlig kjørelengde per kjøretøy (km),2025,2025,3469.0,
27,Små kombinerte biler,2,Diesel,Kjorelengde,Kjørelengde (mill. km),2005,2005,785.1,
27,Små kombinerte biler,2,Diesel,Kjorelengde,Kjørelengde (mill. km),2006,2006,745.5,
27,Små kombinerte biler,2,Diesel,Kjorelengde,Kjørelengde (mill. km),2007,2007,698.3,
27,Små kombinerte biler,2,Diesel,Kjorelengde,Kjørelengde (mill. km),2008,2008,618.3,
27,Små kombinerte biler,2,Diesel,Kjorelengde,Kjørelengde (mill. km),2009,2009,539.7,
27,Små kombinerte biler,2,Diesel,Kjorelengde,Kjørelengde (mill. km),2010,2010,473.6,
27,Små kombinerte biler,2,Diesel,Kjorelengde,Kjørelengde (mill. km),2011,2011,417.2,
27,Små kombinerte biler,2,Diesel,Kjorelengde,Kjørelengde (mill. km),2012,2012,364.1,
27,Små kombinerte biler,2,Diesel,Kjorelengde,Kjørelengde (mill. km),2013,2013,314.2,
27,Små kombinerte biler,2,Diesel,Kjorelengde,Kjørelengde (mill. km),2014,2014,267.0,
27,Små kombinerte biler,2,Diesel,Kjorelengde,Kjørelengde (mill. km),2015,2015,229.2,
27,Små kombinerte biler,2,Diesel,Kjorelengde,Kjørelengde (mill. km),2016,2016,197.5,
27,Små kombinerte biler,2,Diesel,Kjorelengde,Kjørelengde (mill. km),2017,2017,164.6,
27,Små kombinerte biler,2,Diesel,Kjorelengde,Kjørelengde (mill. km),2018,2018,135.7,
27,Små kombinerte biler,2,Diesel,Kjorelengde,Kjørelengde (mill. km),2019,2019,108.5,
27,Små kombinerte biler,2,Diesel,Kjorelengde,Kjørelengde (mill. km),2020,2020,85.0,
27,Små kombinerte biler,2,Diesel,Kjorelengde,Kjørelengde (mill. km),2021,2021,77.1,
27,Små kombinerte biler,2,Diesel,Kjorelengde,Kjørelengde (mill. km),2022,2022,64.9,
27,Små kombinerte biler,2,Diesel,Kjorelengde,Kjørelengde (mill. km),2023,2023,54.1,
27,Små kombinerte biler,2,Diesel,Kjorelengde,Kjørelengde (mill. km),2024,2024,47.0,
27,Små kombinerte biler,2,Diesel,Kjorelengde,Kjørelengde (mill. km),2025,2025,42.7,
27,Små kombinerte biler,2,Diesel,GjsnittKjorelengde,Gjennomsnittlig kjørelengde per kjøretøy (km),2005,2005,15730.0,
27,Små kombinerte biler,2,Diesel,GjsnittKjorelengde,Gjennomsnittlig kjørelengde per kjøretøy (km),2006,2006,15366.0,
27,Små kombinerte biler,2,Diesel,GjsnittKjorelengde,Gjennomsnittlig kjørelengde per kjøretøy (km),2007,2007,15427.0,
27,Små kombinerte biler,2,Diesel,GjsnittKjorelengde,Gjennomsnittlig kjørelengde per kjøretøy (km),2008,2008,14785.0,
27,Små kombinerte biler,2,Diesel,GjsnittKjorelengde,Gjennomsnittlig kjørelengde per kjøretøy (km),2009,2009,14210.0,
27,Små kombinerte biler,2,Diesel,GjsnittKjorelengde,Gjennomsnittlig kjørelengde per kjøretøy (km),2010,2010,13631.0,
27,Små kombinerte biler,2,Diesel,GjsnittKjorelengde,Gjennomsnittlig kjørelengde per kjøretøy (km),2011,2011,13140.0,
27,Små kombinerte biler,2,Diesel,GjsnittKjorelengde,Gjennomsnittlig kjørelengde per kjøretøy (km),2012,2012,12611.0,
27,Små kombinerte biler,2,Diesel,GjsnittKjorelengde,Gjennomsnittlig kjørelengde per kjøretøy (km),2013,2013,11990.0,
27,Små kombinerte biler,2,Diesel,GjsnittKjorelengde,Gjennomsnittlig kjørelengde per kjøretøy (km),2014,2014,11408.0,
27,Små kombinerte biler,2,Diesel,GjsnittKjorelengde,Gjennomsnittlig kjørelengde per kjøretøy (km),2015,2015,11037.0,
27,Små kombinerte biler,2,Diesel,GjsnittKjorelengde,Gjennomsnittlig kjørelengde per kjøretøy (km),2016,2016,10860.0,
27,Små kombinerte biler,2,Diesel,GjsnittKjorelengde,Gjennomsnittlig kjørelengde per kjøretøy (km),2017,2017,10382.0,
27,Små kombinerte biler,2,Diesel,GjsnittKjorelengde,Gjennomsnittlig kjørelengde per kjøretøy (km),2018,2018,9727.0,
27,Små kombinerte biler,2,Diesel,GjsnittKjorelengde,Gjennomsnittlig kjørelengde per kjøretøy (km),2019,2019,8957.0,
27,Små kombinerte biler,2,Diesel,GjsnittKjorelengde,Gjennomsnittlig kjørelengde per kjøretøy (km),2020,2020,7661.0,
27,Små kombinerte biler,2,Diesel,GjsnittKjorelengde,Gjennomsnittlig kjørelengde per kjøretøy (km),2021,2021,7770.0,
27,Små kombinerte biler,2,Diesel,GjsnittKjorelengde,Gjennomsnittlig kjørelengde per kjøretøy (km),2022,2022,7337.0,
27,Små kombinerte biler,2,Diesel,GjsnittKjorelengde,Gjennomsnittlig kjørelengde per kjøretøy (km),2023,2023,6960.0,
27,Små kombinerte biler,2,Diesel,GjsnittKjorelengde,Gjennomsnittlig kjørelengde per kjøretøy (km),2024,2024,6740.0,
27,Små kombinerte biler,2,Diesel,GjsnittKjorelengde,Gjennomsnittlig kjørelengde per kjøretøy (km),2025,2025,6826.0,
27,Små kombinerte biler,18,Elektrisitet,Kjorelengde,Kjørelengde (mill. km),2005,2005,,.
27,Små kombinerte biler,18,Elektrisitet,Kjorelengde,Kjørelengde (mill. km),2006,2006,,.
27,Små kombinerte biler,18,Elektrisitet,Kjorelengde,Kjørelengde (mill. km),2007,2007,,.
27,Små kombinerte biler,18,Elektrisitet,Kjorelengde,Kjørelengde (mill. km),2008,2008,,.
27,Små kombinerte biler,18,Elektrisitet,Kjorelengde,Kjørelengde (mill. km),2009,2009,,.
27,Små kombinerte biler,18,Elektrisitet,Kjorelengde,Kjørelengde (mill. km),2010,2010,,.
27,Små kombinerte biler,18,Elektrisitet,Kjorelengde,Kjørelengde (mill. km),2011,2011,,.
27,Små kombinerte biler,18,Elektrisitet,Kjorelengde,Kjørelengde (mill. km),2012,2012,,.
27,Små kombinerte biler,18,Elektrisitet,Kjorelengde,Kjørelengde (mill. km),2013,2013,,.
27,Små kombinerte biler,18,Elektrisitet,Kjorelengde,Kjørelengde (mill. km),2014,2014,,.
27,Små kombinerte biler,18,Elektrisitet,Kjorelengde,Kjørelengde (mill. km),2015,2015,,.
27,Små kombinerte biler,18,Elektrisitet,Kjorelengde,Kjørelengde (mill. km),2016,2016,,.
27,Små kombinerte biler,18,Elektrisitet,Kjorelengde,Kjørelengde (mill. km),2017,2017,,.
27,Små kombinerte biler,18,Elektrisitet,Kjorelengde,Kjørelengde (mill. km),2018,2018,,.
27,Små kombinerte biler,18,Elektrisitet,Kjorelengde,Kjørelengde (mill. km),2019,2019,,.
27,Små kombinerte biler,18,Elektrisitet,Kjorelengde,Kjørelengde (mill. km),2020,2020,,.
27,Små kombinerte biler,18,Elektrisitet,Kjorelengde,Kjørelengde (mill. km),2021,2021,,.
27,Små kombinerte biler,18,Elektrisitet,Kjorelengde,Kjørelengde (mill. km),2022,2022,,.
27,Små kombinerte biler,18,Elektrisitet,Kjorelengde,Kjørelengde (mill. km),2023,2023,,.
27,Små kombinerte biler,18,Elektrisitet,Kjorelengde,Kjørelengde (mill. km),2024,2024,,.
27,Små kombinerte biler,18,Elektrisitet,Kjorelengde,Kjørelengde (mill. km),2025,2025,,.
27,Små kombinerte biler,18,Elektrisitet,GjsnittKjorelengde,Gjennomsnittlig kjørelengde per kjøretøy (km),2005,2005,,.
27,Små kombinerte biler,18,Elektrisitet,GjsnittKjorelengde,Gjennomsnittlig kjørelengde per kjøretøy (km),2006,2006,,.
27,Små kombinerte biler,18,Elektrisitet,GjsnittKjorelengde,Gjennomsnittlig kjørelengde per kjøretøy (km),2007,2007,,.
27,Små kombinerte biler,18,Elektrisitet,GjsnittKjorelengde,Gjennomsnittlig kjørelengde per kjøretøy (km),2008,2008,,.
27,Små kombinerte biler,18,Elektrisitet,GjsnittKjorelengde,Gjennomsnittlig kjørelengde per kjøretøy (km),2009,2009,,.
27,Små kombinerte biler,18,Elektrisitet,GjsnittKjorelengde,Gjennomsnittlig kjørelengde per kjøretøy (km),2010,2010,,.
27,Små kombinerte biler,18,Elektrisitet,GjsnittKjorelengde,Gjennomsnittlig kjørelengde per kjøretøy (km),2011,2011,,.
27,Små kombinerte biler,18,Elektrisitet,GjsnittKjorelengde,Gjennomsnittlig kjørelengde per kjøretøy (km),2012,2012,,.
27,Små kombinerte biler,18,Elektrisitet,GjsnittKjorelengde,Gjennomsnittlig kjørelengde per kjøretøy (km),2013,2013,,.
27,Små kombinerte biler,18,Elektrisitet,GjsnittKjorelengde,Gjennomsnittlig kjørelengde per kjøretøy (km),2014,2014,,.
27,Små kombinerte biler,18,Elektrisitet,GjsnittKjorelengde,Gjennomsnittlig kjørelengde per kjøretøy (km),2015,2015,,.
27,Små kombinerte biler,18,Elektrisitet,GjsnittKjorelengde,Gjennomsnittlig kjørelengde per kjøretøy (km),2016,2016,,.
27,Små kombinerte biler,18,Elektrisitet,GjsnittKjorelengde,Gjennomsnittlig kjørelengde per kjøretøy (km),2017,2017,,.
27,Små kombinerte biler,18,Elektrisitet,GjsnittKjorelengde,Gjennomsnittlig kjørelengde per kjøretøy (km),2018,2018,,.
27,Små kombinerte biler,18,Elektrisitet,GjsnittKjorelengde,Gjennomsnittlig kjørelengde per kjøretøy (km),2019,2019,,.
27,Små kombinerte biler,18,Elektrisitet,GjsnittKjorelengde,Gjennomsnittlig kjørelengde per kjøretøy (km),2020,2020,,.
27,Små kombinerte biler,18,Elektrisitet,GjsnittKjorelengde,Gjennomsnittlig kjørelengde per kjøretøy (km),2021,2021,,.
27,Små kombinerte biler,18,Elektrisitet,GjsnittKjorelengde,Gjennomsnittlig kjørelengde per kjøretøy (km),2022,2022,,.
27,Små kombinerte biler,18,Elektrisitet,GjsnittKjorelengde,Gjennomsnittlig kjørelengde per kjøretøy (km),2023,2023,,.
27,Små kombinerte biler,18,Elektrisitet,GjsnittKjorelengde,Gjennomsnittlig kjørelengde per kjøretøy (km),2024,2024,,.
27,Små kombinerte biler,18,Elektrisitet,GjsnittKjorelengde,Gjennomsnittlig kjørelengde per kjøretøy (km),2025,2025,,.
27,Små kombinerte biler,14,"Bensin hybrid, ladbar",Kjorelengde,Kjørelengde (mill. km),2005,2005,,.
27,Små kombinerte biler,14,"Bensin hybrid, ladbar",Kjorelengde,Kjørelengde (mill. km),2006,2006,,.
27,Små kombinerte biler,14,"Bensin hybrid, ladbar",Kjorelengde,Kjørelengde (mill. km),2007,2007,,.
27,Små kombinerte biler,14,"Bensin hybrid, ladbar",Kjorelengde,Kjørelengde (mill. km),2008,2008,,.
27,Små kombinerte biler,14,"Bensin hybrid, ladbar",Kjorelengde,Kjørelengde (mill. km),2009,2009,,.
27,Små kombinerte biler,14,"Bensin hybrid, ladbar",Kjorelengde,Kjørelengde (mill. km),2010,2010,,.
27,Små kombinerte biler,14,"Bensin hybrid, ladbar",Kjorelengde,Kjørelengde (mill. km),2011,2011,,.
27,Små kombinerte biler,14,"Bensin hybrid, ladbar",Kjorelengde,Kjørelengde (mill. km),2012,2012,,.
27,Små kombinerte biler,14,"Bensin hybrid, ladbar",Kjorelengde,Kjørelengde (mill. km),2013,2013,,.
27,Små kombinerte biler,14,"Bensin hybrid, ladbar",Kjorelengde,Kjørelengde (mill. km),2014,2014,,.
27,Små kombinerte biler,14,"Bensin hybrid, ladbar",Kjorelengde,Kjørelengde (mill. km),2015,2015,,.
27,Små kombinerte biler,14,"Bensin hybrid, ladbar",Kjorelengde,Kjørelengde (mill. km),2016,2016,,.
27,Små kombinerte biler,14,"Bensin hybrid, ladbar",Kjorelengde,Kjørelengde (mill. km),2017,2017,,.
27,Små kombinerte biler,14,"Bensin hybrid, ladbar",Kjorelengde,Kjørelengde (mill. km),2018,2018,,.
27,Små kombinerte biler,14,"Bensin hybrid, ladbar",Kjorelengde,Kjørelengde (mill. km),2019,2019,,.
27,Små kombinerte biler,14,"Bensin hybrid, ladbar",Kjorelengde,Kjørelengde (mill. km),2020,2020,,.
27,Små kombinerte biler,14,"Bensin hybrid, ladbar",Kjorelengde,Kjørelengde (mill. km),2021,2021,,.
27,Små kombinerte biler,14,"Bensin hybrid, ladbar",Kjorelengde,Kjørelengde (mill. km),2022,2022,,.
27,Små kombinerte biler,14,"Bensin hybrid, ladbar",Kjorelengde,Kjørelengde (mill. km),2023,2023,,.
27,Små kombinerte biler,14,"Bensin hybrid, ladbar",Kjorelengde,Kjørelengde (mill. km),2024,2024,,.
27,Små kombinerte biler,14,"Bensin hybrid, ladbar",Kjorelengde,Kjørelengde (mill. km),2025,2025,,.
27,Små kombinerte biler,14,"Bensin hybrid, ladbar",GjsnittKjorelengde,Gjennomsnittlig kjørelengde per kjøretøy (km),2005,2005,,.
27,Små kombinerte biler,14,"Bensin hybrid, ladbar",GjsnittKjorelengde,Gjennomsnittlig kjørelengde per kjøretøy (km),2006,2006,,.
27,Små kombinerte biler,14,"Bensin hybrid, ladbar",GjsnittKjorelengde,Gjennomsnittlig kjørelengde per kjøretøy (km),2007,2007,,.
27,Små kombinerte biler,14,"Bensin hybrid, ladbar",GjsnittKjorelengde,Gjennomsnittlig kjørelengde per kjøretøy (km),2008,2008,,.
27,Små kombinerte biler,14,"Bensin hybrid, ladbar",GjsnittKjorelengde,Gjennomsnittlig kjørelengde per kjøretøy (km),2009,2009,,.
27,Små kombinerte biler,14,"Bensin hybrid, ladbar",GjsnittKjorelengde,Gjennomsnittlig kjørelengde per kjøretøy (km),2010,2010,,.
27,Små kombinerte biler,14,"Bensin hybrid, ladbar",GjsnittKjorelengde,Gjennomsnittlig kjørelengde per kjøretøy (km),2011,2011,,.
27,Små kombinerte biler,14,"Bensin hybrid, ladbar",GjsnittKjorelengde,Gjennomsnittlig kjørelengde per kjøretøy (km),2012,2012,,.
27,Små kombinerte biler,14,"Bensin hybrid, ladbar",GjsnittKjorelengde,Gjennomsnittlig kjørelengde per kjøretøy (km),2013,2013,,.
27,Små kombinerte biler,14,"Bensin hybrid, ladbar",GjsnittKjorelengde,Gjennomsnittlig kjørelengde per kjøretøy (km),2014,2014,,.
27,Små kombinerte biler,14,"Bensin hybrid, ladbar",GjsnittKjorelengde,Gjennomsnittlig kjørelengde per kjøretøy (km),2015,2015,,.
27,Små kombinerte biler,14,"Bensin hybrid, ladbar",GjsnittKjorelengde,Gjennomsnittlig kjørelengde per kjøretøy (km),2016,2016,,.
27,Små kombinerte biler,14,"Bensin hybrid, ladbar",GjsnittKjorelengde,Gjennomsnittlig kjørelengde per kjøretøy (km),2017,2017,,.
27,Små kombinerte biler,14,"Bensin hybrid, ladbar",GjsnittKjorelengde,Gjennomsnittlig kjørelengde per kjøretøy (km),2018,2018,,.
27,Små kombinerte biler,14,"Bensin hybrid, ladbar",GjsnittKjorelengde,Gjennomsnittlig kjørelengde per kjøretøy (km),2019,2019,,.
27,Små kombinerte biler,14,"Bensin hybrid, ladbar",GjsnittKjorelengde,Gjennomsnittlig kjørelengde per kjøretøy (km),2020,2020,,.
27,Små kombinerte biler,14,"Bensin hybrid, ladbar",GjsnittKjorelengde,Gjennomsnittlig kjørelengde per kjøretøy (km),2021,2021,,.
27,Små kombinerte biler,14,"Bensin hybrid, ladbar",GjsnittKjorelengde,Gjennomsnittlig kjørelengde per kjøretøy (km),2022,2022,,.
27,Små kombinerte biler,14,"Bensin hybrid, ladbar",GjsnittKjorelengde,Gjennomsnittlig kjørelengde per kjøretøy (km),2023,2023,,.
27,Små kombinerte biler,14,"Bensin hybrid, ladbar",GjsnittKjorelengde,Gjennomsnittlig kjørelengde per kjøretøy (km),2024,2024,,.
27,Små kombinerte biler,14,"Bensin hybrid, ladbar",GjsnittKjorelengde,Gjennomsnittlig kjørelengde per kjøretøy (km),2025,2025,,.
27,Små kombinerte biler,15,"Bensin hybrid, ikke ladbar",Kjorelengde,Kjørelengde (mill. km),2005,2005,,.
27,Små kombinerte biler,15,"Bensin hybrid, ikke ladbar",Kjorelengde,Kjørelengde (mill. km),2006,2006,,.
27,Små kombinerte biler,15,"Bensin hybrid, ikke ladbar",Kjorelengde,Kjørelengde (mill. km),2007,2007,,.
27,Små kombinerte biler,15,"Bensin hybrid, ikke ladbar",Kjorelengde,Kjørelengde (mill. km),2008,2008,,.
27,Små kombinerte biler,15,"Bensin hybrid, ikke ladbar",Kjorelengde,Kjørelengde (mill. km),2009,2009,,.
27,Små kombinerte biler,15,"Bensin hybrid, ikke ladbar",Kjorelengde,Kjørelengde (mill. km),2010,2010,,.
27,Små kombinerte biler,15,"Bensin hybrid, ikke ladbar",Kjorelengde,Kjørelengde (mill. km),2011,2011,,.
27,Små kombinerte biler,15,"Bensin hybrid, ikke ladbar",Kjorelengde,Kjørelengde (mill. km),2012,2012,,.
27,Små kombinerte biler,15,"Bensin hybrid, ikke ladbar",Kjorelengde,Kjørelengde (mill. km),2013,2013,,.
27,Små kombinerte biler,15,"Bensin hybrid, ikke ladbar",Kjorelengde,Kjørelengde (mill. km),2014,2014,,.
27,Små kombinerte biler,15,"Bensin hybrid, ikke ladbar",Kjorelengde,Kjørelengde (mill. km),2015,2015,,.
27,Små kombinerte biler,15,"Bensin hybrid, ikke ladbar",Kjorelengde,Kjørelengde (mill. km),2016,2016,,.
27,Små kombinerte biler,15,"Bensin hybrid, ikke ladbar",Kjorelengde,Kjørelengde (mill. km),2017,2017,,.
27,Små kombinerte biler,15,"Bensin hybrid, ikke ladbar",Kjorelengde,Kjørelengde (mill. km),2018,2018,,.
27,Små kombinerte biler,15,"Bensin hybrid, ikke ladbar",Kjorelengde,Kjørelengde (mill. km),2019,2019,,.
27,Små kombinerte biler,15,"Bensin hybrid, ikke ladbar",Kjorelengde,Kjørelengde (mill. km),2020,2020,,.
27,Små kombinerte biler,15,"Bensin hybrid, ikke ladbar",Kjorelengde,Kjørelengde (mill. km),2021,2021,,.
27,Små kombinerte biler,15,"Bensin hybrid, ikke ladbar",Kjorelengde,Kjørelengde (mill. km),2022,2022,,.
27,Små kombinerte biler,15,"Bensin hybrid, ikke ladbar",Kjorelengde,Kjørelengde (mill. km),2023,2023,,.
27,Små kombinerte biler,15,"Bensin hybrid, ikke ladbar",Kjorelengde,Kjørelengde (mill. km),2024,2024,,.
27,Små kombinerte biler,15,"Bensin hybrid, ikke ladbar",Kjorelengde,Kjørelengde (mill. km),2025,2025,,.
27,Små kombinerte biler,15,"Bensin hybrid, ikke ladbar",GjsnittKjorelengde,Gjennomsnittlig kjørelengde per kjøretøy (km),2005,2005,,.
27,Små kombinerte biler,15,"Bensin hybrid, ikke ladbar",GjsnittKjorelengde,Gjennomsnittlig kjørelengde per kjøretøy (km),2006,2006,,.
27,Små kombinerte biler,15,"Bensin hybrid, ikke ladbar",GjsnittKjorelengde,Gjennomsnittlig kjørelengde per kjøretøy (km),2007,2007,,.
27,Små kombinerte biler,15,"Bensin hybrid, ikke ladbar",GjsnittKjorelengde,Gjennomsnittlig kjørelengde per kjøretøy (km),2008,2008,,.
27,Små kombinerte biler,15,"Bensin hybrid, ikke ladbar",GjsnittKjorelengde,Gjennomsnittlig kjørelengde per kjøretøy (km),2009,2009,,.
27,Små kombinerte biler,15,"Bensin hybrid, ikke ladbar",GjsnittKjorelengde,Gjennomsnittlig kjørelengde per kjøretøy (km),2010,2010,,.
27,Små kombinerte biler,15,"Bensin hybrid, ikke ladbar",GjsnittKjorelengde,Gjennomsnittlig kjørelengde per kjøretøy (km),2011,2011,,.
27,Små kombinerte biler,15,"Bensin hybrid, ikke ladbar",GjsnittKjorelengde,Gjennomsnittlig kjørelengde per kjøretøy (km),2012,2012,,.
27,Små kombinerte biler,15,"Bensin hybrid, ikke ladbar",GjsnittKjorelengde,Gjennomsnittlig kjørelengde per kjøretøy (km),2013,2013,,.
27,Små kombinerte biler,15,"Bensin hybrid, ikke ladbar",GjsnittKjorelengde,Gjennomsnittlig kjørelengde per kjøretøy (km),2014,2014,,.
27,Små kombinerte biler,15,"Bensin hybrid, ikke ladbar",GjsnittKjorelengde,Gjennomsnittlig kjørelengde per kjøretøy (km),2015,2015,,.
27,Små kombinerte biler,15,"Bensin hybrid, ikke ladbar",GjsnittKjorelengde,Gjennomsnittlig kjørelengde per kjøretøy (km),2016,2016,,.
27,Små kombinerte biler,15,"Bensin hybrid, ikke ladbar",GjsnittKjorelengde,Gjennomsnittlig kjørelengde per kjøretøy (km),2017,2017,,.
27,Små kombinerte biler,15,"Bensin hybrid, ikke ladbar",GjsnittKjorelengde,Gjennomsnittlig kjørelengde per kjøretøy (km),2018,2018,,.
27,Små kombinerte biler,15,"Bensin hybrid, ikke ladbar",GjsnittKjorelengde,Gjennomsnittlig kjørelengde per kjøretøy (km),2019,2019,,.
27,Små kombinerte biler,15,"Bensin hybrid, ikke ladbar",GjsnittKjorelengde,Gjennomsnittlig kjørelengde per kjøretøy (km),2020,2020,,.
27,Små kombinerte biler,15,"Bensin hybrid, ikke ladbar",GjsnittKjorelengde,Gjennomsnittlig kjørelengde per kjøretøy (km),2021,2021,,.
27,Små kombinerte biler,15,"Bensin hybrid, ikke ladbar",GjsnittKjorelengde,Gjennomsnittlig kjørelengde per kjøretøy (km),2022,2022,,.
27,Små kombinerte biler,15,"Bensin hybrid, ikke ladbar",GjsnittKjorelengde,Gjennomsnittlig kjørelengde per kjøretøy (km),2023,2023,,.
27,Små kombinerte biler,15,"Bensin hybrid, ikke ladbar",GjsnittKjorelengde,Gjennomsnittlig kjørelengde per kjøretøy (km),2024,2024,,.
27,Små kombinerte biler,15,"Bensin hybrid, ikke ladbar",GjsnittKjorelengde,Gjennomsnittlig kjørelengde per kjøretøy (km),2025,2025,,.
27,Små kombinerte biler,16,"Diesel hybrid, ladbar",Kjorelengde,Kjørelengde (mill. km),2005,2005,,.
27,Små kombinerte biler,16,"Diesel hybrid, ladbar",Kjorelengde,Kjørelengde (mill. km),2006,2006,,.
27,Små kombinerte biler,16,"Diesel hybrid, ladbar",Kjorelengde,Kjørelengde (mill. km),2007,2007,,.
27,Små kombinerte biler,16,"Diesel hybrid, ladbar",Kjorelengde,Kjørelengde (mill. km),2008,2008,,.
27,Små kombinerte biler,16,"Diesel hybrid, ladbar",Kjorelengde,Kjørelengde (mill. km),2009,2009,,.
27,Små kombinerte biler,16,"Diesel hybrid, ladbar",Kjorelengde,Kjørelengde (mill. km),2010,2010,,.
27,Små kombinerte biler,16,"Diesel hybrid, ladbar",Kjorelengde,Kjørelengde (mill. km),2011,2011,,.
27,Små kombinerte biler,16,"Diesel hybrid, ladbar",Kjorelengde,Kjørelengde (mill. km),2012,2012,,.
27,Små kombinerte biler,16,"Diesel hybrid, ladbar",Kjorelengde,Kjørelengde (mill. km),2013,2013,,.
27,Små kombinerte biler,16,"Diesel hybrid, ladbar",Kjorelengde,Kjørelengde (mill. km),2014,2014,,.
27,Små kombinerte biler,16,"Diesel hybrid, ladbar",Kjorelengde,Kjørelengde (mill. km),2015,2015,,.
27,Små kombinerte biler,16,"Diesel hybrid, ladbar",Kjorelengde,Kjørelengde (mill. km),2016,2016,,.
27,Små kombinerte biler,16,"Diesel hybrid, ladbar",Kjorelengde,Kjørelengde (mill. km),2017,2017,,.
27,Små kombinerte biler,16,"Diesel hybrid, ladbar",Kjorelengde,Kjørelengde (mill. km),2018,2018,,.
27,Små kombinerte biler,16,"Diesel hybrid, ladbar",Kjorelengde,Kjørelengde (mill. km),2019,2019,,.
27,Små kombinerte biler,16,"Diesel hybrid, ladbar",Kjorelengde,Kjørelengde (mill. km),2020,2020,,.
27,Små kombinerte biler,16,"Diesel hybrid, ladbar",Kjorelengde,Kjørelengde (mill. km),2021,2021,,.
27,Små kombinerte biler,16,"Diesel hybrid, ladbar",Kjorelengde,Kjørelengde (mill. km),2022,2022,,.
27,Små kombinerte biler,16,"Diesel hybrid, ladbar",Kjorelengde,Kjørelengde (mill. km),2023,2023,,.
27,Små kombinerte biler,16,"Diesel hybrid, ladbar",Kjorelengde,Kjørelengde (mill. km),2024,2024,,.
27,Små kombinerte biler,16,"Diesel hybrid, ladbar",Kjorelengde,Kjørelengde (mill. km),2025,2025,,.
27,Små kombinerte biler,16,"Diesel hybrid, ladbar",GjsnittKjorelengde,Gjennomsnittlig kjørelengde per kjøretøy (km),2005,2005,,.
27,Små kombinerte biler,16,"Diesel hybrid, ladbar",GjsnittKjorelengde,Gjennomsnittlig kjørelengde per kjøretøy (km),2006,2006,,.
27,Små kombinerte biler,16,"Diesel hybrid, ladbar",GjsnittKjorelengde,Gjennomsnittlig kjørelengde per kjøretøy (km),2007,2007,,.
27,Små kombinerte biler,16,"Diesel hybrid, ladbar",GjsnittKjorelengde,Gjennomsnittlig kjørelengde per kjøretøy (km),2008,2008,,.
27,Små kombinerte biler,16,"Diesel hybrid, ladbar",GjsnittKjorelengde,Gjennomsnittlig kjørelengde per kjøretøy (km),2009,2009,,.
27,Små kombinerte biler,16,"Diesel hybrid, ladbar",GjsnittKjorelengde,Gjennomsnittlig kjørelengde per kjøretøy (km),2010,2010,,.
27,Små kombinerte biler,16,"Diesel hybrid, ladbar",GjsnittKjorelengde,Gjennomsnittlig kjørelengde per kjøretøy (km),2011,2011,,.
27,Små kombinerte biler,16,"Diesel hybrid, ladbar",GjsnittKjorelengde,Gjennomsnittlig kjørelengde per kjøretøy (km),2012,2012,,.
27,Små kombinerte biler,16,"Diesel hybrid, ladbar",GjsnittKjorelengde,Gjennomsnittlig kjørelengde per kjøretøy (km),2013,2013,,.
27,Små kombinerte biler,16,"Diesel hybrid, ladbar",GjsnittKjorelengde,Gjennomsnittlig kjørelengde per kjøretøy (km),2014,2014,,.
27,Små kombinerte biler,16,"Diesel hybrid, ladbar",GjsnittKjorelengde,Gjennomsnittlig kjørelengde per kjøretøy (km),2015,2015,,.
27,Små kombinerte biler,16,"Diesel hybrid, ladbar",GjsnittKjorelengde,Gjennomsnittlig kjørelengde per kjøretøy (km),2016,2016,,.
27,Små kombinerte biler,16,"Diesel hybrid, ladbar",GjsnittKjorelengde,Gjennomsnittlig kjørelengde per kjøretøy (km),2017,2017,,.
27,Små kombinerte biler,16,"Diesel hybrid, ladbar",GjsnittKjorelengde,Gjennomsnittlig kjørelengde per kjøretøy (km),2018,2018,,.
27,Små kombinerte biler,16,"Diesel hybrid, ladbar",GjsnittKjorelengde,Gjennomsnittlig kjørelengde per kjøretøy (km),2019,2019,,.
27,Små kombinerte biler,16,"Diesel hybrid, ladbar",GjsnittKjorelengde,Gjennomsnittlig kjørelengde per kjøretøy (km),2020,2020,,.
27,Små kombinerte biler,16,"Diesel hybrid, ladbar",GjsnittKjorelengde,Gjennomsnittlig kjørelengde per kjøretøy (km),2021,2021,,.
27,Små kombinerte biler,16,"Diesel hybrid, ladbar",GjsnittKjorelengde,Gjennomsnittlig kjørelengde per kjøretøy (km),2022,2022,,.
27,Små kombinerte biler,16,"Diesel hybrid, ladbar",GjsnittKjorelengde,Gjennomsnittlig kjørelengde per kjøretøy (km),2023,2023,,.
27,Små kombinerte biler,16,"Diesel hybrid, ladbar",GjsnittKjorelengde,Gjennomsnittlig kjørelengde per kjøretøy (km),2024,2024,,.
27,Små kombinerte biler,16,"Diesel hybrid, ladbar",GjsnittKjorelengde,Gjennomsnittlig kjørelengde per kjøretøy (km),2025,2025,,.
27,Små kombinerte biler,17,"Diesel hybrid, ikke ladbar",Kjorelengde,Kjørelengde (mill. km),2005,2005,,.
27,Små kombinerte biler,17,"Diesel hybrid, ikke ladbar",Kjorelengde,Kjørelengde (mill. km),2006,2006,,.
27,Små kombinerte biler,17,"Diesel hybrid, ikke ladbar",Kjorelengde,Kjørelengde (mill. km),2007,2007,,.
27,Små kombinerte biler,17,"Diesel hybrid, ikke ladbar",Kjorelengde,Kjørelengde (mill. km),2008,2008,,.
27,Små kombinerte biler,17,"Diesel hybrid, ikke ladbar",Kjorelengde,Kjørelengde (mill. km),2009,2009,,.
27,Små kombinerte biler,17,"Diesel hybrid, ikke ladbar",Kjorelengde,Kjørelengde (mill. km),2010,2010,,.
27,Små kombinerte biler,17,"Diesel hybrid, ikke ladbar",Kjorelengde,Kjørelengde (mill. km),2011,2011,,.
27,Små kombinerte biler,17,"Diesel hybrid, ikke ladbar",Kjorelengde,Kjørelengde (mill. km),2012,2012,,.
27,Små kombinerte biler,17,"Diesel hybrid, ikke ladbar",Kjorelengde,Kjørelengde (mill. km),2013,2013,,.
27,Små kombinerte biler,17,"Diesel hybrid, ikke ladbar",Kjorelengde,Kjørelengde (mill. km),2014,2014,,.
27,Små kombinerte biler,17,"Diesel hybrid, ikke ladbar",Kjorelengde,Kjørelengde (mill. km),2015,2015,,.
27,Små kombinerte biler,17,"Diesel hybrid, ikke ladbar",Kjorelengde,Kjørelengde (mill. km),2016,2016,,.
27,Små kombinerte biler,17,"Diesel hybrid, ikke ladbar",Kjorelengde,Kjørelengde (mill. km),2017,2017,,.
27,Små kombinerte biler,17,"Diesel hybrid, ikke ladbar",Kjorelengde,Kjørelengde (mill. km),2018,2018,,.
27,Små kombinerte biler,17,"Diesel hybrid, ikke ladbar",Kjorelengde,Kjørelengde (mill. km),2019,2019,,.
27,Små kombinerte biler,17,"Diesel hybrid, ikke ladbar",Kjorelengde,Kjørelengde (mill. km),2020,2020,,.
27,Små kombinerte biler,17,"Diesel hybrid, ikke ladbar",Kjorelengde,Kjørelengde (mill. km),2021,2021,,.
27,Små kombinerte biler,17,"Diesel hybrid, ikke ladbar",Kjorelengde,Kjørelengde (mill. km),2022,2022,,.
27,Små kombinerte biler,17,"Diesel hybrid, ikke ladbar",Kjorelengde,Kjørelengde (mill. km),2023,2023,,.
27,Små kombinerte biler,17,"Diesel hybrid, ikke ladbar",Kjorelengde,Kjørelengde (mill. km),2024,2024,,.
27,Små kombinerte biler,17,"Diesel hybrid, ikke ladbar",Kjorelengde,Kjørelengde (mill. km),2025,2025,,.
27,Små kombinerte biler,17,"Diesel hybrid, ikke ladbar",GjsnittKjorelengde,Gjennomsnittlig kjørelengde per kjøretøy (km),2005,2005,,.
27,Små kombinerte biler,17,"Diesel hybrid, ikke ladbar",GjsnittKjorelengde,Gjennomsnittlig kjørelengde per kjøretøy (km),2006,2006,,.
27,Små kombinerte biler,17,"Diesel hybrid, ikke ladbar",GjsnittKjorelengde,Gjennomsnittlig kjørelengde per kjøretøy (km),2007,2007,,.
27,Små kombinerte biler,17,"Diesel hybrid, ikke ladbar",GjsnittKjorelengde,Gjennomsnittlig kjørelengde per kjøretøy (km),2008,2008,,.
27,Små kombinerte biler,17,"Diesel hybrid, ikke ladbar",GjsnittKjorelengde,Gjennomsnittlig kjørelengde per kjøretøy (km),2009,2009,,.
27,Små kombinerte biler,17,"Diesel hybrid, ikke ladbar",GjsnittKjorelengde,Gjennomsnittlig kjørelengde per kjøretøy (km),2010,2010,,.
27,Små kombinerte biler,17,"Diesel hybrid, ikke ladbar",GjsnittKjorelengde,Gjennomsnittlig kjørelengde per kjøretøy (km),2011,2011,,.
27,Små kombinerte biler,17,"Diesel hybrid, ikke ladbar",GjsnittKjorelengde,Gjennomsnittlig kjørelengde per kjøretøy (km),2012,2012,,.
27,Små kombinerte biler,17,"Diesel hybrid, ikke ladbar",GjsnittKjorelengde,Gjennomsnittlig kjørelengde per kjøretøy (km),2013,2013,,.
27,Små kombinerte biler,17,"Diesel hybrid, ikke ladbar",GjsnittKjorelengde,Gjennomsnittlig kjørelengde per kjøretøy (km),2014,2014,,.
27,Små kombinerte biler,17,"Diesel hybrid, ikke ladbar",GjsnittKjorelengde,Gjennomsnittlig kjørelengde per kjøretøy (km),2015,2015,,.
27,Små kombinerte biler,17,"Diesel hybrid, ikke ladbar",GjsnittKjorelengde,Gjennomsnittlig kjørelengde per kjøretøy (km),2016,2016,,.
27,Små kombinerte biler,17,"Diesel hybrid, ikke ladbar",GjsnittKjorelengde,Gjennomsnittlig kjørelengde per kjøretøy (km),2017,2017,,.
27,Små kombinerte biler,17,"Diesel hybrid, ikke ladbar",GjsnittKjorelengde,Gjennomsnittlig kjørelengde per kjøretøy (km),2018,2018,,.
27,Små kombinerte biler,17,"Diesel hybrid, ikke ladbar",GjsnittKjorelengde,Gjennomsnittlig kjørelengde per kjøretøy (km),2019,2019,,.
27,Små kombinerte biler,17,"Diesel hybrid, ikke ladbar",GjsnittKjorelengde,Gjennomsnittlig kjørelengde per kjøretøy (km),2020,2020,,.
27,Små kombinerte biler,17,"Diesel hybrid, ikke ladbar",GjsnittKjorelengde,Gjennomsnittlig kjørelengde per kjøretøy (km),2021,2021,,.
27,Små kombinerte biler,17,"Diesel hybrid, ikke ladbar",GjsnittKjorelengde,Gjennomsnittlig kjørelengde per kjøretøy (km),2022,2022,,.
27,Små kombinerte biler,17,"Diesel hybrid, ikke ladbar",GjsnittKjorelengde,Gjennomsnittlig kjørelengde per kjøretøy (km),2023,2023,,.
27,Små kombinerte biler,17,"Diesel hybrid, ikke ladbar",GjsnittKjorelengde,Gjennomsnittlig kjørelengde per kjøretøy (km),2024,2024,,.
27,Små kombinerte biler,17,"Diesel hybrid, ikke ladbar",GjsnittKjorelengde,Gjennomsnittlig kjørelengde per kjøretøy (km),2025,2025,,.
27,Små kombinerte biler,3,Parafin,Kjorelengde,Kjørelengde (mill. km),2005,2005,,.
27,Små kombinerte biler,3,Parafin,Kjorelengde,Kjørelengde (mill. km),2006,2006,,.
27,Små kombinerte biler,3,Parafin,Kjorelengde,Kjørelengde (mill. km),2007,2007,,.
27,Små kombinerte biler,3,Parafin,Kjorelengde,Kjørelengde (mill. km),2008,2008,,.
27,Små kombinerte biler,3,Parafin,Kjorelengde,Kjørelengde (mill. km),2009,2009,,.
27,Små kombinerte biler,3,Parafin,Kjorelengde,Kjørelengde (mill. km),2010,2010,,.
27,Små kombinerte biler,3,Parafin,Kjorelengde,Kjørelengde (mill. km),2011,2011,,.
27,Små kombinerte biler,3,Parafin,Kjorelengde,Kjørelengde (mill. km),2012,2012,,.
27,Små kombinerte biler,3,Parafin,Kjorelengde,Kjørelengde (mill. km),2013,2013,,.
27,Små kombinerte biler,3,Parafin,Kjorelengde,Kjørelengde (mill. km),2014,2014,,.
27,Små kombinerte biler,3,Parafin,Kjorelengde,Kjørelengde (mill. km),2015,2015,,.
27,Små kombinerte biler,3,Parafin,Kjorelengde,Kjørelengde (mill. km),2016,2016,,.
27,Små kombinerte biler,3,Parafin,Kjorelengde,Kjørelengde (mill. km),2017,2017,,.
27,Små kombinerte biler,3,Parafin,Kjorelengde,Kjørelengde (mill. km),2018,2018,,.
27,Små kombinerte biler,3,Parafin,Kjorelengde,Kjørelengde (mill. km),2019,2019,,.
27,Små kombinerte biler,3,Parafin,Kjorelengde,Kjørelengde (mill. km),2020,2020,,.
27,Små kombinerte biler,3,Parafin,Kjorelengde,Kjørelengde (mill. km),2021,2021,,.
27,Små kombinerte biler,3,Parafin,Kjorelengde,Kjørelengde (mill. km),2022,2022,,.
27,Små kombinerte biler,3,Parafin,Kjorelengde,Kjørelengde (mill. km),2023,2023,,.
27,Små kombinerte biler,3,Parafin,Kjorelengde,Kjørelengde (mill. km),2024,2024,,.
27,Små kombinerte biler,3,Parafin,Kjorelengde,Kjørelengde (mill. km),2025,2025,,.
27,Små kombinerte biler,3,Parafin,GjsnittKjorelengde,Gjennomsnittlig kjørelengde per kjøretøy (km),2005,2005,,.
27,Små kombinerte biler,3,Parafin,GjsnittKjorelengde,Gjennomsnittlig kjørelengde per kjøretøy (km),2006,2006,,.
27,Små kombinerte biler,3,Parafin,GjsnittKjorelengde,Gjennomsnittlig kjørelengde per kjøretøy (km),2007,2007,,.
27,Små kombinerte biler,3,Parafin,GjsnittKjorelengde,Gjennomsnittlig kjørelengde per kjøretøy (km),2008,2008,,.
27,Små kombinerte biler,3,Parafin,GjsnittKjorelengde,Gjennomsnittlig kjørelengde per kjøretøy (km),2009,2009,,.
27,Små kombinerte biler,3,Parafin,GjsnittKjorelengde,Gjennomsnittlig kjørelengde per kjøretøy (km),2010,2010,,.
27,Små kombinerte biler,3,Parafin,GjsnittKjorelengde,Gjennomsnittlig kjørelengde per kjøretøy (km),2011,2011,,.
27,Små kombinerte biler,3,Parafin,GjsnittKjorelengde,Gjennomsnittlig kjørelengde per kjøretøy (km),2012,2012,,.
27,Små kombinerte biler,3,Parafin,GjsnittKjorelengde,Gjennomsnittlig kjørelengde per kjøretøy (km),2013,2013,,.
27,Små kombinerte biler,3,Parafin,GjsnittKjorelengde,Gjennomsnittlig kjørelengde per kjøretøy (km),2014,2014,,.
27,Små kombinerte biler,3,Parafin,GjsnittKjorelengde,Gjennomsnittlig kjørelengde per kjøretøy (km),2015,2015,,.
27,Små kombinerte biler,3,Parafin,GjsnittKjorelengde,Gjennomsnittlig kjørelengde per kjøretøy (km),2016,2016,,.
27,Små kombinerte biler,3,Parafin,GjsnittKjorelengde,Gjennomsnittlig kjørelengde per kjøretøy (km),2017,2017,,.
27,Små kombinerte biler,3,Parafin,GjsnittKjorelengde,Gjennomsnittlig kjørelengde per kjøretøy (km),2018,2018,,.
27,Små kombinerte biler,3,Parafin,GjsnittKjorelengde,Gjennomsnittlig kjørelengde per kjøretøy (km),2019,2019,,.
27,Små kombinerte biler,3,Parafin,GjsnittKjorelengde,Gjennomsnittlig kjørelengde per kjøretøy (km),2020,2020,,.
27,Små kombinerte biler,3,Parafin,GjsnittKjorelengde,Gjennomsnittlig kjørelengde per kjøretøy (km),2021,2021,,.
27,Små kombinerte biler,3,Parafin,GjsnittKjorelengde,Gjennomsnittlig kjørelengde per kjøretøy (km),2022,2022,,.
27,Små kombinerte biler,3,Parafin,GjsnittKjorelengde,Gjennomsnittlig kjørelengde per kjøretøy (km),2023,2023,,.
27,Små kombinerte biler,3,Parafin,GjsnittKjorelengde,Gjennomsnittlig kjørelengde per kjøretøy (km),2024,2024,,.
27,Små kombinerte biler,3,Parafin,GjsnittKjorelengde,Gjennomsnittlig kjørelengde per kjøretøy (km),2025,2025,,.
27,Små kombinerte biler,4,Gass,Kjorelengde,Kjørelengde (mill. km),2005,2005,,.
27,Små kombinerte biler,4,Gass,Kjorelengde,Kjørelengde (mill. km),2006,2006,,.
27,Små kombinerte biler,4,Gass,Kjorelengde,Kjørelengde (mill. km),2007,2007,,.
27,Små kombinerte biler,4,Gass,Kjorelengde,Kjørelengde (mill. km),2008,2008,,.
27,Små kombinerte biler,4,Gass,Kjorelengde,Kjørelengde (mill. km),2009,2009,,.
27,Små kombinerte biler,4,Gass,Kjorelengde,Kjørelengde (mill. km),2010,2010,,.
27,Små kombinerte biler,4,Gass,Kjorelengde,Kjørelengde (mill. km),2011,2011,,.
27,Små kombinerte biler,4,Gass,Kjorelengde,Kjørelengde (mill. km),2012,2012,,.
27,Små kombinerte biler,4,Gass,Kjorelengde,Kjørelengde (mill. km),2013,2013,,.
27,Små kombinerte biler,4,Gass,Kjorelengde,Kjørelengde (mill. km),2014,2014,,.
27,Små kombinerte biler,4,Gass,Kjorelengde,Kjørelengde (mill. km),2015,2015,,.
27,Små kombinerte biler,4,Gass,Kjorelengde,Kjørelengde (mill. km),2016,2016,,.
27,Små kombinerte biler,4,Gass,Kjorelengde,Kjørelengde (mill. km),2017,2017,,.
27,Små kombinerte biler,4,Gass,Kjorelengde,Kjørelengde (mill. km),2018,2018,,.
27,Små kombinerte biler,4,Gass,Kjorelengde,Kjørelengde (mill. km),2019,2019,,.
27,Små kombinerte biler,4,Gass,Kjorelengde,Kjørelengde (mill. km),2020,2020,,.
27,Små kombinerte biler,4,Gass,Kjorelengde,Kjørelengde (mill. km),2021,2021,,.
27,Små kombinerte biler,4,Gass,Kjorelengde,Kjørelengde (mill. km),2022,2022,,.
27,Små kombinerte biler,4,Gass,Kjorelengde,Kjørelengde (mill. km),2023,2023,,.
27,Små kombinerte biler,4,Gass,Kjorelengde,Kjørelengde (mill. km),2024,2024,,.
27,Små kombinerte biler,4,Gass,Kjorelengde,Kjørelengde (mill. km),2025,2025,,.
27,Små kombinerte biler,4,Gass,GjsnittKjorelengde,Gjennomsnittlig kjørelengde per kjøretøy (km),2005,2005,,.
27,Små kombinerte biler,4,Gass,GjsnittKjorelengde,Gjennomsnittlig kjørelengde per kjøretøy (km),2006,2006,,.
27,Små kombinerte biler,4,Gass,GjsnittKjorelengde,Gjennomsnittlig kjørelengde per kjøretøy (km),2007,2007,,.
27,Små kombinerte biler,4,Gass,GjsnittKjorelengde,Gjennomsnittlig kjørelengde per kjøretøy (km),2008,2008,,.
27,Små kombinerte biler,4,Gass,GjsnittKjorelengde,Gjennomsnittlig kjørelengde per kjøretøy (km),2009,2009,,.
27,Små kombinerte biler,4,Gass,GjsnittKjorelengde,Gjennomsnittlig kjørelengde per kjøretøy (km),2010,2010,,.
27,Små kombinerte biler,4,Gass,GjsnittKjorelengde,Gjennomsnittlig kjørelengde per kjøretøy (km),2011,2011,,.
27,Små kombinerte biler,4,Gass,GjsnittKjorelengde,Gjennomsnittlig kjørelengde per kjøretøy (km),2012,2012,,.
27,Små kombinerte biler,4,Gass,GjsnittKjorelengde,Gjennomsnittlig kjørelengde per kjøretøy (km),2013,2013,,.
27,Små kombinerte biler,4,Gass,GjsnittKjorelengde,Gjennomsnittlig kjørelengde per kjøretøy (km),2014,2014,,.
27,Små kombinerte biler,4,Gass,GjsnittKjorelengde,Gjennomsnittlig kjørelengde per kjøretøy (km),2015,2015,,.
27,Små kombinerte biler,4,Gass,GjsnittKjorelengde,Gjennomsnittlig kjørelengde per kjøretøy (km),2016,2016,,.
27,Små kombinerte biler,4,Gass,GjsnittKjorelengde,Gjennomsnittlig kjørelengde per kjøretøy (km),2017,2017,,.
27,Små kombinerte biler,4,Gass,GjsnittKjorelengde,Gjennomsnittlig kjørelengde per kjøretøy (km),2018,2018,,.
27,Små kombinerte biler,4,Gass,GjsnittKjorelengde,Gjennomsnittlig kjørelengde per kjøretøy (km),2019,2019,,.
27,Små kombinerte biler,4,Gass,GjsnittKjorelengde,Gjennomsnittlig kjørelengde per kjøretøy (km),2020,2020,,.
27,Små kombinerte biler,4,Gass,GjsnittKjorelengde,Gjennomsnittlig kjørelengde per kjøretøy (km),2021,2021,,.
27,Små kombinerte biler,4,Gass,GjsnittKjorelengde,Gjennomsnittlig kjørelengde per kjøretøy (km),2022,2022,,.
27,Små kombinerte biler,4,Gass,GjsnittKjorelengde,Gjennomsnittlig kjørelengde per kjøretøy (km),2023,2023,,.
27,Små kombinerte biler,4,Gass,GjsnittKjorelengde,Gjennomsnittlig kjørelengde per kjøretøy (km),2024,2024,,.
27,Små kombinerte biler,4,Gass,GjsnittKjorelengde,Gjennomsnittlig kjørelengde per kjøretøy (km),2025,2025,,.
27,Små kombinerte biler,13,Hydrogen,Kjorelengde,Kjørelengde (mill. km),2005,2005,,.
27,Små kombinerte biler,13,Hydrogen,Kjorelengde,Kjørelengde (mill. km),2006,2006,,.
27,Små kombinerte biler,13,Hydrogen,Kjorelengde,Kjørelengde (mill. km),2007,2007,,.
27,Små kombinerte biler,13,Hydrogen,Kjorelengde,Kjørelengde (mill. km),2008,2008,,.
27,Små kombinerte biler,13,Hydrogen,Kjorelengde,Kjørelengde (mill. km),2009,2009,,.
27,Små kombinerte biler,13,Hydrogen,Kjorelengde,Kjørelengde (mill. km),2010,2010,,.
27,Små kombinerte biler,13,Hydrogen,Kjorelengde,Kjørelengde (mill. km),2011,2011,,.
27,Små kombinerte biler,13,Hydrogen,Kjorelengde,Kjørelengde (mill. km),2012,2012,,.
27,Små kombinerte biler,13,Hydrogen,Kjorelengde,Kjørelengde (mill. km),2013,2013,,.
27,Små kombinerte biler,13,Hydrogen,Kjorelengde,Kjørelengde (mill. km),2014,2014,,.
27,Små kombinerte biler,13,Hydrogen,Kjorelengde,Kjørelengde (mill. km),2015,2015,,.
27,Små kombinerte biler,13,Hydrogen,Kjorelengde,Kjørelengde (mill. km),2016,2016,,.
27,Små kombinerte biler,13,Hydrogen,Kjorelengde,Kjørelengde (mill. km),2017,2017,,.
27,Små kombinerte biler,13,Hydrogen,Kjorelengde,Kjørelengde (mill. km),2018,2018,,.
27,Små kombinerte biler,13,Hydrogen,Kjorelengde,Kjørelengde (mill. km),2019,2019,,.
27,Små kombinerte biler,13,Hydrogen,Kjorelengde,Kjørelengde (mill. km),2020,2020,,.
27,Små kombinerte biler,13,Hydrogen,Kjorelengde,Kjørelengde (mill. km),2021,2021,,.
27,Små kombinerte biler,13,Hydrogen,Kjorelengde,Kjørelengde (mill. km),2022,2022,,.
27,Små kombinerte biler,13,Hydrogen,Kjorelengde,Kjørelengde (mill. km),2023,2023,,.
27,Små kombinerte biler,13,Hydrogen,Kjorelengde,Kjørelengde (mill. km),2024,2024,,.
27,Små kombinerte biler,13,Hydrogen,Kjorelengde,Kjørelengde (mill. km),2025,2025,,.
27,Små kombinerte biler,13,Hydrogen,GjsnittKjorelengde,Gjennomsnittlig kjørelengde per kjøretøy (km),2005,2005,,.
27,Små kombinerte biler,13,Hydrogen,GjsnittKjorelengde,Gjennomsnittlig kjørelengde per kjøretøy (km),2006,2006,,.
27,Små kombinerte biler,13,Hydrogen,GjsnittKjorelengde,Gjennomsnittlig kjørelengde per kjøretøy (km),2007,2007,,.
27,Små kombinerte biler,13,Hydrogen,GjsnittKjorelengde,Gjennomsnittlig kjørelengde per kjøretøy (km),2008,2008,,.
27,Små kombinerte biler,13,Hydrogen,GjsnittKjorelengde,Gjennomsnittlig kjørelengde per kjøretøy (km),2009,2009,,.
27,Små kombinerte biler,13,Hydrogen,GjsnittKjorelengde,Gjennomsnittlig kjørelengde per kjøretøy (km),2010,2010,,.
27,Små kombinerte biler,13,Hydrogen,GjsnittKjorelengde,Gjennomsnittlig kjørelengde per kjøretøy (km),2011,2011,,.
27,Små kombinerte biler,13,Hydrogen,GjsnittKjorelengde,Gjennomsnittlig kjørelengde per kjøretøy (km),2012,2012,,.
27,Små kombinerte biler,13,Hydrogen,GjsnittKjorelengde,Gjennomsnittlig kjørelengde per kjøretøy (km),2013,2013,,.
27,Små kombinerte biler,13,Hydrogen,GjsnittKjorelengde,Gjennomsnittlig kjørelengde per kjøretøy (km),2014,2014,,.
27,Små kombinerte biler,13,Hydrogen,GjsnittKjorelengde,Gjennomsnittlig kjørelengde per kjøretøy (km),2015,2015,,.
27,Små kombinerte biler,13,Hydrogen,GjsnittKjorelengde,Gjennomsnittlig kjørelengde per kjøretøy (km),2016,2016,,.
27,Små kombinerte biler,13,Hydrogen,GjsnittKjorelengde,Gjennomsnittlig kjørelengde per kjøretøy (km),2017,2017,,.
27,Små kombinerte biler,13,Hydrogen,GjsnittKjorelengde,Gjennomsnittlig kjørelengde per kjøretøy (km),2018,2018,,.
27,Små kombinerte biler,13,Hydrogen,GjsnittKjorelengde,Gjennomsnittlig kjørelengde per kjøretøy (km),2019,2019,,.
27,Små kombinerte biler,13,Hydrogen,GjsnittKjorelengde,Gjennomsnittlig kjørelengde per kjøretøy (km),2020,2020,,.
27,Små kombinerte biler,13,Hydrogen,GjsnittKjorelengde,Gjennomsnittlig kjørelengde per kjøretøy (km),2021,2021,,.
27,Små kombinerte biler,13,Hydrogen,GjsnittKjorelengde,Gjennomsnittlig kjørelengde per kjøretøy (km),2022,2022,,.
27,Små kombinerte biler,13,Hydrogen,GjsnittKjorelengde,Gjennomsnittlig kjørelengde per kjøretøy (km),2023,2023,,.
27,Små kombinerte biler,13,Hydrogen,GjsnittKjorelengde,Gjennomsnittlig kjørelengde per kjøretøy (km),2024,2024,,.
27,Små kombinerte biler,13,Hydrogen,GjsnittKjorelengde,Gjennomsnittlig kjørelengde per kjøretøy (km),2025,2025,,.
27,Små kombinerte biler,7,Andre drivstoff,Kjorelengde,Kjørelengde (mill. km),2005,2005,,.
27,Små kombinerte biler,7,Andre drivstoff,Kjorelengde,Kjørelengde (mill. km),2006,2006,,.
27,Små kombinerte biler,7,Andre drivstoff,Kjorelengde,Kjørelengde (mill. km),2007,2007,,.
27,Små kombinerte biler,7,Andre drivstoff,Kjorelengde,Kjørelengde (mill. km),2008,2008,,:
27,Små kombinerte biler,7,Andre drivstoff,Kjorelengde,Kjørelengde (mill. km),2009,2009,,:
27,Små kombinerte biler,7,Andre drivstoff,Kjorelengde,Kjørelengde (mill. km),2010,2010,,.
27,Små kombinerte biler,7,Andre drivstoff,Kjorelengde,Kjørelengde (mill. km),2011,2011,,.
27,Små kombinerte biler,7,Andre drivstoff,Kjorelengde,Kjørelengde (mill. km),2012,2012,,.
27,Små kombinerte biler,7,Andre drivstoff,Kjorelengde,Kjørelengde (mill. km),2013,2013,,.
27,Små kombinerte biler,7,Andre drivstoff,Kjorelengde,Kjørelengde (mill. km),2014,2014,,.
27,Små kombinerte biler,7,Andre drivstoff,Kjorelengde,Kjørelengde (mill. km),2015,2015,,.
27,Små kombinerte biler,7,Andre drivstoff,Kjorelengde,Kjørelengde (mill. km),2016,2016,,.
27,Små kombinerte biler,7,Andre drivstoff,Kjorelengde,Kjørelengde (mill. km),2017,2017,,.
27,Små kombinerte biler,7,Andre drivstoff,Kjorelengde,Kjørelengde (mill. km),2018,2018,,.
27,Små kombinerte biler,7,Andre drivstoff,Kjorelengde,Kjørelengde (mill. km),2019,2019,,.
27,Små kombinerte biler,7,Andre drivstoff,Kjorelengde,Kjørelengde (mill. km),2020,2020,,.
27,Små kombinerte biler,7,Andre drivstoff,Kjorelengde,Kjørelengde (mill. km),2021,2021,,.
27,Små kombinerte biler,7,Andre drivstoff,Kjorelengde,Kjørelengde (mill. km),2022,2022,,.
27,Små kombinerte biler,7,Andre drivstoff,Kjorelengde,Kjørelengde (mill. km),2023,2023,,.
27,Små kombinerte biler,7,Andre drivstoff,Kjorelengde,Kjørelengde (mill. km),2024,2024,,.
27,Små kombinerte biler,7,Andre drivstoff,Kjorelengde,Kjørelengde (mill. km),2025,2025,,.
27,Små kombinerte biler,7,Andre drivstoff,GjsnittKjorelengde,Gjennomsnittlig kjørelengde per kjøretøy (km),2005,2005,,.
27,Små kombinerte biler,7,Andre drivstoff,GjsnittKjorelengde,Gjennomsnittlig kjørelengde per kjøretøy (km),2006,2006,,.
27,Små kombinerte biler,7,Andre drivstoff,GjsnittKjorelengde,Gjennomsnittlig kjørelengde per kjøretøy (km),2007,2007,,.
27,Små kombinerte biler,7,Andre drivstoff,GjsnittKjorelengde,Gjennomsnittlig kjørelengde per kjøretøy (km),2008,2008,,:
27,Små kombinerte biler,7,Andre drivstoff,GjsnittKjorelengde,Gjennomsnittlig kjørelengde per kjøretøy (km),2009,2009,,:
27,Små kombinerte biler,7,Andre drivstoff,GjsnittKjorelengde,Gjennomsnittlig kjørelengde per kjøretøy (km),2010,2010,,.
27,Små kombinerte biler,7,Andre drivstoff,GjsnittKjorelengde,Gjennomsnittlig kjørelengde per kjøretøy (km),2011,2011,,.
27,Små kombinerte biler,7,Andre drivstoff,GjsnittKjorelengde,Gjennomsnittlig kjørelengde per kjøretøy (km),2012,2012,,.
27,Små kombinerte biler,7,Andre drivstoff,GjsnittKjorelengde,Gjennomsnittlig kjørelengde per kjøretøy (km),2013,2013,,.
27,Små kombinerte biler,7,Andre drivstoff,GjsnittKjorelengde,Gjennomsnittlig kjørelengde per kjøretøy (km),2014,2014,,.
27,Små kombinerte biler,7,Andre drivstoff,GjsnittKjorelengde,Gjennomsnittlig kjørelengde per kjøretøy (km),2015,2015,,.
27,Små kombinerte biler,7,Andre drivstoff,GjsnittKjorelengde,Gjennomsnittlig kjørelengde per kjøretøy (km),2016,2016,,.
27,Små kombinerte biler,7,Andre drivstoff,GjsnittKjorelengde,Gjennomsnittlig kjørelengde per kjøretøy (km),2017,2017,,.
27,Små kombinerte biler,7,Andre drivstoff,GjsnittKjorelengde,Gjennomsnittlig kjørelengde per kjøretøy (km),2018,2018,,.
27,Små kombinerte biler,7,Andre drivstoff,GjsnittKjorelengde,Gjennomsnittlig kjørelengde per kjøretøy (km),2019,2019,,.
27,Små kombinerte biler,7,Andre drivstoff,GjsnittKjorelengde,Gjennomsnittlig kjørelengde per kjøretøy (km),2020,2020,,.
27,Små kombinerte biler,7,Andre drivstoff,GjsnittKjorelengde,Gjennomsnittlig kjørelengde per kjøretøy (km),2021,2021,,.
27,Små kombinerte biler,7,Andre drivstoff,GjsnittKjorelengde,Gjennomsnittlig kjørelengde per kjøretøy (km),2022,2022,,.
27,Små kombinerte biler,7,Andre drivstoff,GjsnittKjorelengde,Gjennomsnittlig kjørelengde per kjøretøy (km),2023,2023,,.
27,Små kombinerte biler,7,Andre drivstoff,GjsnittKjorelengde,Gjennomsnittlig kjørelengde per kjøretøy (km),2024,2024,,.
27,Små kombinerte biler,7,Andre drivstoff,GjsnittKjorelengde,Gjennomsnittlig kjørelengde per kjøretøy (km),2025,2025,,.
28,Store kombinerte biler,0,Alle typer drivstoff,Kjorelengde,Kjørelengde (mill. km),2005,2005,259.2,
28,Store kombinerte biler,0,Alle typer drivstoff,Kjorelengde,Kjørelengde (mill. km),2006,2006,229.8,
28,Store kombinerte biler,0,Alle typer drivstoff,Kjorelengde,Kjørelengde (mill. km),2007,2007,204.8,
28,Store kombinerte biler,0,Alle typer drivstoff,Kjorelengde,Kjørelengde (mill. km),2008,2008,175.1,
28,Store kombinerte biler,0,Alle typer drivstoff,Kjorelengde,Kjørelengde (mill. km),2009,2009,148.4,
28,Store kombinerte biler,0,Alle typer drivstoff,Kjorelengde,Kjørelengde (mill. km),2010,2010,126.9,
28,Store kombinerte biler,0,Alle typer drivstoff,Kjorelengde,Kjørelengde (mill. km),2011,2011,107.7,
28,Store kombinerte biler,0,Alle typer drivstoff,Kjorelengde,Kjørelengde (mill. km),2012,2012,90.7,
28,Store kombinerte biler,0,Alle typer drivstoff,Kjorelengde,Kjørelengde (mill. km),2013,2013,77.3,
28,Store kombinerte biler,0,Alle typer drivstoff,Kjorelengde,Kjørelengde (mill. km),2014,2014,64.8,
28,Store kombinerte biler,0,Alle typer drivstoff,Kjorelengde,Kjørelengde (mill. km),2015,2015,56.1,
28,Store kombinerte biler,0,Alle typer drivstoff,Kjorelengde,Kjørelengde (mill. km),2016,2016,43.1,
28,Store kombinerte biler,0,Alle typer drivstoff,Kjorelengde,Kjørelengde (mill. km),2017,2017,33.4,
28,Store kombinerte biler,0,Alle typer drivstoff,Kjorelengde,Kjørelengde (mill. km),2018,2018,26.8,
28,Store kombinerte biler,0,Alle typer drivstoff,Kjorelengde,Kjørelengde (mill. km),2019,2019,20.8,
28,Store kombinerte biler,0,Alle typer drivstoff,Kjorelengde,Kjørelengde (mill. km),2020,2020,16.0,
28,Store kombinerte biler,0,Alle typer drivstoff,Kjorelengde,Kjørelengde (mill. km),2021,2021,14.5,
28,Store kombinerte biler,0,Alle typer drivstoff,Kjorelengde,Kjørelengde (mill. km),2022,2022,12.1,
28,Store kombinerte biler,0,Alle typer drivstoff,Kjorelengde,Kjørelengde (mill. km),2023,2023,9.6,
28,Store kombinerte biler,0,Alle typer drivstoff,Kjorelengde,Kjørelengde (mill. km),2024,2024,8.6,
28,Store kombinerte biler,0,Alle typer drivstoff,Kjorelengde,Kjørelengde (mill. km),2025,2025,8.2,
28,Store kombinerte biler,0,Alle typer drivstoff,GjsnittKjorelengde,Gjennomsnittlig kjørelengde per kjøretøy (km),2005,2005,12751.0,
28,Store kombinerte biler,0,Alle typer drivstoff,GjsnittKjorelengde,Gjennomsnittlig kjørelengde per kjøretøy (km),2006,2006,12434.0,
28,Store kombinerte biler,0,Alle typer drivstoff,GjsnittKjorelengde,Gjennomsnittlig kjørelengde per kjøretøy (km),2007,2007,12354.0,
28,Store kombinerte biler,0,Alle typer drivstoff,GjsnittKjorelengde,Gjennomsnittlig kjørelengde per kjøretøy (km),2008,2008,11792.0,
28,Store kombinerte biler,0,Alle typer drivstoff,GjsnittKjorelengde,Gjennomsnittlig kjørelengde per kjøretøy (km),2009,2009,11331.0,
28,Store kombinerte biler,0,Alle typer drivstoff,GjsnittKjorelengde,Gjennomsnittlig kjørelengde per kjøretøy (km),2010,2010,10795.0,
28,Store kombinerte biler,0,Alle typer drivstoff,GjsnittKjorelengde,Gjennomsnittlig kjørelengde per kjøretøy (km),2011,2011,10303.0,
28,Store kombinerte biler,0,Alle typer drivstoff,GjsnittKjorelengde,Gjennomsnittlig kjørelengde per kjøretøy (km),2012,2012,9758.0,
28,Store kombinerte biler,0,Alle typer drivstoff,GjsnittKjorelengde,Gjennomsnittlig kjørelengde per kjøretøy (km),2013,2013,9259.0,
28,Store kombinerte biler,0,Alle typer drivstoff,GjsnittKjorelengde,Gjennomsnittlig kjørelengde per kjøretøy (km),2014,2014,8635.0,
28,Store kombinerte biler,0,Alle typer drivstoff,GjsnittKjorelengde,Gjennomsnittlig kjørelengde per kjøretøy (km),2015,2015,8374.0,
28,Store kombinerte biler,0,Alle typer drivstoff,GjsnittKjorelengde,Gjennomsnittlig kjørelengde per kjøretøy (km),2016,2016,7941.0,
28,Store kombinerte biler,0,Alle typer drivstoff,GjsnittKjorelengde,Gjennomsnittlig kjørelengde per kjøretøy (km),2017,2017,7250.0,
28,Store kombinerte biler,0,Alle typer drivstoff,GjsnittKjorelengde,Gjennomsnittlig kjørelengde per kjøretøy (km),2018,2018,6885.0,
28,Store kombinerte biler,0,Alle typer drivstoff,GjsnittKjorelengde,Gjennomsnittlig kjørelengde per kjøretøy (km),2019,2019,6214.0,
28,Store kombinerte biler,0,Alle typer drivstoff,GjsnittKjorelengde,Gjennomsnittlig kjørelengde per kjøretøy (km),2020,2020,5054.0,
28,Store kombinerte biler,0,Alle typer drivstoff,GjsnittKjorelengde,Gjennomsnittlig kjørelengde per kjøretøy (km),2021,2021,5170.0,
28,Store kombinerte biler,0,Alle typer drivstoff,GjsnittKjorelengde,Gjennomsnittlig kjørelengde per kjøretøy (km),2022,2022,4758.0,
28,Store kombinerte biler,0,Alle typer drivstoff,GjsnittKjorelengde,Gjennomsnittlig kjørelengde per kjøretøy (km),2023,2023,4297.0,
28,Store kombinerte biler,0,Alle typer drivstoff,GjsnittKjorelengde,Gjennomsnittlig kjørelengde per kjøretøy (km),2024,2024,4250.0,
28,Store kombinerte biler,0,Alle typer drivstoff,GjsnittKjorelengde,Gjennomsnittlig kjørelengde per kjøretøy (km),2025,2025,4557.0,
28,Store kombinerte biler,1,Bensin,Kjorelengde,Kjørelengde (mill. km),2005,2005,65.0,
28,Store kombinerte biler,1,Bensin,Kjorelengde,Kjørelengde (mill. km),2006,2006,52.9,
28,Store kombinerte biler,1,Bensin,Kjorelengde,Kjørelengde (mill. km),2007,2007,43.6,
28,Store kombinerte biler,1,Bensin,Kjorelengde,Kjørelengde (mill. km),2008,2008,35.8,
28,Store kombinerte biler,1,Bensin,Kjorelengde,Kjørelengde (mill. km),2009,2009,29.8,
28,Store kombinerte biler,1,Bensin,Kjorelengde,Kjørelengde (mill. km),2010,2010,24.6,
28,Store kombinerte biler,1,Bensin,Kjorelengde,Kjørelengde (mill. km),2011,2011,20.5,
28,Store kombinerte biler,1,Bensin,Kjorelengde,Kjørelengde (mill. km),2012,2012,16.3,
28,Store kombinerte biler,1,Bensin,Kjorelengde,Kjørelengde (mill. km),2013,2013,14.3,
28,Store kombinerte biler,1,Bensin,Kjorelengde,Kjørelengde (mill. km),2014,2014,11.5,
28,Store kombinerte biler,1,Bensin,Kjorelengde,Kjørelengde (mill. km),2015,2015,9.6,
28,Store kombinerte biler,1,Bensin,Kjorelengde,Kjørelengde (mill. km),2016,2016,6.7,
28,Store kombinerte biler,1,Bensin,Kjorelengde,Kjørelengde (mill. km),2017,2017,5.1,
28,Store kombinerte biler,1,Bensin,Kjorelengde,Kjørelengde (mill. km),2018,2018,4.0,
28,Store kombinerte biler,1,Bensin,Kjorelengde,Kjørelengde (mill. km),2019,2019,2.8,
28,Store kombinerte biler,1,Bensin,Kjorelengde,Kjørelengde (mill. km),2020,2020,,:
28,Store kombinerte biler,1,Bensin,Kjorelengde,Kjørelengde (mill. km),2021,2021,,:
28,Store kombinerte biler,1,Bensin,Kjorelengde,Kjørelengde (mill. km),2022,2022,1.6,
28,Store kombinerte biler,1,Bensin,Kjorelengde,Kjørelengde (mill. km),2023,2023,1.3,
28,Store kombinerte biler,1,Bensin,Kjorelengde,Kjørelengde (mill. km),2024,2024,1.1,
28,Store kombinerte biler,1,Bensin,Kjorelengde,Kjørelengde (mill. km),2025,2025,1.0,
28,Store kombinerte biler,1,Bensin,GjsnittKjorelengde,Gjennomsnittlig kjørelengde per kjøretøy (km),2005,2005,10428.0,
28,Store kombinerte biler,1,Bensin,GjsnittKjorelengde,Gjennomsnittlig kjørelengde per kjøretøy (km),2006,2006,10049.0,
28,Store kombinerte biler,1,Bensin,GjsnittKjorelengde,Gjennomsnittlig kjørelengde per kjøretøy (km),2007,2007,9855.0,
28,Store kombinerte biler,1,Bensin,GjsnittKjorelengde,Gjennomsnittlig kjørelengde per kjøretøy (km),2008,2008,9469.0,
28,Store kombinerte biler,1,Bensin,GjsnittKjorelengde,Gjennomsnittlig kjørelengde per kjøretøy (km),2009,2009,9289.0,
28,Store kombinerte biler,1,Bensin,GjsnittKjorelengde,Gjennomsnittlig kjørelengde per kjøretøy (km),2010,2010,8910.0,
28,Store kombinerte biler,1,Bensin,GjsnittKjorelengde,Gjennomsnittlig kjørelengde per kjøretøy (km),2011,2011,8631.0,
28,Store kombinerte biler,1,Bensin,GjsnittKjorelengde,Gjennomsnittlig kjørelengde per kjøretøy (km),2012,2012,7879.0,
28,Store kombinerte biler,1,Bensin,GjsnittKjorelengde,Gjennomsnittlig kjørelengde per kjøretøy (km),2013,2013,7792.0,
28,Store kombinerte biler,1,Bensin,GjsnittKjorelengde,Gjennomsnittlig kjørelengde per kjøretøy (km),2014,2014,7069.0,
28,Store kombinerte biler,1,Bensin,GjsnittKjorelengde,Gjennomsnittlig kjørelengde per kjøretøy (km),2015,2015,6720.0,
28,Store kombinerte biler,1,Bensin,GjsnittKjorelengde,Gjennomsnittlig kjørelengde per kjøretøy (km),2016,2016,5900.0,
28,Store kombinerte biler,1,Bensin,GjsnittKjorelengde,Gjennomsnittlig kjørelengde per kjøretøy (km),2017,2017,5153.0,
28,Store kombinerte biler,1,Bensin,GjsnittKjorelengde,Gjennomsnittlig kjørelengde per kjøretøy (km),2018,2018,5072.0,
28,Store kombinerte biler,1,Bensin,GjsnittKjorelengde,Gjennomsnittlig kjørelengde per kjøretøy (km),2019,2019,4099.0,
28,Store kombinerte biler,1,Bensin,GjsnittKjorelengde,Gjennomsnittlig kjørelengde per kjøretøy (km),2020,2020,,:
28,Store kombinerte biler,1,Bensin,GjsnittKjorelengde,Gjennomsnittlig kjørelengde per kjøretøy (km),2021,2021,,:
28,Store kombinerte biler,1,Bensin,GjsnittKjorelengde,Gjennomsnittlig kjørelengde per kjøretøy (km),2022,2022,3064.0,
28,Store kombinerte biler,1,Bensin,GjsnittKjorelengde,Gjennomsnittlig kjørelengde per kjøretøy (km),2023,2023,2801.0,
28,Store kombinerte biler,1,Bensin,GjsnittKjorelengde,Gjennomsnittlig kjørelengde per kjøretøy (km),2024,2024,2589.0,
28,Store kombinerte biler,1,Bensin,GjsnittKjorelengde,Gjennomsnittlig kjørelengde per kjøretøy (km),2025,2025,2672.0,
28,Store kombinerte biler,2,Diesel,Kjorelengde,Kjørelengde (mill. km),2005,2005,194.2,
28,Store kombinerte biler,2,Diesel,Kjorelengde,Kjørelengde (mill. km),2006,2006,176.8,
28,Store kombinerte biler,2,Diesel,Kjorelengde,Kjørelengde (mill. km),2007,2007,161.0,
28,Store kombinerte biler,2,Diesel,Kjorelengde,Kjørelengde (mill. km),2008,2008,139.0,
28,Store kombinerte biler,2,Diesel,Kjorelengde,Kjørelengde (mill. km),2009,2009,118.4,
28,Store kombinerte biler,2,Diesel,Kjorelengde,Kjørelengde (mill. km),2010,2010,102.1,
28,Store kombinerte biler,2,Diesel,Kjorelengde,Kjørelengde (mill. km),2011,2011,86.9,
28,Store kombinerte biler,2,Diesel,Kjorelengde,Kjørelengde (mill. km),2012,2012,74.2,
28,Store kombinerte biler,2,Diesel,Kjorelengde,Kjørelengde (mill. km),2013,2013,62.8,
28,Store kombinerte biler,2,Diesel,Kjorelengde,Kjørelengde (mill. km),2014,2014,53.2,
28,Store kombinerte biler,2,Diesel,Kjorelengde,Kjørelengde (mill. km),2015,2015,46.4,
28,Store kombinerte biler,2,Diesel,Kjorelengde,Kjørelengde (mill. km),2016,2016,36.3,
28,Store kombinerte biler,2,Diesel,Kjorelengde,Kjørelengde (mill. km),2017,2017,28.2,
28,Store kombinerte biler,2,Diesel,Kjorelengde,Kjørelengde (mill. km),2018,2018,22.7,
28,Store kombinerte biler,2,Diesel,Kjorelengde,Kjørelengde (mill. km),2019,2019,17.9,
28,Store kombinerte biler,2,Diesel,Kjorelengde,Kjørelengde (mill. km),2020,2020,14.1,
28,Store kombinerte biler,2,Diesel,Kjorelengde,Kjørelengde (mill. km),2021,2021,12.5,
28,Store kombinerte biler,2,Diesel,Kjorelengde,Kjørelengde (mill. km),2022,2022,10.5,
28,Store kombinerte biler,2,Diesel,Kjorelengde,Kjørelengde (mill. km),2023,2023,8.3,
28,Store kombinerte biler,2,Diesel,Kjorelengde,Kjørelengde (mill. km),2024,2024,7.5,
28,Store kombinerte biler,2,Diesel,Kjorelengde,Kjørelengde (mill. km),2025,2025,7.2,
28,Store kombinerte biler,2,Diesel,GjsnittKjorelengde,Gjennomsnittlig kjørelengde per kjøretøy (km),2005,2005,13778.0,
28,Store kombinerte biler,2,Diesel,GjsnittKjorelengde,Gjennomsnittlig kjørelengde per kjøretøy (km),2006,2006,13382.0,
28,Store kombinerte biler,2,Diesel,GjsnittKjorelengde,Gjennomsnittlig kjørelengde per kjøretøy (km),2007,2007,13258.0,
28,Store kombinerte biler,2,Diesel,GjsnittKjorelengde,Gjennomsnittlig kjørelengde per kjøretøy (km),2008,2008,12579.0,
28,Store kombinerte biler,2,Diesel,GjsnittKjorelengde,Gjennomsnittlig kjørelengde per kjøretøy (km),2009,2009,11986.0,
28,Store kombinerte biler,2,Diesel,GjsnittKjorelengde,Gjennomsnittlig kjørelengde per kjøretøy (km),2010,2010,11367.0,
28,Store kombinerte biler,2,Diesel,GjsnittKjorelengde,Gjennomsnittlig kjørelengde per kjøretøy (km),2011,2011,10776.0,
28,Store kombinerte biler,2,Diesel,GjsnittKjorelengde,Gjennomsnittlig kjørelengde per kjøretøy (km),2012,2012,10290.0,
28,Store kombinerte biler,2,Diesel,GjsnittKjorelengde,Gjennomsnittlig kjørelengde per kjøretøy (km),2013,2013,9664.0,
28,Store kombinerte biler,2,Diesel,GjsnittKjorelengde,Gjennomsnittlig kjørelengde per kjøretøy (km),2014,2014,9057.0,
28,Store kombinerte biler,2,Diesel,GjsnittKjorelengde,Gjennomsnittlig kjørelengde per kjøretøy (km),2015,2015,8821.0,
28,Store kombinerte biler,2,Diesel,GjsnittKjorelengde,Gjennomsnittlig kjørelengde per kjøretøy (km),2016,2016,8478.0,
28,Store kombinerte biler,2,Diesel,GjsnittKjorelengde,Gjennomsnittlig kjørelengde per kjøretøy (km),2017,2017,7827.0,
28,Store kombinerte biler,2,Diesel,GjsnittKjorelengde,Gjennomsnittlig kjørelengde per kjøretøy (km),2018,2018,7351.0,
28,Store kombinerte biler,2,Diesel,GjsnittKjorelengde,Gjennomsnittlig kjørelengde per kjøretøy (km),2019,2019,6755.0,
28,Store kombinerte biler,2,Diesel,GjsnittKjorelengde,Gjennomsnittlig kjørelengde per kjøretøy (km),2020,2020,5565.0,
28,Store kombinerte biler,2,Diesel,GjsnittKjorelengde,Gjennomsnittlig kjørelengde per kjøretøy (km),2021,2021,5605.0,
28,Store kombinerte biler,2,Diesel,GjsnittKjorelengde,Gjennomsnittlig kjørelengde per kjøretøy (km),2022,2022,5186.0,
28,Store kombinerte biler,2,Diesel,GjsnittKjorelengde,Gjennomsnittlig kjørelengde per kjøretøy (km),2023,2023,4682.0,
28,Store kombinerte biler,2,Diesel,GjsnittKjorelengde,Gjennomsnittlig kjørelengde per kjøretøy (km),2024,2024,4708.0,
28,Store kombinerte biler,2,Diesel,GjsnittKjorelengde,Gjennomsnittlig kjørelengde per kjøretøy (km),2025,2025,5062.0,
28,Store kombinerte biler,18,Elektrisitet,Kjorelengde,Kjørelengde (mill. km),2005,2005,,.
28,Store kombinerte biler,18,Elektrisitet,Kjorelengde,Kjørelengde (mill. km),2006,2006,,.
28,Store kombinerte biler,18,Elektrisitet,Kjorelengde,Kjørelengde (mill. km),2007,2007,,.
28,Store kombinerte biler,18,Elektrisitet,Kjorelengde,Kjørelengde (mill. km),2008,2008,,.
28,Store kombinerte biler,18,Elektrisitet,Kjorelengde,Kjørelengde (mill. km),2009,2009,,.
28,Store kombinerte biler,18,Elektrisitet,Kjorelengde,Kjørelengde (mill. km),2010,2010,,.
28,Store kombinerte biler,18,Elektrisitet,Kjorelengde,Kjørelengde (mill. km),2011,2011,,.
28,Store kombinerte biler,18,Elektrisitet,Kjorelengde,Kjørelengde (mill. km),2012,2012,,.
28,Store kombinerte biler,18,Elektrisitet,Kjorelengde,Kjørelengde (mill. km),2013,2013,,.
28,Store kombinerte biler,18,Elektrisitet,Kjorelengde,Kjørelengde (mill. km),2014,2014,,.
28,Store kombinerte biler,18,Elektrisitet,Kjorelengde,Kjørelengde (mill. km),2015,2015,,.
28,Store kombinerte biler,18,Elektrisitet,Kjorelengde,Kjørelengde (mill. km),2016,2016,,.
28,Store kombinerte biler,18,Elektrisitet,Kjorelengde,Kjørelengde (mill. km),2017,2017,,.
28,Store kombinerte biler,18,Elektrisitet,Kjorelengde,Kjørelengde (mill. km),2018,2018,,.
28,Store kombinerte biler,18,Elektrisitet,Kjorelengde,Kjørelengde (mill. km),2019,2019,,.
28,Store kombinerte biler,18,Elektrisitet,Kjorelengde,Kjørelengde (mill. km),2020,2020,,.
28,Store kombinerte biler,18,Elektrisitet,Kjorelengde,Kjørelengde (mill. km),2021,2021,,.
28,Store kombinerte biler,18,Elektrisitet,Kjorelengde,Kjørelengde (mill. km),2022,2022,,.
28,Store kombinerte biler,18,Elektrisitet,Kjorelengde,Kjørelengde (mill. km),2023,2023,,.
28,Store kombinerte biler,18,Elektrisitet,Kjorelengde,Kjørelengde (mill. km),2024,2024,,.
28,Store kombinerte biler,18,Elektrisitet,Kjorelengde,Kjørelengde (mill. km),2025,2025,,.
28,Store kombinerte biler,18,Elektrisitet,GjsnittKjorelengde,Gjennomsnittlig kjørelengde per kjøretøy (km),2005,2005,,.
28,Store kombinerte biler,18,Elektrisitet,GjsnittKjorelengde,Gjennomsnittlig kjørelengde per kjøretøy (km),2006,2006,,.
28,Store kombinerte biler,18,Elektrisitet,GjsnittKjorelengde,Gjennomsnittlig kjørelengde per kjøretøy (km),2007,2007,,.
28,Store kombinerte biler,18,Elektrisitet,GjsnittKjorelengde,Gjennomsnittlig kjørelengde per kjøretøy (km),2008,2008,,.
28,Store kombinerte biler,18,Elektrisitet,GjsnittKjorelengde,Gjennomsnittlig kjørelengde per kjøretøy (km),2009,2009,,.
28,Store kombinerte biler,18,Elektrisitet,GjsnittKjorelengde,Gjennomsnittlig kjørelengde per kjøretøy (km),2010,2010,,.
28,Store kombinerte biler,18,Elektrisitet,GjsnittKjorelengde,Gjennomsnittlig kjørelengde per kjøretøy (km),2011,2011,,.
28,Store kombinerte biler,18,Elektrisitet,GjsnittKjorelengde,Gjennomsnittlig kjørelengde per kjøretøy (km),2012,2012,,.
28,Store kombinerte biler,18,Elektrisitet,GjsnittKjorelengde,Gjennomsnittlig kjørelengde per kjøretøy (km),2013,2013,,.
28,Store kombinerte biler,18,Elektrisitet,GjsnittKjorelengde,Gjennomsnittlig kjørelengde per kjøretøy (km),2014,2014,,.
28,Store kombinerte biler,18,Elektrisitet,GjsnittKjorelengde,Gjennomsnittlig kjørelengde per kjøretøy (km),2015,2015,,.
28,Store kombinerte biler,18,Elektrisitet,GjsnittKjorelengde,Gjennomsnittlig kjørelengde per kjøretøy (km),2016,2016,,.
28,Store kombinerte biler,18,Elektrisitet,GjsnittKjorelengde,Gjennomsnittlig kjørelengde per kjøretøy (km),2017,2017,,.
28,Store kombinerte biler,18,Elektrisitet,GjsnittKjorelengde,Gjennomsnittlig kjørelengde per kjøretøy (km),2018,2018,,.
28,Store kombinerte biler,18,Elektrisitet,GjsnittKjorelengde,Gjennomsnittlig kjørelengde per kjøretøy (km),2019,2019,,.
28,Store kombinerte biler,18,Elektrisitet,GjsnittKjorelengde,Gjennomsnittlig kjørelengde per kjøretøy (km),2020,2020,,.
28,Store kombinerte biler,18,Elektrisitet,GjsnittKjorelengde,Gjennomsnittlig kjørelengde per kjøretøy (km),2021,2021,,.
28,Store kombinerte biler,18,Elektrisitet,GjsnittKjorelengde,Gjennomsnittlig kjørelengde per kjøretøy (km),2022,2022,,.
28,Store kombinerte biler,18,Elektrisitet,GjsnittKjorelengde,Gjennomsnittlig kjørelengde per kjøretøy (km),2023,2023,,.
28,Store kombinerte biler,18,Elektrisitet,GjsnittKjorelengde,Gjennomsnittlig kjørelengde per kjøretøy (km),2024,2024,,.
28,Store kombinerte biler,18,Elektrisitet,GjsnittKjorelengde,Gjennomsnittlig kjørelengde per kjøretøy (km),2025,2025,,.
28,Store kombinerte biler,14,"Bensin hybrid, ladbar",Kjorelengde,Kjørelengde (mill. km),2005,2005,,.
28,Store kombinerte biler,14,"Bensin hybrid, ladbar",Kjorelengde,Kjørelengde (mill. km),2006,2006,,.
28,Store kombinerte biler,14,"Bensin hybrid, ladbar",Kjorelengde,Kjørelengde (mill. km),2007,2007,,.
28,Store kombinerte biler,14,"Bensin hybrid, ladbar",Kjorelengde,Kjørelengde (mill. km),2008,2008,,.
28,Store kombinerte biler,14,"Bensin hybrid, ladbar",Kjorelengde,Kjørelengde (mill. km),2009,2009,,.
28,Store kombinerte biler,14,"Bensin hybrid, ladbar",Kjorelengde,Kjørelengde (mill. km),2010,2010,,.
28,Store kombinerte biler,14,"Bensin hybrid, ladbar",Kjorelengde,Kjørelengde (mill. km),2011,2011,,.
28,Store kombinerte biler,14,"Bensin hybrid, ladbar",Kjorelengde,Kjørelengde (mill. km),2012,2012,,.
28,Store kombinerte biler,14,"Bensin hybrid, ladbar",Kjorelengde,Kjørelengde (mill. km),2013,2013,,.
28,Store kombinerte biler,14,"Bensin hybrid, ladbar",Kjorelengde,Kjørelengde (mill. km),2014,2014,,.
28,Store kombinerte biler,14,"Bensin hybrid, ladbar",Kjorelengde,Kjørelengde (mill. km),2015,2015,,.
28,Store kombinerte biler,14,"Bensin hybrid, ladbar",Kjorelengde,Kjørelengde (mill. km),2016,2016,,.
28,Store kombinerte biler,14,"Bensin hybrid, ladbar",Kjorelengde,Kjørelengde (mill. km),2017,2017,,.
28,Store kombinerte biler,14,"Bensin hybrid, ladbar",Kjorelengde,Kjørelengde (mill. km),2018,2018,,.
28,Store kombinerte biler,14,"Bensin hybrid, ladbar",Kjorelengde,Kjørelengde (mill. km),2019,2019,,.
28,Store kombinerte biler,14,"Bensin hybrid, ladbar",Kjorelengde,Kjørelengde (mill. km),2020,2020,,.
28,Store kombinerte biler,14,"Bensin hybrid, ladbar",Kjorelengde,Kjørelengde (mill. km),2021,2021,,.
28,Store kombinerte biler,14,"Bensin hybrid, ladbar",Kjorelengde,Kjørelengde (mill. km),2022,2022,,.
28,Store kombinerte biler,14,"Bensin hybrid, ladbar",Kjorelengde,Kjørelengde (mill. km),2023,2023,,.
28,Store kombinerte biler,14,"Bensin hybrid, ladbar",Kjorelengde,Kjørelengde (mill. km),2024,2024,,.
28,Store kombinerte biler,14,"Bensin hybrid, ladbar",Kjorelengde,Kjørelengde (mill. km),2025,2025,,.
28,Store kombinerte biler,14,"Bensin hybrid, ladbar",GjsnittKjorelengde,Gjennomsnittlig kjørelengde per kjøretøy (km),2005,2005,,.
28,Store kombinerte biler,14,"Bensin hybrid, ladbar",GjsnittKjorelengde,Gjennomsnittlig kjørelengde per kjøretøy (km),2006,2006,,.
28,Store kombinerte biler,14,"Bensin hybrid, ladbar",GjsnittKjorelengde,Gjennomsnittlig kjørelengde per kjøretøy (km),2007,2007,,.
28,Store kombinerte biler,14,"Bensin hybrid, ladbar",GjsnittKjorelengde,Gjennomsnittlig kjørelengde per kjøretøy (km),2008,2008,,.
28,Store kombinerte biler,14,"Bensin hybrid, ladbar",GjsnittKjorelengde,Gjennomsnittlig kjørelengde per kjøretøy (km),2009,2009,,.
28,Store kombinerte biler,14,"Bensin hybrid, ladbar",GjsnittKjorelengde,Gjennomsnittlig kjørelengde per kjøretøy (km),2010,2010,,.
28,Store kombinerte biler,14,"Bensin hybrid, ladbar",GjsnittKjorelengde,Gjennomsnittlig kjørelengde per kjøretøy (km),2011,2011,,.
28,Store kombinerte biler,14,"Bensin hybrid, ladbar",GjsnittKjorelengde,Gjennomsnittlig kjørelengde per kjøretøy (km),2012,2012,,.
28,Store kombinerte biler,14,"Bensin hybrid, ladbar",GjsnittKjorelengde,Gjennomsnittlig kjørelengde per kjøretøy (km),2013,2013,,.
28,Store kombinerte biler,14,"Bensin hybrid, ladbar",GjsnittKjorelengde,Gjennomsnittlig kjørelengde per kjøretøy (km),2014,2014,,.
28,Store kombinerte biler,14,"Bensin hybrid, ladbar",GjsnittKjorelengde,Gjennomsnittlig kjørelengde per kjøretøy (km),2015,2015,,.
28,Store kombinerte biler,14,"Bensin hybrid, ladbar",GjsnittKjorelengde,Gjennomsnittlig kjørelengde per kjøretøy (km),2016,2016,,.
28,Store kombinerte biler,14,"Bensin hybrid, ladbar",GjsnittKjorelengde,Gjennomsnittlig kjørelengde per kjøretøy (km),2017,2017,,.
28,Store kombinerte biler,14,"Bensin hybrid, ladbar",GjsnittKjorelengde,Gjennomsnittlig kjørelengde per kjøretøy (km),2018,2018,,.
28,Store kombinerte biler,14,"Bensin hybrid, ladbar",GjsnittKjorelengde,Gjennomsnittlig kjørelengde per kjøretøy (km),2019,2019,,.
28,Store kombinerte biler,14,"Bensin hybrid, ladbar",GjsnittKjorelengde,Gjennomsnittlig kjørelengde per kjøretøy (km),2020,2020,,.
28,Store kombinerte biler,14,"Bensin hybrid, ladbar",GjsnittKjorelengde,Gjennomsnittlig kjørelengde per kjøretøy (km),2021,2021,,.
28,Store kombinerte biler,14,"Bensin hybrid, ladbar",GjsnittKjorelengde,Gjennomsnittlig kjørelengde per kjøretøy (km),2022,2022,,.
28,Store kombinerte biler,14,"Bensin hybrid, ladbar",GjsnittKjorelengde,Gjennomsnittlig kjørelengde per kjøretøy (km),2023,2023,,.
28,Store kombinerte biler,14,"Bensin hybrid, ladbar",GjsnittKjorelengde,Gjennomsnittlig kjørelengde per kjøretøy (km),2024,2024,,.
28,Store kombinerte biler,14,"Bensin hybrid, ladbar",GjsnittKjorelengde,Gjennomsnittlig kjørelengde per kjøretøy (km),2025,2025,,.
28,Store kombinerte biler,15,"Bensin hybrid, ikke ladbar",Kjorelengde,Kjørelengde (mill. km),2005,2005,,.
28,Store kombinerte biler,15,"Bensin hybrid, ikke ladbar",Kjorelengde,Kjørelengde (mill. km),2006,2006,,.
28,Store kombinerte biler,15,"Bensin hybrid, ikke ladbar",Kjorelengde,Kjørelengde (mill. km),2007,2007,,.
28,Store kombinerte biler,15,"Bensin hybrid, ikke ladbar",Kjorelengde,Kjørelengde (mill. km),2008,2008,,.
28,Store kombinerte biler,15,"Bensin hybrid, ikke ladbar",Kjorelengde,Kjørelengde (mill. km),2009,2009,,.
28,Store kombinerte biler,15,"Bensin hybrid, ikke ladbar",Kjorelengde,Kjørelengde (mill. km),2010,2010,,.
28,Store kombinerte biler,15,"Bensin hybrid, ikke ladbar",Kjorelengde,Kjørelengde (mill. km),2011,2011,,.
28,Store kombinerte biler,15,"Bensin hybrid, ikke ladbar",Kjorelengde,Kjørelengde (mill. km),2012,2012,,.
28,Store kombinerte biler,15,"Bensin hybrid, ikke ladbar",Kjorelengde,Kjørelengde (mill. km),2013,2013,,.
28,Store kombinerte biler,15,"Bensin hybrid, ikke ladbar",Kjorelengde,Kjørelengde (mill. km),2014,2014,,.
28,Store kombinerte biler,15,"Bensin hybrid, ikke ladbar",Kjorelengde,Kjørelengde (mill. km),2015,2015,,.
28,Store kombinerte biler,15,"Bensin hybrid, ikke ladbar",Kjorelengde,Kjørelengde (mill. km),2016,2016,0.0,
28,Store kombinerte biler,15,"Bensin hybrid, ikke ladbar",Kjorelengde,Kjørelengde (mill. km),2017,2017,,:
28,Store kombinerte biler,15,"Bensin hybrid, ikke ladbar",Kjorelengde,Kjørelengde (mill. km),2018,2018,,:
28,Store kombinerte biler,15,"Bensin hybrid, ikke ladbar",Kjorelengde,Kjørelengde (mill. km),2019,2019,,:
28,Store kombinerte biler,15,"Bensin hybrid, ikke ladbar",Kjorelengde,Kjørelengde (mill. km),2020,2020,,.
28,Store kombinerte biler,15,"Bensin hybrid, ikke ladbar",Kjorelengde,Kjørelengde (mill. km),2021,2021,,.
28,Store kombinerte biler,15,"Bensin hybrid, ikke ladbar",Kjorelengde,Kjørelengde (mill. km),2022,2022,,.
28,Store kombinerte biler,15,"Bensin hybrid, ikke ladbar",Kjorelengde,Kjørelengde (mill. km),2023,2023,,.
28,Store kombinerte biler,15,"Bensin hybrid, ikke ladbar",Kjorelengde,Kjørelengde (mill. km),2024,2024,,.
28,Store kombinerte biler,15,"Bensin hybrid, ikke ladbar",Kjorelengde,Kjørelengde (mill. km),2025,2025,,.
28,Store kombinerte biler,15,"Bensin hybrid, ikke ladbar",GjsnittKjorelengde,Gjennomsnittlig kjørelengde per kjøretøy (km),2005,2005,,.
28,Store kombinerte biler,15,"Bensin hybrid, ikke ladbar",GjsnittKjorelengde,Gjennomsnittlig kjørelengde per kjøretøy (km),2006,2006,,.
28,Store kombinerte biler,15,"Bensin hybrid, ikke ladbar",GjsnittKjorelengde,Gjennomsnittlig kjørelengde per kjøretøy (km),2007,2007,,.
28,Store kombinerte biler,15,"Bensin hybrid, ikke ladbar",GjsnittKjorelengde,Gjennomsnittlig kjørelengde per kjøretøy (km),2008,2008,,.
28,Store kombinerte biler,15,"Bensin hybrid, ikke ladbar",GjsnittKjorelengde,Gjennomsnittlig kjørelengde per kjøretøy (km),2009,2009,,.
28,Store kombinerte biler,15,"Bensin hybrid, ikke ladbar",GjsnittKjorelengde,Gjennomsnittlig kjørelengde per kjøretøy (km),2010,2010,,.
28,Store kombinerte biler,15,"Bensin hybrid, ikke ladbar",GjsnittKjorelengde,Gjennomsnittlig kjørelengde per kjøretøy (km),2011,2011,,.
28,Store kombinerte biler,15,"Bensin hybrid, ikke ladbar",GjsnittKjorelengde,Gjennomsnittlig kjørelengde per kjøretøy (km),2012,2012,,.
28,Store kombinerte biler,15,"Bensin hybrid, ikke ladbar",GjsnittKjorelengde,Gjennomsnittlig kjørelengde per kjøretøy (km),2013,2013,,.
28,Store kombinerte biler,15,"Bensin hybrid, ikke ladbar",GjsnittKjorelengde,Gjennomsnittlig kjørelengde per kjøretøy (km),2014,2014,,.
28,Store kombinerte biler,15,"Bensin hybrid, ikke ladbar",GjsnittKjorelengde,Gjennomsnittlig kjørelengde per kjøretøy (km),2015,2015,,.
28,Store kombinerte biler,15,"Bensin hybrid, ikke ladbar",GjsnittKjorelengde,Gjennomsnittlig kjørelengde per kjøretøy (km),2016,2016,8363.0,
28,Store kombinerte biler,15,"Bensin hybrid, ikke ladbar",GjsnittKjorelengde,Gjennomsnittlig kjørelengde per kjøretøy (km),2017,2017,,:
28,Store kombinerte biler,15,"Bensin hybrid, ikke ladbar",GjsnittKjorelengde,Gjennomsnittlig kjørelengde per kjøretøy (km),2018,2018,,:
28,Store kombinerte biler,15,"Bensin hybrid, ikke ladbar",GjsnittKjorelengde,Gjennomsnittlig kjørelengde per kjøretøy (km),2019,2019,,:
28,Store kombinerte biler,15,"Bensin hybrid, ikke ladbar",GjsnittKjorelengde,Gjennomsnittlig kjørelengde per kjøretøy (km),2020,2020,,.
28,Store kombinerte biler,15,"Bensin hybrid, ikke ladbar",GjsnittKjorelengde,Gjennomsnittlig kjørelengde per kjøretøy (km),2021,2021,,.
28,Store kombinerte biler,15,"Bensin hybrid, ikke ladbar",GjsnittKjorelengde,Gjennomsnittlig kjørelengde per kjøretøy (km),2022,2022,,.
28,Store kombinerte biler,15,"Bensin hybrid, ikke ladbar",GjsnittKjorelengde,Gjennomsnittlig kjørelengde per kjøretøy (km),2023,2023,,.
28,Store kombinerte biler,15,"Bensin hybrid, ikke ladbar",GjsnittKjorelengde,Gjennomsnittlig kjørelengde per kjøretøy (km),2024,2024,,.
28,Store kombinerte biler,15,"Bensin hybrid, ikke ladbar",GjsnittKjorelengde,Gjennomsnittlig kjørelengde per kjøretøy (km),2025,2025,,.
28,Store kombinerte biler,16,"Diesel hybrid, ladbar",Kjorelengde,Kjørelengde (mill. km),2005,2005,,.
28,Store kombinerte biler,16,"Diesel hybrid, ladbar",Kjorelengde,Kjørelengde (mill. km),2006,2006,,.
28,Store kombinerte biler,16,"Diesel hybrid, ladbar",Kjorelengde,Kjørelengde (mill. km),2007,2007,,.
28,Store kombinerte biler,16,"Diesel hybrid, ladbar",Kjorelengde,Kjørelengde (mill. km),2008,2008,,.
28,Store kombinerte biler,16,"Diesel hybrid, ladbar",Kjorelengde,Kjørelengde (mill. km),2009,2009,,.
28,Store kombinerte biler,16,"Diesel hybrid, ladbar",Kjorelengde,Kjørelengde (mill. km),2010,2010,,.
28,Store kombinerte biler,16,"Diesel hybrid, ladbar",Kjorelengde,Kjørelengde (mill. km),2011,2011,,.
28,Store kombinerte biler,16,"Diesel hybrid, ladbar",Kjorelengde,Kjørelengde (mill. km),2012,2012,,.
28,Store kombinerte biler,16,"Diesel hybrid, ladbar",Kjorelengde,Kjørelengde (mill. km),2013,2013,,.
28,Store kombinerte biler,16,"Diesel hybrid, ladbar",Kjorelengde,Kjørelengde (mill. km),2014,2014,,.
28,Store kombinerte biler,16,"Diesel hybrid, ladbar",Kjorelengde,Kjørelengde (mill. km),2015,2015,,.
28,Store kombinerte biler,16,"Diesel hybrid, ladbar",Kjorelengde,Kjørelengde (mill. km),2016,2016,,.
28,Store kombinerte biler,16,"Diesel hybrid, ladbar",Kjorelengde,Kjørelengde (mill. km),2017,2017,,.
28,Store kombinerte biler,16,"Diesel hybrid, ladbar",Kjorelengde,Kjørelengde (mill. km),2018,2018,,.
28,Store kombinerte biler,16,"Diesel hybrid, ladbar",Kjorelengde,Kjørelengde (mill. km),2019,2019,,.
28,Store kombinerte biler,16,"Diesel hybrid, ladbar",Kjorelengde,Kjørelengde (mill. km),2020,2020,,.
28,Store kombinerte biler,16,"Diesel hybrid, ladbar",Kjorelengde,Kjørelengde (mill. km),2021,2021,,.
28,Store kombinerte biler,16,"Diesel hybrid, ladbar",Kjorelengde,Kjørelengde (mill. km),2022,2022,,.
28,Store kombinerte biler,16,"Diesel hybrid, ladbar",Kjorelengde,Kjørelengde (mill. km),2023,2023,,.
28,Store kombinerte biler,16,"Diesel hybrid, ladbar",Kjorelengde,Kjørelengde (mill. km),2024,2024,,.
28,Store kombinerte biler,16,"Diesel hybrid, ladbar",Kjorelengde,Kjørelengde (mill. km),2025,2025,,.
28,Store kombinerte biler,16,"Diesel hybrid, ladbar",GjsnittKjorelengde,Gjennomsnittlig kjørelengde per kjøretøy (km),2005,2005,,.
28,Store kombinerte biler,16,"Diesel hybrid, ladbar",GjsnittKjorelengde,Gjennomsnittlig kjørelengde per kjøretøy (km),2006,2006,,.
28,Store kombinerte biler,16,"Diesel hybrid, ladbar",GjsnittKjorelengde,Gjennomsnittlig kjørelengde per kjøretøy (km),2007,2007,,.
28,Store kombinerte biler,16,"Diesel hybrid, ladbar",GjsnittKjorelengde,Gjennomsnittlig kjørelengde per kjøretøy (km),2008,2008,,.
28,Store kombinerte biler,16,"Diesel hybrid, ladbar",GjsnittKjorelengde,Gjennomsnittlig kjørelengde per kjøretøy (km),2009,2009,,.
28,Store kombinerte biler,16,"Diesel hybrid, ladbar",GjsnittKjorelengde,Gjennomsnittlig kjørelengde per kjøretøy (km),2010,2010,,.
28,Store kombinerte biler,16,"Diesel hybrid, ladbar",GjsnittKjorelengde,Gjennomsnittlig kjørelengde per kjøretøy (km),2011,2011,,.
28,Store kombinerte biler,16,"Diesel hybrid, ladbar",GjsnittKjorelengde,Gjennomsnittlig kjørelengde per kjøretøy (km),2012,2012,,.
28,Store kombinerte biler,16,"Diesel hybrid, ladbar",GjsnittKjorelengde,Gjennomsnittlig kjørelengde per kjøretøy (km),2013,2013,,.
28,Store kombinerte biler,16,"Diesel hybrid, ladbar",GjsnittKjorelengde,Gjennomsnittlig kjørelengde per kjøretøy (km),2014,2014,,.
28,Store kombinerte biler,16,"Diesel hybrid, ladbar",GjsnittKjorelengde,Gjennomsnittlig kjørelengde per kjøretøy (km),2015,2015,,.
28,Store kombinerte biler,16,"Diesel hybrid, ladbar",GjsnittKjorelengde,Gjennomsnittlig kjørelengde per kjøretøy (km),2016,2016,,.
28,Store kombinerte biler,16,"Diesel hybrid, ladbar",GjsnittKjorelengde,Gjennomsnittlig kjørelengde per kjøretøy (km),2017,2017,,.
28,Store kombinerte biler,16,"Diesel hybrid, ladbar",GjsnittKjorelengde,Gjennomsnittlig kjørelengde per kjøretøy (km),2018,2018,,.
28,Store kombinerte biler,16,"Diesel hybrid, ladbar",GjsnittKjorelengde,Gjennomsnittlig kjørelengde per kjøretøy (km),2019,2019,,.
28,Store kombinerte biler,16,"Diesel hybrid, ladbar",GjsnittKjorelengde,Gjennomsnittlig kjørelengde per kjøretøy (km),2020,2020,,.
28,Store kombinerte biler,16,"Diesel hybrid, ladbar",GjsnittKjorelengde,Gjennomsnittlig kjørelengde per kjøretøy (km),2021,2021,,.
28,Store kombinerte biler,16,"Diesel hybrid, ladbar",GjsnittKjorelengde,Gjennomsnittlig kjørelengde per kjøretøy (km),2022,2022,,.
28,Store kombinerte biler,16,"Diesel hybrid, ladbar",GjsnittKjorelengde,Gjennomsnittlig kjørelengde per kjøretøy (km),2023,2023,,.
28,Store kombinerte biler,16,"Diesel hybrid, ladbar",GjsnittKjorelengde,Gjennomsnittlig kjørelengde per kjøretøy (km),2024,2024,,.
28,Store kombinerte biler,16,"Diesel hybrid, ladbar",GjsnittKjorelengde,Gjennomsnittlig kjørelengde per kjøretøy (km),2025,2025,,.
28,Store kombinerte biler,17,"Diesel hybrid, ikke ladbar",Kjorelengde,Kjørelengde (mill. km),2005,2005,,.
28,Store kombinerte biler,17,"Diesel hybrid, ikke ladbar",Kjorelengde,Kjørelengde (mill. km),2006,2006,,.
28,Store kombinerte biler,17,"Diesel hybrid, ikke ladbar",Kjorelengde,Kjørelengde (mill. km),2007,2007,,.
28,Store kombinerte biler,17,"Diesel hybrid, ikke ladbar",Kjorelengde,Kjørelengde (mill. km),2008,2008,,.
28,Store kombinerte biler,17,"Diesel hybrid, ikke ladbar",Kjorelengde,Kjørelengde (mill. km),2009,2009,,.
28,Store kombinerte biler,17,"Diesel hybrid, ikke ladbar",Kjorelengde,Kjørelengde (mill. km),2010,2010,,.
28,Store kombinerte biler,17,"Diesel hybrid, ikke ladbar",Kjorelengde,Kjørelengde (mill. km),2011,2011,,.
28,Store kombinerte biler,17,"Diesel hybrid, ikke ladbar",Kjorelengde,Kjørelengde (mill. km),2012,2012,,.
28,Store kombinerte biler,17,"Diesel hybrid, ikke ladbar",Kjorelengde,Kjørelengde (mill. km),2013,2013,,.
28,Store kombinerte biler,17,"Diesel hybrid, ikke ladbar",Kjorelengde,Kjørelengde (mill. km),2014,2014,,.
28,Store kombinerte biler,17,"Diesel hybrid, ikke ladbar",Kjorelengde,Kjørelengde (mill. km),2015,2015,,.
28,Store kombinerte biler,17,"Diesel hybrid, ikke ladbar",Kjorelengde,Kjørelengde (mill. km),2016,2016,,.
28,Store kombinerte biler,17,"Diesel hybrid, ikke ladbar",Kjorelengde,Kjørelengde (mill. km),2017,2017,,.
28,Store kombinerte biler,17,"Diesel hybrid, ikke ladbar",Kjorelengde,Kjørelengde (mill. km),2018,2018,,.
28,Store kombinerte biler,17,"Diesel hybrid, ikke ladbar",Kjorelengde,Kjørelengde (mill. km),2019,2019,,.
28,Store kombinerte biler,17,"Diesel hybrid, ikke ladbar",Kjorelengde,Kjørelengde (mill. km),2020,2020,,.
28,Store kombinerte biler,17,"Diesel hybrid, ikke ladbar",Kjorelengde,Kjørelengde (mill. km),2021,2021,,.
28,Store kombinerte biler,17,"Diesel hybrid, ikke ladbar",Kjorelengde,Kjørelengde (mill. km),2022,2022,,.
28,Store kombinerte biler,17,"Diesel hybrid, ikke ladbar",Kjorelengde,Kjørelengde (mill. km),2023,2023,,.
28,Store kombinerte biler,17,"Diesel hybrid, ikke ladbar",Kjorelengde,Kjørelengde (mill. km),2024,2024,,.
28,Store kombinerte biler,17,"Diesel hybrid, ikke ladbar",Kjorelengde,Kjørelengde (mill. km),2025,2025,,.
28,Store kombinerte biler,17,"Diesel hybrid, ikke ladbar",GjsnittKjorelengde,Gjennomsnittlig kjørelengde per kjøretøy (km),2005,2005,,.
28,Store kombinerte biler,17,"Diesel hybrid, ikke ladbar",GjsnittKjorelengde,Gjennomsnittlig kjørelengde per kjøretøy (km),2006,2006,,.
28,Store kombinerte biler,17,"Diesel hybrid, ikke ladbar",GjsnittKjorelengde,Gjennomsnittlig kjørelengde per kjøretøy (km),2007,2007,,.
28,Store kombinerte biler,17,"Diesel hybrid, ikke ladbar",GjsnittKjorelengde,Gjennomsnittlig kjørelengde per kjøretøy (km),2008,2008,,.
28,Store kombinerte biler,17,"Diesel hybrid, ikke ladbar",GjsnittKjorelengde,Gjennomsnittlig kjørelengde per kjøretøy (km),2009,2009,,.
28,Store kombinerte biler,17,"Diesel hybrid, ikke ladbar",GjsnittKjorelengde,Gjennomsnittlig kjørelengde per kjøretøy (km),2010,2010,,.
28,Store kombinerte biler,17,"Diesel hybrid, ikke ladbar",GjsnittKjorelengde,Gjennomsnittlig kjørelengde per kjøretøy (km),2011,2011,,.
28,Store kombinerte biler,17,"Diesel hybrid, ikke ladbar",GjsnittKjorelengde,Gjennomsnittlig kjørelengde per kjøretøy (km),2012,2012,,.
28,Store kombinerte biler,17,"Diesel hybrid, ikke ladbar",GjsnittKjorelengde,Gjennomsnittlig kjørelengde per kjøretøy (km),2013,2013,,.
28,Store kombinerte biler,17,"Diesel hybrid, ikke ladbar",GjsnittKjorelengde,Gjennomsnittlig kjørelengde per kjøretøy (km),2014,2014,,.
28,Store kombinerte biler,17,"Diesel hybrid, ikke ladbar",GjsnittKjorelengde,Gjennomsnittlig kjørelengde per kjøretøy (km),2015,2015,,.
28,Store kombinerte biler,17,"Diesel hybrid, ikke ladbar",GjsnittKjorelengde,Gjennomsnittlig kjørelengde per kjøretøy (km),2016,2016,,.
28,Store kombinerte biler,17,"Diesel hybrid, ikke ladbar",GjsnittKjorelengde,Gjennomsnittlig kjørelengde per kjøretøy (km),2017,2017,,.
28,Store kombinerte biler,17,"Diesel hybrid, ikke ladbar",GjsnittKjorelengde,Gjennomsnittlig kjørelengde per kjøretøy (km),2018,2018,,.
28,Store kombinerte biler,17,"Diesel hybrid, ikke ladbar",GjsnittKjorelengde,Gjennomsnittlig kjørelengde per kjøretøy (km),2019,2019,,.
28,Store kombinerte biler,17,"Diesel hybrid, ikke ladbar",GjsnittKjorelengde,Gjennomsnittlig kjørelengde per kjøretøy (km),2020,2020,,.
28,Store kombinerte biler,17,"Diesel hybrid, ikke ladbar",GjsnittKjorelengde,Gjennomsnittlig kjørelengde per kjøretøy (km),2021,2021,,.
28,Store kombinerte biler,17,"Diesel hybrid, ikke ladbar",GjsnittKjorelengde,Gjennomsnittlig kjørelengde per kjøretøy (km),2022,2022,,.
28,Store kombinerte biler,17,"Diesel hybrid, ikke ladbar",GjsnittKjorelengde,Gjennomsnittlig kjørelengde per kjøretøy (km),2023,2023,,.
28,Store kombinerte biler,17,"Diesel hybrid, ikke ladbar",GjsnittKjorelengde,Gjennomsnittlig kjørelengde per kjøretøy (km),2024,2024,,.
28,Store kombinerte biler,17,"Diesel hybrid, ikke ladbar",GjsnittKjorelengde,Gjennomsnittlig kjørelengde per kjøretøy (km),2025,2025,,.
28,Store kombinerte biler,3,Parafin,Kjorelengde,Kjørelengde (mill. km),2005,2005,,.
28,Store kombinerte biler,3,Parafin,Kjorelengde,Kjørelengde (mill. km),2006,2006,,.
28,Store kombinerte biler,3,Parafin,Kjorelengde,Kjørelengde (mill. km),2007,2007,,.
28,Store kombinerte biler,3,Parafin,Kjorelengde,Kjørelengde (mill. km),2008,2008,,.
28,Store kombinerte biler,3,Parafin,Kjorelengde,Kjørelengde (mill. km),2009,2009,,.
28,Store kombinerte biler,3,Parafin,Kjorelengde,Kjørelengde (mill. km),2010,2010,,.
28,Store kombinerte biler,3,Parafin,Kjorelengde,Kjørelengde (mill. km),2011,2011,,.
28,Store kombinerte biler,3,Parafin,Kjorelengde,Kjørelengde (mill. km),2012,2012,,.
28,Store kombinerte biler,3,Parafin,Kjorelengde,Kjørelengde (mill. km),2013,2013,,.
28,Store kombinerte biler,3,Parafin,Kjorelengde,Kjørelengde (mill. km),2014,2014,,.
28,Store kombinerte biler,3,Parafin,Kjorelengde,Kjørelengde (mill. km),2015,2015,,.
28,Store kombinerte biler,3,Parafin,Kjorelengde,Kjørelengde (mill. km),2016,2016,,.
28,Store kombinerte biler,3,Parafin,Kjorelengde,Kjørelengde (mill. km),2017,2017,,.
28,Store kombinerte biler,3,Parafin,Kjorelengde,Kjørelengde (mill. km),2018,2018,,.
28,Store kombinerte biler,3,Parafin,Kjorelengde,Kjørelengde (mill. km),2019,2019,,.
28,Store kombinerte biler,3,Parafin,Kjorelengde,Kjørelengde (mill. km),2020,2020,,.
28,Store kombinerte biler,3,Parafin,Kjorelengde,Kjørelengde (mill. km),2021,2021,,.
28,Store kombinerte biler,3,Parafin,Kjorelengde,Kjørelengde (mill. km),2022,2022,,.
28,Store kombinerte biler,3,Parafin,Kjorelengde,Kjørelengde (mill. km),2023,2023,,.
28,Store kombinerte biler,3,Parafin,Kjorelengde,Kjørelengde (mill. km),2024,2024,,.
28,Store kombinerte biler,3,Parafin,Kjorelengde,Kjørelengde (mill. km),2025,2025,,.
28,Store kombinerte biler,3,Parafin,GjsnittKjorelengde,Gjennomsnittlig kjørelengde per kjøretøy (km),2005,2005,,.
28,Store kombinerte biler,3,Parafin,GjsnittKjorelengde,Gjennomsnittlig kjørelengde per kjøretøy (km),2006,2006,,.
28,Store kombinerte biler,3,Parafin,GjsnittKjorelengde,Gjennomsnittlig kjørelengde per kjøretøy (km),2007,2007,,.
28,Store kombinerte biler,3,Parafin,GjsnittKjorelengde,Gjennomsnittlig kjørelengde per kjøretøy (km),2008,2008,,.
28,Store kombinerte biler,3,Parafin,GjsnittKjorelengde,Gjennomsnittlig kjørelengde per kjøretøy (km),2009,2009,,.
28,Store kombinerte biler,3,Parafin,GjsnittKjorelengde,Gjennomsnittlig kjørelengde per kjøretøy (km),2010,2010,,.
28,Store kombinerte biler,3,Parafin,GjsnittKjorelengde,Gjennomsnittlig kjørelengde per kjøretøy (km),2011,2011,,.
28,Store kombinerte biler,3,Parafin,GjsnittKjorelengde,Gjennomsnittlig kjørelengde per kjøretøy (km),2012,2012,,.
28,Store kombinerte biler,3,Parafin,GjsnittKjorelengde,Gjennomsnittlig kjørelengde per kjøretøy (km),2013,2013,,.
28,Store kombinerte biler,3,Parafin,GjsnittKjorelengde,Gjennomsnittlig kjørelengde per kjøretøy (km),2014,2014,,.
28,Store kombinerte biler,3,Parafin,GjsnittKjorelengde,Gjennomsnittlig kjørelengde per kjøretøy (km),2015,2015,,.
28,Store kombinerte biler,3,Parafin,GjsnittKjorelengde,Gjennomsnittlig kjørelengde per kjøretøy (km),2016,2016,,.
28,Store kombinerte biler,3,Parafin,GjsnittKjorelengde,Gjennomsnittlig kjørelengde per kjøretøy (km),2017,2017,,.
28,Store kombinerte biler,3,Parafin,GjsnittKjorelengde,Gjennomsnittlig kjørelengde per kjøretøy (km),2018,2018,,.
28,Store kombinerte biler,3,Parafin,GjsnittKjorelengde,Gjennomsnittlig kjørelengde per kjøretøy (km),2019,2019,,.
28,Store kombinerte biler,3,Parafin,GjsnittKjorelengde,Gjennomsnittlig kjørelengde per kjøretøy (km),2020,2020,,.
28,Store kombinerte biler,3,Parafin,GjsnittKjorelengde,Gjennomsnittlig kjørelengde per kjøretøy (km),2021,2021,,.
28,Store kombinerte biler,3,Parafin,GjsnittKjorelengde,Gjennomsnittlig kjørelengde per kjøretøy (km),2022,2022,,.
28,Store kombinerte biler,3,Parafin,GjsnittKjorelengde,Gjennomsnittlig kjørelengde per kjøretøy (km),2023,2023,,.
28,Store kombinerte biler,3,Parafin,GjsnittKjorelengde,Gjennomsnittlig kjørelengde per kjøretøy (km),2024,2024,,.
28,Store kombinerte biler,3,Parafin,GjsnittKjorelengde,Gjennomsnittlig kjørelengde per kjøretøy (km),2025,2025,,.
28,Store kombinerte biler,4,Gass,Kjorelengde,Kjørelengde (mill. km),2005,2005,,.
28,Store kombinerte biler,4,Gass,Kjorelengde,Kjørelengde (mill. km),2006,2006,,.
28,Store kombinerte biler,4,Gass,Kjorelengde,Kjørelengde (mill. km),2007,2007,,.
28,Store kombinerte biler,4,Gass,Kjorelengde,Kjørelengde (mill. km),2008,2008,,.
28,Store kombinerte biler,4,Gass,Kjorelengde,Kjørelengde (mill. km),2009,2009,,.
28,Store kombinerte biler,4,Gass,Kjorelengde,Kjørelengde (mill. km),2010,2010,,.
28,Store kombinerte biler,4,Gass,Kjorelengde,Kjørelengde (mill. km),2011,2011,,.
28,Store kombinerte biler,4,Gass,Kjorelengde,Kjørelengde (mill. km),2012,2012,,.
28,Store kombinerte biler,4,Gass,Kjorelengde,Kjørelengde (mill. km),2013,2013,,.
28,Store kombinerte biler,4,Gass,Kjorelengde,Kjørelengde (mill. km),2014,2014,,.
28,Store kombinerte biler,4,Gass,Kjorelengde,Kjørelengde (mill. km),2015,2015,,.
28,Store kombinerte biler,4,Gass,Kjorelengde,Kjørelengde (mill. km),2016,2016,0.1,
28,Store kombinerte biler,4,Gass,Kjorelengde,Kjørelengde (mill. km),2017,2017,,:
28,Store kombinerte biler,4,Gass,Kjorelengde,Kjørelengde (mill. km),2018,2018,,:
28,Store kombinerte biler,4,Gass,Kjorelengde,Kjørelengde (mill. km),2019,2019,,:
28,Store kombinerte biler,4,Gass,Kjorelengde,Kjørelengde (mill. km),2020,2020,,:
28,Store kombinerte biler,4,Gass,Kjorelengde,Kjørelengde (mill. km),2021,2021,,:
28,Store kombinerte biler,4,Gass,Kjorelengde,Kjørelengde (mill. km),2022,2022,,.
28,Store kombinerte biler,4,Gass,Kjorelengde,Kjørelengde (mill. km),2023,2023,,.
28,Store kombinerte biler,4,Gass,Kjorelengde,Kjørelengde (mill. km),2024,2024,,.
28,Store kombinerte biler,4,Gass,Kjorelengde,Kjørelengde (mill. km),2025,2025,,.
28,Store kombinerte biler,4,Gass,GjsnittKjorelengde,Gjennomsnittlig kjørelengde per kjøretøy (km),2005,2005,,.
28,Store kombinerte biler,4,Gass,GjsnittKjorelengde,Gjennomsnittlig kjørelengde per kjøretøy (km),2006,2006,,.
28,Store kombinerte biler,4,Gass,GjsnittKjorelengde,Gjennomsnittlig kjørelengde per kjøretøy (km),2007,2007,,.
28,Store kombinerte biler,4,Gass,GjsnittKjorelengde,Gjennomsnittlig kjørelengde per kjøretøy (km),2008,2008,,.
28,Store kombinerte biler,4,Gass,GjsnittKjorelengde,Gjennomsnittlig kjørelengde per kjøretøy (km),2009,2009,,.
28,Store kombinerte biler,4,Gass,GjsnittKjorelengde,Gjennomsnittlig kjørelengde per kjøretøy (km),2010,2010,,.
28,Store kombinerte biler,4,Gass,GjsnittKjorelengde,Gjennomsnittlig kjørelengde per kjøretøy (km),2011,2011,,.
28,Store kombinerte biler,4,Gass,GjsnittKjorelengde,Gjennomsnittlig kjørelengde per kjøretøy (km),2012,2012,,.
28,Store kombinerte biler,4,Gass,GjsnittKjorelengde,Gjennomsnittlig kjørelengde per kjøretøy (km),2013,2013,,.
28,Store kombinerte biler,4,Gass,GjsnittKjorelengde,Gjennomsnittlig kjørelengde per kjøretøy (km),2014,2014,,.
28,Store kombinerte biler,4,Gass,GjsnittKjorelengde,Gjennomsnittlig kjørelengde per kjøretøy (km),2015,2015,,.
28,Store kombinerte biler,4,Gass,GjsnittKjorelengde,Gjennomsnittlig kjørelengde per kjøretøy (km),2016,2016,13059.0,
28,Store kombinerte biler,4,Gass,GjsnittKjorelengde,Gjennomsnittlig kjørelengde per kjøretøy (km),2017,2017,,:
28,Store kombinerte biler,4,Gass,GjsnittKjorelengde,Gjennomsnittlig kjørelengde per kjøretøy (km),2018,2018,,:
28,Store kombinerte biler,4,Gass,GjsnittKjorelengde,Gjennomsnittlig kjørelengde per kjøretøy (km),2019,2019,,:
28,Store kombinerte biler,4,Gass,GjsnittKjorelengde,Gjennomsnittlig kjørelengde per kjøretøy (km),2020,2020,,:
28,Store kombinerte biler,4,Gass,GjsnittKjorelengde,Gjennomsnittlig kjørelengde per kjøretøy (km),2021,2021,,:
28,Store kombinerte biler,4,Gass,GjsnittKjorelengde,Gjennomsnittlig kjørelengde per kjøretøy (km),2022,2022,,.
28,Store kombinerte biler,4,Gass,GjsnittKjorelengde,Gjennomsnittlig kjørelengde per kjøretøy (km),2023,2023,,.
28,Store kombinerte biler,4,Gass,GjsnittKjorelengde,Gjennomsnittlig kjørelengde per kjøretøy (km),2024,2024,,.
28,Store kombinerte biler,4,Gass,GjsnittKjorelengde,Gjennomsnittlig kjørelengde per kjøretøy (km),2025,2025,,.
28,Store kombinerte biler,13,Hydrogen,Kjorelengde,Kjørelengde (mill. km),2005,2005,,.
28,Store kombinerte biler,13,Hydrogen,Kjorelengde,Kjørelengde (mill. km),2006,2006,,.
28,Store kombinerte biler,13,Hydrogen,Kjorelengde,Kjørelengde (mill. km),2007,2007,,.
28,Store kombinerte biler,13,Hydrogen,Kjorelengde,Kjørelengde (mill. km),2008,2008,,.
28,Store kombinerte biler,13,Hydrogen,Kjorelengde,Kjørelengde (mill. km),2009,2009,,.
28,Store kombinerte biler,13,Hydrogen,Kjorelengde,Kjørelengde (mill. km),2010,2010,,.
28,Store kombinerte biler,13,Hydrogen,Kjorelengde,Kjørelengde (mill. km),2011,2011,,.
28,Store kombinerte biler,13,Hydrogen,Kjorelengde,Kjørelengde (mill. km),2012,2012,,.
28,Store kombinerte biler,13,Hydrogen,Kjorelengde,Kjørelengde (mill. km),2013,2013,,.
28,Store kombinerte biler,13,Hydrogen,Kjorelengde,Kjørelengde (mill. km),2014,2014,,.
28,Store kombinerte biler,13,Hydrogen,Kjorelengde,Kjørelengde (mill. km),2015,2015,,.
28,Store kombinerte biler,13,Hydrogen,Kjorelengde,Kjørelengde (mill. km),2016,2016,,.
28,Store kombinerte biler,13,Hydrogen,Kjorelengde,Kjørelengde (mill. km),2017,2017,,.
28,Store kombinerte biler,13,Hydrogen,Kjorelengde,Kjørelengde (mill. km),2018,2018,,.
28,Store kombinerte biler,13,Hydrogen,Kjorelengde,Kjørelengde (mill. km),2019,2019,,.
28,Store kombinerte biler,13,Hydrogen,Kjorelengde,Kjørelengde (mill. km),2020,2020,,.
28,Store kombinerte biler,13,Hydrogen,Kjorelengde,Kjørelengde (mill. km),2021,2021,,.
28,Store kombinerte biler,13,Hydrogen,Kjorelengde,Kjørelengde (mill. km),2022,2022,,.
28,Store kombinerte biler,13,Hydrogen,Kjorelengde,Kjørelengde (mill. km),2023,2023,,.
28,Store kombinerte biler,13,Hydrogen,Kjorelengde,Kjørelengde (mill. km),2024,2024,,.
28,Store kombinerte biler,13,Hydrogen,Kjorelengde,Kjørelengde (mill. km),2025,2025,,.
28,Store kombinerte biler,13,Hydrogen,GjsnittKjorelengde,Gjennomsnittlig kjørelengde per kjøretøy (km),2005,2005,,.
28,Store kombinerte biler,13,Hydrogen,GjsnittKjorelengde,Gjennomsnittlig kjørelengde per kjøretøy (km),2006,2006,,.
28,Store kombinerte biler,13,Hydrogen,GjsnittKjorelengde,Gjennomsnittlig kjørelengde per kjøretøy (km),2007,2007,,.
28,Store kombinerte biler,13,Hydrogen,GjsnittKjorelengde,Gjennomsnittlig kjørelengde per kjøretøy (km),2008,2008,,.
28,Store kombinerte biler,13,Hydrogen,GjsnittKjorelengde,Gjennomsnittlig kjørelengde per kjøretøy (km),2009,2009,,.
28,Store kombinerte biler,13,Hydrogen,GjsnittKjorelengde,Gjennomsnittlig kjørelengde per kjøretøy (km),2010,2010,,.
28,Store kombinerte biler,13,Hydrogen,GjsnittKjorelengde,Gjennomsnittlig kjørelengde per kjøretøy (km),2011,2011,,.
28,Store kombinerte biler,13,Hydrogen,GjsnittKjorelengde,Gjennomsnittlig kjørelengde per kjøretøy (km),2012,2012,,.
28,Store kombinerte biler,13,Hydrogen,GjsnittKjorelengde,Gjennomsnittlig kjørelengde per kjøretøy (km),2013,2013,,.
28,Store kombinerte biler,13,Hydrogen,GjsnittKjorelengde,Gjennomsnittlig kjørelengde per kjøretøy (km),2014,2014,,.
28,Store kombinerte biler,13,Hydrogen,GjsnittKjorelengde,Gjennomsnittlig kjørelengde per kjøretøy (km),2015,2015,,.
28,Store kombinerte biler,13,Hydrogen,GjsnittKjorelengde,Gjennomsnittlig kjørelengde per kjøretøy (km),2016,2016,,.
28,Store kombinerte biler,13,Hydrogen,GjsnittKjorelengde,Gjennomsnittlig kjørelengde per kjøretøy (km),2017,2017,,.
28,Store kombinerte biler,13,Hydrogen,GjsnittKjorelengde,Gjennomsnittlig kjørelengde per kjøretøy (km),2018,2018,,.
28,Store kombinerte biler,13,Hydrogen,GjsnittKjorelengde,Gjennomsnittlig kjørelengde per kjøretøy (km),2019,2019,,.
28,Store kombinerte biler,13,Hydrogen,GjsnittKjorelengde,Gjennomsnittlig kjørelengde per kjøretøy (km),2020,2020,,.
28,Store kombinerte biler,13,Hydrogen,GjsnittKjorelengde,Gjennomsnittlig kjørelengde per kjøretøy (km),2021,2021,,.
28,Store kombinerte biler,13,Hydrogen,GjsnittKjorelengde,Gjennomsnittlig kjørelengde per kjøretøy (km),2022,2022,,.
28,Store kombinerte biler,13,Hydrogen,GjsnittKjorelengde,Gjennomsnittlig kjørelengde per kjøretøy (km),2023,2023,,.
28,Store kombinerte biler,13,Hydrogen,GjsnittKjorelengde,Gjennomsnittlig kjørelengde per kjøretøy (km),2024,2024,,.
28,Store kombinerte biler,13,Hydrogen,GjsnittKjorelengde,Gjennomsnittlig kjørelengde per kjøretøy (km),2025,2025,,.
28,Store kombinerte biler,7,Andre drivstoff,Kjorelengde,Kjørelengde (mill. km),2005,2005,0.1,
28,Store kombinerte biler,7,Andre drivstoff,Kjorelengde,Kjørelengde (mill. km),2006,2006,0.1,
28,Store kombinerte biler,7,Andre drivstoff,Kjorelengde,Kjørelengde (mill. km),2007,2007,0.2,
28,Store kombinerte biler,7,Andre drivstoff,Kjorelengde,Kjørelengde (mill. km),2008,2008,0.2,
28,Store kombinerte biler,7,Andre drivstoff,Kjorelengde,Kjørelengde (mill. km),2009,2009,0.2,
28,Store kombinerte biler,7,Andre drivstoff,Kjorelengde,Kjørelengde (mill. km),2010,2010,0.2,
28,Store kombinerte biler,7,Andre drivstoff,Kjorelengde,Kjørelengde (mill. km),2011,2011,0.3,
28,Store kombinerte biler,7,Andre drivstoff,Kjorelengde,Kjørelengde (mill. km),2012,2012,0.2,
28,Store kombinerte biler,7,Andre drivstoff,Kjorelengde,Kjørelengde (mill. km),2013,2013,0.2,
28,Store kombinerte biler,7,Andre drivstoff,Kjorelengde,Kjørelengde (mill. km),2014,2014,0.2,
28,Store kombinerte biler,7,Andre drivstoff,Kjorelengde,Kjørelengde (mill. km),2015,2015,0.1,
28,Store kombinerte biler,7,Andre drivstoff,Kjorelengde,Kjørelengde (mill. km),2016,2016,,.
28,Store kombinerte biler,7,Andre drivstoff,Kjorelengde,Kjørelengde (mill. km),2017,2017,,.
28,Store kombinerte biler,7,Andre drivstoff,Kjorelengde,Kjørelengde (mill. km),2018,2018,,.
28,Store kombinerte biler,7,Andre drivstoff,Kjorelengde,Kjørelengde (mill. km),2019,2019,,.
28,Store kombinerte biler,7,Andre drivstoff,Kjorelengde,Kjørelengde (mill. km),2020,2020,,.
28,Store kombinerte biler,7,Andre drivstoff,Kjorelengde,Kjørelengde (mill. km),2021,2021,,.
28,Store kombinerte biler,7,Andre drivstoff,Kjorelengde,Kjørelengde (mill. km),2022,2022,,.
28,Store kombinerte biler,7,Andre drivstoff,Kjorelengde,Kjørelengde (mill. km),2023,2023,,.
28,Store kombinerte biler,7,Andre drivstoff,Kjorelengde,Kjørelengde (mill. km),2024,2024,,.
28,Store kombinerte biler,7,Andre drivstoff,Kjorelengde,Kjørelengde (mill. km),2025,2025,,.
28,Store kombinerte biler,7,Andre drivstoff,GjsnittKjorelengde,Gjennomsnittlig kjørelengde per kjøretøy (km),2005,2005,11912.0,
28,Store kombinerte biler,7,Andre drivstoff,GjsnittKjorelengde,Gjennomsnittlig kjørelengde per kjøretøy (km),2006,2006,14900.0,
28,Store kombinerte biler,7,Andre drivstoff,GjsnittKjorelengde,Gjennomsnittlig kjørelengde per kjøretøy (km),2007,2007,16779.0,
28,Store kombinerte biler,7,Andre drivstoff,GjsnittKjorelengde,Gjennomsnittlig kjørelengde per kjøretøy (km),2008,2008,17738.0,
28,Store kombinerte biler,7,Andre drivstoff,GjsnittKjorelengde,Gjennomsnittlig kjørelengde per kjøretøy (km),2009,2009,17429.0,
28,Store kombinerte biler,7,Andre drivstoff,GjsnittKjorelengde,Gjennomsnittlig kjørelengde per kjøretøy (km),2010,2010,15197.0,
28,Store kombinerte biler,7,Andre drivstoff,GjsnittKjorelengde,Gjennomsnittlig kjørelengde per kjøretøy (km),2011,2011,20390.0,
28,Store kombinerte biler,7,Andre drivstoff,GjsnittKjorelengde,Gjennomsnittlig kjørelengde per kjøretøy (km),2012,2012,15092.0,
28,Store kombinerte biler,7,Andre drivstoff,GjsnittKjorelengde,Gjennomsnittlig kjørelengde per kjøretøy (km),2013,2013,13747.0,
28,Store kombinerte biler,7,Andre drivstoff,GjsnittKjorelengde,Gjennomsnittlig kjørelengde per kjøretøy (km),2014,2014,14063.0,
28,Store kombinerte biler,7,Andre drivstoff,GjsnittKjorelengde,Gjennomsnittlig kjørelengde per kjøretøy (km),2015,2015,10282.0,
28,Store kombinerte biler,7,Andre drivstoff,GjsnittKjorelengde,Gjennomsnittlig kjørelengde per kjøretøy (km),2016,2016,,.
28,Store kombinerte biler,7,Andre drivstoff,GjsnittKjorelengde,Gjennomsnittlig kjørelengde per kjøretøy (km),2017,2017,,.
28,Store kombinerte biler,7,Andre drivstoff,GjsnittKjorelengde,Gjennomsnittlig kjørelengde per kjøretøy (km),2018,2018,,.
28,Store kombinerte biler,7,Andre drivstoff,GjsnittKjorelengde,Gjennomsnittlig kjørelengde per kjøretøy (km),2019,2019,,.
28,Store kombinerte biler,7,Andre drivstoff,GjsnittKjorelengde,Gjennomsnittlig kjørelengde per kjøretøy (km),2020,2020,,.
28,Store kombinerte biler,7,Andre drivstoff,GjsnittKjorelengde,Gjennomsnittlig kjørelengde per kjøretøy (km),2021,2021,,.
28,Store kombinerte biler,7,Andre drivstoff,GjsnittKjorelengde,Gjennomsnittlig kjørelengde per kjøretøy (km),2022,2022,,.
28,Store kombinerte biler,7,Andre drivstoff,GjsnittKjorelengde,Gjennomsnittlig kjørelengde per kjøretøy (km),2023,2023,,.
28,Store kombinerte biler,7,Andre drivstoff,GjsnittKjorelengde,Gjennomsnittlig kjørelengde per kjøretøy (km),2024,2024,,.
28,Store kombinerte biler,7,Andre drivstoff,GjsnittKjorelengde,Gjennomsnittlig kjørelengde per kjøretøy (km),2025,2025,,.
29,Små varebiler,0,Alle typer drivstoff,Kjorelengde,Kjørelengde (mill. km),2005,2005,3744.9,
29,Små varebiler,0,Alle typer drivstoff,Kjorelengde,Kjørelengde (mill. km),2006,2006,4174.6,
29,Små varebiler,0,Alle typer drivstoff,Kjorelengde,Kjørelengde (mill. km),2007,2007,4745.6,
29,Små varebiler,0,Alle typer drivstoff,Kjorelengde,Kjørelengde (mill. km),2008,2008,5072.9,
29,Små varebiler,0,Alle typer drivstoff,Kjorelengde,Kjørelengde (mill. km),2009,2009,5090.4,
29,Små varebiler,0,Alle typer drivstoff,Kjorelengde,Kjørelengde (mill. km),2010,2010,5084.4,
29,Små varebiler,0,Alle typer drivstoff,Kjorelengde,Kjørelengde (mill. km),2011,2011,5130.4,
29,Små varebiler,0,Alle typer drivstoff,Kjorelengde,Kjørelengde (mill. km),2012,2012,5230.1,
29,Små varebiler,0,Alle typer drivstoff,Kjorelengde,Kjørelengde (mill. km),2013,2013,5205.8,
29,Små varebiler,0,Alle typer drivstoff,Kjorelengde,Kjørelengde (mill. km),2014,2014,5172.1,
29,Små varebiler,0,Alle typer drivstoff,Kjorelengde,Kjørelengde (mill. km),2015,2015,5133.0,
29,Små varebiler,0,Alle typer drivstoff,Kjorelengde,Kjørelengde (mill. km),2016,2016,5126.5,
29,Små varebiler,0,Alle typer drivstoff,Kjorelengde,Kjørelengde (mill. km),2017,2017,5152.9,
29,Små varebiler,0,Alle typer drivstoff,Kjorelengde,Kjørelengde (mill. km),2018,2018,5161.9,
29,Små varebiler,0,Alle typer drivstoff,Kjorelengde,Kjørelengde (mill. km),2019,2019,5132.4,
29,Små varebiler,0,Alle typer drivstoff,Kjorelengde,Kjørelengde (mill. km),2020,2020,4916.3,
29,Små varebiler,0,Alle typer drivstoff,Kjorelengde,Kjørelengde (mill. km),2021,2021,5362.8,
29,Små varebiler,0,Alle typer drivstoff,Kjorelengde,Kjørelengde (mill. km),2022,2022,5377.6,
29,Små varebiler,0,Alle typer drivstoff,Kjorelengde,Kjørelengde (mill. km),2023,2023,5423.9,
29,Små varebiler,0,Alle typer drivstoff,Kjorelengde,Kjørelengde (mill. km),2024,2024,5590.1,
29,Små varebiler,0,Alle typer drivstoff,Kjorelengde,Kjørelengde (mill. km),2025,2025,5632.4,
29,Små varebiler,0,Alle typer drivstoff,GjsnittKjorelengde,Gjennomsnittlig kjørelengde per kjøretøy (km),2005,2005,15306.0,
29,Små varebiler,0,Alle typer drivstoff,GjsnittKjorelengde,Gjennomsnittlig kjørelengde per kjøretøy (km),2006,2006,15573.0,
29,Små varebiler,0,Alle typer drivstoff,GjsnittKjorelengde,Gjennomsnittlig kjørelengde per kjøretøy (km),2007,2007,16184.0,
29,Små varebiler,0,Alle typer drivstoff,GjsnittKjorelengde,Gjennomsnittlig kjørelengde per kjøretøy (km),2008,2008,16424.0,
29,Små varebiler,0,Alle typer drivstoff,GjsnittKjorelengde,Gjennomsnittlig kjørelengde per kjøretøy (km),2009,2009,16218.0,
29,Små varebiler,0,Alle typer drivstoff,GjsnittKjorelengde,Gjennomsnittlig kjørelengde per kjøretøy (km),2010,2010,15794.0,
29,Små varebiler,0,Alle typer drivstoff,GjsnittKjorelengde,Gjennomsnittlig kjørelengde per kjøretøy (km),2011,2011,15568.0,
29,Små varebiler,0,Alle typer drivstoff,GjsnittKjorelengde,Gjennomsnittlig kjørelengde per kjøretøy (km),2012,2012,15485.0,
29,Små varebiler,0,Alle typer drivstoff,GjsnittKjorelengde,Gjennomsnittlig kjørelengde per kjøretøy (km),2013,2013,15091.0,
29,Små varebiler,0,Alle typer drivstoff,GjsnittKjorelengde,Gjennomsnittlig kjørelengde per kjøretøy (km),2014,2014,14837.0,
29,Små varebiler,0,Alle typer drivstoff,GjsnittKjorelengde,Gjennomsnittlig kjørelengde per kjøretøy (km),2015,2015,14489.0,
29,Små varebiler,0,Alle typer drivstoff,GjsnittKjorelengde,Gjennomsnittlig kjørelengde per kjøretøy (km),2016,2016,14229.0,
29,Små varebiler,0,Alle typer drivstoff,GjsnittKjorelengde,Gjennomsnittlig kjørelengde per kjøretøy (km),2017,2017,14166.0,
29,Små varebiler,0,Alle typer drivstoff,GjsnittKjorelengde,Gjennomsnittlig kjørelengde per kjøretøy (km),2018,2018,14027.0,
29,Små varebiler,0,Alle typer drivstoff,GjsnittKjorelengde,Gjennomsnittlig kjørelengde per kjøretøy (km),2019,2019,13812.0,
29,Små varebiler,0,Alle typer drivstoff,GjsnittKjorelengde,Gjennomsnittlig kjørelengde per kjøretøy (km),2020,2020,13142.0,
29,Små varebiler,0,Alle typer drivstoff,GjsnittKjorelengde,Gjennomsnittlig kjørelengde per kjøretøy (km),2021,2021,13536.0,
29,Små varebiler,0,Alle typer drivstoff,GjsnittKjorelengde,Gjennomsnittlig kjørelengde per kjøretøy (km),2022,2022,13326.0,
29,Små varebiler,0,Alle typer drivstoff,GjsnittKjorelengde,Gjennomsnittlig kjørelengde per kjøretøy (km),2023,2023,13177.0,
29,Små varebiler,0,Alle typer drivstoff,GjsnittKjorelengde,Gjennomsnittlig kjørelengde per kjøretøy (km),2024,2024,13337.0,
29,Små varebiler,0,Alle typer drivstoff,GjsnittKjorelengde,Gjennomsnittlig kjørelengde per kjøretøy (km),2025,2025,13131.0,
29,Små varebiler,1,Bensin,Kjorelengde,Kjørelengde (mill. km),2005,2005,964.5,
29,Små varebiler,1,Bensin,Kjorelengde,Kjørelengde (mill. km),2006,2006,907.2,
29,Små varebiler,1,Bensin,Kjorelengde,Kjørelengde (mill. km),2007,2007,860.7,
29,Små varebiler,1,Bensin,Kjorelengde,Kjørelengde (mill. km),2008,2008,768.9,
29,Små varebiler,1,Bensin,Kjorelengde,Kjørelengde (mill. km),2009,2009,676.0,
29,Små varebiler,1,Bensin,Kjorelengde,Kjørelengde (mill. km),2010,2010,579.0,
29,Små varebiler,1,Bensin,Kjorelengde,Kjørelengde (mill. km),2011,2011,488.0,
29,Små varebiler,1,Bensin,Kjorelengde,Kjørelengde (mill. km),2012,2012,421.7,
29,Små varebiler,1,Bensin,Kjorelengde,Kjørelengde (mill. km),2013,2013,358.7,
29,Små varebiler,1,Bensin,Kjorelengde,Kjørelengde (mill. km),2014,2014,304.6,
29,Små varebiler,1,Bensin,Kjorelengde,Kjørelengde (mill. km),2015,2015,260.1,
29,Små varebiler,1,Bensin,Kjorelengde,Kjørelengde (mill. km),2016,2016,229.8,
29,Små varebiler,1,Bensin,Kjorelengde,Kjørelengde (mill. km),2017,2017,200.9,
29,Små varebiler,1,Bensin,Kjorelengde,Kjørelengde (mill. km),2018,2018,185.2,
29,Små varebiler,1,Bensin,Kjorelengde,Kjørelengde (mill. km),2019,2019,173.0,
29,Små varebiler,1,Bensin,Kjorelengde,Kjørelengde (mill. km),2020,2020,148.3,
29,Små varebiler,1,Bensin,Kjorelengde,Kjørelengde (mill. km),2021,2021,143.5,
29,Små varebiler,1,Bensin,Kjorelengde,Kjørelengde (mill. km),2022,2022,131.3,
29,Små varebiler,1,Bensin,Kjorelengde,Kjørelengde (mill. km),2023,2023,122.7,
29,Små varebiler,1,Bensin,Kjorelengde,Kjørelengde (mill. km),2024,2024,116.7,
29,Små varebiler,1,Bensin,Kjorelengde,Kjørelengde (mill. km),2025,2025,110.7,
29,Små varebiler,1,Bensin,GjsnittKjorelengde,Gjennomsnittlig kjørelengde per kjøretøy (km),2005,2005,12800.0,
29,Små varebiler,1,Bensin,GjsnittKjorelengde,Gjennomsnittlig kjørelengde per kjøretøy (km),2006,2006,12756.0,
29,Små varebiler,1,Bensin,GjsnittKjorelengde,Gjennomsnittlig kjørelengde per kjøretøy (km),2007,2007,12918.0,
29,Små varebiler,1,Bensin,GjsnittKjorelengde,Gjennomsnittlig kjørelengde per kjøretøy (km),2008,2008,12369.0,
29,Små varebiler,1,Bensin,GjsnittKjorelengde,Gjennomsnittlig kjørelengde per kjøretøy (km),2009,2009,11794.0,
29,Små varebiler,1,Bensin,GjsnittKjorelengde,Gjennomsnittlig kjørelengde per kjøretøy (km),2010,2010,11099.0,
29,Små varebiler,1,Bensin,GjsnittKjorelengde,Gjennomsnittlig kjørelengde per kjøretøy (km),2011,2011,10486.0,
29,Små varebiler,1,Bensin,GjsnittKjorelengde,Gjennomsnittlig kjørelengde per kjøretøy (km),2012,2012,9998.0,
29,Små varebiler,1,Bensin,GjsnittKjorelengde,Gjennomsnittlig kjørelengde per kjøretøy (km),2013,2013,9410.0,
29,Små varebiler,1,Bensin,GjsnittKjorelengde,Gjennomsnittlig kjørelengde per kjøretøy (km),2014,2014,8904.0,
29,Små varebiler,1,Bensin,GjsnittKjorelengde,Gjennomsnittlig kjørelengde per kjøretøy (km),2015,2015,8473.0,
29,Små varebiler,1,Bensin,GjsnittKjorelengde,Gjennomsnittlig kjørelengde per kjøretøy (km),2016,2016,8271.0,
29,Små varebiler,1,Bensin,GjsnittKjorelengde,Gjennomsnittlig kjørelengde per kjøretøy (km),2017,2017,7851.0,
29,Små varebiler,1,Bensin,GjsnittKjorelengde,Gjennomsnittlig kjørelengde per kjøretøy (km),2018,2018,7976.0,
29,Små varebiler,1,Bensin,GjsnittKjorelengde,Gjennomsnittlig kjørelengde per kjøretøy (km),2019,2019,8098.0,
29,Små varebiler,1,Bensin,GjsnittKjorelengde,Gjennomsnittlig kjørelengde per kjøretøy (km),2020,2020,7423.0,
29,Små varebiler,1,Bensin,GjsnittKjorelengde,Gjennomsnittlig kjørelengde per kjøretøy (km),2021,2021,7756.0,
29,Små varebiler,1,Bensin,GjsnittKjorelengde,Gjennomsnittlig kjørelengde per kjøretøy (km),2022,2022,7563.0,
29,Små varebiler,1,Bensin,GjsnittKjorelengde,Gjennomsnittlig kjørelengde per kjøretøy (km),2023,2023,7491.0,
29,Små varebiler,1,Bensin,GjsnittKjorelengde,Gjennomsnittlig kjørelengde per kjøretøy (km),2024,2024,7501.0,
29,Små varebiler,1,Bensin,GjsnittKjorelengde,Gjennomsnittlig kjørelengde per kjøretøy (km),2025,2025,7924.0,
29,Små varebiler,2,Diesel,Kjorelengde,Kjørelengde (mill. km),2005,2005,2779.9,
29,Små varebiler,2,Diesel,Kjorelengde,Kjørelengde (mill. km),2006,2006,3266.7,
29,Små varebiler,2,Diesel,Kjorelengde,Kjørelengde (mill. km),2007,2007,3883.7,
29,Små varebiler,2,Diesel,Kjorelengde,Kjørelengde (mill. km),2008,2008,4302.3,
29,Små varebiler,2,Diesel,Kjorelengde,Kjørelengde (mill. km),2009,2009,4412.1,
29,Små varebiler,2,Diesel,Kjorelengde,Kjørelengde (mill. km),2010,2010,4502.6,
29,Små varebiler,2,Diesel,Kjorelengde,Kjørelengde (mill. km),2011,2011,4638.9,
29,Små varebiler,2,Diesel,Kjorelengde,Kjørelengde (mill. km),2012,2012,4803.4,
29,Små varebiler,2,Diesel,Kjorelengde,Kjørelengde (mill. km),2013,2013,4839.2,
29,Små varebiler,2,Diesel,Kjorelengde,Kjørelengde (mill. km),2014,2014,4850.5,
29,Små varebiler,2,Diesel,Kjorelengde,Kjørelengde (mill. km),2015,2015,4858.2,
29,Små varebiler,2,Diesel,Kjorelengde,Kjørelengde (mill. km),2016,2016,4872.5,
29,Små varebiler,2,Diesel,Kjorelengde,Kjørelengde (mill. km),2017,2017,4916.5,
29,Små varebiler,2,Diesel,Kjorelengde,Kjørelengde (mill. km),2018,2018,4923.7,
29,Små varebiler,2,Diesel,Kjorelengde,Kjørelengde (mill. km),2019,2019,4888.8,
29,Små varebiler,2,Diesel,Kjorelengde,Kjørelengde (mill. km),2020,2020,4678.8,
29,Små varebiler,2,Diesel,Kjorelengde,Kjørelengde (mill. km),2021,2021,5080.2,
29,Små varebiler,2,Diesel,Kjorelengde,Kjørelengde (mill. km),2022,2022,5025.6,
29,Små varebiler,2,Diesel,Kjorelengde,Kjørelengde (mill. km),2023,2023,4995.9,
29,Små varebiler,2,Diesel,Kjorelengde,Kjørelengde (mill. km),2024,2024,5000.6,
29,Små varebiler,2,Diesel,Kjorelengde,Kjørelengde (mill. km),2025,2025,4892.0,
29,Små varebiler,2,Diesel,GjsnittKjorelengde,Gjennomsnittlig kjørelengde per kjøretøy (km),2005,2005,16427.0,
29,Små varebiler,2,Diesel,GjsnittKjorelengde,Gjennomsnittlig kjørelengde per kjøretøy (km),2006,2006,16594.0,
29,Små varebiler,2,Diesel,GjsnittKjorelengde,Gjennomsnittlig kjørelengde per kjøretøy (km),2007,2007,17148.0,
29,Små varebiler,2,Diesel,GjsnittKjorelengde,Gjennomsnittlig kjørelengde per kjøretøy (km),2008,2008,17448.0,
29,Små varebiler,2,Diesel,GjsnittKjorelengde,Gjennomsnittlig kjørelengde per kjøretøy (km),2009,2009,17210.0,
29,Små varebiler,2,Diesel,GjsnittKjorelengde,Gjennomsnittlig kjørelengde per kjøretøy (km),2010,2010,16707.0,
29,Små varebiler,2,Diesel,GjsnittKjorelengde,Gjennomsnittlig kjørelengde per kjøretøy (km),2011,2011,16411.0,
29,Små varebiler,2,Diesel,GjsnittKjorelengde,Gjennomsnittlig kjørelengde per kjøretøy (km),2012,2012,16278.0,
29,Små varebiler,2,Diesel,GjsnittKjorelengde,Gjennomsnittlig kjørelengde per kjøretøy (km),2013,2013,15817.0,
29,Små varebiler,2,Diesel,GjsnittKjorelengde,Gjennomsnittlig kjørelengde per kjøretøy (km),2014,2014,15502.0,
29,Små varebiler,2,Diesel,GjsnittKjorelengde,Gjennomsnittlig kjørelengde per kjøretøy (km),2015,2015,15119.0,
29,Små varebiler,2,Diesel,GjsnittKjorelengde,Gjennomsnittlig kjørelengde per kjøretøy (km),2016,2016,14791.0,
29,Små varebiler,2,Diesel,GjsnittKjorelengde,Gjennomsnittlig kjørelengde per kjøretøy (km),2017,2017,14715.0,
29,Små varebiler,2,Diesel,GjsnittKjorelengde,Gjennomsnittlig kjørelengde per kjøretøy (km),2018,2018,14534.0,
29,Små varebiler,2,Diesel,GjsnittKjorelengde,Gjennomsnittlig kjørelengde per kjøretøy (km),2019,2019,14285.0,
29,Små varebiler,2,Diesel,GjsnittKjorelengde,Gjennomsnittlig kjørelengde per kjøretøy (km),2020,2020,13616.0,
29,Små varebiler,2,Diesel,GjsnittKjorelengde,Gjennomsnittlig kjørelengde per kjøretøy (km),2021,2021,14063.0,
29,Små varebiler,2,Diesel,GjsnittKjorelengde,Gjennomsnittlig kjørelengde per kjøretøy (km),2022,2022,13861.0,
29,Små varebiler,2,Diesel,GjsnittKjorelengde,Gjennomsnittlig kjørelengde per kjøretøy (km),2023,2023,13806.0,
29,Små varebiler,2,Diesel,GjsnittKjorelengde,Gjennomsnittlig kjørelengde per kjøretøy (km),2024,2024,13820.0,
29,Små varebiler,2,Diesel,GjsnittKjorelengde,Gjennomsnittlig kjørelengde per kjøretøy (km),2025,2025,13607.0,
29,Små varebiler,18,Elektrisitet,Kjorelengde,Kjørelengde (mill. km),2005,2005,0.6,
29,Små varebiler,18,Elektrisitet,Kjorelengde,Kjørelengde (mill. km),2006,2006,0.5,
29,Små varebiler,18,Elektrisitet,Kjorelengde,Kjørelengde (mill. km),2007,2007,0.5,
29,Små varebiler,18,Elektrisitet,Kjorelengde,Kjørelengde (mill. km),2008,2008,0.5,
29,Små varebiler,18,Elektrisitet,Kjorelengde,Kjørelengde (mill. km),2009,2009,0.5,
29,Små varebiler,18,Elektrisitet,Kjorelengde,Kjørelengde (mill. km),2010,2010,0.5,
29,Små varebiler,18,Elektrisitet,Kjorelengde,Kjørelengde (mill. km),2011,2011,0.5,
29,Små varebiler,18,Elektrisitet,Kjorelengde,Kjørelengde (mill. km),2012,2012,1.3,
29,Små varebiler,18,Elektrisitet,Kjorelengde,Kjørelengde (mill. km),2013,2013,3.2,
29,Små varebiler,18,Elektrisitet,Kjorelengde,Kjørelengde (mill. km),2014,2014,11.1,
29,Små varebiler,18,Elektrisitet,Kjorelengde,Kjørelengde (mill. km),2015,2015,10.4,
29,Små varebiler,18,Elektrisitet,Kjorelengde,Kjørelengde (mill. km),2016,2016,19.4,
29,Små varebiler,18,Elektrisitet,Kjorelengde,Kjørelengde (mill. km),2017,2017,28.7,
29,Små varebiler,18,Elektrisitet,Kjorelengde,Kjørelengde (mill. km),2018,2018,46.0,
29,Små varebiler,18,Elektrisitet,Kjorelengde,Kjørelengde (mill. km),2019,2019,63.7,
29,Små varebiler,18,Elektrisitet,Kjorelengde,Kjørelengde (mill. km),2020,2020,82.8,
29,Små varebiler,18,Elektrisitet,Kjorelengde,Kjørelengde (mill. km),2021,2021,128.8,
29,Små varebiler,18,Elektrisitet,Kjorelengde,Kjørelengde (mill. km),2022,2022,203.1,
29,Små varebiler,18,Elektrisitet,Kjorelengde,Kjørelengde (mill. km),2023,2023,276.4,
29,Små varebiler,18,Elektrisitet,Kjorelengde,Kjørelengde (mill. km),2024,2024,418.8,
29,Små varebiler,18,Elektrisitet,Kjorelengde,Kjørelengde (mill. km),2025,2025,554.8,
29,Små varebiler,18,Elektrisitet,GjsnittKjorelengde,Gjennomsnittlig kjørelengde per kjøretøy (km),2005,2005,7536.0,
29,Små varebiler,18,Elektrisitet,GjsnittKjorelengde,Gjennomsnittlig kjørelengde per kjøretøy (km),2006,2006,7142.0,
29,Små varebiler,18,Elektrisitet,GjsnittKjorelengde,Gjennomsnittlig kjørelengde per kjøretøy (km),2007,2007,7383.0,
29,Små varebiler,18,Elektrisitet,GjsnittKjorelengde,Gjennomsnittlig kjørelengde per kjøretøy (km),2008,2008,7382.0,
29,Små varebiler,18,Elektrisitet,GjsnittKjorelengde,Gjennomsnittlig kjørelengde per kjøretøy (km),2009,2009,6890.0,
29,Små varebiler,18,Elektrisitet,GjsnittKjorelengde,Gjennomsnittlig kjørelengde per kjøretøy (km),2010,2010,7338.0,
29,Små varebiler,18,Elektrisitet,GjsnittKjorelengde,Gjennomsnittlig kjørelengde per kjøretøy (km),2011,2011,4319.0,
29,Små varebiler,18,Elektrisitet,GjsnittKjorelengde,Gjennomsnittlig kjørelengde per kjøretøy (km),2012,2012,7737.0,
29,Små varebiler,18,Elektrisitet,GjsnittKjorelengde,Gjennomsnittlig kjørelengde per kjøretøy (km),2013,2013,6118.0,
29,Små varebiler,18,Elektrisitet,GjsnittKjorelengde,Gjennomsnittlig kjørelengde per kjøretøy (km),2014,2014,10171.0,
29,Små varebiler,18,Elektrisitet,GjsnittKjorelengde,Gjennomsnittlig kjørelengde per kjøretøy (km),2015,2015,5622.0,
29,Små varebiler,18,Elektrisitet,GjsnittKjorelengde,Gjennomsnittlig kjørelengde per kjøretøy (km),2016,2016,7461.0,
29,Små varebiler,18,Elektrisitet,GjsnittKjorelengde,Gjennomsnittlig kjørelengde per kjøretøy (km),2017,2017,8156.0,
29,Små varebiler,18,Elektrisitet,GjsnittKjorelengde,Gjennomsnittlig kjørelengde per kjøretøy (km),2018,2018,8478.0,
29,Små varebiler,18,Elektrisitet,GjsnittKjorelengde,Gjennomsnittlig kjørelengde per kjøretøy (km),2019,2019,8583.0,
29,Små varebiler,18,Elektrisitet,GjsnittKjorelengde,Gjennomsnittlig kjørelengde per kjøretøy (km),2020,2020,8362.0,
29,Små varebiler,18,Elektrisitet,GjsnittKjorelengde,Gjennomsnittlig kjørelengde per kjøretøy (km),2021,2021,8375.0,
29,Små varebiler,18,Elektrisitet,GjsnittKjorelengde,Gjennomsnittlig kjørelengde per kjøretøy (km),2022,2022,9193.0,
29,Små varebiler,18,Elektrisitet,GjsnittKjorelengde,Gjennomsnittlig kjørelengde per kjøretøy (km),2023,2023,9037.0,
29,Små varebiler,18,Elektrisitet,GjsnittKjorelengde,Gjennomsnittlig kjørelengde per kjøretøy (km),2024,2024,10923.0,
29,Små varebiler,18,Elektrisitet,GjsnittKjorelengde,Gjennomsnittlig kjørelengde per kjøretøy (km),2025,2025,10871.0,
29,Små varebiler,14,"Bensin hybrid, ladbar",Kjorelengde,Kjørelengde (mill. km),2005,2005,,.
29,Små varebiler,14,"Bensin hybrid, ladbar",Kjorelengde,Kjørelengde (mill. km),2006,2006,,.
29,Små varebiler,14,"Bensin hybrid, ladbar",Kjorelengde,Kjørelengde (mill. km),2007,2007,,.
29,Små varebiler,14,"Bensin hybrid, ladbar",Kjorelengde,Kjørelengde (mill. km),2008,2008,,.
29,Små varebiler,14,"Bensin hybrid, ladbar",Kjorelengde,Kjørelengde (mill. km),2009,2009,,.
29,Små varebiler,14,"Bensin hybrid, ladbar",Kjorelengde,Kjørelengde (mill. km),2010,2010,,.
29,Små varebiler,14,"Bensin hybrid, ladbar",Kjorelengde,Kjørelengde (mill. km),2011,2011,,.
29,Små varebiler,14,"Bensin hybrid, ladbar",Kjorelengde,Kjørelengde (mill. km),2012,2012,,.
29,Små varebiler,14,"Bensin hybrid, ladbar",Kjorelengde,Kjørelengde (mill. km),2013,2013,,.
29,Små varebiler,14,"Bensin hybrid, ladbar",Kjorelengde,Kjørelengde (mill. km),2014,2014,,.
29,Små varebiler,14,"Bensin hybrid, ladbar",Kjorelengde,Kjørelengde (mill. km),2015,2015,,.
29,Små varebiler,14,"Bensin hybrid, ladbar",Kjorelengde,Kjørelengde (mill. km),2016,2016,,:
29,Små varebiler,14,"Bensin hybrid, ladbar",Kjorelengde,Kjørelengde (mill. km),2017,2017,0.2,
29,Små varebiler,14,"Bensin hybrid, ladbar",Kjorelengde,Kjørelengde (mill. km),2018,2018,0.4,
29,Små varebiler,14,"Bensin hybrid, ladbar",Kjorelengde,Kjørelengde (mill. km),2019,2019,0.6,
29,Små varebiler,14,"Bensin hybrid, ladbar",Kjorelengde,Kjørelengde (mill. km),2020,2020,0.4,
29,Små varebiler,14,"Bensin hybrid, ladbar",Kjorelengde,Kjørelengde (mill. km),2021,2021,1.6,
29,Små varebiler,14,"Bensin hybrid, ladbar",Kjorelengde,Kjørelengde (mill. km),2022,2022,5.4,
29,Små varebiler,14,"Bensin hybrid, ladbar",Kjorelengde,Kjørelengde (mill. km),2023,2023,9.4,
29,Små varebiler,14,"Bensin hybrid, ladbar",Kjorelengde,Kjørelengde (mill. km),2024,2024,14.1,
29,Små varebiler,14,"Bensin hybrid, ladbar",Kjorelengde,Kjørelengde (mill. km),2025,2025,15.0,
29,Små varebiler,14,"Bensin hybrid, ladbar",GjsnittKjorelengde,Gjennomsnittlig kjørelengde per kjøretøy (km),2005,2005,,.
29,Små varebiler,14,"Bensin hybrid, ladbar",GjsnittKjorelengde,Gjennomsnittlig kjørelengde per kjøretøy (km),2006,2006,,.
29,Små varebiler,14,"Bensin hybrid, ladbar",GjsnittKjorelengde,Gjennomsnittlig kjørelengde per kjøretøy (km),2007,2007,,.
29,Små varebiler,14,"Bensin hybrid, ladbar",GjsnittKjorelengde,Gjennomsnittlig kjørelengde per kjøretøy (km),2008,2008,,.
29,Små varebiler,14,"Bensin hybrid, ladbar",GjsnittKjorelengde,Gjennomsnittlig kjørelengde per kjøretøy (km),2009,2009,,.
29,Små varebiler,14,"Bensin hybrid, ladbar",GjsnittKjorelengde,Gjennomsnittlig kjørelengde per kjøretøy (km),2010,2010,,.
29,Små varebiler,14,"Bensin hybrid, ladbar",GjsnittKjorelengde,Gjennomsnittlig kjørelengde per kjøretøy (km),2011,2011,,.
29,Små varebiler,14,"Bensin hybrid, ladbar",GjsnittKjorelengde,Gjennomsnittlig kjørelengde per kjøretøy (km),2012,2012,,.
29,Små varebiler,14,"Bensin hybrid, ladbar",GjsnittKjorelengde,Gjennomsnittlig kjørelengde per kjøretøy (km),2013,2013,,.
29,Små varebiler,14,"Bensin hybrid, ladbar",GjsnittKjorelengde,Gjennomsnittlig kjørelengde per kjøretøy (km),2014,2014,,.
29,Små varebiler,14,"Bensin hybrid, ladbar",GjsnittKjorelengde,Gjennomsnittlig kjørelengde per kjøretøy (km),2015,2015,,.
29,Små varebiler,14,"Bensin hybrid, ladbar",GjsnittKjorelengde,Gjennomsnittlig kjørelengde per kjøretøy (km),2016,2016,,:
29,Små varebiler,14,"Bensin hybrid, ladbar",GjsnittKjorelengde,Gjennomsnittlig kjørelengde per kjøretøy (km),2017,2017,15711.0,
29,Små varebiler,14,"Bensin hybrid, ladbar",GjsnittKjorelengde,Gjennomsnittlig kjørelengde per kjøretøy (km),2018,2018,13646.0,
29,Små varebiler,14,"Bensin hybrid, ladbar",GjsnittKjorelengde,Gjennomsnittlig kjørelengde per kjøretøy (km),2019,2019,16074.0,
29,Små varebiler,14,"Bensin hybrid, ladbar",GjsnittKjorelengde,Gjennomsnittlig kjørelengde per kjøretøy (km),2020,2020,14856.0,
29,Små varebiler,14,"Bensin hybrid, ladbar",GjsnittKjorelengde,Gjennomsnittlig kjørelengde per kjøretøy (km),2021,2021,6672.0,
29,Små varebiler,14,"Bensin hybrid, ladbar",GjsnittKjorelengde,Gjennomsnittlig kjørelengde per kjøretøy (km),2022,2022,11972.0,
29,Små varebiler,14,"Bensin hybrid, ladbar",GjsnittKjorelengde,Gjennomsnittlig kjørelengde per kjøretøy (km),2023,2023,16451.0,
29,Små varebiler,14,"Bensin hybrid, ladbar",GjsnittKjorelengde,Gjennomsnittlig kjørelengde per kjøretøy (km),2024,2024,21255.0,
29,Små varebiler,14,"Bensin hybrid, ladbar",GjsnittKjorelengde,Gjennomsnittlig kjørelengde per kjøretøy (km),2025,2025,15665.0,
29,Små varebiler,15,"Bensin hybrid, ikke ladbar",Kjorelengde,Kjørelengde (mill. km),2005,2005,,.
29,Små varebiler,15,"Bensin hybrid, ikke ladbar",Kjorelengde,Kjørelengde (mill. km),2006,2006,,.
29,Små varebiler,15,"Bensin hybrid, ikke ladbar",Kjorelengde,Kjørelengde (mill. km),2007,2007,,.
29,Små varebiler,15,"Bensin hybrid, ikke ladbar",Kjorelengde,Kjørelengde (mill. km),2008,2008,,.
29,Små varebiler,15,"Bensin hybrid, ikke ladbar",Kjorelengde,Kjørelengde (mill. km),2009,2009,,.
29,Små varebiler,15,"Bensin hybrid, ikke ladbar",Kjorelengde,Kjørelengde (mill. km),2010,2010,,.
29,Små varebiler,15,"Bensin hybrid, ikke ladbar",Kjorelengde,Kjørelengde (mill. km),2011,2011,,.
29,Små varebiler,15,"Bensin hybrid, ikke ladbar",Kjorelengde,Kjørelengde (mill. km),2012,2012,,.
29,Små varebiler,15,"Bensin hybrid, ikke ladbar",Kjorelengde,Kjørelengde (mill. km),2013,2013,,.
29,Små varebiler,15,"Bensin hybrid, ikke ladbar",Kjorelengde,Kjørelengde (mill. km),2014,2014,,.
29,Små varebiler,15,"Bensin hybrid, ikke ladbar",Kjorelengde,Kjørelengde (mill. km),2015,2015,,.
29,Små varebiler,15,"Bensin hybrid, ikke ladbar",Kjorelengde,Kjørelengde (mill. km),2016,2016,0.7,
29,Små varebiler,15,"Bensin hybrid, ikke ladbar",Kjorelengde,Kjørelengde (mill. km),2017,2017,0.6,
29,Små varebiler,15,"Bensin hybrid, ikke ladbar",Kjorelengde,Kjørelengde (mill. km),2018,2018,0.7,
29,Små varebiler,15,"Bensin hybrid, ikke ladbar",Kjorelengde,Kjørelengde (mill. km),2019,2019,0.7,
29,Små varebiler,15,"Bensin hybrid, ikke ladbar",Kjorelengde,Kjørelengde (mill. km),2020,2020,0.0,
29,Små varebiler,15,"Bensin hybrid, ikke ladbar",Kjorelengde,Kjørelengde (mill. km),2021,2021,0.3,
29,Små varebiler,15,"Bensin hybrid, ikke ladbar",Kjorelengde,Kjørelengde (mill. km),2022,2022,0.6,
29,Små varebiler,15,"Bensin hybrid, ikke ladbar",Kjorelengde,Kjørelengde (mill. km),2023,2023,1.0,
29,Små varebiler,15,"Bensin hybrid, ikke ladbar",Kjorelengde,Kjørelengde (mill. km),2024,2024,1.2,
29,Små varebiler,15,"Bensin hybrid, ikke ladbar",Kjorelengde,Kjørelengde (mill. km),2025,2025,1.8,
29,Små varebiler,15,"Bensin hybrid, ikke ladbar",GjsnittKjorelengde,Gjennomsnittlig kjørelengde per kjøretøy (km),2005,2005,,.
29,Små varebiler,15,"Bensin hybrid, ikke ladbar",GjsnittKjorelengde,Gjennomsnittlig kjørelengde per kjøretøy (km),2006,2006,,.
29,Små varebiler,15,"Bensin hybrid, ikke ladbar",GjsnittKjorelengde,Gjennomsnittlig kjørelengde per kjøretøy (km),2007,2007,,.
29,Små varebiler,15,"Bensin hybrid, ikke ladbar",GjsnittKjorelengde,Gjennomsnittlig kjørelengde per kjøretøy (km),2008,2008,,.
29,Små varebiler,15,"Bensin hybrid, ikke ladbar",GjsnittKjorelengde,Gjennomsnittlig kjørelengde per kjøretøy (km),2009,2009,,.
29,Små varebiler,15,"Bensin hybrid, ikke ladbar",GjsnittKjorelengde,Gjennomsnittlig kjørelengde per kjøretøy (km),2010,2010,,.
29,Små varebiler,15,"Bensin hybrid, ikke ladbar",GjsnittKjorelengde,Gjennomsnittlig kjørelengde per kjøretøy (km),2011,2011,,.
29,Små varebiler,15,"Bensin hybrid, ikke ladbar",GjsnittKjorelengde,Gjennomsnittlig kjørelengde per kjøretøy (km),2012,2012,,.
29,Små varebiler,15,"Bensin hybrid, ikke ladbar",GjsnittKjorelengde,Gjennomsnittlig kjørelengde per kjøretøy (km),2013,2013,,.
29,Små varebiler,15,"Bensin hybrid, ikke ladbar",GjsnittKjorelengde,Gjennomsnittlig kjørelengde per kjøretøy (km),2014,2014,,.
29,Små varebiler,15,"Bensin hybrid, ikke ladbar",GjsnittKjorelengde,Gjennomsnittlig kjørelengde per kjøretøy (km),2015,2015,,.
29,Små varebiler,15,"Bensin hybrid, ikke ladbar",GjsnittKjorelengde,Gjennomsnittlig kjørelengde per kjøretøy (km),2016,2016,10638.0,
29,Små varebiler,15,"Bensin hybrid, ikke ladbar",GjsnittKjorelengde,Gjennomsnittlig kjørelengde per kjøretøy (km),2017,2017,10853.0,
29,Små varebiler,15,"Bensin hybrid, ikke ladbar",GjsnittKjorelengde,Gjennomsnittlig kjørelengde per kjøretøy (km),2018,2018,12109.0,
29,Små varebiler,15,"Bensin hybrid, ikke ladbar",GjsnittKjorelengde,Gjennomsnittlig kjørelengde per kjøretøy (km),2019,2019,11887.0,
29,Små varebiler,15,"Bensin hybrid, ikke ladbar",GjsnittKjorelengde,Gjennomsnittlig kjørelengde per kjøretøy (km),2020,2020,1931.0,
29,Små varebiler,15,"Bensin hybrid, ikke ladbar",GjsnittKjorelengde,Gjennomsnittlig kjørelengde per kjøretøy (km),2021,2021,11035.0,
29,Små varebiler,15,"Bensin hybrid, ikke ladbar",GjsnittKjorelengde,Gjennomsnittlig kjørelengde per kjøretøy (km),2022,2022,13598.0,
29,Små varebiler,15,"Bensin hybrid, ikke ladbar",GjsnittKjorelengde,Gjennomsnittlig kjørelengde per kjøretøy (km),2023,2023,15892.0,
29,Små varebiler,15,"Bensin hybrid, ikke ladbar",GjsnittKjorelengde,Gjennomsnittlig kjørelengde per kjøretøy (km),2024,2024,11417.0,
29,Små varebiler,15,"Bensin hybrid, ikke ladbar",GjsnittKjorelengde,Gjennomsnittlig kjørelengde per kjøretøy (km),2025,2025,11856.0,
29,Små varebiler,16,"Diesel hybrid, ladbar",Kjorelengde,Kjørelengde (mill. km),2005,2005,,.
29,Små varebiler,16,"Diesel hybrid, ladbar",Kjorelengde,Kjørelengde (mill. km),2006,2006,,.
29,Små varebiler,16,"Diesel hybrid, ladbar",Kjorelengde,Kjørelengde (mill. km),2007,2007,,.
29,Små varebiler,16,"Diesel hybrid, ladbar",Kjorelengde,Kjørelengde (mill. km),2008,2008,,.
29,Små varebiler,16,"Diesel hybrid, ladbar",Kjorelengde,Kjørelengde (mill. km),2009,2009,,.
29,Små varebiler,16,"Diesel hybrid, ladbar",Kjorelengde,Kjørelengde (mill. km),2010,2010,,.
29,Små varebiler,16,"Diesel hybrid, ladbar",Kjorelengde,Kjørelengde (mill. km),2011,2011,,.
29,Små varebiler,16,"Diesel hybrid, ladbar",Kjorelengde,Kjørelengde (mill. km),2012,2012,,.
29,Små varebiler,16,"Diesel hybrid, ladbar",Kjorelengde,Kjørelengde (mill. km),2013,2013,,.
29,Små varebiler,16,"Diesel hybrid, ladbar",Kjorelengde,Kjørelengde (mill. km),2014,2014,,.
29,Små varebiler,16,"Diesel hybrid, ladbar",Kjorelengde,Kjørelengde (mill. km),2015,2015,,.
29,Små varebiler,16,"Diesel hybrid, ladbar",Kjorelengde,Kjørelengde (mill. km),2016,2016,,.
29,Små varebiler,16,"Diesel hybrid, ladbar",Kjorelengde,Kjørelengde (mill. km),2017,2017,,.
29,Små varebiler,16,"Diesel hybrid, ladbar",Kjorelengde,Kjørelengde (mill. km),2018,2018,,.
29,Små varebiler,16,"Diesel hybrid, ladbar",Kjorelengde,Kjørelengde (mill. km),2019,2019,,.
29,Små varebiler,16,"Diesel hybrid, ladbar",Kjorelengde,Kjørelengde (mill. km),2020,2020,,.
29,Små varebiler,16,"Diesel hybrid, ladbar",Kjorelengde,Kjørelengde (mill. km),2021,2021,0.0,
29,Små varebiler,16,"Diesel hybrid, ladbar",Kjorelengde,Kjørelengde (mill. km),2022,2022,0.0,
29,Små varebiler,16,"Diesel hybrid, ladbar",Kjorelengde,Kjørelengde (mill. km),2023,2023,0.1,
29,Små varebiler,16,"Diesel hybrid, ladbar",Kjorelengde,Kjørelengde (mill. km),2024,2024,0.1,
29,Små varebiler,16,"Diesel hybrid, ladbar",Kjorelengde,Kjørelengde (mill. km),2025,2025,0.1,
29,Små varebiler,16,"Diesel hybrid, ladbar",GjsnittKjorelengde,Gjennomsnittlig kjørelengde per kjøretøy (km),2005,2005,,.
29,Små varebiler,16,"Diesel hybrid, ladbar",GjsnittKjorelengde,Gjennomsnittlig kjørelengde per kjøretøy (km),2006,2006,,.
29,Små varebiler,16,"Diesel hybrid, ladbar",GjsnittKjorelengde,Gjennomsnittlig kjørelengde per kjøretøy (km),2007,2007,,.
29,Små varebiler,16,"Diesel hybrid, ladbar",GjsnittKjorelengde,Gjennomsnittlig kjørelengde per kjøretøy (km),2008,2008,,.
29,Små varebiler,16,"Diesel hybrid, ladbar",GjsnittKjorelengde,Gjennomsnittlig kjørelengde per kjøretøy (km),2009,2009,,.
29,Små varebiler,16,"Diesel hybrid, ladbar",GjsnittKjorelengde,Gjennomsnittlig kjørelengde per kjøretøy (km),2010,2010,,.
29,Små varebiler,16,"Diesel hybrid, ladbar",GjsnittKjorelengde,Gjennomsnittlig kjørelengde per kjøretøy (km),2011,2011,,.
29,Små varebiler,16,"Diesel hybrid, ladbar",GjsnittKjorelengde,Gjennomsnittlig kjørelengde per kjøretøy (km),2012,2012,,.
29,Små varebiler,16,"Diesel hybrid, ladbar",GjsnittKjorelengde,Gjennomsnittlig kjørelengde per kjøretøy (km),2013,2013,,.
29,Små varebiler,16,"Diesel hybrid, ladbar",GjsnittKjorelengde,Gjennomsnittlig kjørelengde per kjøretøy (km),2014,2014,,.
29,Små varebiler,16,"Diesel hybrid, ladbar",GjsnittKjorelengde,Gjennomsnittlig kjørelengde per kjøretøy (km),2015,2015,,.
29,Små varebiler,16,"Diesel hybrid, ladbar",GjsnittKjorelengde,Gjennomsnittlig kjørelengde per kjøretøy (km),2016,2016,,.
29,Små varebiler,16,"Diesel hybrid, ladbar",GjsnittKjorelengde,Gjennomsnittlig kjørelengde per kjøretøy (km),2017,2017,,.
29,Små varebiler,16,"Diesel hybrid, ladbar",GjsnittKjorelengde,Gjennomsnittlig kjørelengde per kjøretøy (km),2018,2018,,.
29,Små varebiler,16,"Diesel hybrid, ladbar",GjsnittKjorelengde,Gjennomsnittlig kjørelengde per kjøretøy (km),2019,2019,,.
29,Små varebiler,16,"Diesel hybrid, ladbar",GjsnittKjorelengde,Gjennomsnittlig kjørelengde per kjøretøy (km),2020,2020,,.
29,Små varebiler,16,"Diesel hybrid, ladbar",GjsnittKjorelengde,Gjennomsnittlig kjørelengde per kjøretøy (km),2021,2021,8072.0,
29,Små varebiler,16,"Diesel hybrid, ladbar",GjsnittKjorelengde,Gjennomsnittlig kjørelengde per kjøretøy (km),2022,2022,7097.0,
29,Små varebiler,16,"Diesel hybrid, ladbar",GjsnittKjorelengde,Gjennomsnittlig kjørelengde per kjøretøy (km),2023,2023,18259.0,
29,Små varebiler,16,"Diesel hybrid, ladbar",GjsnittKjorelengde,Gjennomsnittlig kjørelengde per kjøretøy (km),2024,2024,16033.0,
29,Små varebiler,16,"Diesel hybrid, ladbar",GjsnittKjorelengde,Gjennomsnittlig kjørelengde per kjøretøy (km),2025,2025,20745.0,
29,Små varebiler,17,"Diesel hybrid, ikke ladbar",Kjorelengde,Kjørelengde (mill. km),2005,2005,,.
29,Små varebiler,17,"Diesel hybrid, ikke ladbar",Kjorelengde,Kjørelengde (mill. km),2006,2006,,.
29,Små varebiler,17,"Diesel hybrid, ikke ladbar",Kjorelengde,Kjørelengde (mill. km),2007,2007,,.
29,Små varebiler,17,"Diesel hybrid, ikke ladbar",Kjorelengde,Kjørelengde (mill. km),2008,2008,,.
29,Små varebiler,17,"Diesel hybrid, ikke ladbar",Kjorelengde,Kjørelengde (mill. km),2009,2009,,.
29,Små varebiler,17,"Diesel hybrid, ikke ladbar",Kjorelengde,Kjørelengde (mill. km),2010,2010,,.
29,Små varebiler,17,"Diesel hybrid, ikke ladbar",Kjorelengde,Kjørelengde (mill. km),2011,2011,,.
29,Små varebiler,17,"Diesel hybrid, ikke ladbar",Kjorelengde,Kjørelengde (mill. km),2012,2012,,.
29,Små varebiler,17,"Diesel hybrid, ikke ladbar",Kjorelengde,Kjørelengde (mill. km),2013,2013,,.
29,Små varebiler,17,"Diesel hybrid, ikke ladbar",Kjorelengde,Kjørelengde (mill. km),2014,2014,,.
29,Små varebiler,17,"Diesel hybrid, ikke ladbar",Kjorelengde,Kjørelengde (mill. km),2015,2015,,.
29,Små varebiler,17,"Diesel hybrid, ikke ladbar",Kjorelengde,Kjørelengde (mill. km),2016,2016,,.
29,Små varebiler,17,"Diesel hybrid, ikke ladbar",Kjorelengde,Kjørelengde (mill. km),2017,2017,,.
29,Små varebiler,17,"Diesel hybrid, ikke ladbar",Kjorelengde,Kjørelengde (mill. km),2018,2018,,:
29,Små varebiler,17,"Diesel hybrid, ikke ladbar",Kjorelengde,Kjørelengde (mill. km),2019,2019,0.0,
29,Små varebiler,17,"Diesel hybrid, ikke ladbar",Kjorelengde,Kjørelengde (mill. km),2020,2020,0.2,
29,Små varebiler,17,"Diesel hybrid, ikke ladbar",Kjorelengde,Kjørelengde (mill. km),2021,2021,2.9,
29,Små varebiler,17,"Diesel hybrid, ikke ladbar",Kjorelengde,Kjørelengde (mill. km),2022,2022,6.5,
29,Små varebiler,17,"Diesel hybrid, ikke ladbar",Kjorelengde,Kjørelengde (mill. km),2023,2023,10.0,
29,Små varebiler,17,"Diesel hybrid, ikke ladbar",Kjorelengde,Kjørelengde (mill. km),2024,2024,12.0,
29,Små varebiler,17,"Diesel hybrid, ikke ladbar",Kjorelengde,Kjørelengde (mill. km),2025,2025,21.2,
29,Små varebiler,17,"Diesel hybrid, ikke ladbar",GjsnittKjorelengde,Gjennomsnittlig kjørelengde per kjøretøy (km),2005,2005,,.
29,Små varebiler,17,"Diesel hybrid, ikke ladbar",GjsnittKjorelengde,Gjennomsnittlig kjørelengde per kjøretøy (km),2006,2006,,.
29,Små varebiler,17,"Diesel hybrid, ikke ladbar",GjsnittKjorelengde,Gjennomsnittlig kjørelengde per kjøretøy (km),2007,2007,,.
29,Små varebiler,17,"Diesel hybrid, ikke ladbar",GjsnittKjorelengde,Gjennomsnittlig kjørelengde per kjøretøy (km),2008,2008,,.
29,Små varebiler,17,"Diesel hybrid, ikke ladbar",GjsnittKjorelengde,Gjennomsnittlig kjørelengde per kjøretøy (km),2009,2009,,.
29,Små varebiler,17,"Diesel hybrid, ikke ladbar",GjsnittKjorelengde,Gjennomsnittlig kjørelengde per kjøretøy (km),2010,2010,,.
29,Små varebiler,17,"Diesel hybrid, ikke ladbar",GjsnittKjorelengde,Gjennomsnittlig kjørelengde per kjøretøy (km),2011,2011,,.
29,Små varebiler,17,"Diesel hybrid, ikke ladbar",GjsnittKjorelengde,Gjennomsnittlig kjørelengde per kjøretøy (km),2012,2012,,.
29,Små varebiler,17,"Diesel hybrid, ikke ladbar",GjsnittKjorelengde,Gjennomsnittlig kjørelengde per kjøretøy (km),2013,2013,,.
29,Små varebiler,17,"Diesel hybrid, ikke ladbar",GjsnittKjorelengde,Gjennomsnittlig kjørelengde per kjøretøy (km),2014,2014,,.
29,Små varebiler,17,"Diesel hybrid, ikke ladbar",GjsnittKjorelengde,Gjennomsnittlig kjørelengde per kjøretøy (km),2015,2015,,.
29,Små varebiler,17,"Diesel hybrid, ikke ladbar",GjsnittKjorelengde,Gjennomsnittlig kjørelengde per kjøretøy (km),2016,2016,,.
29,Små varebiler,17,"Diesel hybrid, ikke ladbar",GjsnittKjorelengde,Gjennomsnittlig kjørelengde per kjøretøy (km),2017,2017,,.
29,Små varebiler,17,"Diesel hybrid, ikke ladbar",GjsnittKjorelengde,Gjennomsnittlig kjørelengde per kjøretøy (km),2018,2018,,:
29,Små varebiler,17,"Diesel hybrid, ikke ladbar",GjsnittKjorelengde,Gjennomsnittlig kjørelengde per kjøretøy (km),2019,2019,7125.0,
29,Små varebiler,17,"Diesel hybrid, ikke ladbar",GjsnittKjorelengde,Gjennomsnittlig kjørelengde per kjøretøy (km),2020,2020,9541.0,
29,Små varebiler,17,"Diesel hybrid, ikke ladbar",GjsnittKjorelengde,Gjennomsnittlig kjørelengde per kjøretøy (km),2021,2021,10778.0,
29,Små varebiler,17,"Diesel hybrid, ikke ladbar",GjsnittKjorelengde,Gjennomsnittlig kjørelengde per kjøretøy (km),2022,2022,13271.0,
29,Små varebiler,17,"Diesel hybrid, ikke ladbar",GjsnittKjorelengde,Gjennomsnittlig kjørelengde per kjøretøy (km),2023,2023,15879.0,
29,Små varebiler,17,"Diesel hybrid, ikke ladbar",GjsnittKjorelengde,Gjennomsnittlig kjørelengde per kjøretøy (km),2024,2024,13552.0,
29,Små varebiler,17,"Diesel hybrid, ikke ladbar",GjsnittKjorelengde,Gjennomsnittlig kjørelengde per kjøretøy (km),2025,2025,13154.0,
29,Små varebiler,3,Parafin,Kjorelengde,Kjørelengde (mill. km),2005,2005,,.
29,Små varebiler,3,Parafin,Kjorelengde,Kjørelengde (mill. km),2006,2006,,.
29,Små varebiler,3,Parafin,Kjorelengde,Kjørelengde (mill. km),2007,2007,,.
29,Små varebiler,3,Parafin,Kjorelengde,Kjørelengde (mill. km),2008,2008,,.
29,Små varebiler,3,Parafin,Kjorelengde,Kjørelengde (mill. km),2009,2009,,.
29,Små varebiler,3,Parafin,Kjorelengde,Kjørelengde (mill. km),2010,2010,,.
29,Små varebiler,3,Parafin,Kjorelengde,Kjørelengde (mill. km),2011,2011,,.
29,Små varebiler,3,Parafin,Kjorelengde,Kjørelengde (mill. km),2012,2012,,.
29,Små varebiler,3,Parafin,Kjorelengde,Kjørelengde (mill. km),2013,2013,,.
29,Små varebiler,3,Parafin,Kjorelengde,Kjørelengde (mill. km),2014,2014,,.
29,Små varebiler,3,Parafin,Kjorelengde,Kjørelengde (mill. km),2015,2015,,.
29,Små varebiler,3,Parafin,Kjorelengde,Kjørelengde (mill. km),2016,2016,,.
29,Små varebiler,3,Parafin,Kjorelengde,Kjørelengde (mill. km),2017,2017,,.
29,Små varebiler,3,Parafin,Kjorelengde,Kjørelengde (mill. km),2018,2018,,:
29,Små varebiler,3,Parafin,Kjorelengde,Kjørelengde (mill. km),2019,2019,,:
29,Små varebiler,3,Parafin,Kjorelengde,Kjørelengde (mill. km),2020,2020,,:
29,Små varebiler,3,Parafin,Kjorelengde,Kjørelengde (mill. km),2021,2021,,:
29,Små varebiler,3,Parafin,Kjorelengde,Kjørelengde (mill. km),2022,2022,,:
29,Små varebiler,3,Parafin,Kjorelengde,Kjørelengde (mill. km),2023,2023,,:
29,Små varebiler,3,Parafin,Kjorelengde,Kjørelengde (mill. km),2024,2024,,:
29,Små varebiler,3,Parafin,Kjorelengde,Kjørelengde (mill. km),2025,2025,0.0,
29,Små varebiler,3,Parafin,GjsnittKjorelengde,Gjennomsnittlig kjørelengde per kjøretøy (km),2005,2005,,.
29,Små varebiler,3,Parafin,GjsnittKjorelengde,Gjennomsnittlig kjørelengde per kjøretøy (km),2006,2006,,.
29,Små varebiler,3,Parafin,GjsnittKjorelengde,Gjennomsnittlig kjørelengde per kjøretøy (km),2007,2007,,.
29,Små varebiler,3,Parafin,GjsnittKjorelengde,Gjennomsnittlig kjørelengde per kjøretøy (km),2008,2008,,.
29,Små varebiler,3,Parafin,GjsnittKjorelengde,Gjennomsnittlig kjørelengde per kjøretøy (km),2009,2009,,.
29,Små varebiler,3,Parafin,GjsnittKjorelengde,Gjennomsnittlig kjørelengde per kjøretøy (km),2010,2010,,.
29,Små varebiler,3,Parafin,GjsnittKjorelengde,Gjennomsnittlig kjørelengde per kjøretøy (km),2011,2011,,.
29,Små varebiler,3,Parafin,GjsnittKjorelengde,Gjennomsnittlig kjørelengde per kjøretøy (km),2012,2012,,.
29,Små varebiler,3,Parafin,GjsnittKjorelengde,Gjennomsnittlig kjørelengde per kjøretøy (km),2013,2013,,.
29,Små varebiler,3,Parafin,GjsnittKjorelengde,Gjennomsnittlig kjørelengde per kjøretøy (km),2014,2014,,.
29,Små varebiler,3,Parafin,GjsnittKjorelengde,Gjennomsnittlig kjørelengde per kjøretøy (km),2015,2015,,.
29,Små varebiler,3,Parafin,GjsnittKjorelengde,Gjennomsnittlig kjørelengde per kjøretøy (km),2016,2016,,.
29,Små varebiler,3,Parafin,GjsnittKjorelengde,Gjennomsnittlig kjørelengde per kjøretøy (km),2017,2017,,.
29,Små varebiler,3,Parafin,GjsnittKjorelengde,Gjennomsnittlig kjørelengde per kjøretøy (km),2018,2018,,:
29,Små varebiler,3,Parafin,GjsnittKjorelengde,Gjennomsnittlig kjørelengde per kjøretøy (km),2019,2019,,:
29,Små varebiler,3,Parafin,GjsnittKjorelengde,Gjennomsnittlig kjørelengde per kjøretøy (km),2020,2020,,:
29,Små varebiler,3,Parafin,GjsnittKjorelengde,Gjennomsnittlig kjørelengde per kjøretøy (km),2021,2021,,:
29,Små varebiler,3,Parafin,GjsnittKjorelengde,Gjennomsnittlig kjørelengde per kjøretøy (km),2022,2022,,:
29,Små varebiler,3,Parafin,GjsnittKjorelengde,Gjennomsnittlig kjørelengde per kjøretøy (km),2023,2023,,:
29,Små varebiler,3,Parafin,GjsnittKjorelengde,Gjennomsnittlig kjørelengde per kjøretøy (km),2024,2024,,:
29,Små varebiler,3,Parafin,GjsnittKjorelengde,Gjennomsnittlig kjørelengde per kjøretøy (km),2025,2025,4390.0,
29,Små varebiler,4,Gass,Kjorelengde,Kjørelengde (mill. km),2005,2005,,.
29,Små varebiler,4,Gass,Kjorelengde,Kjørelengde (mill. km),2006,2006,,.
29,Små varebiler,4,Gass,Kjorelengde,Kjørelengde (mill. km),2007,2007,,.
29,Små varebiler,4,Gass,Kjorelengde,Kjørelengde (mill. km),2008,2008,,.
29,Små varebiler,4,Gass,Kjorelengde,Kjørelengde (mill. km),2009,2009,,.
29,Små varebiler,4,Gass,Kjorelengde,Kjørelengde (mill. km),2010,2010,,.
29,Små varebiler,4,Gass,Kjorelengde,Kjørelengde (mill. km),2011,2011,,.
29,Små varebiler,4,Gass,Kjorelengde,Kjørelengde (mill. km),2012,2012,,.
29,Små varebiler,4,Gass,Kjorelengde,Kjørelengde (mill. km),2013,2013,,.
29,Små varebiler,4,Gass,Kjorelengde,Kjørelengde (mill. km),2014,2014,,.
29,Små varebiler,4,Gass,Kjorelengde,Kjørelengde (mill. km),2015,2015,,.
29,Små varebiler,4,Gass,Kjorelengde,Kjørelengde (mill. km),2016,2016,4.2,
29,Små varebiler,4,Gass,Kjorelengde,Kjørelengde (mill. km),2017,2017,5.9,
29,Små varebiler,4,Gass,Kjorelengde,Kjørelengde (mill. km),2018,2018,5.8,
29,Små varebiler,4,Gass,Kjorelengde,Kjørelengde (mill. km),2019,2019,5.6,
29,Små varebiler,4,Gass,Kjorelengde,Kjørelengde (mill. km),2020,2020,5.4,
29,Små varebiler,4,Gass,Kjorelengde,Kjørelengde (mill. km),2021,2021,5.3,
29,Små varebiler,4,Gass,Kjorelengde,Kjørelengde (mill. km),2022,2022,4.7,
29,Små varebiler,4,Gass,Kjorelengde,Kjørelengde (mill. km),2023,2023,4.6,
29,Små varebiler,4,Gass,Kjorelengde,Kjørelengde (mill. km),2024,2024,4.5,
29,Små varebiler,4,Gass,Kjorelengde,Kjørelengde (mill. km),2025,2025,4.0,
29,Små varebiler,4,Gass,GjsnittKjorelengde,Gjennomsnittlig kjørelengde per kjøretøy (km),2005,2005,,.
29,Små varebiler,4,Gass,GjsnittKjorelengde,Gjennomsnittlig kjørelengde per kjøretøy (km),2006,2006,,.
29,Små varebiler,4,Gass,GjsnittKjorelengde,Gjennomsnittlig kjørelengde per kjøretøy (km),2007,2007,,.
29,Små varebiler,4,Gass,GjsnittKjorelengde,Gjennomsnittlig kjørelengde per kjøretøy (km),2008,2008,,.
29,Små varebiler,4,Gass,GjsnittKjorelengde,Gjennomsnittlig kjørelengde per kjøretøy (km),2009,2009,,.
29,Små varebiler,4,Gass,GjsnittKjorelengde,Gjennomsnittlig kjørelengde per kjøretøy (km),2010,2010,,.
29,Små varebiler,4,Gass,GjsnittKjorelengde,Gjennomsnittlig kjørelengde per kjøretøy (km),2011,2011,,.
29,Små varebiler,4,Gass,GjsnittKjorelengde,Gjennomsnittlig kjørelengde per kjøretøy (km),2012,2012,,.
29,Små varebiler,4,Gass,GjsnittKjorelengde,Gjennomsnittlig kjørelengde per kjøretøy (km),2013,2013,,.
29,Små varebiler,4,Gass,GjsnittKjorelengde,Gjennomsnittlig kjørelengde per kjøretøy (km),2014,2014,,.
29,Små varebiler,4,Gass,GjsnittKjorelengde,Gjennomsnittlig kjørelengde per kjøretøy (km),2015,2015,,.
29,Små varebiler,4,Gass,GjsnittKjorelengde,Gjennomsnittlig kjørelengde per kjøretøy (km),2016,2016,10103.0,
29,Små varebiler,4,Gass,GjsnittKjorelengde,Gjennomsnittlig kjørelengde per kjøretøy (km),2017,2017,13009.0,
29,Små varebiler,4,Gass,GjsnittKjorelengde,Gjennomsnittlig kjørelengde per kjøretøy (km),2018,2018,11880.0,
29,Små varebiler,4,Gass,GjsnittKjorelengde,Gjennomsnittlig kjørelengde per kjøretøy (km),2019,2019,11220.0,
29,Små varebiler,4,Gass,GjsnittKjorelengde,Gjennomsnittlig kjørelengde per kjøretøy (km),2020,2020,10453.0,
29,Små varebiler,4,Gass,GjsnittKjorelengde,Gjennomsnittlig kjørelengde per kjøretøy (km),2021,2021,10425.0,
29,Små varebiler,4,Gass,GjsnittKjorelengde,Gjennomsnittlig kjørelengde per kjøretøy (km),2022,2022,9335.0,
29,Små varebiler,4,Gass,GjsnittKjorelengde,Gjennomsnittlig kjørelengde per kjøretøy (km),2023,2023,9861.0,
29,Små varebiler,4,Gass,GjsnittKjorelengde,Gjennomsnittlig kjørelengde per kjøretøy (km),2024,2024,10151.0,
29,Små varebiler,4,Gass,GjsnittKjorelengde,Gjennomsnittlig kjørelengde per kjøretøy (km),2025,2025,9842.0,
29,Små varebiler,13,Hydrogen,Kjorelengde,Kjørelengde (mill. km),2005,2005,,.
29,Små varebiler,13,Hydrogen,Kjorelengde,Kjørelengde (mill. km),2006,2006,,.
29,Små varebiler,13,Hydrogen,Kjorelengde,Kjørelengde (mill. km),2007,2007,,.
29,Små varebiler,13,Hydrogen,Kjorelengde,Kjørelengde (mill. km),2008,2008,,.
29,Små varebiler,13,Hydrogen,Kjorelengde,Kjørelengde (mill. km),2009,2009,,.
29,Små varebiler,13,Hydrogen,Kjorelengde,Kjørelengde (mill. km),2010,2010,,.
29,Små varebiler,13,Hydrogen,Kjorelengde,Kjørelengde (mill. km),2011,2011,,.
29,Små varebiler,13,Hydrogen,Kjorelengde,Kjørelengde (mill. km),2012,2012,,.
29,Små varebiler,13,Hydrogen,Kjorelengde,Kjørelengde (mill. km),2013,2013,,.
29,Små varebiler,13,Hydrogen,Kjorelengde,Kjørelengde (mill. km),2014,2014,,.
29,Små varebiler,13,Hydrogen,Kjorelengde,Kjørelengde (mill. km),2015,2015,,.
29,Små varebiler,13,Hydrogen,Kjorelengde,Kjørelengde (mill. km),2016,2016,,.
29,Små varebiler,13,Hydrogen,Kjorelengde,Kjørelengde (mill. km),2017,2017,,:
29,Små varebiler,13,Hydrogen,Kjorelengde,Kjørelengde (mill. km),2018,2018,,:
29,Små varebiler,13,Hydrogen,Kjorelengde,Kjørelengde (mill. km),2019,2019,,:
29,Små varebiler,13,Hydrogen,Kjorelengde,Kjørelengde (mill. km),2020,2020,,:
29,Små varebiler,13,Hydrogen,Kjorelengde,Kjørelengde (mill. km),2021,2021,,:
29,Små varebiler,13,Hydrogen,Kjorelengde,Kjørelengde (mill. km),2022,2022,,:
29,Små varebiler,13,Hydrogen,Kjorelengde,Kjørelengde (mill. km),2023,2023,,:
29,Små varebiler,13,Hydrogen,Kjorelengde,Kjørelengde (mill. km),2024,2024,,:
29,Små varebiler,13,Hydrogen,Kjorelengde,Kjørelengde (mill. km),2025,2025,0.0,
29,Små varebiler,13,Hydrogen,GjsnittKjorelengde,Gjennomsnittlig kjørelengde per kjøretøy (km),2005,2005,,.
29,Små varebiler,13,Hydrogen,GjsnittKjorelengde,Gjennomsnittlig kjørelengde per kjøretøy (km),2006,2006,,.
29,Små varebiler,13,Hydrogen,GjsnittKjorelengde,Gjennomsnittlig kjørelengde per kjøretøy (km),2007,2007,,.
29,Små varebiler,13,Hydrogen,GjsnittKjorelengde,Gjennomsnittlig kjørelengde per kjøretøy (km),2008,2008,,.
29,Små varebiler,13,Hydrogen,GjsnittKjorelengde,Gjennomsnittlig kjørelengde per kjøretøy (km),2009,2009,,.
29,Små varebiler,13,Hydrogen,GjsnittKjorelengde,Gjennomsnittlig kjørelengde per kjøretøy (km),2010,2010,,.
29,Små varebiler,13,Hydrogen,GjsnittKjorelengde,Gjennomsnittlig kjørelengde per kjøretøy (km),2011,2011,,.
29,Små varebiler,13,Hydrogen,GjsnittKjorelengde,Gjennomsnittlig kjørelengde per kjøretøy (km),2012,2012,,.
29,Små varebiler,13,Hydrogen,GjsnittKjorelengde,Gjennomsnittlig kjørelengde per kjøretøy (km),2013,2013,,.
29,Små varebiler,13,Hydrogen,GjsnittKjorelengde,Gjennomsnittlig kjørelengde per kjøretøy (km),2014,2014,,.
29,Små varebiler,13,Hydrogen,GjsnittKjorelengde,Gjennomsnittlig kjørelengde per kjøretøy (km),2015,2015,,.
29,Små varebiler,13,Hydrogen,GjsnittKjorelengde,Gjennomsnittlig kjørelengde per kjøretøy (km),2016,2016,,.
29,Små varebiler,13,Hydrogen,GjsnittKjorelengde,Gjennomsnittlig kjørelengde per kjøretøy (km),2017,2017,,:
29,Små varebiler,13,Hydrogen,GjsnittKjorelengde,Gjennomsnittlig kjørelengde per kjøretøy (km),2018,2018,,:
29,Små varebiler,13,Hydrogen,GjsnittKjorelengde,Gjennomsnittlig kjørelengde per kjøretøy (km),2019,2019,,:
29,Små varebiler,13,Hydrogen,GjsnittKjorelengde,Gjennomsnittlig kjørelengde per kjøretøy (km),2020,2020,,:
29,Små varebiler,13,Hydrogen,GjsnittKjorelengde,Gjennomsnittlig kjørelengde per kjøretøy (km),2021,2021,,:
29,Små varebiler,13,Hydrogen,GjsnittKjorelengde,Gjennomsnittlig kjørelengde per kjøretøy (km),2022,2022,,:
29,Små varebiler,13,Hydrogen,GjsnittKjorelengde,Gjennomsnittlig kjørelengde per kjøretøy (km),2023,2023,,:
29,Små varebiler,13,Hydrogen,GjsnittKjorelengde,Gjennomsnittlig kjørelengde per kjøretøy (km),2024,2024,,:
29,Små varebiler,13,Hydrogen,GjsnittKjorelengde,Gjennomsnittlig kjørelengde per kjøretøy (km),2025,2025,4950.0,
29,Små varebiler,7,Andre drivstoff,Kjorelengde,Kjørelengde (mill. km),2005,2005,0.0,
29,Små varebiler,7,Andre drivstoff,Kjorelengde,Kjørelengde (mill. km),2006,2006,0.2,
29,Små varebiler,7,Andre drivstoff,Kjorelengde,Kjørelengde (mill. km),2007,2007,0.6,
29,Små varebiler,7,Andre drivstoff,Kjorelengde,Kjørelengde (mill. km),2008,2008,1.2,
29,Små varebiler,7,Andre drivstoff,Kjorelengde,Kjørelengde (mill. km),2009,2009,1.8,
29,Små varebiler,7,Andre drivstoff,Kjorelengde,Kjørelengde (mill. km),2010,2010,2.3,
29,Små varebiler,7,Andre drivstoff,Kjorelengde,Kjørelengde (mill. km),2011,2011,2.9,
29,Små varebiler,7,Andre drivstoff,Kjorelengde,Kjørelengde (mill. km),2012,2012,3.8,
29,Små varebiler,7,Andre drivstoff,Kjorelengde,Kjørelengde (mill. km),2013,2013,4.6,
29,Små varebiler,7,Andre drivstoff,Kjorelengde,Kjørelengde (mill. km),2014,2014,5.9,
29,Små varebiler,7,Andre drivstoff,Kjorelengde,Kjørelengde (mill. km),2015,2015,4.4,
29,Små varebiler,7,Andre drivstoff,Kjorelengde,Kjørelengde (mill. km),2016,2016,,:
29,Små varebiler,7,Andre drivstoff,Kjorelengde,Kjørelengde (mill. km),2017,2017,,:
29,Små varebiler,7,Andre drivstoff,Kjorelengde,Kjørelengde (mill. km),2018,2018,,:
29,Små varebiler,7,Andre drivstoff,Kjorelengde,Kjørelengde (mill. km),2019,2019,,:
29,Små varebiler,7,Andre drivstoff,Kjorelengde,Kjørelengde (mill. km),2020,2020,0.3,
29,Små varebiler,7,Andre drivstoff,Kjorelengde,Kjørelengde (mill. km),2021,2021,0.3,
29,Små varebiler,7,Andre drivstoff,Kjorelengde,Kjørelengde (mill. km),2022,2022,0.2,
29,Små varebiler,7,Andre drivstoff,Kjorelengde,Kjørelengde (mill. km),2023,2023,3.7,
29,Små varebiler,7,Andre drivstoff,Kjorelengde,Kjørelengde (mill. km),2024,2024,21.9,
29,Små varebiler,7,Andre drivstoff,Kjorelengde,Kjørelengde (mill. km),2025,2025,32.6,
29,Små varebiler,7,Andre drivstoff,GjsnittKjorelengde,Gjennomsnittlig kjørelengde per kjøretøy (km),2005,2005,3492.0,
29,Små varebiler,7,Andre drivstoff,GjsnittKjorelengde,Gjennomsnittlig kjørelengde per kjøretøy (km),2006,2006,10755.0,
29,Små varebiler,7,Andre drivstoff,GjsnittKjorelengde,Gjennomsnittlig kjørelengde per kjøretøy (km),2007,2007,16245.0,
29,Små varebiler,7,Andre drivstoff,GjsnittKjorelengde,Gjennomsnittlig kjørelengde per kjøretøy (km),2008,2008,18298.0,
29,Små varebiler,7,Andre drivstoff,GjsnittKjorelengde,Gjennomsnittlig kjørelengde per kjøretøy (km),2009,2009,16993.0,
29,Små varebiler,7,Andre drivstoff,GjsnittKjorelengde,Gjennomsnittlig kjørelengde per kjøretøy (km),2010,2010,13278.0,
29,Små varebiler,7,Andre drivstoff,GjsnittKjorelengde,Gjennomsnittlig kjørelengde per kjøretøy (km),2011,2011,13077.0,
29,Små varebiler,7,Andre drivstoff,GjsnittKjorelengde,Gjennomsnittlig kjørelengde per kjøretøy (km),2012,2012,11796.0,
29,Små varebiler,7,Andre drivstoff,GjsnittKjorelengde,Gjennomsnittlig kjørelengde per kjøretøy (km),2013,2013,13085.0,
29,Små varebiler,7,Andre drivstoff,GjsnittKjorelengde,Gjennomsnittlig kjørelengde per kjøretøy (km),2014,2014,15676.0,
29,Små varebiler,7,Andre drivstoff,GjsnittKjorelengde,Gjennomsnittlig kjørelengde per kjøretøy (km),2015,2015,11207.0,
29,Små varebiler,7,Andre drivstoff,GjsnittKjorelengde,Gjennomsnittlig kjørelengde per kjøretøy (km),2016,2016,,:
29,Små varebiler,7,Andre drivstoff,GjsnittKjorelengde,Gjennomsnittlig kjørelengde per kjøretøy (km),2017,2017,,:
29,Små varebiler,7,Andre drivstoff,GjsnittKjorelengde,Gjennomsnittlig kjørelengde per kjøretøy (km),2018,2018,,:
29,Små varebiler,7,Andre drivstoff,GjsnittKjorelengde,Gjennomsnittlig kjørelengde per kjøretøy (km),2019,2019,,:
29,Små varebiler,7,Andre drivstoff,GjsnittKjorelengde,Gjennomsnittlig kjørelengde per kjøretøy (km),2020,2020,14126.0,
29,Små varebiler,7,Andre drivstoff,GjsnittKjorelengde,Gjennomsnittlig kjørelengde per kjøretøy (km),2021,2021,11095.0,
29,Små varebiler,7,Andre drivstoff,GjsnittKjorelengde,Gjennomsnittlig kjørelengde per kjøretøy (km),2022,2022,11414.0,
29,Små varebiler,7,Andre drivstoff,GjsnittKjorelengde,Gjennomsnittlig kjørelengde per kjøretøy (km),2023,2023,3518.0,
29,Små varebiler,7,Andre drivstoff,GjsnittKjorelengde,Gjennomsnittlig kjørelengde per kjøretøy (km),2024,2024,17167.0,
29,Små varebiler,7,Andre drivstoff,GjsnittKjorelengde,Gjennomsnittlig kjørelengde per kjøretøy (km),2025,2025,25598.0,
30,Store varebiler,0,Alle typer drivstoff,Kjorelengde,Kjørelengde (mill. km),2005,2005,908.9,
30,Store varebiler,0,Alle typer drivstoff,Kjorelengde,Kjørelengde (mill. km),2006,2006,967.9,
30,Store varebiler,0,Alle typer drivstoff,Kjorelengde,Kjørelengde (mill. km),2007,2007,1061.2,
30,Store varebiler,0,Alle typer drivstoff,Kjorelengde,Kjørelengde (mill. km),2008,2008,1149.0,
30,Store varebiler,0,Alle typer drivstoff,Kjorelengde,Kjørelengde (mill. km),2009,2009,1155.4,
30,Store varebiler,0,Alle typer drivstoff,Kjorelengde,Kjørelengde (mill. km),2010,2010,1257.4,
30,Store varebiler,0,Alle typer drivstoff,Kjorelengde,Kjørelengde (mill. km),2011,2011,1328.9,
30,Store varebiler,0,Alle typer drivstoff,Kjorelengde,Kjørelengde (mill. km),2012,2012,1503.0,
30,Store varebiler,0,Alle typer drivstoff,Kjorelengde,Kjørelengde (mill. km),2013,2013,1561.9,
30,Store varebiler,0,Alle typer drivstoff,Kjorelengde,Kjørelengde (mill. km),2014,2014,1595.3,
30,Store varebiler,0,Alle typer drivstoff,Kjorelengde,Kjørelengde (mill. km),2015,2015,1613.1,
30,Store varebiler,0,Alle typer drivstoff,Kjorelengde,Kjørelengde (mill. km),2016,2016,1686.5,
30,Store varebiler,0,Alle typer drivstoff,Kjorelengde,Kjørelengde (mill. km),2017,2017,1788.7,
30,Store varebiler,0,Alle typer drivstoff,Kjorelengde,Kjørelengde (mill. km),2018,2018,1916.5,
30,Store varebiler,0,Alle typer drivstoff,Kjorelengde,Kjørelengde (mill. km),2019,2019,1997.0,
30,Store varebiler,0,Alle typer drivstoff,Kjorelengde,Kjørelengde (mill. km),2020,2020,2047.3,
30,Store varebiler,0,Alle typer drivstoff,Kjorelengde,Kjørelengde (mill. km),2021,2021,1879.8,
30,Store varebiler,0,Alle typer drivstoff,Kjorelengde,Kjørelengde (mill. km),2022,2022,1895.3,
30,Store varebiler,0,Alle typer drivstoff,Kjorelengde,Kjørelengde (mill. km),2023,2023,1810.3,
30,Store varebiler,0,Alle typer drivstoff,Kjorelengde,Kjørelengde (mill. km),2024,2024,1760.1,
30,Store varebiler,0,Alle typer drivstoff,Kjorelengde,Kjørelengde (mill. km),2025,2025,1687.9,
30,Store varebiler,0,Alle typer drivstoff,GjsnittKjorelengde,Gjennomsnittlig kjørelengde per kjøretøy (km),2005,2005,16300.0,
30,Store varebiler,0,Alle typer drivstoff,GjsnittKjorelengde,Gjennomsnittlig kjørelengde per kjøretøy (km),2006,2006,16461.0,
30,Store varebiler,0,Alle typer drivstoff,GjsnittKjorelengde,Gjennomsnittlig kjørelengde per kjøretøy (km),2007,2007,16595.0,
30,Store varebiler,0,Alle typer drivstoff,GjsnittKjorelengde,Gjennomsnittlig kjørelengde per kjøretøy (km),2008,2008,17118.0,
30,Store varebiler,0,Alle typer drivstoff,GjsnittKjorelengde,Gjennomsnittlig kjørelengde per kjøretøy (km),2009,2009,17055.0,
30,Store varebiler,0,Alle typer drivstoff,GjsnittKjorelengde,Gjennomsnittlig kjørelengde per kjøretøy (km),2010,2010,17805.0,
30,Store varebiler,0,Alle typer drivstoff,GjsnittKjorelengde,Gjennomsnittlig kjørelengde per kjøretøy (km),2011,2011,16851.0,
30,Store varebiler,0,Alle typer drivstoff,GjsnittKjorelengde,Gjennomsnittlig kjørelengde per kjøretøy (km),2012,2012,17812.0,
30,Store varebiler,0,Alle typer drivstoff,GjsnittKjorelengde,Gjennomsnittlig kjørelengde per kjøretøy (km),2013,2013,17524.0,
30,Store varebiler,0,Alle typer drivstoff,GjsnittKjorelengde,Gjennomsnittlig kjørelengde per kjøretøy (km),2014,2014,17172.0,
30,Store varebiler,0,Alle typer drivstoff,GjsnittKjorelengde,Gjennomsnittlig kjørelengde per kjøretøy (km),2015,2015,16632.0,
30,Store varebiler,0,Alle typer drivstoff,GjsnittKjorelengde,Gjennomsnittlig kjørelengde per kjøretøy (km),2016,2016,16376.0,
30,Store varebiler,0,Alle typer drivstoff,GjsnittKjorelengde,Gjennomsnittlig kjørelengde per kjøretøy (km),2017,2017,16168.0,
30,Store varebiler,0,Alle typer drivstoff,GjsnittKjorelengde,Gjennomsnittlig kjørelengde per kjøretøy (km),2018,2018,16166.0,
30,Store varebiler,0,Alle typer drivstoff,GjsnittKjorelengde,Gjennomsnittlig kjørelengde per kjøretøy (km),2019,2019,15819.0,
30,Store varebiler,0,Alle typer drivstoff,GjsnittKjorelengde,Gjennomsnittlig kjørelengde per kjøretøy (km),2020,2020,15175.0,
30,Store varebiler,0,Alle typer drivstoff,GjsnittKjorelengde,Gjennomsnittlig kjørelengde per kjøretøy (km),2021,2021,15244.0,
30,Store varebiler,0,Alle typer drivstoff,GjsnittKjorelengde,Gjennomsnittlig kjørelengde per kjøretøy (km),2022,2022,15195.0,
30,Store varebiler,0,Alle typer drivstoff,GjsnittKjorelengde,Gjennomsnittlig kjørelengde per kjøretøy (km),2023,2023,14747.0,
30,Store varebiler,0,Alle typer drivstoff,GjsnittKjorelengde,Gjennomsnittlig kjørelengde per kjøretøy (km),2024,2024,14363.0,
30,Store varebiler,0,Alle typer drivstoff,GjsnittKjorelengde,Gjennomsnittlig kjørelengde per kjøretøy (km),2025,2025,14070.0,
30,Store varebiler,1,Bensin,Kjorelengde,Kjørelengde (mill. km),2005,2005,51.4,
30,Store varebiler,1,Bensin,Kjorelengde,Kjørelengde (mill. km),2006,2006,41.2,
30,Store varebiler,1,Bensin,Kjorelengde,Kjørelengde (mill. km),2007,2007,,:
30,Store varebiler,1,Bensin,Kjorelengde,Kjørelengde (mill. km),2008,2008,,:
30,Store varebiler,1,Bensin,Kjorelengde,Kjørelengde (mill. km),2009,2009,,:
30,Store varebiler,1,Bensin,Kjorelengde,Kjørelengde (mill. km),2010,2010,,:
30,Store varebiler,1,Bensin,Kjorelengde,Kjørelengde (mill. km),2011,2011,,:
30,Store varebiler,1,Bensin,Kjorelengde,Kjørelengde (mill. km),2012,2012,,:
30,Store varebiler,1,Bensin,Kjorelengde,Kjørelengde (mill. km),2013,2013,,:
30,Store varebiler,1,Bensin,Kjorelengde,Kjørelengde (mill. km),2014,2014,,:
30,Store varebiler,1,Bensin,Kjorelengde,Kjørelengde (mill. km),2015,2015,,:
30,Store varebiler,1,Bensin,Kjorelengde,Kjørelengde (mill. km),2016,2016,6.1,
30,Store varebiler,1,Bensin,Kjorelengde,Kjørelengde (mill. km),2017,2017,5.8,
30,Store varebiler,1,Bensin,Kjorelengde,Kjørelengde (mill. km),2018,2018,5.1,
30,Store varebiler,1,Bensin,Kjorelengde,Kjørelengde (mill. km),2019,2019,4.5,
30,Store varebiler,1,Bensin,Kjorelengde,Kjørelengde (mill. km),2020,2020,4.6,
30,Store varebiler,1,Bensin,Kjorelengde,Kjørelengde (mill. km),2021,2021,4.1,
30,Store varebiler,1,Bensin,Kjorelengde,Kjørelengde (mill. km),2022,2022,3.8,
30,Store varebiler,1,Bensin,Kjorelengde,Kjørelengde (mill. km),2023,2023,3.3,
30,Store varebiler,1,Bensin,Kjorelengde,Kjørelengde (mill. km),2024,2024,3.0,
30,Store varebiler,1,Bensin,Kjorelengde,Kjørelengde (mill. km),2025,2025,2.8,
30,Store varebiler,1,Bensin,GjsnittKjorelengde,Gjennomsnittlig kjørelengde per kjøretøy (km),2005,2005,7622.0,
30,Store varebiler,1,Bensin,GjsnittKjorelengde,Gjennomsnittlig kjørelengde per kjøretøy (km),2006,2006,7232.0,
30,Store varebiler,1,Bensin,GjsnittKjorelengde,Gjennomsnittlig kjørelengde per kjøretøy (km),2007,2007,,:
30,Store varebiler,1,Bensin,GjsnittKjorelengde,Gjennomsnittlig kjørelengde per kjøretøy (km),2008,2008,,:
30,Store varebiler,1,Bensin,GjsnittKjorelengde,Gjennomsnittlig kjørelengde per kjøretøy (km),2009,2009,,:
30,Store varebiler,1,Bensin,GjsnittKjorelengde,Gjennomsnittlig kjørelengde per kjøretøy (km),2010,2010,,:
30,Store varebiler,1,Bensin,GjsnittKjorelengde,Gjennomsnittlig kjørelengde per kjøretøy (km),2011,2011,,:
30,Store varebiler,1,Bensin,GjsnittKjorelengde,Gjennomsnittlig kjørelengde per kjøretøy (km),2012,2012,,:
30,Store varebiler,1,Bensin,GjsnittKjorelengde,Gjennomsnittlig kjørelengde per kjøretøy (km),2013,2013,,:
30,Store varebiler,1,Bensin,GjsnittKjorelengde,Gjennomsnittlig kjørelengde per kjøretøy (km),2014,2014,,:
30,Store varebiler,1,Bensin,GjsnittKjorelengde,Gjennomsnittlig kjørelengde per kjøretøy (km),2015,2015,,:
30,Store varebiler,1,Bensin,GjsnittKjorelengde,Gjennomsnittlig kjørelengde per kjøretøy (km),2016,2016,3808.0,
30,Store varebiler,1,Bensin,GjsnittKjorelengde,Gjennomsnittlig kjørelengde per kjøretøy (km),2017,2017,3751.0,
30,Store varebiler,1,Bensin,GjsnittKjorelengde,Gjennomsnittlig kjørelengde per kjøretøy (km),2018,2018,3812.0,
30,Store varebiler,1,Bensin,GjsnittKjorelengde,Gjennomsnittlig kjørelengde per kjøretøy (km),2019,2019,3530.0,
30,Store varebiler,1,Bensin,GjsnittKjorelengde,Gjennomsnittlig kjørelengde per kjøretøy (km),2020,2020,3621.0,
30,Store varebiler,1,Bensin,GjsnittKjorelengde,Gjennomsnittlig kjørelengde per kjøretøy (km),2021,2021,3306.0,
30,Store varebiler,1,Bensin,GjsnittKjorelengde,Gjennomsnittlig kjørelengde per kjøretøy (km),2022,2022,3094.0,
30,Store varebiler,1,Bensin,GjsnittKjorelengde,Gjennomsnittlig kjørelengde per kjøretøy (km),2023,2023,2878.0,
30,Store varebiler,1,Bensin,GjsnittKjorelengde,Gjennomsnittlig kjørelengde per kjøretøy (km),2024,2024,2619.0,
30,Store varebiler,1,Bensin,GjsnittKjorelengde,Gjennomsnittlig kjørelengde per kjøretøy (km),2025,2025,3206.0,
30,Store varebiler,2,Diesel,Kjorelengde,Kjørelengde (mill. km),2005,2005,857.5,
30,Store varebiler,2,Diesel,Kjorelengde,Kjørelengde (mill. km),2006,2006,926.7,
30,Store varebiler,2,Diesel,Kjorelengde,Kjørelengde (mill. km),2007,2007,1027.5,
30,Store varebiler,2,Diesel,Kjorelengde,Kjørelengde (mill. km),2008,2008,1122.1,
30,Store varebiler,2,Diesel,Kjorelengde,Kjørelengde (mill. km),2009,2009,1133.6,
30,Store varebiler,2,Diesel,Kjorelengde,Kjørelengde (mill. km),2010,2010,1241.2,
30,Store varebiler,2,Diesel,Kjorelengde,Kjørelengde (mill. km),2011,2011,1315.8,
30,Store varebiler,2,Diesel,Kjorelengde,Kjørelengde (mill. km),2012,2012,1492.1,
30,Store varebiler,2,Diesel,Kjorelengde,Kjørelengde (mill. km),2013,2013,1553.1,
30,Store varebiler,2,Diesel,Kjorelengde,Kjørelengde (mill. km),2014,2014,1587.5,
30,Store varebiler,2,Diesel,Kjorelengde,Kjørelengde (mill. km),2015,2015,1606.6,
30,Store varebiler,2,Diesel,Kjorelengde,Kjørelengde (mill. km),2016,2016,1680.4,
30,Store varebiler,2,Diesel,Kjorelengde,Kjørelengde (mill. km),2017,2017,1782.9,
30,Store varebiler,2,Diesel,Kjorelengde,Kjørelengde (mill. km),2018,2018,1911.4,
30,Store varebiler,2,Diesel,Kjorelengde,Kjørelengde (mill. km),2019,2019,1992.0,
30,Store varebiler,2,Diesel,Kjorelengde,Kjørelengde (mill. km),2020,2020,2039.4,
30,Store varebiler,2,Diesel,Kjorelengde,Kjørelengde (mill. km),2021,2021,1872.7,
30,Store varebiler,2,Diesel,Kjorelengde,Kjørelengde (mill. km),2022,2022,1886.2,
30,Store varebiler,2,Diesel,Kjorelengde,Kjørelengde (mill. km),2023,2023,1801.1,
30,Store varebiler,2,Diesel,Kjorelengde,Kjørelengde (mill. km),2024,2024,1751.4,
30,Store varebiler,2,Diesel,Kjorelengde,Kjørelengde (mill. km),2025,2025,1678.3,
30,Store varebiler,2,Diesel,GjsnittKjorelengde,Gjennomsnittlig kjørelengde per kjøretøy (km),2005,2005,17495.0,
30,Store varebiler,2,Diesel,GjsnittKjorelengde,Gjennomsnittlig kjørelengde per kjøretøy (km),2006,2006,17453.0,
30,Store varebiler,2,Diesel,GjsnittKjorelengde,Gjennomsnittlig kjørelengde per kjøretøy (km),2007,2007,17361.0,
30,Store varebiler,2,Diesel,GjsnittKjorelengde,Gjennomsnittlig kjørelengde per kjøretøy (km),2008,2008,17786.0,
30,Store varebiler,2,Diesel,GjsnittKjorelengde,Gjennomsnittlig kjørelengde per kjøretøy (km),2009,2009,17626.0,
30,Store varebiler,2,Diesel,GjsnittKjorelengde,Gjennomsnittlig kjørelengde per kjøretøy (km),2010,2010,18357.0,
30,Store varebiler,2,Diesel,GjsnittKjorelengde,Gjennomsnittlig kjørelengde per kjøretøy (km),2011,2011,17264.0,
30,Store varebiler,2,Diesel,GjsnittKjorelengde,Gjennomsnittlig kjørelengde per kjøretøy (km),2012,2012,18178.0,
30,Store varebiler,2,Diesel,GjsnittKjorelengde,Gjennomsnittlig kjørelengde per kjøretøy (km),2013,2013,17832.0,
30,Store varebiler,2,Diesel,GjsnittKjorelengde,Gjennomsnittlig kjørelengde per kjøretøy (km),2014,2014,17429.0,
30,Store varebiler,2,Diesel,GjsnittKjorelengde,Gjennomsnittlig kjørelengde per kjøretøy (km),2015,2015,16844.0,
30,Store varebiler,2,Diesel,GjsnittKjorelengde,Gjennomsnittlig kjørelengde per kjøretøy (km),2016,2016,16573.0,
30,Store varebiler,2,Diesel,GjsnittKjorelengde,Gjennomsnittlig kjørelengde per kjøretøy (km),2017,2017,16345.0,
30,Store varebiler,2,Diesel,GjsnittKjorelengde,Gjennomsnittlig kjørelengde per kjøretøy (km),2018,2018,16306.0,
30,Store varebiler,2,Diesel,GjsnittKjorelengde,Gjennomsnittlig kjørelengde per kjøretøy (km),2019,2019,15954.0,
30,Store varebiler,2,Diesel,GjsnittKjorelengde,Gjennomsnittlig kjørelengde per kjøretøy (km),2020,2020,15290.0,
30,Store varebiler,2,Diesel,GjsnittKjorelengde,Gjennomsnittlig kjørelengde per kjøretøy (km),2021,2021,15368.0,
30,Store varebiler,2,Diesel,GjsnittKjorelengde,Gjennomsnittlig kjørelengde per kjøretøy (km),2022,2022,15312.0,
30,Store varebiler,2,Diesel,GjsnittKjorelengde,Gjennomsnittlig kjørelengde per kjøretøy (km),2023,2023,14858.0,
30,Store varebiler,2,Diesel,GjsnittKjorelengde,Gjennomsnittlig kjørelengde per kjøretøy (km),2024,2024,14475.0,
30,Store varebiler,2,Diesel,GjsnittKjorelengde,Gjennomsnittlig kjørelengde per kjøretøy (km),2025,2025,14151.0,
30,Store varebiler,18,Elektrisitet,Kjorelengde,Kjørelengde (mill. km),2005,2005,,.
30,Store varebiler,18,Elektrisitet,Kjorelengde,Kjørelengde (mill. km),2006,2006,,.
30,Store varebiler,18,Elektrisitet,Kjorelengde,Kjørelengde (mill. km),2007,2007,,.
30,Store varebiler,18,Elektrisitet,Kjorelengde,Kjørelengde (mill. km),2008,2008,,.
30,Store varebiler,18,Elektrisitet,Kjorelengde,Kjørelengde (mill. km),2009,2009,,.
30,Store varebiler,18,Elektrisitet,Kjorelengde,Kjørelengde (mill. km),2010,2010,,.
30,Store varebiler,18,Elektrisitet,Kjorelengde,Kjørelengde (mill. km),2011,2011,,.
30,Store varebiler,18,Elektrisitet,Kjorelengde,Kjørelengde (mill. km),2012,2012,,.
30,Store varebiler,18,Elektrisitet,Kjorelengde,Kjørelengde (mill. km),2013,2013,,.
30,Store varebiler,18,Elektrisitet,Kjorelengde,Kjørelengde (mill. km),2014,2014,,.
30,Store varebiler,18,Elektrisitet,Kjorelengde,Kjørelengde (mill. km),2015,2015,,.
30,Store varebiler,18,Elektrisitet,Kjorelengde,Kjørelengde (mill. km),2016,2016,,.
30,Store varebiler,18,Elektrisitet,Kjorelengde,Kjørelengde (mill. km),2017,2017,,.
30,Store varebiler,18,Elektrisitet,Kjorelengde,Kjørelengde (mill. km),2018,2018,,:
30,Store varebiler,18,Elektrisitet,Kjorelengde,Kjørelengde (mill. km),2019,2019,0.4,
30,Store varebiler,18,Elektrisitet,Kjorelengde,Kjørelengde (mill. km),2020,2020,2.0,
30,Store varebiler,18,Elektrisitet,Kjorelengde,Kjørelengde (mill. km),2021,2021,0.9,
30,Store varebiler,18,Elektrisitet,Kjorelengde,Kjørelengde (mill. km),2022,2022,2.6,
30,Store varebiler,18,Elektrisitet,Kjorelengde,Kjørelengde (mill. km),2023,2023,3.1,
30,Store varebiler,18,Elektrisitet,Kjorelengde,Kjørelengde (mill. km),2024,2024,2.3,
30,Store varebiler,18,Elektrisitet,Kjorelengde,Kjørelengde (mill. km),2025,2025,3.1,
30,Store varebiler,18,Elektrisitet,GjsnittKjorelengde,Gjennomsnittlig kjørelengde per kjøretøy (km),2005,2005,,.
30,Store varebiler,18,Elektrisitet,GjsnittKjorelengde,Gjennomsnittlig kjørelengde per kjøretøy (km),2006,2006,,.
30,Store varebiler,18,Elektrisitet,GjsnittKjorelengde,Gjennomsnittlig kjørelengde per kjøretøy (km),2007,2007,,.
30,Store varebiler,18,Elektrisitet,GjsnittKjorelengde,Gjennomsnittlig kjørelengde per kjøretøy (km),2008,2008,,.
30,Store varebiler,18,Elektrisitet,GjsnittKjorelengde,Gjennomsnittlig kjørelengde per kjøretøy (km),2009,2009,,.
30,Store varebiler,18,Elektrisitet,GjsnittKjorelengde,Gjennomsnittlig kjørelengde per kjøretøy (km),2010,2010,,.
30,Store varebiler,18,Elektrisitet,GjsnittKjorelengde,Gjennomsnittlig kjørelengde per kjøretøy (km),2011,2011,,.
30,Store varebiler,18,Elektrisitet,GjsnittKjorelengde,Gjennomsnittlig kjørelengde per kjøretøy (km),2012,2012,,.
30,Store varebiler,18,Elektrisitet,GjsnittKjorelengde,Gjennomsnittlig kjørelengde per kjøretøy (km),2013,2013,,.
30,Store varebiler,18,Elektrisitet,GjsnittKjorelengde,Gjennomsnittlig kjørelengde per kjøretøy (km),2014,2014,,.
30,Store varebiler,18,Elektrisitet,GjsnittKjorelengde,Gjennomsnittlig kjørelengde per kjøretøy (km),2015,2015,,.
30,Store varebiler,18,Elektrisitet,GjsnittKjorelengde,Gjennomsnittlig kjørelengde per kjøretøy (km),2016,2016,,.
30,Store varebiler,18,Elektrisitet,GjsnittKjorelengde,Gjennomsnittlig kjørelengde per kjøretøy (km),2017,2017,,.
30,Store varebiler,18,Elektrisitet,GjsnittKjorelengde,Gjennomsnittlig kjørelengde per kjøretøy (km),2018,2018,,:
30,Store varebiler,18,Elektrisitet,GjsnittKjorelengde,Gjennomsnittlig kjørelengde per kjøretøy (km),2019,2019,5203.0,
30,Store varebiler,18,Elektrisitet,GjsnittKjorelengde,Gjennomsnittlig kjørelengde per kjøretøy (km),2020,2020,14881.0,
30,Store varebiler,18,Elektrisitet,GjsnittKjorelengde,Gjennomsnittlig kjørelengde per kjøretøy (km),2021,2021,10216.0,
30,Store varebiler,18,Elektrisitet,GjsnittKjorelengde,Gjennomsnittlig kjørelengde per kjøretøy (km),2022,2022,14667.0,
30,Store varebiler,18,Elektrisitet,GjsnittKjorelengde,Gjennomsnittlig kjørelengde per kjøretøy (km),2023,2023,16879.0,
30,Store varebiler,18,Elektrisitet,GjsnittKjorelengde,Gjennomsnittlig kjørelengde per kjøretøy (km),2024,2024,12287.0,
30,Store varebiler,18,Elektrisitet,GjsnittKjorelengde,Gjennomsnittlig kjørelengde per kjøretøy (km),2025,2025,12450.0,
30,Store varebiler,14,"Bensin hybrid, ladbar",Kjorelengde,Kjørelengde (mill. km),2005,2005,,.
30,Store varebiler,14,"Bensin hybrid, ladbar",Kjorelengde,Kjørelengde (mill. km),2006,2006,,.
30,Store varebiler,14,"Bensin hybrid, ladbar",Kjorelengde,Kjørelengde (mill. km),2007,2007,,.
30,Store varebiler,14,"Bensin hybrid, ladbar",Kjorelengde,Kjørelengde (mill. km),2008,2008,,.
30,Store varebiler,14,"Bensin hybrid, ladbar",Kjorelengde,Kjørelengde (mill. km),2009,2009,,.
30,Store varebiler,14,"Bensin hybrid, ladbar",Kjorelengde,Kjørelengde (mill. km),2010,2010,,.
30,Store varebiler,14,"Bensin hybrid, ladbar",Kjorelengde,Kjørelengde (mill. km),2011,2011,,.
30,Store varebiler,14,"Bensin hybrid, ladbar",Kjorelengde,Kjørelengde (mill. km),2012,2012,,.
30,Store varebiler,14,"Bensin hybrid, ladbar",Kjorelengde,Kjørelengde (mill. km),2013,2013,,.
30,Store varebiler,14,"Bensin hybrid, ladbar",Kjorelengde,Kjørelengde (mill. km),2014,2014,,.
30,Store varebiler,14,"Bensin hybrid, ladbar",Kjorelengde,Kjørelengde (mill. km),2015,2015,,.
30,Store varebiler,14,"Bensin hybrid, ladbar",Kjorelengde,Kjørelengde (mill. km),2016,2016,,.
30,Store varebiler,14,"Bensin hybrid, ladbar",Kjorelengde,Kjørelengde (mill. km),2017,2017,,.
30,Store varebiler,14,"Bensin hybrid, ladbar",Kjorelengde,Kjørelengde (mill. km),2018,2018,,.
30,Store varebiler,14,"Bensin hybrid, ladbar",Kjorelengde,Kjørelengde (mill. km),2019,2019,,.
30,Store varebiler,14,"Bensin hybrid, ladbar",Kjorelengde,Kjørelengde (mill. km),2020,2020,0.2,
30,Store varebiler,14,"Bensin hybrid, ladbar",Kjorelengde,Kjørelengde (mill. km),2021,2021,1.3,
30,Store varebiler,14,"Bensin hybrid, ladbar",Kjorelengde,Kjørelengde (mill. km),2022,2022,1.7,
30,Store varebiler,14,"Bensin hybrid, ladbar",Kjorelengde,Kjørelengde (mill. km),2023,2023,1.6,
30,Store varebiler,14,"Bensin hybrid, ladbar",Kjorelengde,Kjørelengde (mill. km),2024,2024,1.1,
30,Store varebiler,14,"Bensin hybrid, ladbar",Kjorelengde,Kjørelengde (mill. km),2025,2025,1.1,
30,Store varebiler,14,"Bensin hybrid, ladbar",GjsnittKjorelengde,Gjennomsnittlig kjørelengde per kjøretøy (km),2005,2005,,.
30,Store varebiler,14,"Bensin hybrid, ladbar",GjsnittKjorelengde,Gjennomsnittlig kjørelengde per kjøretøy (km),2006,2006,,.
30,Store varebiler,14,"Bensin hybrid, ladbar",GjsnittKjorelengde,Gjennomsnittlig kjørelengde per kjøretøy (km),2007,2007,,.
30,Store varebiler,14,"Bensin hybrid, ladbar",GjsnittKjorelengde,Gjennomsnittlig kjørelengde per kjøretøy (km),2008,2008,,.
30,Store varebiler,14,"Bensin hybrid, ladbar",GjsnittKjorelengde,Gjennomsnittlig kjørelengde per kjøretøy (km),2009,2009,,.
30,Store varebiler,14,"Bensin hybrid, ladbar",GjsnittKjorelengde,Gjennomsnittlig kjørelengde per kjøretøy (km),2010,2010,,.
30,Store varebiler,14,"Bensin hybrid, ladbar",GjsnittKjorelengde,Gjennomsnittlig kjørelengde per kjøretøy (km),2011,2011,,.
30,Store varebiler,14,"Bensin hybrid, ladbar",GjsnittKjorelengde,Gjennomsnittlig kjørelengde per kjøretøy (km),2012,2012,,.
30,Store varebiler,14,"Bensin hybrid, ladbar",GjsnittKjorelengde,Gjennomsnittlig kjørelengde per kjøretøy (km),2013,2013,,.
30,Store varebiler,14,"Bensin hybrid, ladbar",GjsnittKjorelengde,Gjennomsnittlig kjørelengde per kjøretøy (km),2014,2014,,.
30,Store varebiler,14,"Bensin hybrid, ladbar",GjsnittKjorelengde,Gjennomsnittlig kjørelengde per kjøretøy (km),2015,2015,,.
30,Store varebiler,14,"Bensin hybrid, ladbar",GjsnittKjorelengde,Gjennomsnittlig kjørelengde per kjøretøy (km),2016,2016,,.
30,Store varebiler,14,"Bensin hybrid, ladbar",GjsnittKjorelengde,Gjennomsnittlig kjørelengde per kjøretøy (km),2017,2017,,.
30,Store varebiler,14,"Bensin hybrid, ladbar",GjsnittKjorelengde,Gjennomsnittlig kjørelengde per kjøretøy (km),2018,2018,,.
30,Store varebiler,14,"Bensin hybrid, ladbar",GjsnittKjorelengde,Gjennomsnittlig kjørelengde per kjøretøy (km),2019,2019,,.
30,Store varebiler,14,"Bensin hybrid, ladbar",GjsnittKjorelengde,Gjennomsnittlig kjørelengde per kjøretøy (km),2020,2020,9135.0,
30,Store varebiler,14,"Bensin hybrid, ladbar",GjsnittKjorelengde,Gjennomsnittlig kjørelengde per kjøretøy (km),2021,2021,15899.0,
30,Store varebiler,14,"Bensin hybrid, ladbar",GjsnittKjorelengde,Gjennomsnittlig kjørelengde per kjøretøy (km),2022,2022,19490.0,
30,Store varebiler,14,"Bensin hybrid, ladbar",GjsnittKjorelengde,Gjennomsnittlig kjørelengde per kjøretøy (km),2023,2023,18508.0,
30,Store varebiler,14,"Bensin hybrid, ladbar",GjsnittKjorelengde,Gjennomsnittlig kjørelengde per kjøretøy (km),2024,2024,12046.0,
30,Store varebiler,14,"Bensin hybrid, ladbar",GjsnittKjorelengde,Gjennomsnittlig kjørelengde per kjøretøy (km),2025,2025,11018.0,
30,Store varebiler,15,"Bensin hybrid, ikke ladbar",Kjorelengde,Kjørelengde (mill. km),2005,2005,,.
30,Store varebiler,15,"Bensin hybrid, ikke ladbar",Kjorelengde,Kjørelengde (mill. km),2006,2006,,.
30,Store varebiler,15,"Bensin hybrid, ikke ladbar",Kjorelengde,Kjørelengde (mill. km),2007,2007,,.
30,Store varebiler,15,"Bensin hybrid, ikke ladbar",Kjorelengde,Kjørelengde (mill. km),2008,2008,,.
30,Store varebiler,15,"Bensin hybrid, ikke ladbar",Kjorelengde,Kjørelengde (mill. km),2009,2009,,.
30,Store varebiler,15,"Bensin hybrid, ikke ladbar",Kjorelengde,Kjørelengde (mill. km),2010,2010,,.
30,Store varebiler,15,"Bensin hybrid, ikke ladbar",Kjorelengde,Kjørelengde (mill. km),2011,2011,,.
30,Store varebiler,15,"Bensin hybrid, ikke ladbar",Kjorelengde,Kjørelengde (mill. km),2012,2012,,.
30,Store varebiler,15,"Bensin hybrid, ikke ladbar",Kjorelengde,Kjørelengde (mill. km),2013,2013,,.
30,Store varebiler,15,"Bensin hybrid, ikke ladbar",Kjorelengde,Kjørelengde (mill. km),2014,2014,,.
30,Store varebiler,15,"Bensin hybrid, ikke ladbar",Kjorelengde,Kjørelengde (mill. km),2015,2015,,.
30,Store varebiler,15,"Bensin hybrid, ikke ladbar",Kjorelengde,Kjørelengde (mill. km),2016,2016,,:
30,Store varebiler,15,"Bensin hybrid, ikke ladbar",Kjorelengde,Kjørelengde (mill. km),2017,2017,,:
30,Store varebiler,15,"Bensin hybrid, ikke ladbar",Kjorelengde,Kjørelengde (mill. km),2018,2018,,:
30,Store varebiler,15,"Bensin hybrid, ikke ladbar",Kjorelengde,Kjørelengde (mill. km),2019,2019,,:
30,Store varebiler,15,"Bensin hybrid, ikke ladbar",Kjorelengde,Kjørelengde (mill. km),2020,2020,,.
30,Store varebiler,15,"Bensin hybrid, ikke ladbar",Kjorelengde,Kjørelengde (mill. km),2021,2021,,.
30,Store varebiler,15,"Bensin hybrid, ikke ladbar",Kjorelengde,Kjørelengde (mill. km),2022,2022,,.
30,Store varebiler,15,"Bensin hybrid, ikke ladbar",Kjorelengde,Kjørelengde (mill. km),2023,2023,,.
30,Store varebiler,15,"Bensin hybrid, ikke ladbar",Kjorelengde,Kjørelengde (mill. km),2024,2024,,.
30,Store varebiler,15,"Bensin hybrid, ikke ladbar",Kjorelengde,Kjørelengde (mill. km),2025,2025,,.
30,Store varebiler,15,"Bensin hybrid, ikke ladbar",GjsnittKjorelengde,Gjennomsnittlig kjørelengde per kjøretøy (km),2005,2005,,.
30,Store varebiler,15,"Bensin hybrid, ikke ladbar",GjsnittKjorelengde,Gjennomsnittlig kjørelengde per kjøretøy (km),2006,2006,,.
30,Store varebiler,15,"Bensin hybrid, ikke ladbar",GjsnittKjorelengde,Gjennomsnittlig kjørelengde per kjøretøy (km),2007,2007,,.
30,Store varebiler,15,"Bensin hybrid, ikke ladbar",GjsnittKjorelengde,Gjennomsnittlig kjørelengde per kjøretøy (km),2008,2008,,.
30,Store varebiler,15,"Bensin hybrid, ikke ladbar",GjsnittKjorelengde,Gjennomsnittlig kjørelengde per kjøretøy (km),2009,2009,,.
30,Store varebiler,15,"Bensin hybrid, ikke ladbar",GjsnittKjorelengde,Gjennomsnittlig kjørelengde per kjøretøy (km),2010,2010,,.
30,Store varebiler,15,"Bensin hybrid, ikke ladbar",GjsnittKjorelengde,Gjennomsnittlig kjørelengde per kjøretøy (km),2011,2011,,.
30,Store varebiler,15,"Bensin hybrid, ikke ladbar",GjsnittKjorelengde,Gjennomsnittlig kjørelengde per kjøretøy (km),2012,2012,,.
30,Store varebiler,15,"Bensin hybrid, ikke ladbar",GjsnittKjorelengde,Gjennomsnittlig kjørelengde per kjøretøy (km),2013,2013,,.
30,Store varebiler,15,"Bensin hybrid, ikke ladbar",GjsnittKjorelengde,Gjennomsnittlig kjørelengde per kjøretøy (km),2014,2014,,.
30,Store varebiler,15,"Bensin hybrid, ikke ladbar",GjsnittKjorelengde,Gjennomsnittlig kjørelengde per kjøretøy (km),2015,2015,,.
30,Store varebiler,15,"Bensin hybrid, ikke ladbar",GjsnittKjorelengde,Gjennomsnittlig kjørelengde per kjøretøy (km),2016,2016,,:
30,Store varebiler,15,"Bensin hybrid, ikke ladbar",GjsnittKjorelengde,Gjennomsnittlig kjørelengde per kjøretøy (km),2017,2017,,:
30,Store varebiler,15,"Bensin hybrid, ikke ladbar",GjsnittKjorelengde,Gjennomsnittlig kjørelengde per kjøretøy (km),2018,2018,,:
30,Store varebiler,15,"Bensin hybrid, ikke ladbar",GjsnittKjorelengde,Gjennomsnittlig kjørelengde per kjøretøy (km),2019,2019,,:
30,Store varebiler,15,"Bensin hybrid, ikke ladbar",GjsnittKjorelengde,Gjennomsnittlig kjørelengde per kjøretøy (km),2020,2020,,.
30,Store varebiler,15,"Bensin hybrid, ikke ladbar",GjsnittKjorelengde,Gjennomsnittlig kjørelengde per kjøretøy (km),2021,2021,,.
30,Store varebiler,15,"Bensin hybrid, ikke ladbar",GjsnittKjorelengde,Gjennomsnittlig kjørelengde per kjøretøy (km),2022,2022,,.
30,Store varebiler,15,"Bensin hybrid, ikke ladbar",GjsnittKjorelengde,Gjennomsnittlig kjørelengde per kjøretøy (km),2023,2023,,.
30,Store varebiler,15,"Bensin hybrid, ikke ladbar",GjsnittKjorelengde,Gjennomsnittlig kjørelengde per kjøretøy (km),2024,2024,,.
30,Store varebiler,15,"Bensin hybrid, ikke ladbar",GjsnittKjorelengde,Gjennomsnittlig kjørelengde per kjøretøy (km),2025,2025,,.
30,Store varebiler,16,"Diesel hybrid, ladbar",Kjorelengde,Kjørelengde (mill. km),2005,2005,,.
30,Store varebiler,16,"Diesel hybrid, ladbar",Kjorelengde,Kjørelengde (mill. km),2006,2006,,.
30,Store varebiler,16,"Diesel hybrid, ladbar",Kjorelengde,Kjørelengde (mill. km),2007,2007,,.
30,Store varebiler,16,"Diesel hybrid, ladbar",Kjorelengde,Kjørelengde (mill. km),2008,2008,,.
30,Store varebiler,16,"Diesel hybrid, ladbar",Kjorelengde,Kjørelengde (mill. km),2009,2009,,.
30,Store varebiler,16,"Diesel hybrid, ladbar",Kjorelengde,Kjørelengde (mill. km),2010,2010,,.
30,Store varebiler,16,"Diesel hybrid, ladbar",Kjorelengde,Kjørelengde (mill. km),2011,2011,,.
30,Store varebiler,16,"Diesel hybrid, ladbar",Kjorelengde,Kjørelengde (mill. km),2012,2012,,.
30,Store varebiler,16,"Diesel hybrid, ladbar",Kjorelengde,Kjørelengde (mill. km),2013,2013,,.
30,Store varebiler,16,"Diesel hybrid, ladbar",Kjorelengde,Kjørelengde (mill. km),2014,2014,,.
30,Store varebiler,16,"Diesel hybrid, ladbar",Kjorelengde,Kjørelengde (mill. km),2015,2015,,.
30,Store varebiler,16,"Diesel hybrid, ladbar",Kjorelengde,Kjørelengde (mill. km),2016,2016,,.
30,Store varebiler,16,"Diesel hybrid, ladbar",Kjorelengde,Kjørelengde (mill. km),2017,2017,,.
30,Store varebiler,16,"Diesel hybrid, ladbar",Kjorelengde,Kjørelengde (mill. km),2018,2018,,.
30,Store varebiler,16,"Diesel hybrid, ladbar",Kjorelengde,Kjørelengde (mill. km),2019,2019,,.
30,Store varebiler,16,"Diesel hybrid, ladbar",Kjorelengde,Kjørelengde (mill. km),2020,2020,,.
30,Store varebiler,16,"Diesel hybrid, ladbar",Kjorelengde,Kjørelengde (mill. km),2021,2021,,.
30,Store varebiler,16,"Diesel hybrid, ladbar",Kjorelengde,Kjørelengde (mill. km),2022,2022,,.
30,Store varebiler,16,"Diesel hybrid, ladbar",Kjorelengde,Kjørelengde (mill. km),2023,2023,,.
30,Store varebiler,16,"Diesel hybrid, ladbar",Kjorelengde,Kjørelengde (mill. km),2024,2024,,.
30,Store varebiler,16,"Diesel hybrid, ladbar",Kjorelengde,Kjørelengde (mill. km),2025,2025,,.
30,Store varebiler,16,"Diesel hybrid, ladbar",GjsnittKjorelengde,Gjennomsnittlig kjørelengde per kjøretøy (km),2005,2005,,.
30,Store varebiler,16,"Diesel hybrid, ladbar",GjsnittKjorelengde,Gjennomsnittlig kjørelengde per kjøretøy (km),2006,2006,,.
30,Store varebiler,16,"Diesel hybrid, ladbar",GjsnittKjorelengde,Gjennomsnittlig kjørelengde per kjøretøy (km),2007,2007,,.
30,Store varebiler,16,"Diesel hybrid, ladbar",GjsnittKjorelengde,Gjennomsnittlig kjørelengde per kjøretøy (km),2008,2008,,.
30,Store varebiler,16,"Diesel hybrid, ladbar",GjsnittKjorelengde,Gjennomsnittlig kjørelengde per kjøretøy (km),2009,2009,,.
30,Store varebiler,16,"Diesel hybrid, ladbar",GjsnittKjorelengde,Gjennomsnittlig kjørelengde per kjøretøy (km),2010,2010,,.
30,Store varebiler,16,"Diesel hybrid, ladbar",GjsnittKjorelengde,Gjennomsnittlig kjørelengde per kjøretøy (km),2011,2011,,.
30,Store varebiler,16,"Diesel hybrid, ladbar",GjsnittKjorelengde,Gjennomsnittlig kjørelengde per kjøretøy (km),2012,2012,,.
30,Store varebiler,16,"Diesel hybrid, ladbar",GjsnittKjorelengde,Gjennomsnittlig kjørelengde per kjøretøy (km),2013,2013,,.
30,Store varebiler,16,"Diesel hybrid, ladbar",GjsnittKjorelengde,Gjennomsnittlig kjørelengde per kjøretøy (km),2014,2014,,.
30,Store varebiler,16,"Diesel hybrid, ladbar",GjsnittKjorelengde,Gjennomsnittlig kjørelengde per kjøretøy (km),2015,2015,,.
30,Store varebiler,16,"Diesel hybrid, ladbar",GjsnittKjorelengde,Gjennomsnittlig kjørelengde per kjøretøy (km),2016,2016,,.
30,Store varebiler,16,"Diesel hybrid, ladbar",GjsnittKjorelengde,Gjennomsnittlig kjørelengde per kjøretøy (km),2017,2017,,.
30,Store varebiler,16,"Diesel hybrid, ladbar",GjsnittKjorelengde,Gjennomsnittlig kjørelengde per kjøretøy (km),2018,2018,,.
30,Store varebiler,16,"Diesel hybrid, ladbar",GjsnittKjorelengde,Gjennomsnittlig kjørelengde per kjøretøy (km),2019,2019,,.
30,Store varebiler,16,"Diesel hybrid, ladbar",GjsnittKjorelengde,Gjennomsnittlig kjørelengde per kjøretøy (km),2020,2020,,.
30,Store varebiler,16,"Diesel hybrid, ladbar",GjsnittKjorelengde,Gjennomsnittlig kjørelengde per kjøretøy (km),2021,2021,,.
30,Store varebiler,16,"Diesel hybrid, ladbar",GjsnittKjorelengde,Gjennomsnittlig kjørelengde per kjøretøy (km),2022,2022,,.
30,Store varebiler,16,"Diesel hybrid, ladbar",GjsnittKjorelengde,Gjennomsnittlig kjørelengde per kjøretøy (km),2023,2023,,.
30,Store varebiler,16,"Diesel hybrid, ladbar",GjsnittKjorelengde,Gjennomsnittlig kjørelengde per kjøretøy (km),2024,2024,,.
30,Store varebiler,16,"Diesel hybrid, ladbar",GjsnittKjorelengde,Gjennomsnittlig kjørelengde per kjøretøy (km),2025,2025,,.
30,Store varebiler,17,"Diesel hybrid, ikke ladbar",Kjorelengde,Kjørelengde (mill. km),2005,2005,,.
30,Store varebiler,17,"Diesel hybrid, ikke ladbar",Kjorelengde,Kjørelengde (mill. km),2006,2006,,.
30,Store varebiler,17,"Diesel hybrid, ikke ladbar",Kjorelengde,Kjørelengde (mill. km),2007,2007,,.
30,Store varebiler,17,"Diesel hybrid, ikke ladbar",Kjorelengde,Kjørelengde (mill. km),2008,2008,,.
30,Store varebiler,17,"Diesel hybrid, ikke ladbar",Kjorelengde,Kjørelengde (mill. km),2009,2009,,.
30,Store varebiler,17,"Diesel hybrid, ikke ladbar",Kjorelengde,Kjørelengde (mill. km),2010,2010,,.
30,Store varebiler,17,"Diesel hybrid, ikke ladbar",Kjorelengde,Kjørelengde (mill. km),2011,2011,,.
30,Store varebiler,17,"Diesel hybrid, ikke ladbar",Kjorelengde,Kjørelengde (mill. km),2012,2012,,.
30,Store varebiler,17,"Diesel hybrid, ikke ladbar",Kjorelengde,Kjørelengde (mill. km),2013,2013,,.
30,Store varebiler,17,"Diesel hybrid, ikke ladbar",Kjorelengde,Kjørelengde (mill. km),2014,2014,,.
30,Store varebiler,17,"Diesel hybrid, ikke ladbar",Kjorelengde,Kjørelengde (mill. km),2015,2015,,.
30,Store varebiler,17,"Diesel hybrid, ikke ladbar",Kjorelengde,Kjørelengde (mill. km),2016,2016,,.
30,Store varebiler,17,"Diesel hybrid, ikke ladbar",Kjorelengde,Kjørelengde (mill. km),2017,2017,,.
30,Store varebiler,17,"Diesel hybrid, ikke ladbar",Kjorelengde,Kjørelengde (mill. km),2018,2018,,.
30,Store varebiler,17,"Diesel hybrid, ikke ladbar",Kjorelengde,Kjørelengde (mill. km),2019,2019,0.0,
30,Store varebiler,17,"Diesel hybrid, ikke ladbar",Kjorelengde,Kjørelengde (mill. km),2020,2020,1.0,
30,Store varebiler,17,"Diesel hybrid, ikke ladbar",Kjorelengde,Kjørelengde (mill. km),2021,2021,0.7,
30,Store varebiler,17,"Diesel hybrid, ikke ladbar",Kjorelengde,Kjørelengde (mill. km),2022,2022,0.9,
30,Store varebiler,17,"Diesel hybrid, ikke ladbar",Kjorelengde,Kjørelengde (mill. km),2023,2023,1.0,
30,Store varebiler,17,"Diesel hybrid, ikke ladbar",Kjorelengde,Kjørelengde (mill. km),2024,2024,0.9,
30,Store varebiler,17,"Diesel hybrid, ikke ladbar",Kjorelengde,Kjørelengde (mill. km),2025,2025,0.9,
30,Store varebiler,17,"Diesel hybrid, ikke ladbar",GjsnittKjorelengde,Gjennomsnittlig kjørelengde per kjøretøy (km),2005,2005,,.
30,Store varebiler,17,"Diesel hybrid, ikke ladbar",GjsnittKjorelengde,Gjennomsnittlig kjørelengde per kjøretøy (km),2006,2006,,.
30,Store varebiler,17,"Diesel hybrid, ikke ladbar",GjsnittKjorelengde,Gjennomsnittlig kjørelengde per kjøretøy (km),2007,2007,,.
30,Store varebiler,17,"Diesel hybrid, ikke ladbar",GjsnittKjorelengde,Gjennomsnittlig kjørelengde per kjøretøy (km),2008,2008,,.
30,Store varebiler,17,"Diesel hybrid, ikke ladbar",GjsnittKjorelengde,Gjennomsnittlig kjørelengde per kjøretøy (km),2009,2009,,.
30,Store varebiler,17,"Diesel hybrid, ikke ladbar",GjsnittKjorelengde,Gjennomsnittlig kjørelengde per kjøretøy (km),2010,2010,,.
30,Store varebiler,17,"Diesel hybrid, ikke ladbar",GjsnittKjorelengde,Gjennomsnittlig kjørelengde per kjøretøy (km),2011,2011,,.
30,Store varebiler,17,"Diesel hybrid, ikke ladbar",GjsnittKjorelengde,Gjennomsnittlig kjørelengde per kjøretøy (km),2012,2012,,.
30,Store varebiler,17,"Diesel hybrid, ikke ladbar",GjsnittKjorelengde,Gjennomsnittlig kjørelengde per kjøretøy (km),2013,2013,,.
30,Store varebiler,17,"Diesel hybrid, ikke ladbar",GjsnittKjorelengde,Gjennomsnittlig kjørelengde per kjøretøy (km),2014,2014,,.
30,Store varebiler,17,"Diesel hybrid, ikke ladbar",GjsnittKjorelengde,Gjennomsnittlig kjørelengde per kjøretøy (km),2015,2015,,.
30,Store varebiler,17,"Diesel hybrid, ikke ladbar",GjsnittKjorelengde,Gjennomsnittlig kjørelengde per kjøretøy (km),2016,2016,,.
30,Store varebiler,17,"Diesel hybrid, ikke ladbar",GjsnittKjorelengde,Gjennomsnittlig kjørelengde per kjøretøy (km),2017,2017,,.
30,Store varebiler,17,"Diesel hybrid, ikke ladbar",GjsnittKjorelengde,Gjennomsnittlig kjørelengde per kjøretøy (km),2018,2018,,.
30,Store varebiler,17,"Diesel hybrid, ikke ladbar",GjsnittKjorelengde,Gjennomsnittlig kjørelengde per kjøretøy (km),2019,2019,1782.0,
30,Store varebiler,17,"Diesel hybrid, ikke ladbar",GjsnittKjorelengde,Gjennomsnittlig kjørelengde per kjøretøy (km),2020,2020,12168.0,
30,Store varebiler,17,"Diesel hybrid, ikke ladbar",GjsnittKjorelengde,Gjennomsnittlig kjørelengde per kjøretøy (km),2021,2021,16383.0,
30,Store varebiler,17,"Diesel hybrid, ikke ladbar",GjsnittKjorelengde,Gjennomsnittlig kjørelengde per kjøretøy (km),2022,2022,19583.0,
30,Store varebiler,17,"Diesel hybrid, ikke ladbar",GjsnittKjorelengde,Gjennomsnittlig kjørelengde per kjøretøy (km),2023,2023,21312.0,
30,Store varebiler,17,"Diesel hybrid, ikke ladbar",GjsnittKjorelengde,Gjennomsnittlig kjørelengde per kjøretøy (km),2024,2024,18319.0,
30,Store varebiler,17,"Diesel hybrid, ikke ladbar",GjsnittKjorelengde,Gjennomsnittlig kjørelengde per kjøretøy (km),2025,2025,19254.0,
30,Store varebiler,3,Parafin,Kjorelengde,Kjørelengde (mill. km),2005,2005,,.
30,Store varebiler,3,Parafin,Kjorelengde,Kjørelengde (mill. km),2006,2006,,.
30,Store varebiler,3,Parafin,Kjorelengde,Kjørelengde (mill. km),2007,2007,,.
30,Store varebiler,3,Parafin,Kjorelengde,Kjørelengde (mill. km),2008,2008,,.
30,Store varebiler,3,Parafin,Kjorelengde,Kjørelengde (mill. km),2009,2009,,.
30,Store varebiler,3,Parafin,Kjorelengde,Kjørelengde (mill. km),2010,2010,,.
30,Store varebiler,3,Parafin,Kjorelengde,Kjørelengde (mill. km),2011,2011,,.
30,Store varebiler,3,Parafin,Kjorelengde,Kjørelengde (mill. km),2012,2012,,.
30,Store varebiler,3,Parafin,Kjorelengde,Kjørelengde (mill. km),2013,2013,,.
30,Store varebiler,3,Parafin,Kjorelengde,Kjørelengde (mill. km),2014,2014,,.
30,Store varebiler,3,Parafin,Kjorelengde,Kjørelengde (mill. km),2015,2015,,.
30,Store varebiler,3,Parafin,Kjorelengde,Kjørelengde (mill. km),2016,2016,,:
30,Store varebiler,3,Parafin,Kjorelengde,Kjørelengde (mill. km),2017,2017,,:
30,Store varebiler,3,Parafin,Kjorelengde,Kjørelengde (mill. km),2018,2018,,:
30,Store varebiler,3,Parafin,Kjorelengde,Kjørelengde (mill. km),2019,2019,,:
30,Store varebiler,3,Parafin,Kjorelengde,Kjørelengde (mill. km),2020,2020,,:
30,Store varebiler,3,Parafin,Kjorelengde,Kjørelengde (mill. km),2021,2021,,:
30,Store varebiler,3,Parafin,Kjorelengde,Kjørelengde (mill. km),2022,2022,,:
30,Store varebiler,3,Parafin,Kjorelengde,Kjørelengde (mill. km),2023,2023,,:
30,Store varebiler,3,Parafin,Kjorelengde,Kjørelengde (mill. km),2024,2024,,:
30,Store varebiler,3,Parafin,Kjorelengde,Kjørelengde (mill. km),2025,2025,0.0,
30,Store varebiler,3,Parafin,GjsnittKjorelengde,Gjennomsnittlig kjørelengde per kjøretøy (km),2005,2005,,.
30,Store varebiler,3,Parafin,GjsnittKjorelengde,Gjennomsnittlig kjørelengde per kjøretøy (km),2006,2006,,.
30,Store varebiler,3,Parafin,GjsnittKjorelengde,Gjennomsnittlig kjørelengde per kjøretøy (km),2007,2007,,.
30,Store varebiler,3,Parafin,GjsnittKjorelengde,Gjennomsnittlig kjørelengde per kjøretøy (km),2008,2008,,.
30,Store varebiler,3,Parafin,GjsnittKjorelengde,Gjennomsnittlig kjørelengde per kjøretøy (km),2009,2009,,.
30,Store varebiler,3,Parafin,GjsnittKjorelengde,Gjennomsnittlig kjørelengde per kjøretøy (km),2010,2010,,.
30,Store varebiler,3,Parafin,GjsnittKjorelengde,Gjennomsnittlig kjørelengde per kjøretøy (km),2011,2011,,.
30,Store varebiler,3,Parafin,GjsnittKjorelengde,Gjennomsnittlig kjørelengde per kjøretøy (km),2012,2012,,.
30,Store varebiler,3,Parafin,GjsnittKjorelengde,Gjennomsnittlig kjørelengde per kjøretøy (km),2013,2013,,.
30,Store varebiler,3,Parafin,GjsnittKjorelengde,Gjennomsnittlig kjørelengde per kjøretøy (km),2014,2014,,.
30,Store varebiler,3,Parafin,GjsnittKjorelengde,Gjennomsnittlig kjørelengde per kjøretøy (km),2015,2015,,.
30,Store varebiler,3,Parafin,GjsnittKjorelengde,Gjennomsnittlig kjørelengde per kjøretøy (km),2016,2016,,:
30,Store varebiler,3,Parafin,GjsnittKjorelengde,Gjennomsnittlig kjørelengde per kjøretøy (km),2017,2017,,:
30,Store varebiler,3,Parafin,GjsnittKjorelengde,Gjennomsnittlig kjørelengde per kjøretøy (km),2018,2018,,:
30,Store varebiler,3,Parafin,GjsnittKjorelengde,Gjennomsnittlig kjørelengde per kjøretøy (km),2019,2019,,:
30,Store varebiler,3,Parafin,GjsnittKjorelengde,Gjennomsnittlig kjørelengde per kjøretøy (km),2020,2020,,:
30,Store varebiler,3,Parafin,GjsnittKjorelengde,Gjennomsnittlig kjørelengde per kjøretøy (km),2021,2021,,:
30,Store varebiler,3,Parafin,GjsnittKjorelengde,Gjennomsnittlig kjørelengde per kjøretøy (km),2022,2022,,:
30,Store varebiler,3,Parafin,GjsnittKjorelengde,Gjennomsnittlig kjørelengde per kjøretøy (km),2023,2023,,:
30,Store varebiler,3,Parafin,GjsnittKjorelengde,Gjennomsnittlig kjørelengde per kjøretøy (km),2024,2024,,:
30,Store varebiler,3,Parafin,GjsnittKjorelengde,Gjennomsnittlig kjørelengde per kjøretøy (km),2025,2025,104.0,
30,Store varebiler,4,Gass,Kjorelengde,Kjørelengde (mill. km),2005,2005,,.
30,Store varebiler,4,Gass,Kjorelengde,Kjørelengde (mill. km),2006,2006,,.
30,Store varebiler,4,Gass,Kjorelengde,Kjørelengde (mill. km),2007,2007,,.
30,Store varebiler,4,Gass,Kjorelengde,Kjørelengde (mill. km),2008,2008,,.
30,Store varebiler,4,Gass,Kjorelengde,Kjørelengde (mill. km),2009,2009,,.
30,Store varebiler,4,Gass,Kjorelengde,Kjørelengde (mill. km),2010,2010,,.
30,Store varebiler,4,Gass,Kjorelengde,Kjørelengde (mill. km),2011,2011,,.
30,Store varebiler,4,Gass,Kjorelengde,Kjørelengde (mill. km),2012,2012,,.
30,Store varebiler,4,Gass,Kjorelengde,Kjørelengde (mill. km),2013,2013,,.
30,Store varebiler,4,Gass,Kjorelengde,Kjørelengde (mill. km),2014,2014,,.
30,Store varebiler,4,Gass,Kjorelengde,Kjørelengde (mill. km),2015,2015,,.
30,Store varebiler,4,Gass,Kjorelengde,Kjørelengde (mill. km),2016,2016,,.
30,Store varebiler,4,Gass,Kjorelengde,Kjørelengde (mill. km),2017,2017,,.
30,Store varebiler,4,Gass,Kjorelengde,Kjørelengde (mill. km),2018,2018,,.
30,Store varebiler,4,Gass,Kjorelengde,Kjørelengde (mill. km),2019,2019,,.
30,Store varebiler,4,Gass,Kjorelengde,Kjørelengde (mill. km),2020,2020,,:
30,Store varebiler,4,Gass,Kjorelengde,Kjørelengde (mill. km),2021,2021,,:
30,Store varebiler,4,Gass,Kjorelengde,Kjørelengde (mill. km),2022,2022,,:
30,Store varebiler,4,Gass,Kjorelengde,Kjørelengde (mill. km),2023,2023,,:
30,Store varebiler,4,Gass,Kjorelengde,Kjørelengde (mill. km),2024,2024,,:
30,Store varebiler,4,Gass,Kjorelengde,Kjørelengde (mill. km),2025,2025,0.0,
30,Store varebiler,4,Gass,GjsnittKjorelengde,Gjennomsnittlig kjørelengde per kjøretøy (km),2005,2005,,.
30,Store varebiler,4,Gass,GjsnittKjorelengde,Gjennomsnittlig kjørelengde per kjøretøy (km),2006,2006,,.
30,Store varebiler,4,Gass,GjsnittKjorelengde,Gjennomsnittlig kjørelengde per kjøretøy (km),2007,2007,,.
30,Store varebiler,4,Gass,GjsnittKjorelengde,Gjennomsnittlig kjørelengde per kjøretøy (km),2008,2008,,.
30,Store varebiler,4,Gass,GjsnittKjorelengde,Gjennomsnittlig kjørelengde per kjøretøy (km),2009,2009,,.
30,Store varebiler,4,Gass,GjsnittKjorelengde,Gjennomsnittlig kjørelengde per kjøretøy (km),2010,2010,,.
30,Store varebiler,4,Gass,GjsnittKjorelengde,Gjennomsnittlig kjørelengde per kjøretøy (km),2011,2011,,.
30,Store varebiler,4,Gass,GjsnittKjorelengde,Gjennomsnittlig kjørelengde per kjøretøy (km),2012,2012,,.
30,Store varebiler,4,Gass,GjsnittKjorelengde,Gjennomsnittlig kjørelengde per kjøretøy (km),2013,2013,,.
30,Store varebiler,4,Gass,GjsnittKjorelengde,Gjennomsnittlig kjørelengde per kjøretøy (km),2014,2014,,.
30,Store varebiler,4,Gass,GjsnittKjorelengde,Gjennomsnittlig kjørelengde per kjøretøy (km),2015,2015,,.
30,Store varebiler,4,Gass,GjsnittKjorelengde,Gjennomsnittlig kjørelengde per kjøretøy (km),2016,2016,,.
30,Store varebiler,4,Gass,GjsnittKjorelengde,Gjennomsnittlig kjørelengde per kjøretøy (km),2017,2017,,.
30,Store varebiler,4,Gass,GjsnittKjorelengde,Gjennomsnittlig kjørelengde per kjøretøy (km),2018,2018,,.
30,Store varebiler,4,Gass,GjsnittKjorelengde,Gjennomsnittlig kjørelengde per kjøretøy (km),2019,2019,,.
30,Store varebiler,4,Gass,GjsnittKjorelengde,Gjennomsnittlig kjørelengde per kjøretøy (km),2020,2020,,:
30,Store varebiler,4,Gass,GjsnittKjorelengde,Gjennomsnittlig kjørelengde per kjøretøy (km),2021,2021,,:
30,Store varebiler,4,Gass,GjsnittKjorelengde,Gjennomsnittlig kjørelengde per kjøretøy (km),2022,2022,,:
30,Store varebiler,4,Gass,GjsnittKjorelengde,Gjennomsnittlig kjørelengde per kjøretøy (km),2023,2023,,:
30,Store varebiler,4,Gass,GjsnittKjorelengde,Gjennomsnittlig kjørelengde per kjøretøy (km),2024,2024,,:
30,Store varebiler,4,Gass,GjsnittKjorelengde,Gjennomsnittlig kjørelengde per kjøretøy (km),2025,2025,7755.0,
30,Store varebiler,13,Hydrogen,Kjorelengde,Kjørelengde (mill. km),2005,2005,,.
30,Store varebiler,13,Hydrogen,Kjorelengde,Kjørelengde (mill. km),2006,2006,,.
30,Store varebiler,13,Hydrogen,Kjorelengde,Kjørelengde (mill. km),2007,2007,,.
30,Store varebiler,13,Hydrogen,Kjorelengde,Kjørelengde (mill. km),2008,2008,,.
30,Store varebiler,13,Hydrogen,Kjorelengde,Kjørelengde (mill. km),2009,2009,,.
30,Store varebiler,13,Hydrogen,Kjorelengde,Kjørelengde (mill. km),2010,2010,,.
30,Store varebiler,13,Hydrogen,Kjorelengde,Kjørelengde (mill. km),2011,2011,,.
30,Store varebiler,13,Hydrogen,Kjorelengde,Kjørelengde (mill. km),2012,2012,,.
30,Store varebiler,13,Hydrogen,Kjorelengde,Kjørelengde (mill. km),2013,2013,,.
30,Store varebiler,13,Hydrogen,Kjorelengde,Kjørelengde (mill. km),2014,2014,,.
30,Store varebiler,13,Hydrogen,Kjorelengde,Kjørelengde (mill. km),2015,2015,,.
30,Store varebiler,13,Hydrogen,Kjorelengde,Kjørelengde (mill. km),2016,2016,,.
30,Store varebiler,13,Hydrogen,Kjorelengde,Kjørelengde (mill. km),2017,2017,,.
30,Store varebiler,13,Hydrogen,Kjorelengde,Kjørelengde (mill. km),2018,2018,,.
30,Store varebiler,13,Hydrogen,Kjorelengde,Kjørelengde (mill. km),2019,2019,,.
30,Store varebiler,13,Hydrogen,Kjorelengde,Kjørelengde (mill. km),2020,2020,,.
30,Store varebiler,13,Hydrogen,Kjorelengde,Kjørelengde (mill. km),2021,2021,,.
30,Store varebiler,13,Hydrogen,Kjorelengde,Kjørelengde (mill. km),2022,2022,,.
30,Store varebiler,13,Hydrogen,Kjorelengde,Kjørelengde (mill. km),2023,2023,,.
30,Store varebiler,13,Hydrogen,Kjorelengde,Kjørelengde (mill. km),2024,2024,,.
30,Store varebiler,13,Hydrogen,Kjorelengde,Kjørelengde (mill. km),2025,2025,,.
30,Store varebiler,13,Hydrogen,GjsnittKjorelengde,Gjennomsnittlig kjørelengde per kjøretøy (km),2005,2005,,.
30,Store varebiler,13,Hydrogen,GjsnittKjorelengde,Gjennomsnittlig kjørelengde per kjøretøy (km),2006,2006,,.
30,Store varebiler,13,Hydrogen,GjsnittKjorelengde,Gjennomsnittlig kjørelengde per kjøretøy (km),2007,2007,,.
30,Store varebiler,13,Hydrogen,GjsnittKjorelengde,Gjennomsnittlig kjørelengde per kjøretøy (km),2008,2008,,.
30,Store varebiler,13,Hydrogen,GjsnittKjorelengde,Gjennomsnittlig kjørelengde per kjøretøy (km),2009,2009,,.
30,Store varebiler,13,Hydrogen,GjsnittKjorelengde,Gjennomsnittlig kjørelengde per kjøretøy (km),2010,2010,,.
30,Store varebiler,13,Hydrogen,GjsnittKjorelengde,Gjennomsnittlig kjørelengde per kjøretøy (km),2011,2011,,.
30,Store varebiler,13,Hydrogen,GjsnittKjorelengde,Gjennomsnittlig kjørelengde per kjøretøy (km),2012,2012,,.
30,Store varebiler,13,Hydrogen,GjsnittKjorelengde,Gjennomsnittlig kjørelengde per kjøretøy (km),2013,2013,,.
30,Store varebiler,13,Hydrogen,GjsnittKjorelengde,Gjennomsnittlig kjørelengde per kjøretøy (km),2014,2014,,.
30,Store varebiler,13,Hydrogen,GjsnittKjorelengde,Gjennomsnittlig kjørelengde per kjøretøy (km),2015,2015,,.
30,Store varebiler,13,Hydrogen,GjsnittKjorelengde,Gjennomsnittlig kjørelengde per kjøretøy (km),2016,2016,,.
30,Store varebiler,13,Hydrogen,GjsnittKjorelengde,Gjennomsnittlig kjørelengde per kjøretøy (km),2017,2017,,.
30,Store varebiler,13,Hydrogen,GjsnittKjorelengde,Gjennomsnittlig kjørelengde per kjøretøy (km),2018,2018,,.
30,Store varebiler,13,Hydrogen,GjsnittKjorelengde,Gjennomsnittlig kjørelengde per kjøretøy (km),2019,2019,,.
30,Store varebiler,13,Hydrogen,GjsnittKjorelengde,Gjennomsnittlig kjørelengde per kjøretøy (km),2020,2020,,.
30,Store varebiler,13,Hydrogen,GjsnittKjorelengde,Gjennomsnittlig kjørelengde per kjøretøy (km),2021,2021,,.
30,Store varebiler,13,Hydrogen,GjsnittKjorelengde,Gjennomsnittlig kjørelengde per kjøretøy (km),2022,2022,,.
30,Store varebiler,13,Hydrogen,GjsnittKjorelengde,Gjennomsnittlig kjørelengde per kjøretøy (km),2023,2023,,.
30,Store varebiler,13,Hydrogen,GjsnittKjorelengde,Gjennomsnittlig kjørelengde per kjøretøy (km),2024,2024,,.
30,Store varebiler,13,Hydrogen,GjsnittKjorelengde,Gjennomsnittlig kjørelengde per kjøretøy (km),2025,2025,,.
30,Store varebiler,7,Andre drivstoff,Kjorelengde,Kjørelengde (mill. km),2005,2005,,.
30,Store varebiler,7,Andre drivstoff,Kjorelengde,Kjørelengde (mill. km),2006,2006,,.
30,Store varebiler,7,Andre drivstoff,Kjorelengde,Kjørelengde (mill. km),2007,2007,,:
30,Store varebiler,7,Andre drivstoff,Kjorelengde,Kjørelengde (mill. km),2008,2008,,:
30,Store varebiler,7,Andre drivstoff,Kjorelengde,Kjørelengde (mill. km),2009,2009,,:
30,Store varebiler,7,Andre drivstoff,Kjorelengde,Kjørelengde (mill. km),2010,2010,,:
30,Store varebiler,7,Andre drivstoff,Kjorelengde,Kjørelengde (mill. km),2011,2011,,:
30,Store varebiler,7,Andre drivstoff,Kjorelengde,Kjørelengde (mill. km),2012,2012,,:
30,Store varebiler,7,Andre drivstoff,Kjorelengde,Kjørelengde (mill. km),2013,2013,,:
30,Store varebiler,7,Andre drivstoff,Kjorelengde,Kjørelengde (mill. km),2014,2014,,:
30,Store varebiler,7,Andre drivstoff,Kjorelengde,Kjørelengde (mill. km),2015,2015,,:
30,Store varebiler,7,Andre drivstoff,Kjorelengde,Kjørelengde (mill. km),2016,2016,,.
30,Store varebiler,7,Andre drivstoff,Kjorelengde,Kjørelengde (mill. km),2017,2017,,.
30,Store varebiler,7,Andre drivstoff,Kjorelengde,Kjørelengde (mill. km),2018,2018,,.
30,Store varebiler,7,Andre drivstoff,Kjorelengde,Kjørelengde (mill. km),2019,2019,,.
30,Store varebiler,7,Andre drivstoff,Kjorelengde,Kjørelengde (mill. km),2020,2020,,.
30,Store varebiler,7,Andre drivstoff,Kjorelengde,Kjørelengde (mill. km),2021,2021,,:
30,Store varebiler,7,Andre drivstoff,Kjorelengde,Kjørelengde (mill. km),2022,2022,,.
30,Store varebiler,7,Andre drivstoff,Kjorelengde,Kjørelengde (mill. km),2023,2023,0.2,
30,Store varebiler,7,Andre drivstoff,Kjorelengde,Kjørelengde (mill. km),2024,2024,1.5,
30,Store varebiler,7,Andre drivstoff,Kjorelengde,Kjørelengde (mill. km),2025,2025,1.7,
30,Store varebiler,7,Andre drivstoff,GjsnittKjorelengde,Gjennomsnittlig kjørelengde per kjøretøy (km),2005,2005,,.
30,Store varebiler,7,Andre drivstoff,GjsnittKjorelengde,Gjennomsnittlig kjørelengde per kjøretøy (km),2006,2006,,.
30,Store varebiler,7,Andre drivstoff,GjsnittKjorelengde,Gjennomsnittlig kjørelengde per kjøretøy (km),2007,2007,,:
30,Store varebiler,7,Andre drivstoff,GjsnittKjorelengde,Gjennomsnittlig kjørelengde per kjøretøy (km),2008,2008,,:
30,Store varebiler,7,Andre drivstoff,GjsnittKjorelengde,Gjennomsnittlig kjørelengde per kjøretøy (km),2009,2009,,:
30,Store varebiler,7,Andre drivstoff,GjsnittKjorelengde,Gjennomsnittlig kjørelengde per kjøretøy (km),2010,2010,,:
30,Store varebiler,7,Andre drivstoff,GjsnittKjorelengde,Gjennomsnittlig kjørelengde per kjøretøy (km),2011,2011,,:
30,Store varebiler,7,Andre drivstoff,GjsnittKjorelengde,Gjennomsnittlig kjørelengde per kjøretøy (km),2012,2012,,:
30,Store varebiler,7,Andre drivstoff,GjsnittKjorelengde,Gjennomsnittlig kjørelengde per kjøretøy (km),2013,2013,,:
30,Store varebiler,7,Andre drivstoff,GjsnittKjorelengde,Gjennomsnittlig kjørelengde per kjøretøy (km),2014,2014,,:
30,Store varebiler,7,Andre drivstoff,GjsnittKjorelengde,Gjennomsnittlig kjørelengde per kjøretøy (km),2015,2015,,:
30,Store varebiler,7,Andre drivstoff,GjsnittKjorelengde,Gjennomsnittlig kjørelengde per kjøretøy (km),2016,2016,,.
30,Store varebiler,7,Andre drivstoff,GjsnittKjorelengde,Gjennomsnittlig kjørelengde per kjøretøy (km),2017,2017,,.
30,Store varebiler,7,Andre drivstoff,GjsnittKjorelengde,Gjennomsnittlig kjørelengde per kjøretøy (km),2018,2018,,.
30,Store varebiler,7,Andre drivstoff,GjsnittKjorelengde,Gjennomsnittlig kjørelengde per kjøretøy (km),2019,2019,,.
30,Store varebiler,7,Andre drivstoff,GjsnittKjorelengde,Gjennomsnittlig kjørelengde per kjøretøy (km),2020,2020,,.
30,Store varebiler,7,Andre drivstoff,GjsnittKjorelengde,Gjennomsnittlig kjørelengde per kjøretøy (km),2021,2021,,:
30,Store varebiler,7,Andre drivstoff,GjsnittKjorelengde,Gjennomsnittlig kjørelengde per kjøretøy (km),2022,2022,,.
30,Store varebiler,7,Andre drivstoff,GjsnittKjorelengde,Gjennomsnittlig kjørelengde per kjøretøy (km),2023,2023,2635.0,
30,Store varebiler,7,Andre drivstoff,GjsnittKjorelengde,Gjennomsnittlig kjørelengde per kjøretøy (km),2024,2024,17474.0,
30,Store varebiler,7,Andre drivstoff,GjsnittKjorelengde,Gjennomsnittlig kjørelengde per kjøretøy (km),2025,2025,19171.0,
31,Lastebiler med totalvekt 12 tonn eller mindre,0,Alle typer drivstoff,Kjorelengde,Kjørelengde (mill. km),2005,2005,78.2,
31,Lastebiler med totalvekt 12 tonn eller mindre,0,Alle typer drivstoff,Kjorelengde,Kjørelengde (mill. km),2006,2006,75.3,
31,Lastebiler med totalvekt 12 tonn eller mindre,0,Alle typer drivstoff,Kjorelengde,Kjørelengde (mill. km),2007,2007,71.9,
31,Lastebiler med totalvekt 12 tonn eller mindre,0,Alle typer drivstoff,Kjorelengde,Kjørelengde (mill. km),2008,2008,66.1,
31,Lastebiler med totalvekt 12 tonn eller mindre,0,Alle typer drivstoff,Kjorelengde,Kjørelengde (mill. km),2009,2009,61.2,
31,Lastebiler med totalvekt 12 tonn eller mindre,0,Alle typer drivstoff,Kjorelengde,Kjørelengde (mill. km),2010,2010,55.4,
31,Lastebiler med totalvekt 12 tonn eller mindre,0,Alle typer drivstoff,Kjorelengde,Kjørelengde (mill. km),2011,2011,55.9,
31,Lastebiler med totalvekt 12 tonn eller mindre,0,Alle typer drivstoff,Kjorelengde,Kjørelengde (mill. km),2012,2012,53.8,
31,Lastebiler med totalvekt 12 tonn eller mindre,0,Alle typer drivstoff,Kjorelengde,Kjørelengde (mill. km),2013,2013,50.2,
31,Lastebiler med totalvekt 12 tonn eller mindre,0,Alle typer drivstoff,Kjorelengde,Kjørelengde (mill. km),2014,2014,47.8,
31,Lastebiler med totalvekt 12 tonn eller mindre,0,Alle typer drivstoff,Kjorelengde,Kjørelengde (mill. km),2015,2015,45.9,
31,Lastebiler med totalvekt 12 tonn eller mindre,0,Alle typer drivstoff,Kjorelengde,Kjørelengde (mill. km),2016,2016,42.1,
31,Lastebiler med totalvekt 12 tonn eller mindre,0,Alle typer drivstoff,Kjorelengde,Kjørelengde (mill. km),2017,2017,39.2,
31,Lastebiler med totalvekt 12 tonn eller mindre,0,Alle typer drivstoff,Kjorelengde,Kjørelengde (mill. km),2018,2018,37.9,
31,Lastebiler med totalvekt 12 tonn eller mindre,0,Alle typer drivstoff,Kjorelengde,Kjørelengde (mill. km),2019,2019,37.8,
31,Lastebiler med totalvekt 12 tonn eller mindre,0,Alle typer drivstoff,Kjorelengde,Kjørelengde (mill. km),2020,2020,33.8,
31,Lastebiler med totalvekt 12 tonn eller mindre,0,Alle typer drivstoff,Kjorelengde,Kjørelengde (mill. km),2021,2021,33.2,
31,Lastebiler med totalvekt 12 tonn eller mindre,0,Alle typer drivstoff,Kjorelengde,Kjørelengde (mill. km),2022,2022,34.5,
31,Lastebiler med totalvekt 12 tonn eller mindre,0,Alle typer drivstoff,Kjorelengde,Kjørelengde (mill. km),2023,2023,33.6,
31,Lastebiler med totalvekt 12 tonn eller mindre,0,Alle typer drivstoff,Kjorelengde,Kjørelengde (mill. km),2024,2024,32.5,
31,Lastebiler med totalvekt 12 tonn eller mindre,0,Alle typer drivstoff,Kjorelengde,Kjørelengde (mill. km),2025,2025,28.5,
31,Lastebiler med totalvekt 12 tonn eller mindre,0,Alle typer drivstoff,GjsnittKjorelengde,Gjennomsnittlig kjørelengde per kjøretøy (km),2005,2005,15048.0,
31,Lastebiler med totalvekt 12 tonn eller mindre,0,Alle typer drivstoff,GjsnittKjorelengde,Gjennomsnittlig kjørelengde per kjøretøy (km),2006,2006,15038.0,
31,Lastebiler med totalvekt 12 tonn eller mindre,0,Alle typer drivstoff,GjsnittKjorelengde,Gjennomsnittlig kjørelengde per kjøretøy (km),2007,2007,15164.0,
31,Lastebiler med totalvekt 12 tonn eller mindre,0,Alle typer drivstoff,GjsnittKjorelengde,Gjennomsnittlig kjørelengde per kjøretøy (km),2008,2008,14422.0,
31,Lastebiler med totalvekt 12 tonn eller mindre,0,Alle typer drivstoff,GjsnittKjorelengde,Gjennomsnittlig kjørelengde per kjøretøy (km),2009,2009,14199.0,
31,Lastebiler med totalvekt 12 tonn eller mindre,0,Alle typer drivstoff,GjsnittKjorelengde,Gjennomsnittlig kjørelengde per kjøretøy (km),2010,2010,13262.0,
31,Lastebiler med totalvekt 12 tonn eller mindre,0,Alle typer drivstoff,GjsnittKjorelengde,Gjennomsnittlig kjørelengde per kjøretøy (km),2011,2011,13767.0,
31,Lastebiler med totalvekt 12 tonn eller mindre,0,Alle typer drivstoff,GjsnittKjorelengde,Gjennomsnittlig kjørelengde per kjøretøy (km),2012,2012,13550.0,
31,Lastebiler med totalvekt 12 tonn eller mindre,0,Alle typer drivstoff,GjsnittKjorelengde,Gjennomsnittlig kjørelengde per kjøretøy (km),2013,2013,12803.0,
31,Lastebiler med totalvekt 12 tonn eller mindre,0,Alle typer drivstoff,GjsnittKjorelengde,Gjennomsnittlig kjørelengde per kjøretøy (km),2014,2014,12582.0,
31,Lastebiler med totalvekt 12 tonn eller mindre,0,Alle typer drivstoff,GjsnittKjorelengde,Gjennomsnittlig kjørelengde per kjøretøy (km),2015,2015,12533.0,
31,Lastebiler med totalvekt 12 tonn eller mindre,0,Alle typer drivstoff,GjsnittKjorelengde,Gjennomsnittlig kjørelengde per kjøretøy (km),2016,2016,11867.0,
31,Lastebiler med totalvekt 12 tonn eller mindre,0,Alle typer drivstoff,GjsnittKjorelengde,Gjennomsnittlig kjørelengde per kjøretøy (km),2017,2017,11329.0,
31,Lastebiler med totalvekt 12 tonn eller mindre,0,Alle typer drivstoff,GjsnittKjorelengde,Gjennomsnittlig kjørelengde per kjøretøy (km),2018,2018,11884.0,
31,Lastebiler med totalvekt 12 tonn eller mindre,0,Alle typer drivstoff,GjsnittKjorelengde,Gjennomsnittlig kjørelengde per kjøretøy (km),2019,2019,12371.0,
31,Lastebiler med totalvekt 12 tonn eller mindre,0,Alle typer drivstoff,GjsnittKjorelengde,Gjennomsnittlig kjørelengde per kjøretøy (km),2020,2020,10847.0,
31,Lastebiler med totalvekt 12 tonn eller mindre,0,Alle typer drivstoff,GjsnittKjorelengde,Gjennomsnittlig kjørelengde per kjøretøy (km),2021,2021,11229.0,
31,Lastebiler med totalvekt 12 tonn eller mindre,0,Alle typer drivstoff,GjsnittKjorelengde,Gjennomsnittlig kjørelengde per kjøretøy (km),2022,2022,11947.0,
31,Lastebiler med totalvekt 12 tonn eller mindre,0,Alle typer drivstoff,GjsnittKjorelengde,Gjennomsnittlig kjørelengde per kjøretøy (km),2023,2023,12183.0,
31,Lastebiler med totalvekt 12 tonn eller mindre,0,Alle typer drivstoff,GjsnittKjorelengde,Gjennomsnittlig kjørelengde per kjøretøy (km),2024,2024,12150.0,
31,Lastebiler med totalvekt 12 tonn eller mindre,0,Alle typer drivstoff,GjsnittKjorelengde,Gjennomsnittlig kjørelengde per kjøretøy (km),2025,2025,13560.0,
31,Lastebiler med totalvekt 12 tonn eller mindre,1,Bensin,Kjorelengde,Kjørelengde (mill. km),2005,2005,,:
31,Lastebiler med totalvekt 12 tonn eller mindre,1,Bensin,Kjorelengde,Kjørelengde (mill. km),2006,2006,,:
31,Lastebiler med totalvekt 12 tonn eller mindre,1,Bensin,Kjorelengde,Kjørelengde (mill. km),2007,2007,,:
31,Lastebiler med totalvekt 12 tonn eller mindre,1,Bensin,Kjorelengde,Kjørelengde (mill. km),2008,2008,,:
31,Lastebiler med totalvekt 12 tonn eller mindre,1,Bensin,Kjorelengde,Kjørelengde (mill. km),2009,2009,,:
31,Lastebiler med totalvekt 12 tonn eller mindre,1,Bensin,Kjorelengde,Kjørelengde (mill. km),2010,2010,0.1,
31,Lastebiler med totalvekt 12 tonn eller mindre,1,Bensin,Kjorelengde,Kjørelengde (mill. km),2011,2011,,:
31,Lastebiler med totalvekt 12 tonn eller mindre,1,Bensin,Kjorelengde,Kjørelengde (mill. km),2012,2012,,:
31,Lastebiler med totalvekt 12 tonn eller mindre,1,Bensin,Kjorelengde,Kjørelengde (mill. km),2013,2013,0.1,
31,Lastebiler med totalvekt 12 tonn eller mindre,1,Bensin,Kjorelengde,Kjørelengde (mill. km),2014,2014,0.0,
31,Lastebiler med totalvekt 12 tonn eller mindre,1,Bensin,Kjorelengde,Kjørelengde (mill. km),2015,2015,0.0,
31,Lastebiler med totalvekt 12 tonn eller mindre,1,Bensin,Kjorelengde,Kjørelengde (mill. km),2016,2016,0.0,
31,Lastebiler med totalvekt 12 tonn eller mindre,1,Bensin,Kjorelengde,Kjørelengde (mill. km),2017,2017,0.0,
31,Lastebiler med totalvekt 12 tonn eller mindre,1,Bensin,Kjorelengde,Kjørelengde (mill. km),2018,2018,0.0,
31,Lastebiler med totalvekt 12 tonn eller mindre,1,Bensin,Kjorelengde,Kjørelengde (mill. km),2019,2019,0.0,
31,Lastebiler med totalvekt 12 tonn eller mindre,1,Bensin,Kjorelengde,Kjørelengde (mill. km),2020,2020,0.1,
31,Lastebiler med totalvekt 12 tonn eller mindre,1,Bensin,Kjorelengde,Kjørelengde (mill. km),2021,2021,0.0,
31,Lastebiler med totalvekt 12 tonn eller mindre,1,Bensin,Kjorelengde,Kjørelengde (mill. km),2022,2022,0.0,
31,Lastebiler med totalvekt 12 tonn eller mindre,1,Bensin,Kjorelengde,Kjørelengde (mill. km),2023,2023,0.0,
31,Lastebiler med totalvekt 12 tonn eller mindre,1,Bensin,Kjorelengde,Kjørelengde (mill. km),2024,2024,0.0,
31,Lastebiler med totalvekt 12 tonn eller mindre,1,Bensin,Kjorelengde,Kjørelengde (mill. km),2025,2025,0.0,
31,Lastebiler med totalvekt 12 tonn eller mindre,1,Bensin,GjsnittKjorelengde,Gjennomsnittlig kjørelengde per kjøretøy (km),2005,2005,,:
31,Lastebiler med totalvekt 12 tonn eller mindre,1,Bensin,GjsnittKjorelengde,Gjennomsnittlig kjørelengde per kjøretøy (km),2006,2006,,:
31,Lastebiler med totalvekt 12 tonn eller mindre,1,Bensin,GjsnittKjorelengde,Gjennomsnittlig kjørelengde per kjøretøy (km),2007,2007,,:
31,Lastebiler med totalvekt 12 tonn eller mindre,1,Bensin,GjsnittKjorelengde,Gjennomsnittlig kjørelengde per kjøretøy (km),2008,2008,,:
31,Lastebiler med totalvekt 12 tonn eller mindre,1,Bensin,GjsnittKjorelengde,Gjennomsnittlig kjørelengde per kjøretøy (km),2009,2009,,:
31,Lastebiler med totalvekt 12 tonn eller mindre,1,Bensin,GjsnittKjorelengde,Gjennomsnittlig kjørelengde per kjøretøy (km),2010,2010,1493.0,
31,Lastebiler med totalvekt 12 tonn eller mindre,1,Bensin,GjsnittKjorelengde,Gjennomsnittlig kjørelengde per kjøretøy (km),2011,2011,,:
31,Lastebiler med totalvekt 12 tonn eller mindre,1,Bensin,GjsnittKjorelengde,Gjennomsnittlig kjørelengde per kjøretøy (km),2012,2012,,:
31,Lastebiler med totalvekt 12 tonn eller mindre,1,Bensin,GjsnittKjorelengde,Gjennomsnittlig kjørelengde per kjøretøy (km),2013,2013,1515.0,
31,Lastebiler med totalvekt 12 tonn eller mindre,1,Bensin,GjsnittKjorelengde,Gjennomsnittlig kjørelengde per kjøretøy (km),2014,2014,369.0,
31,Lastebiler med totalvekt 12 tonn eller mindre,1,Bensin,GjsnittKjorelengde,Gjennomsnittlig kjørelengde per kjøretøy (km),2015,2015,823.0,
31,Lastebiler med totalvekt 12 tonn eller mindre,1,Bensin,GjsnittKjorelengde,Gjennomsnittlig kjørelengde per kjøretøy (km),2016,2016,356.0,
31,Lastebiler med totalvekt 12 tonn eller mindre,1,Bensin,GjsnittKjorelengde,Gjennomsnittlig kjørelengde per kjøretøy (km),2017,2017,456.0,
31,Lastebiler med totalvekt 12 tonn eller mindre,1,Bensin,GjsnittKjorelengde,Gjennomsnittlig kjørelengde per kjøretøy (km),2018,2018,360.0,
31,Lastebiler med totalvekt 12 tonn eller mindre,1,Bensin,GjsnittKjorelengde,Gjennomsnittlig kjørelengde per kjøretøy (km),2019,2019,1351.0,
31,Lastebiler med totalvekt 12 tonn eller mindre,1,Bensin,GjsnittKjorelengde,Gjennomsnittlig kjørelengde per kjøretøy (km),2020,2020,1322.0,
31,Lastebiler med totalvekt 12 tonn eller mindre,1,Bensin,GjsnittKjorelengde,Gjennomsnittlig kjørelengde per kjøretøy (km),2021,2021,1222.0,
31,Lastebiler med totalvekt 12 tonn eller mindre,1,Bensin,GjsnittKjorelengde,Gjennomsnittlig kjørelengde per kjøretøy (km),2022,2022,1273.0,
31,Lastebiler med totalvekt 12 tonn eller mindre,1,Bensin,GjsnittKjorelengde,Gjennomsnittlig kjørelengde per kjøretøy (km),2023,2023,1135.0,
31,Lastebiler med totalvekt 12 tonn eller mindre,1,Bensin,GjsnittKjorelengde,Gjennomsnittlig kjørelengde per kjøretøy (km),2024,2024,1508.0,
31,Lastebiler med totalvekt 12 tonn eller mindre,1,Bensin,GjsnittKjorelengde,Gjennomsnittlig kjørelengde per kjøretøy (km),2025,2025,1354.0,
31,Lastebiler med totalvekt 12 tonn eller mindre,2,Diesel,Kjorelengde,Kjørelengde (mill. km),2005,2005,77.2,
31,Lastebiler med totalvekt 12 tonn eller mindre,2,Diesel,Kjorelengde,Kjørelengde (mill. km),2006,2006,74.3,
31,Lastebiler med totalvekt 12 tonn eller mindre,2,Diesel,Kjorelengde,Kjørelengde (mill. km),2007,2007,71.4,
31,Lastebiler med totalvekt 12 tonn eller mindre,2,Diesel,Kjorelengde,Kjørelengde (mill. km),2008,2008,65.6,
31,Lastebiler med totalvekt 12 tonn eller mindre,2,Diesel,Kjorelengde,Kjørelengde (mill. km),2009,2009,61.0,
31,Lastebiler med totalvekt 12 tonn eller mindre,2,Diesel,Kjorelengde,Kjørelengde (mill. km),2010,2010,55.3,
31,Lastebiler med totalvekt 12 tonn eller mindre,2,Diesel,Kjorelengde,Kjørelengde (mill. km),2011,2011,55.9,
31,Lastebiler med totalvekt 12 tonn eller mindre,2,Diesel,Kjorelengde,Kjørelengde (mill. km),2012,2012,53.7,
31,Lastebiler med totalvekt 12 tonn eller mindre,2,Diesel,Kjorelengde,Kjørelengde (mill. km),2013,2013,50.0,
31,Lastebiler med totalvekt 12 tonn eller mindre,2,Diesel,Kjorelengde,Kjørelengde (mill. km),2014,2014,47.7,
31,Lastebiler med totalvekt 12 tonn eller mindre,2,Diesel,Kjorelengde,Kjørelengde (mill. km),2015,2015,45.8,
31,Lastebiler med totalvekt 12 tonn eller mindre,2,Diesel,Kjorelengde,Kjørelengde (mill. km),2016,2016,42.0,
31,Lastebiler med totalvekt 12 tonn eller mindre,2,Diesel,Kjorelengde,Kjørelengde (mill. km),2017,2017,39.0,
31,Lastebiler med totalvekt 12 tonn eller mindre,2,Diesel,Kjorelengde,Kjørelengde (mill. km),2018,2018,37.8,
31,Lastebiler med totalvekt 12 tonn eller mindre,2,Diesel,Kjorelengde,Kjørelengde (mill. km),2019,2019,37.6,
31,Lastebiler med totalvekt 12 tonn eller mindre,2,Diesel,Kjorelengde,Kjørelengde (mill. km),2020,2020,33.6,
31,Lastebiler med totalvekt 12 tonn eller mindre,2,Diesel,Kjorelengde,Kjørelengde (mill. km),2021,2021,33.1,
31,Lastebiler med totalvekt 12 tonn eller mindre,2,Diesel,Kjorelengde,Kjørelengde (mill. km),2022,2022,34.3,
31,Lastebiler med totalvekt 12 tonn eller mindre,2,Diesel,Kjorelengde,Kjørelengde (mill. km),2023,2023,33.3,
31,Lastebiler med totalvekt 12 tonn eller mindre,2,Diesel,Kjorelengde,Kjørelengde (mill. km),2024,2024,32.1,
31,Lastebiler med totalvekt 12 tonn eller mindre,2,Diesel,Kjorelengde,Kjørelengde (mill. km),2025,2025,28.2,
31,Lastebiler med totalvekt 12 tonn eller mindre,2,Diesel,GjsnittKjorelengde,Gjennomsnittlig kjørelengde per kjøretøy (km),2005,2005,15185.0,
31,Lastebiler med totalvekt 12 tonn eller mindre,2,Diesel,GjsnittKjorelengde,Gjennomsnittlig kjørelengde per kjøretøy (km),2006,2006,15207.0,
31,Lastebiler med totalvekt 12 tonn eller mindre,2,Diesel,GjsnittKjorelengde,Gjennomsnittlig kjørelengde per kjøretøy (km),2007,2007,15349.0,
31,Lastebiler med totalvekt 12 tonn eller mindre,2,Diesel,GjsnittKjorelengde,Gjennomsnittlig kjørelengde per kjøretøy (km),2008,2008,14614.0,
31,Lastebiler med totalvekt 12 tonn eller mindre,2,Diesel,GjsnittKjorelengde,Gjennomsnittlig kjørelengde per kjøretøy (km),2009,2009,14445.0,
31,Lastebiler med totalvekt 12 tonn eller mindre,2,Diesel,GjsnittKjorelengde,Gjennomsnittlig kjørelengde per kjøretøy (km),2010,2010,13522.0,
31,Lastebiler med totalvekt 12 tonn eller mindre,2,Diesel,GjsnittKjorelengde,Gjennomsnittlig kjørelengde per kjøretøy (km),2011,2011,14067.0,
31,Lastebiler med totalvekt 12 tonn eller mindre,2,Diesel,GjsnittKjorelengde,Gjennomsnittlig kjørelengde per kjøretøy (km),2012,2012,13840.0,
31,Lastebiler med totalvekt 12 tonn eller mindre,2,Diesel,GjsnittKjorelengde,Gjennomsnittlig kjørelengde per kjøretøy (km),2013,2013,13057.0,
31,Lastebiler med totalvekt 12 tonn eller mindre,2,Diesel,GjsnittKjorelengde,Gjennomsnittlig kjørelengde per kjøretøy (km),2014,2014,12798.0,
31,Lastebiler med totalvekt 12 tonn eller mindre,2,Diesel,GjsnittKjorelengde,Gjennomsnittlig kjørelengde per kjøretøy (km),2015,2015,12762.0,
31,Lastebiler med totalvekt 12 tonn eller mindre,2,Diesel,GjsnittKjorelengde,Gjennomsnittlig kjørelengde per kjøretøy (km),2016,2016,12089.0,
31,Lastebiler med totalvekt 12 tonn eller mindre,2,Diesel,GjsnittKjorelengde,Gjennomsnittlig kjørelengde per kjøretøy (km),2017,2017,11547.0,
31,Lastebiler med totalvekt 12 tonn eller mindre,2,Diesel,GjsnittKjorelengde,Gjennomsnittlig kjørelengde per kjøretøy (km),2018,2018,12094.0,
31,Lastebiler med totalvekt 12 tonn eller mindre,2,Diesel,GjsnittKjorelengde,Gjennomsnittlig kjørelengde per kjøretøy (km),2019,2019,12530.0,
31,Lastebiler med totalvekt 12 tonn eller mindre,2,Diesel,GjsnittKjorelengde,Gjennomsnittlig kjørelengde per kjøretøy (km),2020,2020,11005.0,
31,Lastebiler med totalvekt 12 tonn eller mindre,2,Diesel,GjsnittKjorelengde,Gjennomsnittlig kjørelengde per kjøretøy (km),2021,2021,11389.0,
31,Lastebiler med totalvekt 12 tonn eller mindre,2,Diesel,GjsnittKjorelengde,Gjennomsnittlig kjørelengde per kjøretøy (km),2022,2022,12133.0,
31,Lastebiler med totalvekt 12 tonn eller mindre,2,Diesel,GjsnittKjorelengde,Gjennomsnittlig kjørelengde per kjøretøy (km),2023,2023,12344.0,
31,Lastebiler med totalvekt 12 tonn eller mindre,2,Diesel,GjsnittKjorelengde,Gjennomsnittlig kjørelengde per kjøretøy (km),2024,2024,12254.0,
31,Lastebiler med totalvekt 12 tonn eller mindre,2,Diesel,GjsnittKjorelengde,Gjennomsnittlig kjørelengde per kjøretøy (km),2025,2025,13605.0,
31,Lastebiler med totalvekt 12 tonn eller mindre,18,Elektrisitet,Kjorelengde,Kjørelengde (mill. km),2005,2005,,:
31,Lastebiler med totalvekt 12 tonn eller mindre,18,Elektrisitet,Kjorelengde,Kjørelengde (mill. km),2006,2006,,:
31,Lastebiler med totalvekt 12 tonn eller mindre,18,Elektrisitet,Kjorelengde,Kjørelengde (mill. km),2007,2007,,:
31,Lastebiler med totalvekt 12 tonn eller mindre,18,Elektrisitet,Kjorelengde,Kjørelengde (mill. km),2008,2008,,:
31,Lastebiler med totalvekt 12 tonn eller mindre,18,Elektrisitet,Kjorelengde,Kjørelengde (mill. km),2009,2009,,:
31,Lastebiler med totalvekt 12 tonn eller mindre,18,Elektrisitet,Kjorelengde,Kjørelengde (mill. km),2010,2010,,:
31,Lastebiler med totalvekt 12 tonn eller mindre,18,Elektrisitet,Kjorelengde,Kjørelengde (mill. km),2011,2011,,:
31,Lastebiler med totalvekt 12 tonn eller mindre,18,Elektrisitet,Kjorelengde,Kjørelengde (mill. km),2012,2012,,:
31,Lastebiler med totalvekt 12 tonn eller mindre,18,Elektrisitet,Kjorelengde,Kjørelengde (mill. km),2013,2013,,:
31,Lastebiler med totalvekt 12 tonn eller mindre,18,Elektrisitet,Kjorelengde,Kjørelengde (mill. km),2014,2014,,:
31,Lastebiler med totalvekt 12 tonn eller mindre,18,Elektrisitet,Kjorelengde,Kjørelengde (mill. km),2015,2015,,:
31,Lastebiler med totalvekt 12 tonn eller mindre,18,Elektrisitet,Kjorelengde,Kjørelengde (mill. km),2016,2016,,:
31,Lastebiler med totalvekt 12 tonn eller mindre,18,Elektrisitet,Kjorelengde,Kjørelengde (mill. km),2017,2017,,:
31,Lastebiler med totalvekt 12 tonn eller mindre,18,Elektrisitet,Kjorelengde,Kjørelengde (mill. km),2018,2018,,.
31,Lastebiler med totalvekt 12 tonn eller mindre,18,Elektrisitet,Kjorelengde,Kjørelengde (mill. km),2019,2019,,.
31,Lastebiler med totalvekt 12 tonn eller mindre,18,Elektrisitet,Kjorelengde,Kjørelengde (mill. km),2020,2020,,:
31,Lastebiler med totalvekt 12 tonn eller mindre,18,Elektrisitet,Kjorelengde,Kjørelengde (mill. km),2021,2021,,:
31,Lastebiler med totalvekt 12 tonn eller mindre,18,Elektrisitet,Kjorelengde,Kjørelengde (mill. km),2022,2022,,:
31,Lastebiler med totalvekt 12 tonn eller mindre,18,Elektrisitet,Kjorelengde,Kjørelengde (mill. km),2023,2023,,:
31,Lastebiler med totalvekt 12 tonn eller mindre,18,Elektrisitet,Kjorelengde,Kjørelengde (mill. km),2024,2024,,:
31,Lastebiler med totalvekt 12 tonn eller mindre,18,Elektrisitet,Kjorelengde,Kjørelengde (mill. km),2025,2025,0.0,
31,Lastebiler med totalvekt 12 tonn eller mindre,18,Elektrisitet,GjsnittKjorelengde,Gjennomsnittlig kjørelengde per kjøretøy (km),2005,2005,,:
31,Lastebiler med totalvekt 12 tonn eller mindre,18,Elektrisitet,GjsnittKjorelengde,Gjennomsnittlig kjørelengde per kjøretøy (km),2006,2006,,:
31,Lastebiler med totalvekt 12 tonn eller mindre,18,Elektrisitet,GjsnittKjorelengde,Gjennomsnittlig kjørelengde per kjøretøy (km),2007,2007,,:
31,Lastebiler med totalvekt 12 tonn eller mindre,18,Elektrisitet,GjsnittKjorelengde,Gjennomsnittlig kjørelengde per kjøretøy (km),2008,2008,,:
31,Lastebiler med totalvekt 12 tonn eller mindre,18,Elektrisitet,GjsnittKjorelengde,Gjennomsnittlig kjørelengde per kjøretøy (km),2009,2009,,:
31,Lastebiler med totalvekt 12 tonn eller mindre,18,Elektrisitet,GjsnittKjorelengde,Gjennomsnittlig kjørelengde per kjøretøy (km),2010,2010,,:
31,Lastebiler med totalvekt 12 tonn eller mindre,18,Elektrisitet,GjsnittKjorelengde,Gjennomsnittlig kjørelengde per kjøretøy (km),2011,2011,,:
31,Lastebiler med totalvekt 12 tonn eller mindre,18,Elektrisitet,GjsnittKjorelengde,Gjennomsnittlig kjørelengde per kjøretøy (km),2012,2012,,:
31,Lastebiler med totalvekt 12 tonn eller mindre,18,Elektrisitet,GjsnittKjorelengde,Gjennomsnittlig kjørelengde per kjøretøy (km),2013,2013,,:
31,Lastebiler med totalvekt 12 tonn eller mindre,18,Elektrisitet,GjsnittKjorelengde,Gjennomsnittlig kjørelengde per kjøretøy (km),2014,2014,,:
31,Lastebiler med totalvekt 12 tonn eller mindre,18,Elektrisitet,GjsnittKjorelengde,Gjennomsnittlig kjørelengde per kjøretøy (km),2015,2015,,:
31,Lastebiler med totalvekt 12 tonn eller mindre,18,Elektrisitet,GjsnittKjorelengde,Gjennomsnittlig kjørelengde per kjøretøy (km),2016,2016,,:
31,Lastebiler med totalvekt 12 tonn eller mindre,18,Elektrisitet,GjsnittKjorelengde,Gjennomsnittlig kjørelengde per kjøretøy (km),2017,2017,,:
31,Lastebiler med totalvekt 12 tonn eller mindre,18,Elektrisitet,GjsnittKjorelengde,Gjennomsnittlig kjørelengde per kjøretøy (km),2018,2018,,.
31,Lastebiler med totalvekt 12 tonn eller mindre,18,Elektrisitet,GjsnittKjorelengde,Gjennomsnittlig kjørelengde per kjøretøy (km),2019,2019,,.
31,Lastebiler med totalvekt 12 tonn eller mindre,18,Elektrisitet,GjsnittKjorelengde,Gjennomsnittlig kjørelengde per kjøretøy (km),2020,2020,,:
31,Lastebiler med totalvekt 12 tonn eller mindre,18,Elektrisitet,GjsnittKjorelengde,Gjennomsnittlig kjørelengde per kjøretøy (km),2021,2021,,:
31,Lastebiler med totalvekt 12 tonn eller mindre,18,Elektrisitet,GjsnittKjorelengde,Gjennomsnittlig kjørelengde per kjøretøy (km),2022,2022,,:
31,Lastebiler med totalvekt 12 tonn eller mindre,18,Elektrisitet,GjsnittKjorelengde,Gjennomsnittlig kjørelengde per kjøretøy (km),2023,2023,,:
31,Lastebiler med totalvekt 12 tonn eller mindre,18,Elektrisitet,GjsnittKjorelengde,Gjennomsnittlig kjørelengde per kjøretøy (km),2024,2024,,:
31,Lastebiler med totalvekt 12 tonn eller mindre,18,Elektrisitet,GjsnittKjorelengde,Gjennomsnittlig kjørelengde per kjøretøy (km),2025,2025,13751.0,
31,Lastebiler med totalvekt 12 tonn eller mindre,14,"Bensin hybrid, ladbar",Kjorelengde,Kjørelengde (mill. km),2005,2005,,.
31,Lastebiler med totalvekt 12 tonn eller mindre,14,"Bensin hybrid, ladbar",Kjorelengde,Kjørelengde (mill. km),2006,2006,,.
31,Lastebiler med totalvekt 12 tonn eller mindre,14,"Bensin hybrid, ladbar",Kjorelengde,Kjørelengde (mill. km),2007,2007,,.
31,Lastebiler med totalvekt 12 tonn eller mindre,14,"Bensin hybrid, ladbar",Kjorelengde,Kjørelengde (mill. km),2008,2008,,.
31,Lastebiler med totalvekt 12 tonn eller mindre,14,"Bensin hybrid, ladbar",Kjorelengde,Kjørelengde (mill. km),2009,2009,,.
31,Lastebiler med totalvekt 12 tonn eller mindre,14,"Bensin hybrid, ladbar",Kjorelengde,Kjørelengde (mill. km),2010,2010,,.
31,Lastebiler med totalvekt 12 tonn eller mindre,14,"Bensin hybrid, ladbar",Kjorelengde,Kjørelengde (mill. km),2011,2011,,.
31,Lastebiler med totalvekt 12 tonn eller mindre,14,"Bensin hybrid, ladbar",Kjorelengde,Kjørelengde (mill. km),2012,2012,,.
31,Lastebiler med totalvekt 12 tonn eller mindre,14,"Bensin hybrid, ladbar",Kjorelengde,Kjørelengde (mill. km),2013,2013,,.
31,Lastebiler med totalvekt 12 tonn eller mindre,14,"Bensin hybrid, ladbar",Kjorelengde,Kjørelengde (mill. km),2014,2014,,.
31,Lastebiler med totalvekt 12 tonn eller mindre,14,"Bensin hybrid, ladbar",Kjorelengde,Kjørelengde (mill. km),2015,2015,,.
31,Lastebiler med totalvekt 12 tonn eller mindre,14,"Bensin hybrid, ladbar",Kjorelengde,Kjørelengde (mill. km),2016,2016,,.
31,Lastebiler med totalvekt 12 tonn eller mindre,14,"Bensin hybrid, ladbar",Kjorelengde,Kjørelengde (mill. km),2017,2017,,.
31,Lastebiler med totalvekt 12 tonn eller mindre,14,"Bensin hybrid, ladbar",Kjorelengde,Kjørelengde (mill. km),2018,2018,,.
31,Lastebiler med totalvekt 12 tonn eller mindre,14,"Bensin hybrid, ladbar",Kjorelengde,Kjørelengde (mill. km),2019,2019,,.
31,Lastebiler med totalvekt 12 tonn eller mindre,14,"Bensin hybrid, ladbar",Kjorelengde,Kjørelengde (mill. km),2020,2020,,.
31,Lastebiler med totalvekt 12 tonn eller mindre,14,"Bensin hybrid, ladbar",Kjorelengde,Kjørelengde (mill. km),2021,2021,,.
31,Lastebiler med totalvekt 12 tonn eller mindre,14,"Bensin hybrid, ladbar",Kjorelengde,Kjørelengde (mill. km),2022,2022,,.
31,Lastebiler med totalvekt 12 tonn eller mindre,14,"Bensin hybrid, ladbar",Kjorelengde,Kjørelengde (mill. km),2023,2023,,.
31,Lastebiler med totalvekt 12 tonn eller mindre,14,"Bensin hybrid, ladbar",Kjorelengde,Kjørelengde (mill. km),2024,2024,,.
31,Lastebiler med totalvekt 12 tonn eller mindre,14,"Bensin hybrid, ladbar",Kjorelengde,Kjørelengde (mill. km),2025,2025,,.
31,Lastebiler med totalvekt 12 tonn eller mindre,14,"Bensin hybrid, ladbar",GjsnittKjorelengde,Gjennomsnittlig kjørelengde per kjøretøy (km),2005,2005,,.
31,Lastebiler med totalvekt 12 tonn eller mindre,14,"Bensin hybrid, ladbar",GjsnittKjorelengde,Gjennomsnittlig kjørelengde per kjøretøy (km),2006,2006,,.
31,Lastebiler med totalvekt 12 tonn eller mindre,14,"Bensin hybrid, ladbar",GjsnittKjorelengde,Gjennomsnittlig kjørelengde per kjøretøy (km),2007,2007,,.
31,Lastebiler med totalvekt 12 tonn eller mindre,14,"Bensin hybrid, ladbar",GjsnittKjorelengde,Gjennomsnittlig kjørelengde per kjøretøy (km),2008,2008,,.
31,Lastebiler med totalvekt 12 tonn eller mindre,14,"Bensin hybrid, ladbar",GjsnittKjorelengde,Gjennomsnittlig kjørelengde per kjøretøy (km),2009,2009,,.
31,Lastebiler med totalvekt 12 tonn eller mindre,14,"Bensin hybrid, ladbar",GjsnittKjorelengde,Gjennomsnittlig kjørelengde per kjøretøy (km),2010,2010,,.
31,Lastebiler med totalvekt 12 tonn eller mindre,14,"Bensin hybrid, ladbar",GjsnittKjorelengde,Gjennomsnittlig kjørelengde per kjøretøy (km),2011,2011,,.
31,Lastebiler med totalvekt 12 tonn eller mindre,14,"Bensin hybrid, ladbar",GjsnittKjorelengde,Gjennomsnittlig kjørelengde per kjøretøy (km),2012,2012,,.
31,Lastebiler med totalvekt 12 tonn eller mindre,14,"Bensin hybrid, ladbar",GjsnittKjorelengde,Gjennomsnittlig kjørelengde per kjøretøy (km),2013,2013,,.
31,Lastebiler med totalvekt 12 tonn eller mindre,14,"Bensin hybrid, ladbar",GjsnittKjorelengde,Gjennomsnittlig kjørelengde per kjøretøy (km),2014,2014,,.
31,Lastebiler med totalvekt 12 tonn eller mindre,14,"Bensin hybrid, ladbar",GjsnittKjorelengde,Gjennomsnittlig kjørelengde per kjøretøy (km),2015,2015,,.
31,Lastebiler med totalvekt 12 tonn eller mindre,14,"Bensin hybrid, ladbar",GjsnittKjorelengde,Gjennomsnittlig kjørelengde per kjøretøy (km),2016,2016,,.
31,Lastebiler med totalvekt 12 tonn eller mindre,14,"Bensin hybrid, ladbar",GjsnittKjorelengde,Gjennomsnittlig kjørelengde per kjøretøy (km),2017,2017,,.
31,Lastebiler med totalvekt 12 tonn eller mindre,14,"Bensin hybrid, ladbar",GjsnittKjorelengde,Gjennomsnittlig kjørelengde per kjøretøy (km),2018,2018,,.
31,Lastebiler med totalvekt 12 tonn eller mindre,14,"Bensin hybrid, ladbar",GjsnittKjorelengde,Gjennomsnittlig kjørelengde per kjøretøy (km),2019,2019,,.
31,Lastebiler med totalvekt 12 tonn eller mindre,14,"Bensin hybrid, ladbar",GjsnittKjorelengde,Gjennomsnittlig kjørelengde per kjøretøy (km),2020,2020,,.
31,Lastebiler med totalvekt 12 tonn eller mindre,14,"Bensin hybrid, ladbar",GjsnittKjorelengde,Gjennomsnittlig kjørelengde per kjøretøy (km),2021,2021,,.
31,Lastebiler med totalvekt 12 tonn eller mindre,14,"Bensin hybrid, ladbar",GjsnittKjorelengde,Gjennomsnittlig kjørelengde per kjøretøy (km),2022,2022,,.
31,Lastebiler med totalvekt 12 tonn eller mindre,14,"Bensin hybrid, ladbar",GjsnittKjorelengde,Gjennomsnittlig kjørelengde per kjøretøy (km),2023,2023,,.
31,Lastebiler med totalvekt 12 tonn eller mindre,14,"Bensin hybrid, ladbar",GjsnittKjorelengde,Gjennomsnittlig kjørelengde per kjøretøy (km),2024,2024,,.
31,Lastebiler med totalvekt 12 tonn eller mindre,14,"Bensin hybrid, ladbar",GjsnittKjorelengde,Gjennomsnittlig kjørelengde per kjøretøy (km),2025,2025,,.
31,Lastebiler med totalvekt 12 tonn eller mindre,15,"Bensin hybrid, ikke ladbar",Kjorelengde,Kjørelengde (mill. km),2005,2005,,.
31,Lastebiler med totalvekt 12 tonn eller mindre,15,"Bensin hybrid, ikke ladbar",Kjorelengde,Kjørelengde (mill. km),2006,2006,,.
31,Lastebiler med totalvekt 12 tonn eller mindre,15,"Bensin hybrid, ikke ladbar",Kjorelengde,Kjørelengde (mill. km),2007,2007,,.
31,Lastebiler med totalvekt 12 tonn eller mindre,15,"Bensin hybrid, ikke ladbar",Kjorelengde,Kjørelengde (mill. km),2008,2008,,.
31,Lastebiler med totalvekt 12 tonn eller mindre,15,"Bensin hybrid, ikke ladbar",Kjorelengde,Kjørelengde (mill. km),2009,2009,,.
31,Lastebiler med totalvekt 12 tonn eller mindre,15,"Bensin hybrid, ikke ladbar",Kjorelengde,Kjørelengde (mill. km),2010,2010,,.
31,Lastebiler med totalvekt 12 tonn eller mindre,15,"Bensin hybrid, ikke ladbar",Kjorelengde,Kjørelengde (mill. km),2011,2011,,.
31,Lastebiler med totalvekt 12 tonn eller mindre,15,"Bensin hybrid, ikke ladbar",Kjorelengde,Kjørelengde (mill. km),2012,2012,,.
31,Lastebiler med totalvekt 12 tonn eller mindre,15,"Bensin hybrid, ikke ladbar",Kjorelengde,Kjørelengde (mill. km),2013,2013,,.
31,Lastebiler med totalvekt 12 tonn eller mindre,15,"Bensin hybrid, ikke ladbar",Kjorelengde,Kjørelengde (mill. km),2014,2014,,.
31,Lastebiler med totalvekt 12 tonn eller mindre,15,"Bensin hybrid, ikke ladbar",Kjorelengde,Kjørelengde (mill. km),2015,2015,,.
31,Lastebiler med totalvekt 12 tonn eller mindre,15,"Bensin hybrid, ikke ladbar",Kjorelengde,Kjørelengde (mill. km),2016,2016,,.
31,Lastebiler med totalvekt 12 tonn eller mindre,15,"Bensin hybrid, ikke ladbar",Kjorelengde,Kjørelengde (mill. km),2017,2017,,.
31,Lastebiler med totalvekt 12 tonn eller mindre,15,"Bensin hybrid, ikke ladbar",Kjorelengde,Kjørelengde (mill. km),2018,2018,,.
31,Lastebiler med totalvekt 12 tonn eller mindre,15,"Bensin hybrid, ikke ladbar",Kjorelengde,Kjørelengde (mill. km),2019,2019,,.
31,Lastebiler med totalvekt 12 tonn eller mindre,15,"Bensin hybrid, ikke ladbar",Kjorelengde,Kjørelengde (mill. km),2020,2020,,.
31,Lastebiler med totalvekt 12 tonn eller mindre,15,"Bensin hybrid, ikke ladbar",Kjorelengde,Kjørelengde (mill. km),2021,2021,,.
31,Lastebiler med totalvekt 12 tonn eller mindre,15,"Bensin hybrid, ikke ladbar",Kjorelengde,Kjørelengde (mill. km),2022,2022,,.
31,Lastebiler med totalvekt 12 tonn eller mindre,15,"Bensin hybrid, ikke ladbar",Kjorelengde,Kjørelengde (mill. km),2023,2023,,.
31,Lastebiler med totalvekt 12 tonn eller mindre,15,"Bensin hybrid, ikke ladbar",Kjorelengde,Kjørelengde (mill. km),2024,2024,,.
31,Lastebiler med totalvekt 12 tonn eller mindre,15,"Bensin hybrid, ikke ladbar",Kjorelengde,Kjørelengde (mill. km),2025,2025,,.
31,Lastebiler med totalvekt 12 tonn eller mindre,15,"Bensin hybrid, ikke ladbar",GjsnittKjorelengde,Gjennomsnittlig kjørelengde per kjøretøy (km),2005,2005,,.
31,Lastebiler med totalvekt 12 tonn eller mindre,15,"Bensin hybrid, ikke ladbar",GjsnittKjorelengde,Gjennomsnittlig kjørelengde per kjøretøy (km),2006,2006,,.
31,Lastebiler med totalvekt 12 tonn eller mindre,15,"Bensin hybrid, ikke ladbar",GjsnittKjorelengde,Gjennomsnittlig kjørelengde per kjøretøy (km),2007,2007,,.
31,Lastebiler med totalvekt 12 tonn eller mindre,15,"Bensin hybrid, ikke ladbar",GjsnittKjorelengde,Gjennomsnittlig kjørelengde per kjøretøy (km),2008,2008,,.
31,Lastebiler med totalvekt 12 tonn eller mindre,15,"Bensin hybrid, ikke ladbar",GjsnittKjorelengde,Gjennomsnittlig kjørelengde per kjøretøy (km),2009,2009,,.
31,Lastebiler med totalvekt 12 tonn eller mindre,15,"Bensin hybrid, ikke ladbar",GjsnittKjorelengde,Gjennomsnittlig kjørelengde per kjøretøy (km),2010,2010,,.
31,Lastebiler med totalvekt 12 tonn eller mindre,15,"Bensin hybrid, ikke ladbar",GjsnittKjorelengde,Gjennomsnittlig kjørelengde per kjøretøy (km),2011,2011,,.
31,Lastebiler med totalvekt 12 tonn eller mindre,15,"Bensin hybrid, ikke ladbar",GjsnittKjorelengde,Gjennomsnittlig kjørelengde per kjøretøy (km),2012,2012,,.
31,Lastebiler med totalvekt 12 tonn eller mindre,15,"Bensin hybrid, ikke ladbar",GjsnittKjorelengde,Gjennomsnittlig kjørelengde per kjøretøy (km),2013,2013,,.
31,Lastebiler med totalvekt 12 tonn eller mindre,15,"Bensin hybrid, ikke ladbar",GjsnittKjorelengde,Gjennomsnittlig kjørelengde per kjøretøy (km),2014,2014,,.
31,Lastebiler med totalvekt 12 tonn eller mindre,15,"Bensin hybrid, ikke ladbar",GjsnittKjorelengde,Gjennomsnittlig kjørelengde per kjøretøy (km),2015,2015,,.
31,Lastebiler med totalvekt 12 tonn eller mindre,15,"Bensin hybrid, ikke ladbar",GjsnittKjorelengde,Gjennomsnittlig kjørelengde per kjøretøy (km),2016,2016,,.
31,Lastebiler med totalvekt 12 tonn eller mindre,15,"Bensin hybrid, ikke ladbar",GjsnittKjorelengde,Gjennomsnittlig kjørelengde per kjøretøy (km),2017,2017,,.
31,Lastebiler med totalvekt 12 tonn eller mindre,15,"Bensin hybrid, ikke ladbar",GjsnittKjorelengde,Gjennomsnittlig kjørelengde per kjøretøy (km),2018,2018,,.
31,Lastebiler med totalvekt 12 tonn eller mindre,15,"Bensin hybrid, ikke ladbar",GjsnittKjorelengde,Gjennomsnittlig kjørelengde per kjøretøy (km),2019,2019,,.
31,Lastebiler med totalvekt 12 tonn eller mindre,15,"Bensin hybrid, ikke ladbar",GjsnittKjorelengde,Gjennomsnittlig kjørelengde per kjøretøy (km),2020,2020,,.
31,Lastebiler med totalvekt 12 tonn eller mindre,15,"Bensin hybrid, ikke ladbar",GjsnittKjorelengde,Gjennomsnittlig kjørelengde per kjøretøy (km),2021,2021,,.
31,Lastebiler med totalvekt 12 tonn eller mindre,15,"Bensin hybrid, ikke ladbar",GjsnittKjorelengde,Gjennomsnittlig kjørelengde per kjøretøy (km),2022,2022,,.
31,Lastebiler med totalvekt 12 tonn eller mindre,15,"Bensin hybrid, ikke ladbar",GjsnittKjorelengde,Gjennomsnittlig kjørelengde per kjøretøy (km),2023,2023,,.
31,Lastebiler med totalvekt 12 tonn eller mindre,15,"Bensin hybrid, ikke ladbar",GjsnittKjorelengde,Gjennomsnittlig kjørelengde per kjøretøy (km),2024,2024,,.
31,Lastebiler med totalvekt 12 tonn eller mindre,15,"Bensin hybrid, ikke ladbar",GjsnittKjorelengde,Gjennomsnittlig kjørelengde per kjøretøy (km),2025,2025,,.
31,Lastebiler med totalvekt 12 tonn eller mindre,16,"Diesel hybrid, ladbar",Kjorelengde,Kjørelengde (mill. km),2005,2005,,.
31,Lastebiler med totalvekt 12 tonn eller mindre,16,"Diesel hybrid, ladbar",Kjorelengde,Kjørelengde (mill. km),2006,2006,,.
31,Lastebiler med totalvekt 12 tonn eller mindre,16,"Diesel hybrid, ladbar",Kjorelengde,Kjørelengde (mill. km),2007,2007,,.
31,Lastebiler med totalvekt 12 tonn eller mindre,16,"Diesel hybrid, ladbar",Kjorelengde,Kjørelengde (mill. km),2008,2008,,.
31,Lastebiler med totalvekt 12 tonn eller mindre,16,"Diesel hybrid, ladbar",Kjorelengde,Kjørelengde (mill. km),2009,2009,,.
31,Lastebiler med totalvekt 12 tonn eller mindre,16,"Diesel hybrid, ladbar",Kjorelengde,Kjørelengde (mill. km),2010,2010,,.
31,Lastebiler med totalvekt 12 tonn eller mindre,16,"Diesel hybrid, ladbar",Kjorelengde,Kjørelengde (mill. km),2011,2011,,.
31,Lastebiler med totalvekt 12 tonn eller mindre,16,"Diesel hybrid, ladbar",Kjorelengde,Kjørelengde (mill. km),2012,2012,,.
31,Lastebiler med totalvekt 12 tonn eller mindre,16,"Diesel hybrid, ladbar",Kjorelengde,Kjørelengde (mill. km),2013,2013,,.
31,Lastebiler med totalvekt 12 tonn eller mindre,16,"Diesel hybrid, ladbar",Kjorelengde,Kjørelengde (mill. km),2014,2014,,.
31,Lastebiler med totalvekt 12 tonn eller mindre,16,"Diesel hybrid, ladbar",Kjorelengde,Kjørelengde (mill. km),2015,2015,,.
31,Lastebiler med totalvekt 12 tonn eller mindre,16,"Diesel hybrid, ladbar",Kjorelengde,Kjørelengde (mill. km),2016,2016,,.
31,Lastebiler med totalvekt 12 tonn eller mindre,16,"Diesel hybrid, ladbar",Kjorelengde,Kjørelengde (mill. km),2017,2017,,.
31,Lastebiler med totalvekt 12 tonn eller mindre,16,"Diesel hybrid, ladbar",Kjorelengde,Kjørelengde (mill. km),2018,2018,,.
31,Lastebiler med totalvekt 12 tonn eller mindre,16,"Diesel hybrid, ladbar",Kjorelengde,Kjørelengde (mill. km),2019,2019,,.
31,Lastebiler med totalvekt 12 tonn eller mindre,16,"Diesel hybrid, ladbar",Kjorelengde,Kjørelengde (mill. km),2020,2020,,.
31,Lastebiler med totalvekt 12 tonn eller mindre,16,"Diesel hybrid, ladbar",Kjorelengde,Kjørelengde (mill. km),2021,2021,,.
31,Lastebiler med totalvekt 12 tonn eller mindre,16,"Diesel hybrid, ladbar",Kjorelengde,Kjørelengde (mill. km),2022,2022,,.
31,Lastebiler med totalvekt 12 tonn eller mindre,16,"Diesel hybrid, ladbar",Kjorelengde,Kjørelengde (mill. km),2023,2023,,.
31,Lastebiler med totalvekt 12 tonn eller mindre,16,"Diesel hybrid, ladbar",Kjorelengde,Kjørelengde (mill. km),2024,2024,,.
31,Lastebiler med totalvekt 12 tonn eller mindre,16,"Diesel hybrid, ladbar",Kjorelengde,Kjørelengde (mill. km),2025,2025,,.
31,Lastebiler med totalvekt 12 tonn eller mindre,16,"Diesel hybrid, ladbar",GjsnittKjorelengde,Gjennomsnittlig kjørelengde per kjøretøy (km),2005,2005,,.
31,Lastebiler med totalvekt 12 tonn eller mindre,16,"Diesel hybrid, ladbar",GjsnittKjorelengde,Gjennomsnittlig kjørelengde per kjøretøy (km),2006,2006,,.
31,Lastebiler med totalvekt 12 tonn eller mindre,16,"Diesel hybrid, ladbar",GjsnittKjorelengde,Gjennomsnittlig kjørelengde per kjøretøy (km),2007,2007,,.
31,Lastebiler med totalvekt 12 tonn eller mindre,16,"Diesel hybrid, ladbar",GjsnittKjorelengde,Gjennomsnittlig kjørelengde per kjøretøy (km),2008,2008,,.
31,Lastebiler med totalvekt 12 tonn eller mindre,16,"Diesel hybrid, ladbar",GjsnittKjorelengde,Gjennomsnittlig kjørelengde per kjøretøy (km),2009,2009,,.
31,Lastebiler med totalvekt 12 tonn eller mindre,16,"Diesel hybrid, ladbar",GjsnittKjorelengde,Gjennomsnittlig kjørelengde per kjøretøy (km),2010,2010,,.
31,Lastebiler med totalvekt 12 tonn eller mindre,16,"Diesel hybrid, ladbar",GjsnittKjorelengde,Gjennomsnittlig kjørelengde per kjøretøy (km),2011,2011,,.
31,Lastebiler med totalvekt 12 tonn eller mindre,16,"Diesel hybrid, ladbar",GjsnittKjorelengde,Gjennomsnittlig kjørelengde per kjøretøy (km),2012,2012,,.
31,Lastebiler med totalvekt 12 tonn eller mindre,16,"Diesel hybrid, ladbar",GjsnittKjorelengde,Gjennomsnittlig kjørelengde per kjøretøy (km),2013,2013,,.
31,Lastebiler med totalvekt 12 tonn eller mindre,16,"Diesel hybrid, ladbar",GjsnittKjorelengde,Gjennomsnittlig kjørelengde per kjøretøy (km),2014,2014,,.
31,Lastebiler med totalvekt 12 tonn eller mindre,16,"Diesel hybrid, ladbar",GjsnittKjorelengde,Gjennomsnittlig kjørelengde per kjøretøy (km),2015,2015,,.
31,Lastebiler med totalvekt 12 tonn eller mindre,16,"Diesel hybrid, ladbar",GjsnittKjorelengde,Gjennomsnittlig kjørelengde per kjøretøy (km),2016,2016,,.
31,Lastebiler med totalvekt 12 tonn eller mindre,16,"Diesel hybrid, ladbar",GjsnittKjorelengde,Gjennomsnittlig kjørelengde per kjøretøy (km),2017,2017,,.
31,Lastebiler med totalvekt 12 tonn eller mindre,16,"Diesel hybrid, ladbar",GjsnittKjorelengde,Gjennomsnittlig kjørelengde per kjøretøy (km),2018,2018,,.
31,Lastebiler med totalvekt 12 tonn eller mindre,16,"Diesel hybrid, ladbar",GjsnittKjorelengde,Gjennomsnittlig kjørelengde per kjøretøy (km),2019,2019,,.
31,Lastebiler med totalvekt 12 tonn eller mindre,16,"Diesel hybrid, ladbar",GjsnittKjorelengde,Gjennomsnittlig kjørelengde per kjøretøy (km),2020,2020,,.
31,Lastebiler med totalvekt 12 tonn eller mindre,16,"Diesel hybrid, ladbar",GjsnittKjorelengde,Gjennomsnittlig kjørelengde per kjøretøy (km),2021,2021,,.
31,Lastebiler med totalvekt 12 tonn eller mindre,16,"Diesel hybrid, ladbar",GjsnittKjorelengde,Gjennomsnittlig kjørelengde per kjøretøy (km),2022,2022,,.
31,Lastebiler med totalvekt 12 tonn eller mindre,16,"Diesel hybrid, ladbar",GjsnittKjorelengde,Gjennomsnittlig kjørelengde per kjøretøy (km),2023,2023,,.
31,Lastebiler med totalvekt 12 tonn eller mindre,16,"Diesel hybrid, ladbar",GjsnittKjorelengde,Gjennomsnittlig kjørelengde per kjøretøy (km),2024,2024,,.
31,Lastebiler med totalvekt 12 tonn eller mindre,16,"Diesel hybrid, ladbar",GjsnittKjorelengde,Gjennomsnittlig kjørelengde per kjøretøy (km),2025,2025,,.
31,Lastebiler med totalvekt 12 tonn eller mindre,17,"Diesel hybrid, ikke ladbar",Kjorelengde,Kjørelengde (mill. km),2005,2005,,.
31,Lastebiler med totalvekt 12 tonn eller mindre,17,"Diesel hybrid, ikke ladbar",Kjorelengde,Kjørelengde (mill. km),2006,2006,,.
31,Lastebiler med totalvekt 12 tonn eller mindre,17,"Diesel hybrid, ikke ladbar",Kjorelengde,Kjørelengde (mill. km),2007,2007,,.
31,Lastebiler med totalvekt 12 tonn eller mindre,17,"Diesel hybrid, ikke ladbar",Kjorelengde,Kjørelengde (mill. km),2008,2008,,.
31,Lastebiler med totalvekt 12 tonn eller mindre,17,"Diesel hybrid, ikke ladbar",Kjorelengde,Kjørelengde (mill. km),2009,2009,,.
31,Lastebiler med totalvekt 12 tonn eller mindre,17,"Diesel hybrid, ikke ladbar",Kjorelengde,Kjørelengde (mill. km),2010,2010,,.
31,Lastebiler med totalvekt 12 tonn eller mindre,17,"Diesel hybrid, ikke ladbar",Kjorelengde,Kjørelengde (mill. km),2011,2011,,.
31,Lastebiler med totalvekt 12 tonn eller mindre,17,"Diesel hybrid, ikke ladbar",Kjorelengde,Kjørelengde (mill. km),2012,2012,,.
31,Lastebiler med totalvekt 12 tonn eller mindre,17,"Diesel hybrid, ikke ladbar",Kjorelengde,Kjørelengde (mill. km),2013,2013,,.
31,Lastebiler med totalvekt 12 tonn eller mindre,17,"Diesel hybrid, ikke ladbar",Kjorelengde,Kjørelengde (mill. km),2014,2014,,.
31,Lastebiler med totalvekt 12 tonn eller mindre,17,"Diesel hybrid, ikke ladbar",Kjorelengde,Kjørelengde (mill. km),2015,2015,,.
31,Lastebiler med totalvekt 12 tonn eller mindre,17,"Diesel hybrid, ikke ladbar",Kjorelengde,Kjørelengde (mill. km),2016,2016,,:
31,Lastebiler med totalvekt 12 tonn eller mindre,17,"Diesel hybrid, ikke ladbar",Kjorelengde,Kjørelengde (mill. km),2017,2017,0.1,
31,Lastebiler med totalvekt 12 tonn eller mindre,17,"Diesel hybrid, ikke ladbar",Kjorelengde,Kjørelengde (mill. km),2018,2018,0.1,
31,Lastebiler med totalvekt 12 tonn eller mindre,17,"Diesel hybrid, ikke ladbar",Kjorelengde,Kjørelengde (mill. km),2019,2019,0.1,
31,Lastebiler med totalvekt 12 tonn eller mindre,17,"Diesel hybrid, ikke ladbar",Kjorelengde,Kjørelengde (mill. km),2020,2020,,:
31,Lastebiler med totalvekt 12 tonn eller mindre,17,"Diesel hybrid, ikke ladbar",Kjorelengde,Kjørelengde (mill. km),2021,2021,,:
31,Lastebiler med totalvekt 12 tonn eller mindre,17,"Diesel hybrid, ikke ladbar",Kjorelengde,Kjørelengde (mill. km),2022,2022,,:
31,Lastebiler med totalvekt 12 tonn eller mindre,17,"Diesel hybrid, ikke ladbar",Kjorelengde,Kjørelengde (mill. km),2023,2023,,:
31,Lastebiler med totalvekt 12 tonn eller mindre,17,"Diesel hybrid, ikke ladbar",Kjorelengde,Kjørelengde (mill. km),2024,2024,,:
31,Lastebiler med totalvekt 12 tonn eller mindre,17,"Diesel hybrid, ikke ladbar",Kjorelengde,Kjørelengde (mill. km),2025,2025,0.0,
31,Lastebiler med totalvekt 12 tonn eller mindre,17,"Diesel hybrid, ikke ladbar",GjsnittKjorelengde,Gjennomsnittlig kjørelengde per kjøretøy (km),2005,2005,,.
31,Lastebiler med totalvekt 12 tonn eller mindre,17,"Diesel hybrid, ikke ladbar",GjsnittKjorelengde,Gjennomsnittlig kjørelengde per kjøretøy (km),2006,2006,,.
31,Lastebiler med totalvekt 12 tonn eller mindre,17,"Diesel hybrid, ikke ladbar",GjsnittKjorelengde,Gjennomsnittlig kjørelengde per kjøretøy (km),2007,2007,,.
31,Lastebiler med totalvekt 12 tonn eller mindre,17,"Diesel hybrid, ikke ladbar",GjsnittKjorelengde,Gjennomsnittlig kjørelengde per kjøretøy (km),2008,2008,,.
31,Lastebiler med totalvekt 12 tonn eller mindre,17,"Diesel hybrid, ikke ladbar",GjsnittKjorelengde,Gjennomsnittlig kjørelengde per kjøretøy (km),2009,2009,,.
31,Lastebiler med totalvekt 12 tonn eller mindre,17,"Diesel hybrid, ikke ladbar",GjsnittKjorelengde,Gjennomsnittlig kjørelengde per kjøretøy (km),2010,2010,,.
31,Lastebiler med totalvekt 12 tonn eller mindre,17,"Diesel hybrid, ikke ladbar",GjsnittKjorelengde,Gjennomsnittlig kjørelengde per kjøretøy (km),2011,2011,,.
31,Lastebiler med totalvekt 12 tonn eller mindre,17,"Diesel hybrid, ikke ladbar",GjsnittKjorelengde,Gjennomsnittlig kjørelengde per kjøretøy (km),2012,2012,,.
31,Lastebiler med totalvekt 12 tonn eller mindre,17,"Diesel hybrid, ikke ladbar",GjsnittKjorelengde,Gjennomsnittlig kjørelengde per kjøretøy (km),2013,2013,,.
31,Lastebiler med totalvekt 12 tonn eller mindre,17,"Diesel hybrid, ikke ladbar",GjsnittKjorelengde,Gjennomsnittlig kjørelengde per kjøretøy (km),2014,2014,,.
31,Lastebiler med totalvekt 12 tonn eller mindre,17,"Diesel hybrid, ikke ladbar",GjsnittKjorelengde,Gjennomsnittlig kjørelengde per kjøretøy (km),2015,2015,,.
31,Lastebiler med totalvekt 12 tonn eller mindre,17,"Diesel hybrid, ikke ladbar",GjsnittKjorelengde,Gjennomsnittlig kjørelengde per kjøretøy (km),2016,2016,,:
31,Lastebiler med totalvekt 12 tonn eller mindre,17,"Diesel hybrid, ikke ladbar",GjsnittKjorelengde,Gjennomsnittlig kjørelengde per kjøretøy (km),2017,2017,15464.0,
31,Lastebiler med totalvekt 12 tonn eller mindre,17,"Diesel hybrid, ikke ladbar",GjsnittKjorelengde,Gjennomsnittlig kjørelengde per kjøretøy (km),2018,2018,16669.0,
31,Lastebiler med totalvekt 12 tonn eller mindre,17,"Diesel hybrid, ikke ladbar",GjsnittKjorelengde,Gjennomsnittlig kjørelengde per kjøretøy (km),2019,2019,21762.0,
31,Lastebiler med totalvekt 12 tonn eller mindre,17,"Diesel hybrid, ikke ladbar",GjsnittKjorelengde,Gjennomsnittlig kjørelengde per kjøretøy (km),2020,2020,,:
31,Lastebiler med totalvekt 12 tonn eller mindre,17,"Diesel hybrid, ikke ladbar",GjsnittKjorelengde,Gjennomsnittlig kjørelengde per kjøretøy (km),2021,2021,,:
31,Lastebiler med totalvekt 12 tonn eller mindre,17,"Diesel hybrid, ikke ladbar",GjsnittKjorelengde,Gjennomsnittlig kjørelengde per kjøretøy (km),2022,2022,,:
31,Lastebiler med totalvekt 12 tonn eller mindre,17,"Diesel hybrid, ikke ladbar",GjsnittKjorelengde,Gjennomsnittlig kjørelengde per kjøretøy (km),2023,2023,,:
31,Lastebiler med totalvekt 12 tonn eller mindre,17,"Diesel hybrid, ikke ladbar",GjsnittKjorelengde,Gjennomsnittlig kjørelengde per kjøretøy (km),2024,2024,,:
31,Lastebiler med totalvekt 12 tonn eller mindre,17,"Diesel hybrid, ikke ladbar",GjsnittKjorelengde,Gjennomsnittlig kjørelengde per kjøretøy (km),2025,2025,7829.0,
31,Lastebiler med totalvekt 12 tonn eller mindre,3,Parafin,Kjorelengde,Kjørelengde (mill. km),2005,2005,,.
31,Lastebiler med totalvekt 12 tonn eller mindre,3,Parafin,Kjorelengde,Kjørelengde (mill. km),2006,2006,,.
31,Lastebiler med totalvekt 12 tonn eller mindre,3,Parafin,Kjorelengde,Kjørelengde (mill. km),2007,2007,,.
31,Lastebiler med totalvekt 12 tonn eller mindre,3,Parafin,Kjorelengde,Kjørelengde (mill. km),2008,2008,,.
31,Lastebiler med totalvekt 12 tonn eller mindre,3,Parafin,Kjorelengde,Kjørelengde (mill. km),2009,2009,,.
31,Lastebiler med totalvekt 12 tonn eller mindre,3,Parafin,Kjorelengde,Kjørelengde (mill. km),2010,2010,,.
31,Lastebiler med totalvekt 12 tonn eller mindre,3,Parafin,Kjorelengde,Kjørelengde (mill. km),2011,2011,,.
31,Lastebiler med totalvekt 12 tonn eller mindre,3,Parafin,Kjorelengde,Kjørelengde (mill. km),2012,2012,,.
31,Lastebiler med totalvekt 12 tonn eller mindre,3,Parafin,Kjorelengde,Kjørelengde (mill. km),2013,2013,,.
31,Lastebiler med totalvekt 12 tonn eller mindre,3,Parafin,Kjorelengde,Kjørelengde (mill. km),2014,2014,,.
31,Lastebiler med totalvekt 12 tonn eller mindre,3,Parafin,Kjorelengde,Kjørelengde (mill. km),2015,2015,,.
31,Lastebiler med totalvekt 12 tonn eller mindre,3,Parafin,Kjorelengde,Kjørelengde (mill. km),2016,2016,0.0,
31,Lastebiler med totalvekt 12 tonn eller mindre,3,Parafin,Kjorelengde,Kjørelengde (mill. km),2017,2017,,:
31,Lastebiler med totalvekt 12 tonn eller mindre,3,Parafin,Kjorelengde,Kjørelengde (mill. km),2018,2018,0.0,
31,Lastebiler med totalvekt 12 tonn eller mindre,3,Parafin,Kjorelengde,Kjørelengde (mill. km),2019,2019,0.0,
31,Lastebiler med totalvekt 12 tonn eller mindre,3,Parafin,Kjorelengde,Kjørelengde (mill. km),2020,2020,0.0,
31,Lastebiler med totalvekt 12 tonn eller mindre,3,Parafin,Kjorelengde,Kjørelengde (mill. km),2021,2021,0.0,
31,Lastebiler med totalvekt 12 tonn eller mindre,3,Parafin,Kjorelengde,Kjørelengde (mill. km),2022,2022,0.0,
31,Lastebiler med totalvekt 12 tonn eller mindre,3,Parafin,Kjorelengde,Kjørelengde (mill. km),2023,2023,0.0,
31,Lastebiler med totalvekt 12 tonn eller mindre,3,Parafin,Kjorelengde,Kjørelengde (mill. km),2024,2024,0.0,
31,Lastebiler med totalvekt 12 tonn eller mindre,3,Parafin,Kjorelengde,Kjørelengde (mill. km),2025,2025,,.
31,Lastebiler med totalvekt 12 tonn eller mindre,3,Parafin,GjsnittKjorelengde,Gjennomsnittlig kjørelengde per kjøretøy (km),2005,2005,,.
31,Lastebiler med totalvekt 12 tonn eller mindre,3,Parafin,GjsnittKjorelengde,Gjennomsnittlig kjørelengde per kjøretøy (km),2006,2006,,.
31,Lastebiler med totalvekt 12 tonn eller mindre,3,Parafin,GjsnittKjorelengde,Gjennomsnittlig kjørelengde per kjøretøy (km),2007,2007,,.
31,Lastebiler med totalvekt 12 tonn eller mindre,3,Parafin,GjsnittKjorelengde,Gjennomsnittlig kjørelengde per kjøretøy (km),2008,2008,,.
31,Lastebiler med totalvekt 12 tonn eller mindre,3,Parafin,GjsnittKjorelengde,Gjennomsnittlig kjørelengde per kjøretøy (km),2009,2009,,.
31,Lastebiler med totalvekt 12 tonn eller mindre,3,Parafin,GjsnittKjorelengde,Gjennomsnittlig kjørelengde per kjøretøy (km),2010,2010,,.
31,Lastebiler med totalvekt 12 tonn eller mindre,3,Parafin,GjsnittKjorelengde,Gjennomsnittlig kjørelengde per kjøretøy (km),2011,2011,,.
31,Lastebiler med totalvekt 12 tonn eller mindre,3,Parafin,GjsnittKjorelengde,Gjennomsnittlig kjørelengde per kjøretøy (km),2012,2012,,.
31,Lastebiler med totalvekt 12 tonn eller mindre,3,Parafin,GjsnittKjorelengde,Gjennomsnittlig kjørelengde per kjøretøy (km),2013,2013,,.
31,Lastebiler med totalvekt 12 tonn eller mindre,3,Parafin,GjsnittKjorelengde,Gjennomsnittlig kjørelengde per kjøretøy (km),2014,2014,,.
31,Lastebiler med totalvekt 12 tonn eller mindre,3,Parafin,GjsnittKjorelengde,Gjennomsnittlig kjørelengde per kjøretøy (km),2015,2015,,.
31,Lastebiler med totalvekt 12 tonn eller mindre,3,Parafin,GjsnittKjorelengde,Gjennomsnittlig kjørelengde per kjøretøy (km),2016,2016,1444.0,
31,Lastebiler med totalvekt 12 tonn eller mindre,3,Parafin,GjsnittKjorelengde,Gjennomsnittlig kjørelengde per kjøretøy (km),2017,2017,,:
31,Lastebiler med totalvekt 12 tonn eller mindre,3,Parafin,GjsnittKjorelengde,Gjennomsnittlig kjørelengde per kjøretøy (km),2018,2018,1300.0,
31,Lastebiler med totalvekt 12 tonn eller mindre,3,Parafin,GjsnittKjorelengde,Gjennomsnittlig kjørelengde per kjøretøy (km),2019,2019,1222.0,
31,Lastebiler med totalvekt 12 tonn eller mindre,3,Parafin,GjsnittKjorelengde,Gjennomsnittlig kjørelengde per kjøretøy (km),2020,2020,1282.0,
31,Lastebiler med totalvekt 12 tonn eller mindre,3,Parafin,GjsnittKjorelengde,Gjennomsnittlig kjørelengde per kjøretøy (km),2021,2021,1180.0,
31,Lastebiler med totalvekt 12 tonn eller mindre,3,Parafin,GjsnittKjorelengde,Gjennomsnittlig kjørelengde per kjøretøy (km),2022,2022,1431.0,
31,Lastebiler med totalvekt 12 tonn eller mindre,3,Parafin,GjsnittKjorelengde,Gjennomsnittlig kjørelengde per kjøretøy (km),2023,2023,1360.0,
31,Lastebiler med totalvekt 12 tonn eller mindre,3,Parafin,GjsnittKjorelengde,Gjennomsnittlig kjørelengde per kjøretøy (km),2024,2024,1654.0,
31,Lastebiler med totalvekt 12 tonn eller mindre,3,Parafin,GjsnittKjorelengde,Gjennomsnittlig kjørelengde per kjøretøy (km),2025,2025,,.
31,Lastebiler med totalvekt 12 tonn eller mindre,4,Gass,Kjorelengde,Kjørelengde (mill. km),2005,2005,,.
31,Lastebiler med totalvekt 12 tonn eller mindre,4,Gass,Kjorelengde,Kjørelengde (mill. km),2006,2006,,.
31,Lastebiler med totalvekt 12 tonn eller mindre,4,Gass,Kjorelengde,Kjørelengde (mill. km),2007,2007,,.
31,Lastebiler med totalvekt 12 tonn eller mindre,4,Gass,Kjorelengde,Kjørelengde (mill. km),2008,2008,,.
31,Lastebiler med totalvekt 12 tonn eller mindre,4,Gass,Kjorelengde,Kjørelengde (mill. km),2009,2009,,.
31,Lastebiler med totalvekt 12 tonn eller mindre,4,Gass,Kjorelengde,Kjørelengde (mill. km),2010,2010,,.
31,Lastebiler med totalvekt 12 tonn eller mindre,4,Gass,Kjorelengde,Kjørelengde (mill. km),2011,2011,,.
31,Lastebiler med totalvekt 12 tonn eller mindre,4,Gass,Kjorelengde,Kjørelengde (mill. km),2012,2012,,.
31,Lastebiler med totalvekt 12 tonn eller mindre,4,Gass,Kjorelengde,Kjørelengde (mill. km),2013,2013,,.
31,Lastebiler med totalvekt 12 tonn eller mindre,4,Gass,Kjorelengde,Kjørelengde (mill. km),2014,2014,,.
31,Lastebiler med totalvekt 12 tonn eller mindre,4,Gass,Kjorelengde,Kjørelengde (mill. km),2015,2015,,.
31,Lastebiler med totalvekt 12 tonn eller mindre,4,Gass,Kjorelengde,Kjørelengde (mill. km),2016,2016,,.
31,Lastebiler med totalvekt 12 tonn eller mindre,4,Gass,Kjorelengde,Kjørelengde (mill. km),2017,2017,,.
31,Lastebiler med totalvekt 12 tonn eller mindre,4,Gass,Kjorelengde,Kjørelengde (mill. km),2018,2018,,:
31,Lastebiler med totalvekt 12 tonn eller mindre,4,Gass,Kjorelengde,Kjørelengde (mill. km),2019,2019,,:
31,Lastebiler med totalvekt 12 tonn eller mindre,4,Gass,Kjorelengde,Kjørelengde (mill. km),2020,2020,0.1,
31,Lastebiler med totalvekt 12 tonn eller mindre,4,Gass,Kjorelengde,Kjørelengde (mill. km),2021,2021,0.1,
31,Lastebiler med totalvekt 12 tonn eller mindre,4,Gass,Kjorelengde,Kjørelengde (mill. km),2022,2022,0.1,
31,Lastebiler med totalvekt 12 tonn eller mindre,4,Gass,Kjorelengde,Kjørelengde (mill. km),2023,2023,0.3,
31,Lastebiler med totalvekt 12 tonn eller mindre,4,Gass,Kjorelengde,Kjørelengde (mill. km),2024,2024,0.3,
31,Lastebiler med totalvekt 12 tonn eller mindre,4,Gass,Kjorelengde,Kjørelengde (mill. km),2025,2025,0.3,
31,Lastebiler med totalvekt 12 tonn eller mindre,4,Gass,GjsnittKjorelengde,Gjennomsnittlig kjørelengde per kjøretøy (km),2005,2005,,.
31,Lastebiler med totalvekt 12 tonn eller mindre,4,Gass,GjsnittKjorelengde,Gjennomsnittlig kjørelengde per kjøretøy (km),2006,2006,,.
31,Lastebiler med totalvekt 12 tonn eller mindre,4,Gass,GjsnittKjorelengde,Gjennomsnittlig kjørelengde per kjøretøy (km),2007,2007,,.
31,Lastebiler med totalvekt 12 tonn eller mindre,4,Gass,GjsnittKjorelengde,Gjennomsnittlig kjørelengde per kjøretøy (km),2008,2008,,.
31,Lastebiler med totalvekt 12 tonn eller mindre,4,Gass,GjsnittKjorelengde,Gjennomsnittlig kjørelengde per kjøretøy (km),2009,2009,,.
31,Lastebiler med totalvekt 12 tonn eller mindre,4,Gass,GjsnittKjorelengde,Gjennomsnittlig kjørelengde per kjøretøy (km),2010,2010,,.
31,Lastebiler med totalvekt 12 tonn eller mindre,4,Gass,GjsnittKjorelengde,Gjennomsnittlig kjørelengde per kjøretøy (km),2011,2011,,.
31,Lastebiler med totalvekt 12 tonn eller mindre,4,Gass,GjsnittKjorelengde,Gjennomsnittlig kjørelengde per kjøretøy (km),2012,2012,,.
31,Lastebiler med totalvekt 12 tonn eller mindre,4,Gass,GjsnittKjorelengde,Gjennomsnittlig kjørelengde per kjøretøy (km),2013,2013,,.
31,Lastebiler med totalvekt 12 tonn eller mindre,4,Gass,GjsnittKjorelengde,Gjennomsnittlig kjørelengde per kjøretøy (km),2014,2014,,.
31,Lastebiler med totalvekt 12 tonn eller mindre,4,Gass,GjsnittKjorelengde,Gjennomsnittlig kjørelengde per kjøretøy (km),2015,2015,,.
31,Lastebiler med totalvekt 12 tonn eller mindre,4,Gass,GjsnittKjorelengde,Gjennomsnittlig kjørelengde per kjøretøy (km),2016,2016,,.
31,Lastebiler med totalvekt 12 tonn eller mindre,4,Gass,GjsnittKjorelengde,Gjennomsnittlig kjørelengde per kjøretøy (km),2017,2017,,.
31,Lastebiler med totalvekt 12 tonn eller mindre,4,Gass,GjsnittKjorelengde,Gjennomsnittlig kjørelengde per kjøretøy (km),2018,2018,,:
31,Lastebiler med totalvekt 12 tonn eller mindre,4,Gass,GjsnittKjorelengde,Gjennomsnittlig kjørelengde per kjøretøy (km),2019,2019,,:
31,Lastebiler med totalvekt 12 tonn eller mindre,4,Gass,GjsnittKjorelengde,Gjennomsnittlig kjørelengde per kjøretøy (km),2020,2020,16204.0,
31,Lastebiler med totalvekt 12 tonn eller mindre,4,Gass,GjsnittKjorelengde,Gjennomsnittlig kjørelengde per kjøretøy (km),2021,2021,11683.0,
31,Lastebiler med totalvekt 12 tonn eller mindre,4,Gass,GjsnittKjorelengde,Gjennomsnittlig kjørelengde per kjøretøy (km),2022,2022,11191.0,
31,Lastebiler med totalvekt 12 tonn eller mindre,4,Gass,GjsnittKjorelengde,Gjennomsnittlig kjørelengde per kjøretøy (km),2023,2023,18174.0,
31,Lastebiler med totalvekt 12 tonn eller mindre,4,Gass,GjsnittKjorelengde,Gjennomsnittlig kjørelengde per kjøretøy (km),2024,2024,15166.0,
31,Lastebiler med totalvekt 12 tonn eller mindre,4,Gass,GjsnittKjorelengde,Gjennomsnittlig kjørelengde per kjøretøy (km),2025,2025,11080.0,
31,Lastebiler med totalvekt 12 tonn eller mindre,13,Hydrogen,Kjorelengde,Kjørelengde (mill. km),2005,2005,,.
31,Lastebiler med totalvekt 12 tonn eller mindre,13,Hydrogen,Kjorelengde,Kjørelengde (mill. km),2006,2006,,.
31,Lastebiler med totalvekt 12 tonn eller mindre,13,Hydrogen,Kjorelengde,Kjørelengde (mill. km),2007,2007,,.
31,Lastebiler med totalvekt 12 tonn eller mindre,13,Hydrogen,Kjorelengde,Kjørelengde (mill. km),2008,2008,,.
31,Lastebiler med totalvekt 12 tonn eller mindre,13,Hydrogen,Kjorelengde,Kjørelengde (mill. km),2009,2009,,.
31,Lastebiler med totalvekt 12 tonn eller mindre,13,Hydrogen,Kjorelengde,Kjørelengde (mill. km),2010,2010,,.
31,Lastebiler med totalvekt 12 tonn eller mindre,13,Hydrogen,Kjorelengde,Kjørelengde (mill. km),2011,2011,,.
31,Lastebiler med totalvekt 12 tonn eller mindre,13,Hydrogen,Kjorelengde,Kjørelengde (mill. km),2012,2012,,.
31,Lastebiler med totalvekt 12 tonn eller mindre,13,Hydrogen,Kjorelengde,Kjørelengde (mill. km),2013,2013,,.
31,Lastebiler med totalvekt 12 tonn eller mindre,13,Hydrogen,Kjorelengde,Kjørelengde (mill. km),2014,2014,,.
31,Lastebiler med totalvekt 12 tonn eller mindre,13,Hydrogen,Kjorelengde,Kjørelengde (mill. km),2015,2015,,.
31,Lastebiler med totalvekt 12 tonn eller mindre,13,Hydrogen,Kjorelengde,Kjørelengde (mill. km),2016,2016,,.
31,Lastebiler med totalvekt 12 tonn eller mindre,13,Hydrogen,Kjorelengde,Kjørelengde (mill. km),2017,2017,,.
31,Lastebiler med totalvekt 12 tonn eller mindre,13,Hydrogen,Kjorelengde,Kjørelengde (mill. km),2018,2018,,.
31,Lastebiler med totalvekt 12 tonn eller mindre,13,Hydrogen,Kjorelengde,Kjørelengde (mill. km),2019,2019,,.
31,Lastebiler med totalvekt 12 tonn eller mindre,13,Hydrogen,Kjorelengde,Kjørelengde (mill. km),2020,2020,,.
31,Lastebiler med totalvekt 12 tonn eller mindre,13,Hydrogen,Kjorelengde,Kjørelengde (mill. km),2021,2021,,.
31,Lastebiler med totalvekt 12 tonn eller mindre,13,Hydrogen,Kjorelengde,Kjørelengde (mill. km),2022,2022,,.
31,Lastebiler med totalvekt 12 tonn eller mindre,13,Hydrogen,Kjorelengde,Kjørelengde (mill. km),2023,2023,,.
31,Lastebiler med totalvekt 12 tonn eller mindre,13,Hydrogen,Kjorelengde,Kjørelengde (mill. km),2024,2024,,.
31,Lastebiler med totalvekt 12 tonn eller mindre,13,Hydrogen,Kjorelengde,Kjørelengde (mill. km),2025,2025,,.
31,Lastebiler med totalvekt 12 tonn eller mindre,13,Hydrogen,GjsnittKjorelengde,Gjennomsnittlig kjørelengde per kjøretøy (km),2005,2005,,.
31,Lastebiler med totalvekt 12 tonn eller mindre,13,Hydrogen,GjsnittKjorelengde,Gjennomsnittlig kjørelengde per kjøretøy (km),2006,2006,,.
31,Lastebiler med totalvekt 12 tonn eller mindre,13,Hydrogen,GjsnittKjorelengde,Gjennomsnittlig kjørelengde per kjøretøy (km),2007,2007,,.
31,Lastebiler med totalvekt 12 tonn eller mindre,13,Hydrogen,GjsnittKjorelengde,Gjennomsnittlig kjørelengde per kjøretøy (km),2008,2008,,.
31,Lastebiler med totalvekt 12 tonn eller mindre,13,Hydrogen,GjsnittKjorelengde,Gjennomsnittlig kjørelengde per kjøretøy (km),2009,2009,,.
31,Lastebiler med totalvekt 12 tonn eller mindre,13,Hydrogen,GjsnittKjorelengde,Gjennomsnittlig kjørelengde per kjøretøy (km),2010,2010,,.
31,Lastebiler med totalvekt 12 tonn eller mindre,13,Hydrogen,GjsnittKjorelengde,Gjennomsnittlig kjørelengde per kjøretøy (km),2011,2011,,.
31,Lastebiler med totalvekt 12 tonn eller mindre,13,Hydrogen,GjsnittKjorelengde,Gjennomsnittlig kjørelengde per kjøretøy (km),2012,2012,,.
31,Lastebiler med totalvekt 12 tonn eller mindre,13,Hydrogen,GjsnittKjorelengde,Gjennomsnittlig kjørelengde per kjøretøy (km),2013,2013,,.
31,Lastebiler med totalvekt 12 tonn eller mindre,13,Hydrogen,GjsnittKjorelengde,Gjennomsnittlig kjørelengde per kjøretøy (km),2014,2014,,.
31,Lastebiler med totalvekt 12 tonn eller mindre,13,Hydrogen,GjsnittKjorelengde,Gjennomsnittlig kjørelengde per kjøretøy (km),2015,2015,,.
31,Lastebiler med totalvekt 12 tonn eller mindre,13,Hydrogen,GjsnittKjorelengde,Gjennomsnittlig kjørelengde per kjøretøy (km),2016,2016,,.
31,Lastebiler med totalvekt 12 tonn eller mindre,13,Hydrogen,GjsnittKjorelengde,Gjennomsnittlig kjørelengde per kjøretøy (km),2017,2017,,.
31,Lastebiler med totalvekt 12 tonn eller mindre,13,Hydrogen,GjsnittKjorelengde,Gjennomsnittlig kjørelengde per kjøretøy (km),2018,2018,,.
31,Lastebiler med totalvekt 12 tonn eller mindre,13,Hydrogen,GjsnittKjorelengde,Gjennomsnittlig kjørelengde per kjøretøy (km),2019,2019,,.
31,Lastebiler med totalvekt 12 tonn eller mindre,13,Hydrogen,GjsnittKjorelengde,Gjennomsnittlig kjørelengde per kjøretøy (km),2020,2020,,.
31,Lastebiler med totalvekt 12 tonn eller mindre,13,Hydrogen,GjsnittKjorelengde,Gjennomsnittlig kjørelengde per kjøretøy (km),2021,2021,,.
31,Lastebiler med totalvekt 12 tonn eller mindre,13,Hydrogen,GjsnittKjorelengde,Gjennomsnittlig kjørelengde per kjøretøy (km),2022,2022,,.
31,Lastebiler med totalvekt 12 tonn eller mindre,13,Hydrogen,GjsnittKjorelengde,Gjennomsnittlig kjørelengde per kjøretøy (km),2023,2023,,.
31,Lastebiler med totalvekt 12 tonn eller mindre,13,Hydrogen,GjsnittKjorelengde,Gjennomsnittlig kjørelengde per kjøretøy (km),2024,2024,,.
31,Lastebiler med totalvekt 12 tonn eller mindre,13,Hydrogen,GjsnittKjorelengde,Gjennomsnittlig kjørelengde per kjøretøy (km),2025,2025,,.
31,Lastebiler med totalvekt 12 tonn eller mindre,7,Andre drivstoff,Kjorelengde,Kjørelengde (mill. km),2005,2005,,:
31,Lastebiler med totalvekt 12 tonn eller mindre,7,Andre drivstoff,Kjorelengde,Kjørelengde (mill. km),2006,2006,,:
31,Lastebiler med totalvekt 12 tonn eller mindre,7,Andre drivstoff,Kjorelengde,Kjørelengde (mill. km),2007,2007,0.1,
31,Lastebiler med totalvekt 12 tonn eller mindre,7,Andre drivstoff,Kjorelengde,Kjørelengde (mill. km),2008,2008,0.1,
31,Lastebiler med totalvekt 12 tonn eller mindre,7,Andre drivstoff,Kjorelengde,Kjørelengde (mill. km),2009,2009,0.0,
31,Lastebiler med totalvekt 12 tonn eller mindre,7,Andre drivstoff,Kjorelengde,Kjørelengde (mill. km),2010,2010,,:
31,Lastebiler med totalvekt 12 tonn eller mindre,7,Andre drivstoff,Kjorelengde,Kjørelengde (mill. km),2011,2011,0.0,
31,Lastebiler med totalvekt 12 tonn eller mindre,7,Andre drivstoff,Kjorelengde,Kjørelengde (mill. km),2012,2012,0.0,
31,Lastebiler med totalvekt 12 tonn eller mindre,7,Andre drivstoff,Kjorelengde,Kjørelengde (mill. km),2013,2013,,:
31,Lastebiler med totalvekt 12 tonn eller mindre,7,Andre drivstoff,Kjorelengde,Kjørelengde (mill. km),2014,2014,,:
31,Lastebiler med totalvekt 12 tonn eller mindre,7,Andre drivstoff,Kjorelengde,Kjørelengde (mill. km),2015,2015,,:
31,Lastebiler med totalvekt 12 tonn eller mindre,7,Andre drivstoff,Kjorelengde,Kjørelengde (mill. km),2016,2016,,:
31,Lastebiler med totalvekt 12 tonn eller mindre,7,Andre drivstoff,Kjorelengde,Kjørelengde (mill. km),2017,2017,,:
31,Lastebiler med totalvekt 12 tonn eller mindre,7,Andre drivstoff,Kjorelengde,Kjørelengde (mill. km),2018,2018,,:
31,Lastebiler med totalvekt 12 tonn eller mindre,7,Andre drivstoff,Kjorelengde,Kjørelengde (mill. km),2019,2019,,:
31,Lastebiler med totalvekt 12 tonn eller mindre,7,Andre drivstoff,Kjorelengde,Kjørelengde (mill. km),2020,2020,,:
31,Lastebiler med totalvekt 12 tonn eller mindre,7,Andre drivstoff,Kjorelengde,Kjørelengde (mill. km),2021,2021,,:
31,Lastebiler med totalvekt 12 tonn eller mindre,7,Andre drivstoff,Kjorelengde,Kjørelengde (mill. km),2022,2022,,:
31,Lastebiler med totalvekt 12 tonn eller mindre,7,Andre drivstoff,Kjorelengde,Kjørelengde (mill. km),2023,2023,,:
31,Lastebiler med totalvekt 12 tonn eller mindre,7,Andre drivstoff,Kjorelengde,Kjørelengde (mill. km),2024,2024,,:
31,Lastebiler med totalvekt 12 tonn eller mindre,7,Andre drivstoff,Kjorelengde,Kjørelengde (mill. km),2025,2025,,.
31,Lastebiler med totalvekt 12 tonn eller mindre,7,Andre drivstoff,GjsnittKjorelengde,Gjennomsnittlig kjørelengde per kjøretøy (km),2005,2005,,:
31,Lastebiler med totalvekt 12 tonn eller mindre,7,Andre drivstoff,GjsnittKjorelengde,Gjennomsnittlig kjørelengde per kjøretøy (km),2006,2006,,:
31,Lastebiler med totalvekt 12 tonn eller mindre,7,Andre drivstoff,GjsnittKjorelengde,Gjennomsnittlig kjørelengde per kjøretøy (km),2007,2007,5340.0,
31,Lastebiler med totalvekt 12 tonn eller mindre,7,Andre drivstoff,GjsnittKjorelengde,Gjennomsnittlig kjørelengde per kjøretøy (km),2008,2008,5659.0,
31,Lastebiler med totalvekt 12 tonn eller mindre,7,Andre drivstoff,GjsnittKjorelengde,Gjennomsnittlig kjørelengde per kjøretøy (km),2009,2009,1930.0,
31,Lastebiler med totalvekt 12 tonn eller mindre,7,Andre drivstoff,GjsnittKjorelengde,Gjennomsnittlig kjørelengde per kjøretøy (km),2010,2010,,:
31,Lastebiler med totalvekt 12 tonn eller mindre,7,Andre drivstoff,GjsnittKjorelengde,Gjennomsnittlig kjørelengde per kjøretøy (km),2011,2011,322.0,
31,Lastebiler med totalvekt 12 tonn eller mindre,7,Andre drivstoff,GjsnittKjorelengde,Gjennomsnittlig kjørelengde per kjøretøy (km),2012,2012,405.0,
31,Lastebiler med totalvekt 12 tonn eller mindre,7,Andre drivstoff,GjsnittKjorelengde,Gjennomsnittlig kjørelengde per kjøretøy (km),2013,2013,,:
31,Lastebiler med totalvekt 12 tonn eller mindre,7,Andre drivstoff,GjsnittKjorelengde,Gjennomsnittlig kjørelengde per kjøretøy (km),2014,2014,,:
31,Lastebiler med totalvekt 12 tonn eller mindre,7,Andre drivstoff,GjsnittKjorelengde,Gjennomsnittlig kjørelengde per kjøretøy (km),2015,2015,,:
31,Lastebiler med totalvekt 12 tonn eller mindre,7,Andre drivstoff,GjsnittKjorelengde,Gjennomsnittlig kjørelengde per kjøretøy (km),2016,2016,,:
31,Lastebiler med totalvekt 12 tonn eller mindre,7,Andre drivstoff,GjsnittKjorelengde,Gjennomsnittlig kjørelengde per kjøretøy (km),2017,2017,,:
31,Lastebiler med totalvekt 12 tonn eller mindre,7,Andre drivstoff,GjsnittKjorelengde,Gjennomsnittlig kjørelengde per kjøretøy (km),2018,2018,,:
31,Lastebiler med totalvekt 12 tonn eller mindre,7,Andre drivstoff,GjsnittKjorelengde,Gjennomsnittlig kjørelengde per kjøretøy (km),2019,2019,,:
31,Lastebiler med totalvekt 12 tonn eller mindre,7,Andre drivstoff,GjsnittKjorelengde,Gjennomsnittlig kjørelengde per kjøretøy (km),2020,2020,,:
31,Lastebiler med totalvekt 12 tonn eller mindre,7,Andre drivstoff,GjsnittKjorelengde,Gjennomsnittlig kjørelengde per kjøretøy (km),2021,2021,,:
31,Lastebiler med totalvekt 12 tonn eller mindre,7,Andre drivstoff,GjsnittKjorelengde,Gjennomsnittlig kjørelengde per kjøretøy (km),2022,2022,,:
31,Lastebiler med totalvekt 12 tonn eller mindre,7,Andre drivstoff,GjsnittKjorelengde,Gjennomsnittlig kjørelengde per kjøretøy (km),2023,2023,,:
31,Lastebiler med totalvekt 12 tonn eller mindre,7,Andre drivstoff,GjsnittKjorelengde,Gjennomsnittlig kjørelengde per kjøretøy (km),2024,2024,,:
31,Lastebiler med totalvekt 12 tonn eller mindre,7,Andre drivstoff,GjsnittKjorelengde,Gjennomsnittlig kjørelengde per kjøretøy (km),2025,2025,,.
32,Lastebiler med totalvekt over 12 tonn,0,Alle typer drivstoff,Kjorelengde,Kjørelengde (mill. km),2005,2005,1216.0,
32,Lastebiler med totalvekt over 12 tonn,0,Alle typer drivstoff,Kjorelengde,Kjørelengde (mill. km),2006,2006,1275.5,
32,Lastebiler med totalvekt over 12 tonn,0,Alle typer drivstoff,Kjorelengde,Kjørelengde (mill. km),2007,2007,1358.2,
32,Lastebiler med totalvekt over 12 tonn,0,Alle typer drivstoff,Kjorelengde,Kjørelengde (mill. km),2008,2008,1348.7,
32,Lastebiler med totalvekt over 12 tonn,0,Alle typer drivstoff,Kjorelengde,Kjørelengde (mill. km),2009,2009,1273.9,
32,Lastebiler med totalvekt over 12 tonn,0,Alle typer drivstoff,Kjorelengde,Kjørelengde (mill. km),2010,2010,1227.5,
32,Lastebiler med totalvekt over 12 tonn,0,Alle typer drivstoff,Kjorelengde,Kjørelengde (mill. km),2011,2011,1262.0,
32,Lastebiler med totalvekt over 12 tonn,0,Alle typer drivstoff,Kjorelengde,Kjørelengde (mill. km),2012,2012,1296.6,
32,Lastebiler med totalvekt over 12 tonn,0,Alle typer drivstoff,Kjorelengde,Kjørelengde (mill. km),2013,2013,1289.0,
32,Lastebiler med totalvekt over 12 tonn,0,Alle typer drivstoff,Kjorelengde,Kjørelengde (mill. km),2014,2014,1295.7,
32,Lastebiler med totalvekt over 12 tonn,0,Alle typer drivstoff,Kjorelengde,Kjørelengde (mill. km),2015,2015,1284.0,
32,Lastebiler med totalvekt over 12 tonn,0,Alle typer drivstoff,Kjorelengde,Kjørelengde (mill. km),2016,2016,1278.4,
32,Lastebiler med totalvekt over 12 tonn,0,Alle typer drivstoff,Kjorelengde,Kjørelengde (mill. km),2017,2017,1304.8,
32,Lastebiler med totalvekt over 12 tonn,0,Alle typer drivstoff,Kjorelengde,Kjørelengde (mill. km),2018,2018,1323.9,
32,Lastebiler med totalvekt over 12 tonn,0,Alle typer drivstoff,Kjorelengde,Kjørelengde (mill. km),2019,2019,1349.4,
32,Lastebiler med totalvekt over 12 tonn,0,Alle typer drivstoff,Kjorelengde,Kjørelengde (mill. km),2020,2020,1314.5,
32,Lastebiler med totalvekt over 12 tonn,0,Alle typer drivstoff,Kjorelengde,Kjørelengde (mill. km),2021,2021,1312.1,
32,Lastebiler med totalvekt over 12 tonn,0,Alle typer drivstoff,Kjorelengde,Kjørelengde (mill. km),2022,2022,1338.5,
32,Lastebiler med totalvekt over 12 tonn,0,Alle typer drivstoff,Kjorelengde,Kjørelengde (mill. km),2023,2023,1300.9,
32,Lastebiler med totalvekt over 12 tonn,0,Alle typer drivstoff,Kjorelengde,Kjørelengde (mill. km),2024,2024,1304.7,
32,Lastebiler med totalvekt over 12 tonn,0,Alle typer drivstoff,Kjorelengde,Kjørelengde (mill. km),2025,2025,1290.1,
32,Lastebiler med totalvekt over 12 tonn,0,Alle typer drivstoff,GjsnittKjorelengde,Gjennomsnittlig kjørelengde per kjøretøy (km),2005,2005,34856.0,
32,Lastebiler med totalvekt over 12 tonn,0,Alle typer drivstoff,GjsnittKjorelengde,Gjennomsnittlig kjørelengde per kjøretøy (km),2006,2006,35746.0,
32,Lastebiler med totalvekt over 12 tonn,0,Alle typer drivstoff,GjsnittKjorelengde,Gjennomsnittlig kjørelengde per kjøretøy (km),2007,2007,36596.0,
32,Lastebiler med totalvekt over 12 tonn,0,Alle typer drivstoff,GjsnittKjorelengde,Gjennomsnittlig kjørelengde per kjøretøy (km),2008,2008,34978.0,
32,Lastebiler med totalvekt over 12 tonn,0,Alle typer drivstoff,GjsnittKjorelengde,Gjennomsnittlig kjørelengde per kjøretøy (km),2009,2009,33243.0,
32,Lastebiler med totalvekt over 12 tonn,0,Alle typer drivstoff,GjsnittKjorelengde,Gjennomsnittlig kjørelengde per kjøretøy (km),2010,2010,32110.0,
32,Lastebiler med totalvekt over 12 tonn,0,Alle typer drivstoff,GjsnittKjorelengde,Gjennomsnittlig kjørelengde per kjøretøy (km),2011,2011,32482.0,
32,Lastebiler med totalvekt over 12 tonn,0,Alle typer drivstoff,GjsnittKjorelengde,Gjennomsnittlig kjørelengde per kjøretøy (km),2012,2012,32577.0,
32,Lastebiler med totalvekt over 12 tonn,0,Alle typer drivstoff,GjsnittKjorelengde,Gjennomsnittlig kjørelengde per kjøretøy (km),2013,2013,31586.0,
32,Lastebiler med totalvekt over 12 tonn,0,Alle typer drivstoff,GjsnittKjorelengde,Gjennomsnittlig kjørelengde per kjøretøy (km),2014,2014,31227.0,
32,Lastebiler med totalvekt over 12 tonn,0,Alle typer drivstoff,GjsnittKjorelengde,Gjennomsnittlig kjørelengde per kjøretøy (km),2015,2015,30709.0,
32,Lastebiler med totalvekt over 12 tonn,0,Alle typer drivstoff,GjsnittKjorelengde,Gjennomsnittlig kjørelengde per kjøretøy (km),2016,2016,30307.0,
32,Lastebiler med totalvekt over 12 tonn,0,Alle typer drivstoff,GjsnittKjorelengde,Gjennomsnittlig kjørelengde per kjøretøy (km),2017,2017,30548.0,
32,Lastebiler med totalvekt over 12 tonn,0,Alle typer drivstoff,GjsnittKjorelengde,Gjennomsnittlig kjørelengde per kjøretøy (km),2018,2018,30598.0,
32,Lastebiler med totalvekt over 12 tonn,0,Alle typer drivstoff,GjsnittKjorelengde,Gjennomsnittlig kjørelengde per kjøretøy (km),2019,2019,30612.0,
32,Lastebiler med totalvekt over 12 tonn,0,Alle typer drivstoff,GjsnittKjorelengde,Gjennomsnittlig kjørelengde per kjøretøy (km),2020,2020,30025.0,
32,Lastebiler med totalvekt over 12 tonn,0,Alle typer drivstoff,GjsnittKjorelengde,Gjennomsnittlig kjørelengde per kjøretøy (km),2021,2021,30355.0,
32,Lastebiler med totalvekt over 12 tonn,0,Alle typer drivstoff,GjsnittKjorelengde,Gjennomsnittlig kjørelengde per kjøretøy (km),2022,2022,31022.0,
32,Lastebiler med totalvekt over 12 tonn,0,Alle typer drivstoff,GjsnittKjorelengde,Gjennomsnittlig kjørelengde per kjøretøy (km),2023,2023,30110.0,
32,Lastebiler med totalvekt over 12 tonn,0,Alle typer drivstoff,GjsnittKjorelengde,Gjennomsnittlig kjørelengde per kjøretøy (km),2024,2024,29348.0,
32,Lastebiler med totalvekt over 12 tonn,0,Alle typer drivstoff,GjsnittKjorelengde,Gjennomsnittlig kjørelengde per kjøretøy (km),2025,2025,30044.0,
32,Lastebiler med totalvekt over 12 tonn,1,Bensin,Kjorelengde,Kjørelengde (mill. km),2005,2005,0.1,
32,Lastebiler med totalvekt over 12 tonn,1,Bensin,Kjorelengde,Kjørelengde (mill. km),2006,2006,0.1,
32,Lastebiler med totalvekt over 12 tonn,1,Bensin,Kjorelengde,Kjørelengde (mill. km),2007,2007,0.1,
32,Lastebiler med totalvekt over 12 tonn,1,Bensin,Kjorelengde,Kjørelengde (mill. km),2008,2008,0.0,
32,Lastebiler med totalvekt over 12 tonn,1,Bensin,Kjorelengde,Kjørelengde (mill. km),2009,2009,0.0,
32,Lastebiler med totalvekt over 12 tonn,1,Bensin,Kjorelengde,Kjørelengde (mill. km),2010,2010,0.0,
32,Lastebiler med totalvekt over 12 tonn,1,Bensin,Kjorelengde,Kjørelengde (mill. km),2011,2011,0.0,
32,Lastebiler med totalvekt over 12 tonn,1,Bensin,Kjorelengde,Kjørelengde (mill. km),2012,2012,0.0,
32,Lastebiler med totalvekt over 12 tonn,1,Bensin,Kjorelengde,Kjørelengde (mill. km),2013,2013,0.0,
32,Lastebiler med totalvekt over 12 tonn,1,Bensin,Kjorelengde,Kjørelengde (mill. km),2014,2014,0.0,
32,Lastebiler med totalvekt over 12 tonn,1,Bensin,Kjorelengde,Kjørelengde (mill. km),2015,2015,0.0,
32,Lastebiler med totalvekt over 12 tonn,1,Bensin,Kjorelengde,Kjørelengde (mill. km),2016,2016,0.0,
32,Lastebiler med totalvekt over 12 tonn,1,Bensin,Kjorelengde,Kjørelengde (mill. km),2017,2017,0.0,
32,Lastebiler med totalvekt over 12 tonn,1,Bensin,Kjorelengde,Kjørelengde (mill. km),2018,2018,0.0,
32,Lastebiler med totalvekt over 12 tonn,1,Bensin,Kjorelengde,Kjørelengde (mill. km),2019,2019,0.0,
32,Lastebiler med totalvekt over 12 tonn,1,Bensin,Kjorelengde,Kjørelengde (mill. km),2020,2020,0.0,
32,Lastebiler med totalvekt over 12 tonn,1,Bensin,Kjorelengde,Kjørelengde (mill. km),2021,2021,0.1,
32,Lastebiler med totalvekt over 12 tonn,1,Bensin,Kjorelengde,Kjørelengde (mill. km),2022,2022,0.1,
32,Lastebiler med totalvekt over 12 tonn,1,Bensin,Kjorelengde,Kjørelengde (mill. km),2023,2023,0.1,
32,Lastebiler med totalvekt over 12 tonn,1,Bensin,Kjorelengde,Kjørelengde (mill. km),2024,2024,0.2,
32,Lastebiler med totalvekt over 12 tonn,1,Bensin,Kjorelengde,Kjørelengde (mill. km),2025,2025,0.1,
32,Lastebiler med totalvekt over 12 tonn,1,Bensin,GjsnittKjorelengde,Gjennomsnittlig kjørelengde per kjøretøy (km),2005,2005,6115.0,
32,Lastebiler med totalvekt over 12 tonn,1,Bensin,GjsnittKjorelengde,Gjennomsnittlig kjørelengde per kjøretøy (km),2006,2006,5192.0,
32,Lastebiler med totalvekt over 12 tonn,1,Bensin,GjsnittKjorelengde,Gjennomsnittlig kjørelengde per kjøretøy (km),2007,2007,4698.0,
32,Lastebiler med totalvekt over 12 tonn,1,Bensin,GjsnittKjorelengde,Gjennomsnittlig kjørelengde per kjøretøy (km),2008,2008,4372.0,
32,Lastebiler med totalvekt over 12 tonn,1,Bensin,GjsnittKjorelengde,Gjennomsnittlig kjørelengde per kjøretøy (km),2009,2009,3752.0,
32,Lastebiler med totalvekt over 12 tonn,1,Bensin,GjsnittKjorelengde,Gjennomsnittlig kjørelengde per kjøretøy (km),2010,2010,1924.0,
32,Lastebiler med totalvekt over 12 tonn,1,Bensin,GjsnittKjorelengde,Gjennomsnittlig kjørelengde per kjøretøy (km),2011,2011,1751.0,
32,Lastebiler med totalvekt over 12 tonn,1,Bensin,GjsnittKjorelengde,Gjennomsnittlig kjørelengde per kjøretøy (km),2012,2012,1087.0,
32,Lastebiler med totalvekt over 12 tonn,1,Bensin,GjsnittKjorelengde,Gjennomsnittlig kjørelengde per kjøretøy (km),2013,2013,2623.0,
32,Lastebiler med totalvekt over 12 tonn,1,Bensin,GjsnittKjorelengde,Gjennomsnittlig kjørelengde per kjøretøy (km),2014,2014,1936.0,
32,Lastebiler med totalvekt over 12 tonn,1,Bensin,GjsnittKjorelengde,Gjennomsnittlig kjørelengde per kjøretøy (km),2015,2015,413.0,
32,Lastebiler med totalvekt over 12 tonn,1,Bensin,GjsnittKjorelengde,Gjennomsnittlig kjørelengde per kjøretøy (km),2016,2016,2138.0,
32,Lastebiler med totalvekt over 12 tonn,1,Bensin,GjsnittKjorelengde,Gjennomsnittlig kjørelengde per kjøretøy (km),2017,2017,2921.0,
32,Lastebiler med totalvekt over 12 tonn,1,Bensin,GjsnittKjorelengde,Gjennomsnittlig kjørelengde per kjøretøy (km),2018,2018,2512.0,
32,Lastebiler med totalvekt over 12 tonn,1,Bensin,GjsnittKjorelengde,Gjennomsnittlig kjørelengde per kjøretøy (km),2019,2019,2898.0,
32,Lastebiler med totalvekt over 12 tonn,1,Bensin,GjsnittKjorelengde,Gjennomsnittlig kjørelengde per kjøretøy (km),2020,2020,2649.0,
32,Lastebiler med totalvekt over 12 tonn,1,Bensin,GjsnittKjorelengde,Gjennomsnittlig kjørelengde per kjøretøy (km),2021,2021,8881.0,
32,Lastebiler med totalvekt over 12 tonn,1,Bensin,GjsnittKjorelengde,Gjennomsnittlig kjørelengde per kjøretøy (km),2022,2022,9967.0,
32,Lastebiler med totalvekt over 12 tonn,1,Bensin,GjsnittKjorelengde,Gjennomsnittlig kjørelengde per kjøretøy (km),2023,2023,15676.0,
32,Lastebiler med totalvekt over 12 tonn,1,Bensin,GjsnittKjorelengde,Gjennomsnittlig kjørelengde per kjøretøy (km),2024,2024,22973.0,
32,Lastebiler med totalvekt over 12 tonn,1,Bensin,GjsnittKjorelengde,Gjennomsnittlig kjørelengde per kjøretøy (km),2025,2025,22231.0,
32,Lastebiler med totalvekt over 12 tonn,2,Diesel,Kjorelengde,Kjørelengde (mill. km),2005,2005,1215.9,
32,Lastebiler med totalvekt over 12 tonn,2,Diesel,Kjorelengde,Kjørelengde (mill. km),2006,2006,1275.1,
32,Lastebiler med totalvekt over 12 tonn,2,Diesel,Kjorelengde,Kjørelengde (mill. km),2007,2007,1357.6,
32,Lastebiler med totalvekt over 12 tonn,2,Diesel,Kjorelengde,Kjørelengde (mill. km),2008,2008,1348.2,
32,Lastebiler med totalvekt over 12 tonn,2,Diesel,Kjorelengde,Kjørelengde (mill. km),2009,2009,1273.1,
32,Lastebiler med totalvekt over 12 tonn,2,Diesel,Kjorelengde,Kjørelengde (mill. km),2010,2010,1226.1,
32,Lastebiler med totalvekt over 12 tonn,2,Diesel,Kjorelengde,Kjørelengde (mill. km),2011,2011,1260.4,
32,Lastebiler med totalvekt over 12 tonn,2,Diesel,Kjorelengde,Kjørelengde (mill. km),2012,2012,1294.9,
32,Lastebiler med totalvekt over 12 tonn,2,Diesel,Kjorelengde,Kjørelengde (mill. km),2013,2013,1286.4,
32,Lastebiler med totalvekt over 12 tonn,2,Diesel,Kjorelengde,Kjørelengde (mill. km),2014,2014,1292.0,
32,Lastebiler med totalvekt over 12 tonn,2,Diesel,Kjorelengde,Kjørelengde (mill. km),2015,2015,1278.8,
32,Lastebiler med totalvekt over 12 tonn,2,Diesel,Kjorelengde,Kjørelengde (mill. km),2016,2016,1272.3,
32,Lastebiler med totalvekt over 12 tonn,2,Diesel,Kjorelengde,Kjørelengde (mill. km),2017,2017,1297.7,
32,Lastebiler med totalvekt over 12 tonn,2,Diesel,Kjorelengde,Kjørelengde (mill. km),2018,2018,1315.1,
32,Lastebiler med totalvekt over 12 tonn,2,Diesel,Kjorelengde,Kjørelengde (mill. km),2019,2019,1339.5,
32,Lastebiler med totalvekt over 12 tonn,2,Diesel,Kjorelengde,Kjørelengde (mill. km),2020,2020,1302.8,
32,Lastebiler med totalvekt over 12 tonn,2,Diesel,Kjorelengde,Kjørelengde (mill. km),2021,2021,1296.6,
32,Lastebiler med totalvekt over 12 tonn,2,Diesel,Kjorelengde,Kjørelengde (mill. km),2022,2022,1317.0,
32,Lastebiler med totalvekt over 12 tonn,2,Diesel,Kjorelengde,Kjørelengde (mill. km),2023,2023,1264.5,
32,Lastebiler med totalvekt over 12 tonn,2,Diesel,Kjorelengde,Kjørelengde (mill. km),2024,2024,1245.8,
32,Lastebiler med totalvekt over 12 tonn,2,Diesel,Kjorelengde,Kjørelengde (mill. km),2025,2025,1200.0,
32,Lastebiler med totalvekt over 12 tonn,2,Diesel,GjsnittKjorelengde,Gjennomsnittlig kjørelengde per kjøretøy (km),2005,2005,34869.0,
32,Lastebiler med totalvekt over 12 tonn,2,Diesel,GjsnittKjorelengde,Gjennomsnittlig kjørelengde per kjøretøy (km),2006,2006,35755.0,
32,Lastebiler med totalvekt over 12 tonn,2,Diesel,GjsnittKjorelengde,Gjennomsnittlig kjørelengde per kjøretøy (km),2007,2007,36604.0,
32,Lastebiler med totalvekt over 12 tonn,2,Diesel,GjsnittKjorelengde,Gjennomsnittlig kjørelengde per kjøretøy (km),2008,2008,34985.0,
32,Lastebiler med totalvekt over 12 tonn,2,Diesel,GjsnittKjorelengde,Gjennomsnittlig kjørelengde per kjøretøy (km),2009,2009,33264.0,
32,Lastebiler med totalvekt over 12 tonn,2,Diesel,GjsnittKjorelengde,Gjennomsnittlig kjørelengde per kjøretøy (km),2010,2010,32155.0,
32,Lastebiler med totalvekt over 12 tonn,2,Diesel,GjsnittKjorelengde,Gjennomsnittlig kjørelengde per kjøretøy (km),2011,2011,32524.0,
32,Lastebiler med totalvekt over 12 tonn,2,Diesel,GjsnittKjorelengde,Gjennomsnittlig kjørelengde per kjøretøy (km),2012,2012,32625.0,
32,Lastebiler med totalvekt over 12 tonn,2,Diesel,GjsnittKjorelengde,Gjennomsnittlig kjørelengde per kjøretøy (km),2013,2013,31654.0,
32,Lastebiler med totalvekt over 12 tonn,2,Diesel,GjsnittKjorelengde,Gjennomsnittlig kjørelengde per kjøretøy (km),2014,2014,31299.0,
32,Lastebiler med totalvekt over 12 tonn,2,Diesel,GjsnittKjorelengde,Gjennomsnittlig kjørelengde per kjøretøy (km),2015,2015,30781.0,
32,Lastebiler med totalvekt over 12 tonn,2,Diesel,GjsnittKjorelengde,Gjennomsnittlig kjørelengde per kjøretøy (km),2016,2016,30412.0,
32,Lastebiler med totalvekt over 12 tonn,2,Diesel,GjsnittKjorelengde,Gjennomsnittlig kjørelengde per kjøretøy (km),2017,2017,30665.0,
32,Lastebiler med totalvekt over 12 tonn,2,Diesel,GjsnittKjorelengde,Gjennomsnittlig kjørelengde per kjøretøy (km),2018,2018,30671.0,
32,Lastebiler med totalvekt over 12 tonn,2,Diesel,GjsnittKjorelengde,Gjennomsnittlig kjørelengde per kjøretøy (km),2019,2019,30748.0,
32,Lastebiler med totalvekt over 12 tonn,2,Diesel,GjsnittKjorelengde,Gjennomsnittlig kjørelengde per kjøretøy (km),2020,2020,30157.0,
32,Lastebiler med totalvekt over 12 tonn,2,Diesel,GjsnittKjorelengde,Gjennomsnittlig kjørelengde per kjøretøy (km),2021,2021,30510.0,
32,Lastebiler med totalvekt over 12 tonn,2,Diesel,GjsnittKjorelengde,Gjennomsnittlig kjørelengde per kjøretøy (km),2022,2022,31258.0,
32,Lastebiler med totalvekt over 12 tonn,2,Diesel,GjsnittKjorelengde,Gjennomsnittlig kjørelengde per kjøretøy (km),2023,2023,30262.0,
32,Lastebiler med totalvekt over 12 tonn,2,Diesel,GjsnittKjorelengde,Gjennomsnittlig kjørelengde per kjøretøy (km),2024,2024,29456.0,
32,Lastebiler med totalvekt over 12 tonn,2,Diesel,GjsnittKjorelengde,Gjennomsnittlig kjørelengde per kjøretøy (km),2025,2025,29938.0,
32,Lastebiler med totalvekt over 12 tonn,18,Elektrisitet,Kjorelengde,Kjørelengde (mill. km),2005,2005,,.
32,Lastebiler med totalvekt over 12 tonn,18,Elektrisitet,Kjorelengde,Kjørelengde (mill. km),2006,2006,,.
32,Lastebiler med totalvekt over 12 tonn,18,Elektrisitet,Kjorelengde,Kjørelengde (mill. km),2007,2007,,.
32,Lastebiler med totalvekt over 12 tonn,18,Elektrisitet,Kjorelengde,Kjørelengde (mill. km),2008,2008,,.
32,Lastebiler med totalvekt over 12 tonn,18,Elektrisitet,Kjorelengde,Kjørelengde (mill. km),2009,2009,,.
32,Lastebiler med totalvekt over 12 tonn,18,Elektrisitet,Kjorelengde,Kjørelengde (mill. km),2010,2010,,.
32,Lastebiler med totalvekt over 12 tonn,18,Elektrisitet,Kjorelengde,Kjørelengde (mill. km),2011,2011,,.
32,Lastebiler med totalvekt over 12 tonn,18,Elektrisitet,Kjorelengde,Kjørelengde (mill. km),2012,2012,,.
32,Lastebiler med totalvekt over 12 tonn,18,Elektrisitet,Kjorelengde,Kjørelengde (mill. km),2013,2013,,.
32,Lastebiler med totalvekt over 12 tonn,18,Elektrisitet,Kjorelengde,Kjørelengde (mill. km),2014,2014,,.
32,Lastebiler med totalvekt over 12 tonn,18,Elektrisitet,Kjorelengde,Kjørelengde (mill. km),2015,2015,,.
32,Lastebiler med totalvekt over 12 tonn,18,Elektrisitet,Kjorelengde,Kjørelengde (mill. km),2016,2016,,:
32,Lastebiler med totalvekt over 12 tonn,18,Elektrisitet,Kjorelengde,Kjørelengde (mill. km),2017,2017,,:
32,Lastebiler med totalvekt over 12 tonn,18,Elektrisitet,Kjorelengde,Kjørelengde (mill. km),2018,2018,0.2,
32,Lastebiler med totalvekt over 12 tonn,18,Elektrisitet,Kjorelengde,Kjørelengde (mill. km),2019,2019,0.2,
32,Lastebiler med totalvekt over 12 tonn,18,Elektrisitet,Kjorelengde,Kjørelengde (mill. km),2020,2020,0.1,
32,Lastebiler med totalvekt over 12 tonn,18,Elektrisitet,Kjorelengde,Kjørelengde (mill. km),2021,2021,0.6,
32,Lastebiler med totalvekt over 12 tonn,18,Elektrisitet,Kjorelengde,Kjørelengde (mill. km),2022,2022,3.2,
32,Lastebiler med totalvekt over 12 tonn,18,Elektrisitet,Kjorelengde,Kjørelengde (mill. km),2023,2023,7.7,
32,Lastebiler med totalvekt over 12 tonn,18,Elektrisitet,Kjorelengde,Kjørelengde (mill. km),2024,2024,12.4,
32,Lastebiler med totalvekt over 12 tonn,18,Elektrisitet,Kjorelengde,Kjørelengde (mill. km),2025,2025,24.4,
32,Lastebiler med totalvekt over 12 tonn,18,Elektrisitet,GjsnittKjorelengde,Gjennomsnittlig kjørelengde per kjøretøy (km),2005,2005,,.
32,Lastebiler med totalvekt over 12 tonn,18,Elektrisitet,GjsnittKjorelengde,Gjennomsnittlig kjørelengde per kjøretøy (km),2006,2006,,.
32,Lastebiler med totalvekt over 12 tonn,18,Elektrisitet,GjsnittKjorelengde,Gjennomsnittlig kjørelengde per kjøretøy (km),2007,2007,,.
32,Lastebiler med totalvekt over 12 tonn,18,Elektrisitet,GjsnittKjorelengde,Gjennomsnittlig kjørelengde per kjøretøy (km),2008,2008,,.
32,Lastebiler med totalvekt over 12 tonn,18,Elektrisitet,GjsnittKjorelengde,Gjennomsnittlig kjørelengde per kjøretøy (km),2009,2009,,.
32,Lastebiler med totalvekt over 12 tonn,18,Elektrisitet,GjsnittKjorelengde,Gjennomsnittlig kjørelengde per kjøretøy (km),2010,2010,,.
32,Lastebiler med totalvekt over 12 tonn,18,Elektrisitet,GjsnittKjorelengde,Gjennomsnittlig kjørelengde per kjøretøy (km),2011,2011,,.
32,Lastebiler med totalvekt over 12 tonn,18,Elektrisitet,GjsnittKjorelengde,Gjennomsnittlig kjørelengde per kjøretøy (km),2012,2012,,.
32,Lastebiler med totalvekt over 12 tonn,18,Elektrisitet,GjsnittKjorelengde,Gjennomsnittlig kjørelengde per kjøretøy (km),2013,2013,,.
32,Lastebiler med totalvekt over 12 tonn,18,Elektrisitet,GjsnittKjorelengde,Gjennomsnittlig kjørelengde per kjøretøy (km),2014,2014,,.
32,Lastebiler med totalvekt over 12 tonn,18,Elektrisitet,GjsnittKjorelengde,Gjennomsnittlig kjørelengde per kjøretøy (km),2015,2015,,.
32,Lastebiler med totalvekt over 12 tonn,18,Elektrisitet,GjsnittKjorelengde,Gjennomsnittlig kjørelengde per kjøretøy (km),2016,2016,,:
32,Lastebiler med totalvekt over 12 tonn,18,Elektrisitet,GjsnittKjorelengde,Gjennomsnittlig kjørelengde per kjøretøy (km),2017,2017,,:
32,Lastebiler med totalvekt over 12 tonn,18,Elektrisitet,GjsnittKjorelengde,Gjennomsnittlig kjørelengde per kjøretøy (km),2018,2018,42037.0,
32,Lastebiler med totalvekt over 12 tonn,18,Elektrisitet,GjsnittKjorelengde,Gjennomsnittlig kjørelengde per kjøretøy (km),2019,2019,21646.0,
32,Lastebiler med totalvekt over 12 tonn,18,Elektrisitet,GjsnittKjorelengde,Gjennomsnittlig kjørelengde per kjøretøy (km),2020,2020,4468.0,
32,Lastebiler med totalvekt over 12 tonn,18,Elektrisitet,GjsnittKjorelengde,Gjennomsnittlig kjørelengde per kjøretøy (km),2021,2021,7901.0,
32,Lastebiler med totalvekt over 12 tonn,18,Elektrisitet,GjsnittKjorelengde,Gjennomsnittlig kjørelengde per kjøretøy (km),2022,2022,13903.0,
32,Lastebiler med totalvekt over 12 tonn,18,Elektrisitet,GjsnittKjorelengde,Gjennomsnittlig kjørelengde per kjøretøy (km),2023,2023,21357.0,
32,Lastebiler med totalvekt over 12 tonn,18,Elektrisitet,GjsnittKjorelengde,Gjennomsnittlig kjørelengde per kjøretøy (km),2024,2024,18205.0,
32,Lastebiler med totalvekt over 12 tonn,18,Elektrisitet,GjsnittKjorelengde,Gjennomsnittlig kjørelengde per kjøretøy (km),2025,2025,23652.0,
32,Lastebiler med totalvekt over 12 tonn,14,"Bensin hybrid, ladbar",Kjorelengde,Kjørelengde (mill. km),2005,2005,,.
32,Lastebiler med totalvekt over 12 tonn,14,"Bensin hybrid, ladbar",Kjorelengde,Kjørelengde (mill. km),2006,2006,,.
32,Lastebiler med totalvekt over 12 tonn,14,"Bensin hybrid, ladbar",Kjorelengde,Kjørelengde (mill. km),2007,2007,,.
32,Lastebiler med totalvekt over 12 tonn,14,"Bensin hybrid, ladbar",Kjorelengde,Kjørelengde (mill. km),2008,2008,,.
32,Lastebiler med totalvekt over 12 tonn,14,"Bensin hybrid, ladbar",Kjorelengde,Kjørelengde (mill. km),2009,2009,,.
32,Lastebiler med totalvekt over 12 tonn,14,"Bensin hybrid, ladbar",Kjorelengde,Kjørelengde (mill. km),2010,2010,,.
32,Lastebiler med totalvekt over 12 tonn,14,"Bensin hybrid, ladbar",Kjorelengde,Kjørelengde (mill. km),2011,2011,,.
32,Lastebiler med totalvekt over 12 tonn,14,"Bensin hybrid, ladbar",Kjorelengde,Kjørelengde (mill. km),2012,2012,,.
32,Lastebiler med totalvekt over 12 tonn,14,"Bensin hybrid, ladbar",Kjorelengde,Kjørelengde (mill. km),2013,2013,,.
32,Lastebiler med totalvekt over 12 tonn,14,"Bensin hybrid, ladbar",Kjorelengde,Kjørelengde (mill. km),2014,2014,,.
32,Lastebiler med totalvekt over 12 tonn,14,"Bensin hybrid, ladbar",Kjorelengde,Kjørelengde (mill. km),2015,2015,,.
32,Lastebiler med totalvekt over 12 tonn,14,"Bensin hybrid, ladbar",Kjorelengde,Kjørelengde (mill. km),2016,2016,,.
32,Lastebiler med totalvekt over 12 tonn,14,"Bensin hybrid, ladbar",Kjorelengde,Kjørelengde (mill. km),2017,2017,,.
32,Lastebiler med totalvekt over 12 tonn,14,"Bensin hybrid, ladbar",Kjorelengde,Kjørelengde (mill. km),2018,2018,,.
32,Lastebiler med totalvekt over 12 tonn,14,"Bensin hybrid, ladbar",Kjorelengde,Kjørelengde (mill. km),2019,2019,,.
32,Lastebiler med totalvekt over 12 tonn,14,"Bensin hybrid, ladbar",Kjorelengde,Kjørelengde (mill. km),2020,2020,,.
32,Lastebiler med totalvekt over 12 tonn,14,"Bensin hybrid, ladbar",Kjorelengde,Kjørelengde (mill. km),2021,2021,,.
32,Lastebiler med totalvekt over 12 tonn,14,"Bensin hybrid, ladbar",Kjorelengde,Kjørelengde (mill. km),2022,2022,,.
32,Lastebiler med totalvekt over 12 tonn,14,"Bensin hybrid, ladbar",Kjorelengde,Kjørelengde (mill. km),2023,2023,,.
32,Lastebiler med totalvekt over 12 tonn,14,"Bensin hybrid, ladbar",Kjorelengde,Kjørelengde (mill. km),2024,2024,,.
32,Lastebiler med totalvekt over 12 tonn,14,"Bensin hybrid, ladbar",Kjorelengde,Kjørelengde (mill. km),2025,2025,,.
32,Lastebiler med totalvekt over 12 tonn,14,"Bensin hybrid, ladbar",GjsnittKjorelengde,Gjennomsnittlig kjørelengde per kjøretøy (km),2005,2005,,.
32,Lastebiler med totalvekt over 12 tonn,14,"Bensin hybrid, ladbar",GjsnittKjorelengde,Gjennomsnittlig kjørelengde per kjøretøy (km),2006,2006,,.
32,Lastebiler med totalvekt over 12 tonn,14,"Bensin hybrid, ladbar",GjsnittKjorelengde,Gjennomsnittlig kjørelengde per kjøretøy (km),2007,2007,,.
32,Lastebiler med totalvekt over 12 tonn,14,"Bensin hybrid, ladbar",GjsnittKjorelengde,Gjennomsnittlig kjørelengde per kjøretøy (km),2008,2008,,.
32,Lastebiler med totalvekt over 12 tonn,14,"Bensin hybrid, ladbar",GjsnittKjorelengde,Gjennomsnittlig kjørelengde per kjøretøy (km),2009,2009,,.
32,Lastebiler med totalvekt over 12 tonn,14,"Bensin hybrid, ladbar",GjsnittKjorelengde,Gjennomsnittlig kjørelengde per kjøretøy (km),2010,2010,,.
32,Lastebiler med totalvekt over 12 tonn,14,"Bensin hybrid, ladbar",GjsnittKjorelengde,Gjennomsnittlig kjørelengde per kjøretøy (km),2011,2011,,.
32,Lastebiler med totalvekt over 12 tonn,14,"Bensin hybrid, ladbar",GjsnittKjorelengde,Gjennomsnittlig kjørelengde per kjøretøy (km),2012,2012,,.
32,Lastebiler med totalvekt over 12 tonn,14,"Bensin hybrid, ladbar",GjsnittKjorelengde,Gjennomsnittlig kjørelengde per kjøretøy (km),2013,2013,,.
32,Lastebiler med totalvekt over 12 tonn,14,"Bensin hybrid, ladbar",GjsnittKjorelengde,Gjennomsnittlig kjørelengde per kjøretøy (km),2014,2014,,.
32,Lastebiler med totalvekt over 12 tonn,14,"Bensin hybrid, ladbar",GjsnittKjorelengde,Gjennomsnittlig kjørelengde per kjøretøy (km),2015,2015,,.
32,Lastebiler med totalvekt over 12 tonn,14,"Bensin hybrid, ladbar",GjsnittKjorelengde,Gjennomsnittlig kjørelengde per kjøretøy (km),2016,2016,,.
32,Lastebiler med totalvekt over 12 tonn,14,"Bensin hybrid, ladbar",GjsnittKjorelengde,Gjennomsnittlig kjørelengde per kjøretøy (km),2017,2017,,.
32,Lastebiler med totalvekt over 12 tonn,14,"Bensin hybrid, ladbar",GjsnittKjorelengde,Gjennomsnittlig kjørelengde per kjøretøy (km),2018,2018,,.
32,Lastebiler med totalvekt over 12 tonn,14,"Bensin hybrid, ladbar",GjsnittKjorelengde,Gjennomsnittlig kjørelengde per kjøretøy (km),2019,2019,,.
32,Lastebiler med totalvekt over 12 tonn,14,"Bensin hybrid, ladbar",GjsnittKjorelengde,Gjennomsnittlig kjørelengde per kjøretøy (km),2020,2020,,.
32,Lastebiler med totalvekt over 12 tonn,14,"Bensin hybrid, ladbar",GjsnittKjorelengde,Gjennomsnittlig kjørelengde per kjøretøy (km),2021,2021,,.
32,Lastebiler med totalvekt over 12 tonn,14,"Bensin hybrid, ladbar",GjsnittKjorelengde,Gjennomsnittlig kjørelengde per kjøretøy (km),2022,2022,,.
32,Lastebiler med totalvekt over 12 tonn,14,"Bensin hybrid, ladbar",GjsnittKjorelengde,Gjennomsnittlig kjørelengde per kjøretøy (km),2023,2023,,.
32,Lastebiler med totalvekt over 12 tonn,14,"Bensin hybrid, ladbar",GjsnittKjorelengde,Gjennomsnittlig kjørelengde per kjøretøy (km),2024,2024,,.
32,Lastebiler med totalvekt over 12 tonn,14,"Bensin hybrid, ladbar",GjsnittKjorelengde,Gjennomsnittlig kjørelengde per kjøretøy (km),2025,2025,,.
32,Lastebiler med totalvekt over 12 tonn,15,"Bensin hybrid, ikke ladbar",Kjorelengde,Kjørelengde (mill. km),2005,2005,,.
32,Lastebiler med totalvekt over 12 tonn,15,"Bensin hybrid, ikke ladbar",Kjorelengde,Kjørelengde (mill. km),2006,2006,,.
32,Lastebiler med totalvekt over 12 tonn,15,"Bensin hybrid, ikke ladbar",Kjorelengde,Kjørelengde (mill. km),2007,2007,,.
32,Lastebiler med totalvekt over 12 tonn,15,"Bensin hybrid, ikke ladbar",Kjorelengde,Kjørelengde (mill. km),2008,2008,,.
32,Lastebiler med totalvekt over 12 tonn,15,"Bensin hybrid, ikke ladbar",Kjorelengde,Kjørelengde (mill. km),2009,2009,,.
32,Lastebiler med totalvekt over 12 tonn,15,"Bensin hybrid, ikke ladbar",Kjorelengde,Kjørelengde (mill. km),2010,2010,,.
32,Lastebiler med totalvekt over 12 tonn,15,"Bensin hybrid, ikke ladbar",Kjorelengde,Kjørelengde (mill. km),2011,2011,,.
32,Lastebiler med totalvekt over 12 tonn,15,"Bensin hybrid, ikke ladbar",Kjorelengde,Kjørelengde (mill. km),2012,2012,,.
32,Lastebiler med totalvekt over 12 tonn,15,"Bensin hybrid, ikke ladbar",Kjorelengde,Kjørelengde (mill. km),2013,2013,,.
32,Lastebiler med totalvekt over 12 tonn,15,"Bensin hybrid, ikke ladbar",Kjorelengde,Kjørelengde (mill. km),2014,2014,,.
32,Lastebiler med totalvekt over 12 tonn,15,"Bensin hybrid, ikke ladbar",Kjorelengde,Kjørelengde (mill. km),2015,2015,,.
32,Lastebiler med totalvekt over 12 tonn,15,"Bensin hybrid, ikke ladbar",Kjorelengde,Kjørelengde (mill. km),2016,2016,,.
32,Lastebiler med totalvekt over 12 tonn,15,"Bensin hybrid, ikke ladbar",Kjorelengde,Kjørelengde (mill. km),2017,2017,,.
32,Lastebiler med totalvekt over 12 tonn,15,"Bensin hybrid, ikke ladbar",Kjorelengde,Kjørelengde (mill. km),2018,2018,,.
32,Lastebiler med totalvekt over 12 tonn,15,"Bensin hybrid, ikke ladbar",Kjorelengde,Kjørelengde (mill. km),2019,2019,,.
32,Lastebiler med totalvekt over 12 tonn,15,"Bensin hybrid, ikke ladbar",Kjorelengde,Kjørelengde (mill. km),2020,2020,,.
32,Lastebiler med totalvekt over 12 tonn,15,"Bensin hybrid, ikke ladbar",Kjorelengde,Kjørelengde (mill. km),2021,2021,,.
32,Lastebiler med totalvekt over 12 tonn,15,"Bensin hybrid, ikke ladbar",Kjorelengde,Kjørelengde (mill. km),2022,2022,,.
32,Lastebiler med totalvekt over 12 tonn,15,"Bensin hybrid, ikke ladbar",Kjorelengde,Kjørelengde (mill. km),2023,2023,,.
32,Lastebiler med totalvekt over 12 tonn,15,"Bensin hybrid, ikke ladbar",Kjorelengde,Kjørelengde (mill. km),2024,2024,,.
32,Lastebiler med totalvekt over 12 tonn,15,"Bensin hybrid, ikke ladbar",Kjorelengde,Kjørelengde (mill. km),2025,2025,,.
32,Lastebiler med totalvekt over 12 tonn,15,"Bensin hybrid, ikke ladbar",GjsnittKjorelengde,Gjennomsnittlig kjørelengde per kjøretøy (km),2005,2005,,.
32,Lastebiler med totalvekt over 12 tonn,15,"Bensin hybrid, ikke ladbar",GjsnittKjorelengde,Gjennomsnittlig kjørelengde per kjøretøy (km),2006,2006,,.
32,Lastebiler med totalvekt over 12 tonn,15,"Bensin hybrid, ikke ladbar",GjsnittKjorelengde,Gjennomsnittlig kjørelengde per kjøretøy (km),2007,2007,,.
32,Lastebiler med totalvekt over 12 tonn,15,"Bensin hybrid, ikke ladbar",GjsnittKjorelengde,Gjennomsnittlig kjørelengde per kjøretøy (km),2008,2008,,.
32,Lastebiler med totalvekt over 12 tonn,15,"Bensin hybrid, ikke ladbar",GjsnittKjorelengde,Gjennomsnittlig kjørelengde per kjøretøy (km),2009,2009,,.
32,Lastebiler med totalvekt over 12 tonn,15,"Bensin hybrid, ikke ladbar",GjsnittKjorelengde,Gjennomsnittlig kjørelengde per kjøretøy (km),2010,2010,,.
32,Lastebiler med totalvekt over 12 tonn,15,"Bensin hybrid, ikke ladbar",GjsnittKjorelengde,Gjennomsnittlig kjørelengde per kjøretøy (km),2011,2011,,.
32,Lastebiler med totalvekt over 12 tonn,15,"Bensin hybrid, ikke ladbar",GjsnittKjorelengde,Gjennomsnittlig kjørelengde per kjøretøy (km),2012,2012,,.
32,Lastebiler med totalvekt over 12 tonn,15,"Bensin hybrid, ikke ladbar",GjsnittKjorelengde,Gjennomsnittlig kjørelengde per kjøretøy (km),2013,2013,,.
32,Lastebiler med totalvekt over 12 tonn,15,"Bensin hybrid, ikke ladbar",GjsnittKjorelengde,Gjennomsnittlig kjørelengde per kjøretøy (km),2014,2014,,.
32,Lastebiler med totalvekt over 12 tonn,15,"Bensin hybrid, ikke ladbar",GjsnittKjorelengde,Gjennomsnittlig kjørelengde per kjøretøy (km),2015,2015,,.
32,Lastebiler med totalvekt over 12 tonn,15,"Bensin hybrid, ikke ladbar",GjsnittKjorelengde,Gjennomsnittlig kjørelengde per kjøretøy (km),2016,2016,,.
32,Lastebiler med totalvekt over 12 tonn,15,"Bensin hybrid, ikke ladbar",GjsnittKjorelengde,Gjennomsnittlig kjørelengde per kjøretøy (km),2017,2017,,.
32,Lastebiler med totalvekt over 12 tonn,15,"Bensin hybrid, ikke ladbar",GjsnittKjorelengde,Gjennomsnittlig kjørelengde per kjøretøy (km),2018,2018,,.
32,Lastebiler med totalvekt over 12 tonn,15,"Bensin hybrid, ikke ladbar",GjsnittKjorelengde,Gjennomsnittlig kjørelengde per kjøretøy (km),2019,2019,,.
32,Lastebiler med totalvekt over 12 tonn,15,"Bensin hybrid, ikke ladbar",GjsnittKjorelengde,Gjennomsnittlig kjørelengde per kjøretøy (km),2020,2020,,.
32,Lastebiler med totalvekt over 12 tonn,15,"Bensin hybrid, ikke ladbar",GjsnittKjorelengde,Gjennomsnittlig kjørelengde per kjøretøy (km),2021,2021,,.
32,Lastebiler med totalvekt over 12 tonn,15,"Bensin hybrid, ikke ladbar",GjsnittKjorelengde,Gjennomsnittlig kjørelengde per kjøretøy (km),2022,2022,,.
32,Lastebiler med totalvekt over 12 tonn,15,"Bensin hybrid, ikke ladbar",GjsnittKjorelengde,Gjennomsnittlig kjørelengde per kjøretøy (km),2023,2023,,.
32,Lastebiler med totalvekt over 12 tonn,15,"Bensin hybrid, ikke ladbar",GjsnittKjorelengde,Gjennomsnittlig kjørelengde per kjøretøy (km),2024,2024,,.
32,Lastebiler med totalvekt over 12 tonn,15,"Bensin hybrid, ikke ladbar",GjsnittKjorelengde,Gjennomsnittlig kjørelengde per kjøretøy (km),2025,2025,,.
32,Lastebiler med totalvekt over 12 tonn,16,"Diesel hybrid, ladbar",Kjorelengde,Kjørelengde (mill. km),2005,2005,,.
32,Lastebiler med totalvekt over 12 tonn,16,"Diesel hybrid, ladbar",Kjorelengde,Kjørelengde (mill. km),2006,2006,,.
32,Lastebiler med totalvekt over 12 tonn,16,"Diesel hybrid, ladbar",Kjorelengde,Kjørelengde (mill. km),2007,2007,,.
32,Lastebiler med totalvekt over 12 tonn,16,"Diesel hybrid, ladbar",Kjorelengde,Kjørelengde (mill. km),2008,2008,,.
32,Lastebiler med totalvekt over 12 tonn,16,"Diesel hybrid, ladbar",Kjorelengde,Kjørelengde (mill. km),2009,2009,,.
32,Lastebiler med totalvekt over 12 tonn,16,"Diesel hybrid, ladbar",Kjorelengde,Kjørelengde (mill. km),2010,2010,,.
32,Lastebiler med totalvekt over 12 tonn,16,"Diesel hybrid, ladbar",Kjorelengde,Kjørelengde (mill. km),2011,2011,,.
32,Lastebiler med totalvekt over 12 tonn,16,"Diesel hybrid, ladbar",Kjorelengde,Kjørelengde (mill. km),2012,2012,,.
32,Lastebiler med totalvekt over 12 tonn,16,"Diesel hybrid, ladbar",Kjorelengde,Kjørelengde (mill. km),2013,2013,,.
32,Lastebiler med totalvekt over 12 tonn,16,"Diesel hybrid, ladbar",Kjorelengde,Kjørelengde (mill. km),2014,2014,,.
32,Lastebiler med totalvekt over 12 tonn,16,"Diesel hybrid, ladbar",Kjorelengde,Kjørelengde (mill. km),2015,2015,,.
32,Lastebiler med totalvekt over 12 tonn,16,"Diesel hybrid, ladbar",Kjorelengde,Kjørelengde (mill. km),2016,2016,,.
32,Lastebiler med totalvekt over 12 tonn,16,"Diesel hybrid, ladbar",Kjorelengde,Kjørelengde (mill. km),2017,2017,,.
32,Lastebiler med totalvekt over 12 tonn,16,"Diesel hybrid, ladbar",Kjorelengde,Kjørelengde (mill. km),2018,2018,,.
32,Lastebiler med totalvekt over 12 tonn,16,"Diesel hybrid, ladbar",Kjorelengde,Kjørelengde (mill. km),2019,2019,,.
32,Lastebiler med totalvekt over 12 tonn,16,"Diesel hybrid, ladbar",Kjorelengde,Kjørelengde (mill. km),2020,2020,,.
32,Lastebiler med totalvekt over 12 tonn,16,"Diesel hybrid, ladbar",Kjorelengde,Kjørelengde (mill. km),2021,2021,,.
32,Lastebiler med totalvekt over 12 tonn,16,"Diesel hybrid, ladbar",Kjorelengde,Kjørelengde (mill. km),2022,2022,,.
32,Lastebiler med totalvekt over 12 tonn,16,"Diesel hybrid, ladbar",Kjorelengde,Kjørelengde (mill. km),2023,2023,,:
32,Lastebiler med totalvekt over 12 tonn,16,"Diesel hybrid, ladbar",Kjorelengde,Kjørelengde (mill. km),2024,2024,,:
32,Lastebiler med totalvekt over 12 tonn,16,"Diesel hybrid, ladbar",Kjorelengde,Kjørelengde (mill. km),2025,2025,0.1,
32,Lastebiler med totalvekt over 12 tonn,16,"Diesel hybrid, ladbar",GjsnittKjorelengde,Gjennomsnittlig kjørelengde per kjøretøy (km),2005,2005,,.
32,Lastebiler med totalvekt over 12 tonn,16,"Diesel hybrid, ladbar",GjsnittKjorelengde,Gjennomsnittlig kjørelengde per kjøretøy (km),2006,2006,,.
32,Lastebiler med totalvekt over 12 tonn,16,"Diesel hybrid, ladbar",GjsnittKjorelengde,Gjennomsnittlig kjørelengde per kjøretøy (km),2007,2007,,.
32,Lastebiler med totalvekt over 12 tonn,16,"Diesel hybrid, ladbar",GjsnittKjorelengde,Gjennomsnittlig kjørelengde per kjøretøy (km),2008,2008,,.
32,Lastebiler med totalvekt over 12 tonn,16,"Diesel hybrid, ladbar",GjsnittKjorelengde,Gjennomsnittlig kjørelengde per kjøretøy (km),2009,2009,,.
32,Lastebiler med totalvekt over 12 tonn,16,"Diesel hybrid, ladbar",GjsnittKjorelengde,Gjennomsnittlig kjørelengde per kjøretøy (km),2010,2010,,.
32,Lastebiler med totalvekt over 12 tonn,16,"Diesel hybrid, ladbar",GjsnittKjorelengde,Gjennomsnittlig kjørelengde per kjøretøy (km),2011,2011,,.
32,Lastebiler med totalvekt over 12 tonn,16,"Diesel hybrid, ladbar",GjsnittKjorelengde,Gjennomsnittlig kjørelengde per kjøretøy (km),2012,2012,,.
32,Lastebiler med totalvekt over 12 tonn,16,"Diesel hybrid, ladbar",GjsnittKjorelengde,Gjennomsnittlig kjørelengde per kjøretøy (km),2013,2013,,.
32,Lastebiler med totalvekt over 12 tonn,16,"Diesel hybrid, ladbar",GjsnittKjorelengde,Gjennomsnittlig kjørelengde per kjøretøy (km),2014,2014,,.
32,Lastebiler med totalvekt over 12 tonn,16,"Diesel hybrid, ladbar",GjsnittKjorelengde,Gjennomsnittlig kjørelengde per kjøretøy (km),2015,2015,,.
32,Lastebiler med totalvekt over 12 tonn,16,"Diesel hybrid, ladbar",GjsnittKjorelengde,Gjennomsnittlig kjørelengde per kjøretøy (km),2016,2016,,.
32,Lastebiler med totalvekt over 12 tonn,16,"Diesel hybrid, ladbar",GjsnittKjorelengde,Gjennomsnittlig kjørelengde per kjøretøy (km),2017,2017,,.
32,Lastebiler med totalvekt over 12 tonn,16,"Diesel hybrid, ladbar",GjsnittKjorelengde,Gjennomsnittlig kjørelengde per kjøretøy (km),2018,2018,,.
32,Lastebiler med totalvekt over 12 tonn,16,"Diesel hybrid, ladbar",GjsnittKjorelengde,Gjennomsnittlig kjørelengde per kjøretøy (km),2019,2019,,.
32,Lastebiler med totalvekt over 12 tonn,16,"Diesel hybrid, ladbar",GjsnittKjorelengde,Gjennomsnittlig kjørelengde per kjøretøy (km),2020,2020,,.
32,Lastebiler med totalvekt over 12 tonn,16,"Diesel hybrid, ladbar",GjsnittKjorelengde,Gjennomsnittlig kjørelengde per kjøretøy (km),2021,2021,,.
32,Lastebiler med totalvekt over 12 tonn,16,"Diesel hybrid, ladbar",GjsnittKjorelengde,Gjennomsnittlig kjørelengde per kjøretøy (km),2022,2022,,.
32,Lastebiler med totalvekt over 12 tonn,16,"Diesel hybrid, ladbar",GjsnittKjorelengde,Gjennomsnittlig kjørelengde per kjøretøy (km),2023,2023,,:
32,Lastebiler med totalvekt over 12 tonn,16,"Diesel hybrid, ladbar",GjsnittKjorelengde,Gjennomsnittlig kjørelengde per kjøretøy (km),2024,2024,,:
32,Lastebiler med totalvekt over 12 tonn,16,"Diesel hybrid, ladbar",GjsnittKjorelengde,Gjennomsnittlig kjørelengde per kjøretøy (km),2025,2025,27094.0,
32,Lastebiler med totalvekt over 12 tonn,17,"Diesel hybrid, ikke ladbar",Kjorelengde,Kjørelengde (mill. km),2005,2005,,.
32,Lastebiler med totalvekt over 12 tonn,17,"Diesel hybrid, ikke ladbar",Kjorelengde,Kjørelengde (mill. km),2006,2006,,.
32,Lastebiler med totalvekt over 12 tonn,17,"Diesel hybrid, ikke ladbar",Kjorelengde,Kjørelengde (mill. km),2007,2007,,.
32,Lastebiler med totalvekt over 12 tonn,17,"Diesel hybrid, ikke ladbar",Kjorelengde,Kjørelengde (mill. km),2008,2008,,.
32,Lastebiler med totalvekt over 12 tonn,17,"Diesel hybrid, ikke ladbar",Kjorelengde,Kjørelengde (mill. km),2009,2009,,.
32,Lastebiler med totalvekt over 12 tonn,17,"Diesel hybrid, ikke ladbar",Kjorelengde,Kjørelengde (mill. km),2010,2010,,.
32,Lastebiler med totalvekt over 12 tonn,17,"Diesel hybrid, ikke ladbar",Kjorelengde,Kjørelengde (mill. km),2011,2011,,.
32,Lastebiler med totalvekt over 12 tonn,17,"Diesel hybrid, ikke ladbar",Kjorelengde,Kjørelengde (mill. km),2012,2012,,.
32,Lastebiler med totalvekt over 12 tonn,17,"Diesel hybrid, ikke ladbar",Kjorelengde,Kjørelengde (mill. km),2013,2013,,.
32,Lastebiler med totalvekt over 12 tonn,17,"Diesel hybrid, ikke ladbar",Kjorelengde,Kjørelengde (mill. km),2014,2014,,.
32,Lastebiler med totalvekt over 12 tonn,17,"Diesel hybrid, ikke ladbar",Kjorelengde,Kjørelengde (mill. km),2015,2015,,.
32,Lastebiler med totalvekt over 12 tonn,17,"Diesel hybrid, ikke ladbar",Kjorelengde,Kjørelengde (mill. km),2016,2016,,:
32,Lastebiler med totalvekt over 12 tonn,17,"Diesel hybrid, ikke ladbar",Kjorelengde,Kjørelengde (mill. km),2017,2017,0.1,
32,Lastebiler med totalvekt over 12 tonn,17,"Diesel hybrid, ikke ladbar",Kjorelengde,Kjørelengde (mill. km),2018,2018,0.1,
32,Lastebiler med totalvekt over 12 tonn,17,"Diesel hybrid, ikke ladbar",Kjorelengde,Kjørelengde (mill. km),2019,2019,,:
32,Lastebiler med totalvekt over 12 tonn,17,"Diesel hybrid, ikke ladbar",Kjorelengde,Kjørelengde (mill. km),2020,2020,,:
32,Lastebiler med totalvekt over 12 tonn,17,"Diesel hybrid, ikke ladbar",Kjorelengde,Kjørelengde (mill. km),2021,2021,,:
32,Lastebiler med totalvekt over 12 tonn,17,"Diesel hybrid, ikke ladbar",Kjorelengde,Kjørelengde (mill. km),2022,2022,,:
32,Lastebiler med totalvekt over 12 tonn,17,"Diesel hybrid, ikke ladbar",Kjorelengde,Kjørelengde (mill. km),2023,2023,,:
32,Lastebiler med totalvekt over 12 tonn,17,"Diesel hybrid, ikke ladbar",Kjorelengde,Kjørelengde (mill. km),2024,2024,,:
32,Lastebiler med totalvekt over 12 tonn,17,"Diesel hybrid, ikke ladbar",Kjorelengde,Kjørelengde (mill. km),2025,2025,,.
32,Lastebiler med totalvekt over 12 tonn,17,"Diesel hybrid, ikke ladbar",GjsnittKjorelengde,Gjennomsnittlig kjørelengde per kjøretøy (km),2005,2005,,.
32,Lastebiler med totalvekt over 12 tonn,17,"Diesel hybrid, ikke ladbar",GjsnittKjorelengde,Gjennomsnittlig kjørelengde per kjøretøy (km),2006,2006,,.
32,Lastebiler med totalvekt over 12 tonn,17,"Diesel hybrid, ikke ladbar",GjsnittKjorelengde,Gjennomsnittlig kjørelengde per kjøretøy (km),2007,2007,,.
32,Lastebiler med totalvekt over 12 tonn,17,"Diesel hybrid, ikke ladbar",GjsnittKjorelengde,Gjennomsnittlig kjørelengde per kjøretøy (km),2008,2008,,.
32,Lastebiler med totalvekt over 12 tonn,17,"Diesel hybrid, ikke ladbar",GjsnittKjorelengde,Gjennomsnittlig kjørelengde per kjøretøy (km),2009,2009,,.
32,Lastebiler med totalvekt over 12 tonn,17,"Diesel hybrid, ikke ladbar",GjsnittKjorelengde,Gjennomsnittlig kjørelengde per kjøretøy (km),2010,2010,,.
32,Lastebiler med totalvekt over 12 tonn,17,"Diesel hybrid, ikke ladbar",GjsnittKjorelengde,Gjennomsnittlig kjørelengde per kjøretøy (km),2011,2011,,.
32,Lastebiler med totalvekt over 12 tonn,17,"Diesel hybrid, ikke ladbar",GjsnittKjorelengde,Gjennomsnittlig kjørelengde per kjøretøy (km),2012,2012,,.
32,Lastebiler med totalvekt over 12 tonn,17,"Diesel hybrid, ikke ladbar",GjsnittKjorelengde,Gjennomsnittlig kjørelengde per kjøretøy (km),2013,2013,,.
32,Lastebiler med totalvekt over 12 tonn,17,"Diesel hybrid, ikke ladbar",GjsnittKjorelengde,Gjennomsnittlig kjørelengde per kjøretøy (km),2014,2014,,.
32,Lastebiler med totalvekt over 12 tonn,17,"Diesel hybrid, ikke ladbar",GjsnittKjorelengde,Gjennomsnittlig kjørelengde per kjøretøy (km),2015,2015,,.
32,Lastebiler med totalvekt over 12 tonn,17,"Diesel hybrid, ikke ladbar",GjsnittKjorelengde,Gjennomsnittlig kjørelengde per kjøretøy (km),2016,2016,,:
32,Lastebiler med totalvekt over 12 tonn,17,"Diesel hybrid, ikke ladbar",GjsnittKjorelengde,Gjennomsnittlig kjørelengde per kjøretøy (km),2017,2017,26288.0,
32,Lastebiler med totalvekt over 12 tonn,17,"Diesel hybrid, ikke ladbar",GjsnittKjorelengde,Gjennomsnittlig kjørelengde per kjøretøy (km),2018,2018,24989.0,
32,Lastebiler med totalvekt over 12 tonn,17,"Diesel hybrid, ikke ladbar",GjsnittKjorelengde,Gjennomsnittlig kjørelengde per kjøretøy (km),2019,2019,,:
32,Lastebiler med totalvekt over 12 tonn,17,"Diesel hybrid, ikke ladbar",GjsnittKjorelengde,Gjennomsnittlig kjørelengde per kjøretøy (km),2020,2020,,:
32,Lastebiler med totalvekt over 12 tonn,17,"Diesel hybrid, ikke ladbar",GjsnittKjorelengde,Gjennomsnittlig kjørelengde per kjøretøy (km),2021,2021,,:
32,Lastebiler med totalvekt over 12 tonn,17,"Diesel hybrid, ikke ladbar",GjsnittKjorelengde,Gjennomsnittlig kjørelengde per kjøretøy (km),2022,2022,,:
32,Lastebiler med totalvekt over 12 tonn,17,"Diesel hybrid, ikke ladbar",GjsnittKjorelengde,Gjennomsnittlig kjørelengde per kjøretøy (km),2023,2023,,:
32,Lastebiler med totalvekt over 12 tonn,17,"Diesel hybrid, ikke ladbar",GjsnittKjorelengde,Gjennomsnittlig kjørelengde per kjøretøy (km),2024,2024,,:
32,Lastebiler med totalvekt over 12 tonn,17,"Diesel hybrid, ikke ladbar",GjsnittKjorelengde,Gjennomsnittlig kjørelengde per kjøretøy (km),2025,2025,,.
32,Lastebiler med totalvekt over 12 tonn,3,Parafin,Kjorelengde,Kjørelengde (mill. km),2005,2005,,.
32,Lastebiler med totalvekt over 12 tonn,3,Parafin,Kjorelengde,Kjørelengde (mill. km),2006,2006,,.
32,Lastebiler med totalvekt over 12 tonn,3,Parafin,Kjorelengde,Kjørelengde (mill. km),2007,2007,,.
32,Lastebiler med totalvekt over 12 tonn,3,Parafin,Kjorelengde,Kjørelengde (mill. km),2008,2008,,.
32,Lastebiler med totalvekt over 12 tonn,3,Parafin,Kjorelengde,Kjørelengde (mill. km),2009,2009,,.
32,Lastebiler med totalvekt over 12 tonn,3,Parafin,Kjorelengde,Kjørelengde (mill. km),2010,2010,,.
32,Lastebiler med totalvekt over 12 tonn,3,Parafin,Kjorelengde,Kjørelengde (mill. km),2011,2011,,.
32,Lastebiler med totalvekt over 12 tonn,3,Parafin,Kjorelengde,Kjørelengde (mill. km),2012,2012,,.
32,Lastebiler med totalvekt over 12 tonn,3,Parafin,Kjorelengde,Kjørelengde (mill. km),2013,2013,,.
32,Lastebiler med totalvekt over 12 tonn,3,Parafin,Kjorelengde,Kjørelengde (mill. km),2014,2014,,.
32,Lastebiler med totalvekt over 12 tonn,3,Parafin,Kjorelengde,Kjørelengde (mill. km),2015,2015,,.
32,Lastebiler med totalvekt over 12 tonn,3,Parafin,Kjorelengde,Kjørelengde (mill. km),2016,2016,,:
32,Lastebiler med totalvekt over 12 tonn,3,Parafin,Kjorelengde,Kjørelengde (mill. km),2017,2017,,:
32,Lastebiler med totalvekt over 12 tonn,3,Parafin,Kjorelengde,Kjørelengde (mill. km),2018,2018,0.1,
32,Lastebiler med totalvekt over 12 tonn,3,Parafin,Kjorelengde,Kjørelengde (mill. km),2019,2019,0.2,
32,Lastebiler med totalvekt over 12 tonn,3,Parafin,Kjorelengde,Kjørelengde (mill. km),2020,2020,0.3,
32,Lastebiler med totalvekt over 12 tonn,3,Parafin,Kjorelengde,Kjørelengde (mill. km),2021,2021,0.2,
32,Lastebiler med totalvekt over 12 tonn,3,Parafin,Kjorelengde,Kjørelengde (mill. km),2022,2022,0.2,
32,Lastebiler med totalvekt over 12 tonn,3,Parafin,Kjorelengde,Kjørelengde (mill. km),2023,2023,,:
32,Lastebiler med totalvekt over 12 tonn,3,Parafin,Kjorelengde,Kjørelengde (mill. km),2024,2024,,:
32,Lastebiler med totalvekt over 12 tonn,3,Parafin,Kjorelengde,Kjørelengde (mill. km),2025,2025,0.0,
32,Lastebiler med totalvekt over 12 tonn,3,Parafin,GjsnittKjorelengde,Gjennomsnittlig kjørelengde per kjøretøy (km),2005,2005,,.
32,Lastebiler med totalvekt over 12 tonn,3,Parafin,GjsnittKjorelengde,Gjennomsnittlig kjørelengde per kjøretøy (km),2006,2006,,.
32,Lastebiler med totalvekt over 12 tonn,3,Parafin,GjsnittKjorelengde,Gjennomsnittlig kjørelengde per kjøretøy (km),2007,2007,,.
32,Lastebiler med totalvekt over 12 tonn,3,Parafin,GjsnittKjorelengde,Gjennomsnittlig kjørelengde per kjøretøy (km),2008,2008,,.
32,Lastebiler med totalvekt over 12 tonn,3,Parafin,GjsnittKjorelengde,Gjennomsnittlig kjørelengde per kjøretøy (km),2009,2009,,.
32,Lastebiler med totalvekt over 12 tonn,3,Parafin,GjsnittKjorelengde,Gjennomsnittlig kjørelengde per kjøretøy (km),2010,2010,,.
32,Lastebiler med totalvekt over 12 tonn,3,Parafin,GjsnittKjorelengde,Gjennomsnittlig kjørelengde per kjøretøy (km),2011,2011,,.
32,Lastebiler med totalvekt over 12 tonn,3,Parafin,GjsnittKjorelengde,Gjennomsnittlig kjørelengde per kjøretøy (km),2012,2012,,.
32,Lastebiler med totalvekt over 12 tonn,3,Parafin,GjsnittKjorelengde,Gjennomsnittlig kjørelengde per kjøretøy (km),2013,2013,,.
32,Lastebiler med totalvekt over 12 tonn,3,Parafin,GjsnittKjorelengde,Gjennomsnittlig kjørelengde per kjøretøy (km),2014,2014,,.
32,Lastebiler med totalvekt over 12 tonn,3,Parafin,GjsnittKjorelengde,Gjennomsnittlig kjørelengde per kjøretøy (km),2015,2015,,.
32,Lastebiler med totalvekt over 12 tonn,3,Parafin,GjsnittKjorelengde,Gjennomsnittlig kjørelengde per kjøretøy (km),2016,2016,,:
32,Lastebiler med totalvekt over 12 tonn,3,Parafin,GjsnittKjorelengde,Gjennomsnittlig kjørelengde per kjøretøy (km),2017,2017,,:
32,Lastebiler med totalvekt over 12 tonn,3,Parafin,GjsnittKjorelengde,Gjennomsnittlig kjørelengde per kjøretøy (km),2018,2018,32631.0,
32,Lastebiler med totalvekt over 12 tonn,3,Parafin,GjsnittKjorelengde,Gjennomsnittlig kjørelengde per kjøretøy (km),2019,2019,38863.0,
32,Lastebiler med totalvekt over 12 tonn,3,Parafin,GjsnittKjorelengde,Gjennomsnittlig kjørelengde per kjøretøy (km),2020,2020,44439.0,
32,Lastebiler med totalvekt over 12 tonn,3,Parafin,GjsnittKjorelengde,Gjennomsnittlig kjørelengde per kjøretøy (km),2021,2021,47148.0,
32,Lastebiler med totalvekt over 12 tonn,3,Parafin,GjsnittKjorelengde,Gjennomsnittlig kjørelengde per kjøretøy (km),2022,2022,52672.0,
32,Lastebiler med totalvekt over 12 tonn,3,Parafin,GjsnittKjorelengde,Gjennomsnittlig kjørelengde per kjøretøy (km),2023,2023,,:
32,Lastebiler med totalvekt over 12 tonn,3,Parafin,GjsnittKjorelengde,Gjennomsnittlig kjørelengde per kjøretøy (km),2024,2024,,:
32,Lastebiler med totalvekt over 12 tonn,3,Parafin,GjsnittKjorelengde,Gjennomsnittlig kjørelengde per kjøretøy (km),2025,2025,19965.0,
32,Lastebiler med totalvekt over 12 tonn,4,Gass,Kjorelengde,Kjørelengde (mill. km),2005,2005,,.
32,Lastebiler med totalvekt over 12 tonn,4,Gass,Kjorelengde,Kjørelengde (mill. km),2006,2006,,.
32,Lastebiler med totalvekt over 12 tonn,4,Gass,Kjorelengde,Kjørelengde (mill. km),2007,2007,,.
32,Lastebiler med totalvekt over 12 tonn,4,Gass,Kjorelengde,Kjørelengde (mill. km),2008,2008,,.
32,Lastebiler med totalvekt over 12 tonn,4,Gass,Kjorelengde,Kjørelengde (mill. km),2009,2009,,.
32,Lastebiler med totalvekt over 12 tonn,4,Gass,Kjorelengde,Kjørelengde (mill. km),2010,2010,,.
32,Lastebiler med totalvekt over 12 tonn,4,Gass,Kjorelengde,Kjørelengde (mill. km),2011,2011,,.
32,Lastebiler med totalvekt over 12 tonn,4,Gass,Kjorelengde,Kjørelengde (mill. km),2012,2012,,.
32,Lastebiler med totalvekt over 12 tonn,4,Gass,Kjorelengde,Kjørelengde (mill. km),2013,2013,,.
32,Lastebiler med totalvekt over 12 tonn,4,Gass,Kjorelengde,Kjørelengde (mill. km),2014,2014,,.
32,Lastebiler med totalvekt over 12 tonn,4,Gass,Kjorelengde,Kjørelengde (mill. km),2015,2015,,.
32,Lastebiler med totalvekt over 12 tonn,4,Gass,Kjorelengde,Kjørelengde (mill. km),2016,2016,4.9,
32,Lastebiler med totalvekt over 12 tonn,4,Gass,Kjorelengde,Kjørelengde (mill. km),2017,2017,5.8,
32,Lastebiler med totalvekt over 12 tonn,4,Gass,Kjorelengde,Kjørelengde (mill. km),2018,2018,7.2,
32,Lastebiler med totalvekt over 12 tonn,4,Gass,Kjorelengde,Kjørelengde (mill. km),2019,2019,8.0,
32,Lastebiler med totalvekt over 12 tonn,4,Gass,Kjorelengde,Kjørelengde (mill. km),2020,2020,9.9,
32,Lastebiler med totalvekt over 12 tonn,4,Gass,Kjorelengde,Kjørelengde (mill. km),2021,2021,12.9,
32,Lastebiler med totalvekt over 12 tonn,4,Gass,Kjorelengde,Kjørelengde (mill. km),2022,2022,16.7,
32,Lastebiler med totalvekt over 12 tonn,4,Gass,Kjorelengde,Kjørelengde (mill. km),2023,2023,28.2,
32,Lastebiler med totalvekt over 12 tonn,4,Gass,Kjorelengde,Kjørelengde (mill. km),2024,2024,46.0,
32,Lastebiler med totalvekt over 12 tonn,4,Gass,Kjorelengde,Kjørelengde (mill. km),2025,2025,65.3,
32,Lastebiler med totalvekt over 12 tonn,4,Gass,GjsnittKjorelengde,Gjennomsnittlig kjørelengde per kjøretøy (km),2005,2005,,.
32,Lastebiler med totalvekt over 12 tonn,4,Gass,GjsnittKjorelengde,Gjennomsnittlig kjørelengde per kjøretøy (km),2006,2006,,.
32,Lastebiler med totalvekt over 12 tonn,4,Gass,GjsnittKjorelengde,Gjennomsnittlig kjørelengde per kjøretøy (km),2007,2007,,.
32,Lastebiler med totalvekt over 12 tonn,4,Gass,GjsnittKjorelengde,Gjennomsnittlig kjørelengde per kjøretøy (km),2008,2008,,.
32,Lastebiler med totalvekt over 12 tonn,4,Gass,GjsnittKjorelengde,Gjennomsnittlig kjørelengde per kjøretøy (km),2009,2009,,.
32,Lastebiler med totalvekt over 12 tonn,4,Gass,GjsnittKjorelengde,Gjennomsnittlig kjørelengde per kjøretøy (km),2010,2010,,.
32,Lastebiler med totalvekt over 12 tonn,4,Gass,GjsnittKjorelengde,Gjennomsnittlig kjørelengde per kjøretøy (km),2011,2011,,.
32,Lastebiler med totalvekt over 12 tonn,4,Gass,GjsnittKjorelengde,Gjennomsnittlig kjørelengde per kjøretøy (km),2012,2012,,.
32,Lastebiler med totalvekt over 12 tonn,4,Gass,GjsnittKjorelengde,Gjennomsnittlig kjørelengde per kjøretøy (km),2013,2013,,.
32,Lastebiler med totalvekt over 12 tonn,4,Gass,GjsnittKjorelengde,Gjennomsnittlig kjørelengde per kjøretøy (km),2014,2014,,.
32,Lastebiler med totalvekt over 12 tonn,4,Gass,GjsnittKjorelengde,Gjennomsnittlig kjørelengde per kjøretøy (km),2015,2015,,.
32,Lastebiler med totalvekt over 12 tonn,4,Gass,GjsnittKjorelengde,Gjennomsnittlig kjørelengde per kjøretøy (km),2016,2016,17202.0,
32,Lastebiler med totalvekt over 12 tonn,4,Gass,GjsnittKjorelengde,Gjennomsnittlig kjørelengde per kjøretøy (km),2017,2017,17356.0,
32,Lastebiler med totalvekt over 12 tonn,4,Gass,GjsnittKjorelengde,Gjennomsnittlig kjørelengde per kjøretøy (km),2018,2018,21954.0,
32,Lastebiler med totalvekt over 12 tonn,4,Gass,GjsnittKjorelengde,Gjennomsnittlig kjørelengde per kjøretøy (km),2019,2019,18721.0,
32,Lastebiler med totalvekt over 12 tonn,4,Gass,GjsnittKjorelengde,Gjennomsnittlig kjørelengde per kjøretøy (km),2020,2020,19974.0,
32,Lastebiler med totalvekt over 12 tonn,4,Gass,GjsnittKjorelengde,Gjennomsnittlig kjørelengde per kjøretøy (km),2021,2021,22247.0,
32,Lastebiler med totalvekt over 12 tonn,4,Gass,GjsnittKjorelengde,Gjennomsnittlig kjørelengde per kjøretøy (km),2022,2022,22783.0,
32,Lastebiler med totalvekt over 12 tonn,4,Gass,GjsnittKjorelengde,Gjennomsnittlig kjørelengde per kjøretøy (km),2023,2023,27438.0,
32,Lastebiler med totalvekt over 12 tonn,4,Gass,GjsnittKjorelengde,Gjennomsnittlig kjørelengde per kjøretøy (km),2024,2024,31601.0,
32,Lastebiler med totalvekt over 12 tonn,4,Gass,GjsnittKjorelengde,Gjennomsnittlig kjørelengde per kjøretøy (km),2025,2025,36088.0,
32,Lastebiler med totalvekt over 12 tonn,13,Hydrogen,Kjorelengde,Kjørelengde (mill. km),2005,2005,,.
32,Lastebiler med totalvekt over 12 tonn,13,Hydrogen,Kjorelengde,Kjørelengde (mill. km),2006,2006,,.
32,Lastebiler med totalvekt over 12 tonn,13,Hydrogen,Kjorelengde,Kjørelengde (mill. km),2007,2007,,.
32,Lastebiler med totalvekt over 12 tonn,13,Hydrogen,Kjorelengde,Kjørelengde (mill. km),2008,2008,,.
32,Lastebiler med totalvekt over 12 tonn,13,Hydrogen,Kjorelengde,Kjørelengde (mill. km),2009,2009,,.
32,Lastebiler med totalvekt over 12 tonn,13,Hydrogen,Kjorelengde,Kjørelengde (mill. km),2010,2010,,.
32,Lastebiler med totalvekt over 12 tonn,13,Hydrogen,Kjorelengde,Kjørelengde (mill. km),2011,2011,,.
32,Lastebiler med totalvekt over 12 tonn,13,Hydrogen,Kjorelengde,Kjørelengde (mill. km),2012,2012,,.
32,Lastebiler med totalvekt over 12 tonn,13,Hydrogen,Kjorelengde,Kjørelengde (mill. km),2013,2013,,.
32,Lastebiler med totalvekt over 12 tonn,13,Hydrogen,Kjorelengde,Kjørelengde (mill. km),2014,2014,,.
32,Lastebiler med totalvekt over 12 tonn,13,Hydrogen,Kjorelengde,Kjørelengde (mill. km),2015,2015,,.
32,Lastebiler med totalvekt over 12 tonn,13,Hydrogen,Kjorelengde,Kjørelengde (mill. km),2016,2016,,.
32,Lastebiler med totalvekt over 12 tonn,13,Hydrogen,Kjorelengde,Kjørelengde (mill. km),2017,2017,,.
32,Lastebiler med totalvekt over 12 tonn,13,Hydrogen,Kjorelengde,Kjørelengde (mill. km),2018,2018,,.
32,Lastebiler med totalvekt over 12 tonn,13,Hydrogen,Kjorelengde,Kjørelengde (mill. km),2019,2019,,:
32,Lastebiler med totalvekt over 12 tonn,13,Hydrogen,Kjorelengde,Kjørelengde (mill. km),2020,2020,,:
32,Lastebiler med totalvekt over 12 tonn,13,Hydrogen,Kjorelengde,Kjørelengde (mill. km),2021,2021,,:
32,Lastebiler med totalvekt over 12 tonn,13,Hydrogen,Kjorelengde,Kjørelengde (mill. km),2022,2022,0.1,
32,Lastebiler med totalvekt over 12 tonn,13,Hydrogen,Kjorelengde,Kjørelengde (mill. km),2023,2023,0.1,
32,Lastebiler med totalvekt over 12 tonn,13,Hydrogen,Kjorelengde,Kjørelengde (mill. km),2024,2024,,:
32,Lastebiler med totalvekt over 12 tonn,13,Hydrogen,Kjorelengde,Kjørelengde (mill. km),2025,2025,0.1,
32,Lastebiler med totalvekt over 12 tonn,13,Hydrogen,GjsnittKjorelengde,Gjennomsnittlig kjørelengde per kjøretøy (km),2005,2005,,.
32,Lastebiler med totalvekt over 12 tonn,13,Hydrogen,GjsnittKjorelengde,Gjennomsnittlig kjørelengde per kjøretøy (km),2006,2006,,.
32,Lastebiler med totalvekt over 12 tonn,13,Hydrogen,GjsnittKjorelengde,Gjennomsnittlig kjørelengde per kjøretøy (km),2007,2007,,.
32,Lastebiler med totalvekt over 12 tonn,13,Hydrogen,GjsnittKjorelengde,Gjennomsnittlig kjørelengde per kjøretøy (km),2008,2008,,.
32,Lastebiler med totalvekt over 12 tonn,13,Hydrogen,GjsnittKjorelengde,Gjennomsnittlig kjørelengde per kjøretøy (km),2009,2009,,.
32,Lastebiler med totalvekt over 12 tonn,13,Hydrogen,GjsnittKjorelengde,Gjennomsnittlig kjørelengde per kjøretøy (km),2010,2010,,.
32,Lastebiler med totalvekt over 12 tonn,13,Hydrogen,GjsnittKjorelengde,Gjennomsnittlig kjørelengde per kjøretøy (km),2011,2011,,.
32,Lastebiler med totalvekt over 12 tonn,13,Hydrogen,GjsnittKjorelengde,Gjennomsnittlig kjørelengde per kjøretøy (km),2012,2012,,.
32,Lastebiler med totalvekt over 12 tonn,13,Hydrogen,GjsnittKjorelengde,Gjennomsnittlig kjørelengde per kjøretøy (km),2013,2013,,.
32,Lastebiler med totalvekt over 12 tonn,13,Hydrogen,GjsnittKjorelengde,Gjennomsnittlig kjørelengde per kjøretøy (km),2014,2014,,.
32,Lastebiler med totalvekt over 12 tonn,13,Hydrogen,GjsnittKjorelengde,Gjennomsnittlig kjørelengde per kjøretøy (km),2015,2015,,.
32,Lastebiler med totalvekt over 12 tonn,13,Hydrogen,GjsnittKjorelengde,Gjennomsnittlig kjørelengde per kjøretøy (km),2016,2016,,.
32,Lastebiler med totalvekt over 12 tonn,13,Hydrogen,GjsnittKjorelengde,Gjennomsnittlig kjørelengde per kjøretøy (km),2017,2017,,.
32,Lastebiler med totalvekt over 12 tonn,13,Hydrogen,GjsnittKjorelengde,Gjennomsnittlig kjørelengde per kjøretøy (km),2018,2018,,.
32,Lastebiler med totalvekt over 12 tonn,13,Hydrogen,GjsnittKjorelengde,Gjennomsnittlig kjørelengde per kjøretøy (km),2019,2019,,:
32,Lastebiler med totalvekt over 12 tonn,13,Hydrogen,GjsnittKjorelengde,Gjennomsnittlig kjørelengde per kjøretøy (km),2020,2020,,:
32,Lastebiler med totalvekt over 12 tonn,13,Hydrogen,GjsnittKjorelengde,Gjennomsnittlig kjørelengde per kjøretøy (km),2021,2021,,:
32,Lastebiler med totalvekt over 12 tonn,13,Hydrogen,GjsnittKjorelengde,Gjennomsnittlig kjørelengde per kjøretøy (km),2022,2022,28314.0,
32,Lastebiler med totalvekt over 12 tonn,13,Hydrogen,GjsnittKjorelengde,Gjennomsnittlig kjørelengde per kjøretøy (km),2023,2023,13276.0,
32,Lastebiler med totalvekt over 12 tonn,13,Hydrogen,GjsnittKjorelengde,Gjennomsnittlig kjørelengde per kjøretøy (km),2024,2024,,:
32,Lastebiler med totalvekt over 12 tonn,13,Hydrogen,GjsnittKjorelengde,Gjennomsnittlig kjørelengde per kjøretøy (km),2025,2025,24914.0,
32,Lastebiler med totalvekt over 12 tonn,7,Andre drivstoff,Kjorelengde,Kjørelengde (mill. km),2005,2005,0.1,
32,Lastebiler med totalvekt over 12 tonn,7,Andre drivstoff,Kjorelengde,Kjørelengde (mill. km),2006,2006,0.3,
32,Lastebiler med totalvekt over 12 tonn,7,Andre drivstoff,Kjorelengde,Kjørelengde (mill. km),2007,2007,0.5,
32,Lastebiler med totalvekt over 12 tonn,7,Andre drivstoff,Kjorelengde,Kjørelengde (mill. km),2008,2008,0.4,
32,Lastebiler med totalvekt over 12 tonn,7,Andre drivstoff,Kjorelengde,Kjørelengde (mill. km),2009,2009,0.8,
32,Lastebiler med totalvekt over 12 tonn,7,Andre drivstoff,Kjorelengde,Kjørelengde (mill. km),2010,2010,1.3,
32,Lastebiler med totalvekt over 12 tonn,7,Andre drivstoff,Kjorelengde,Kjørelengde (mill. km),2011,2011,1.6,
32,Lastebiler med totalvekt over 12 tonn,7,Andre drivstoff,Kjorelengde,Kjørelengde (mill. km),2012,2012,1.7,
32,Lastebiler med totalvekt over 12 tonn,7,Andre drivstoff,Kjorelengde,Kjørelengde (mill. km),2013,2013,2.5,
32,Lastebiler med totalvekt over 12 tonn,7,Andre drivstoff,Kjorelengde,Kjørelengde (mill. km),2014,2014,3.7,
32,Lastebiler med totalvekt over 12 tonn,7,Andre drivstoff,Kjorelengde,Kjørelengde (mill. km),2015,2015,5.3,
32,Lastebiler med totalvekt over 12 tonn,7,Andre drivstoff,Kjorelengde,Kjørelengde (mill. km),2016,2016,1.1,
32,Lastebiler med totalvekt over 12 tonn,7,Andre drivstoff,Kjorelengde,Kjørelengde (mill. km),2017,2017,1.1,
32,Lastebiler med totalvekt over 12 tonn,7,Andre drivstoff,Kjorelengde,Kjørelengde (mill. km),2018,2018,1.2,
32,Lastebiler med totalvekt over 12 tonn,7,Andre drivstoff,Kjorelengde,Kjørelengde (mill. km),2019,2019,1.3,
32,Lastebiler med totalvekt over 12 tonn,7,Andre drivstoff,Kjorelengde,Kjørelengde (mill. km),2020,2020,1.4,
32,Lastebiler med totalvekt over 12 tonn,7,Andre drivstoff,Kjorelengde,Kjørelengde (mill. km),2021,2021,1.4,
32,Lastebiler med totalvekt over 12 tonn,7,Andre drivstoff,Kjorelengde,Kjørelengde (mill. km),2022,2022,1.2,
32,Lastebiler med totalvekt over 12 tonn,7,Andre drivstoff,Kjorelengde,Kjørelengde (mill. km),2023,2023,0.2,
32,Lastebiler med totalvekt over 12 tonn,7,Andre drivstoff,Kjorelengde,Kjørelengde (mill. km),2024,2024,0.1,
32,Lastebiler med totalvekt over 12 tonn,7,Andre drivstoff,Kjorelengde,Kjørelengde (mill. km),2025,2025,0.1,
32,Lastebiler med totalvekt over 12 tonn,7,Andre drivstoff,GjsnittKjorelengde,Gjennomsnittlig kjørelengde per kjøretøy (km),2005,2005,11360.0,
32,Lastebiler med totalvekt over 12 tonn,7,Andre drivstoff,GjsnittKjorelengde,Gjennomsnittlig kjørelengde per kjøretøy (km),2006,2006,53526.0,
32,Lastebiler med totalvekt over 12 tonn,7,Andre drivstoff,GjsnittKjorelengde,Gjennomsnittlig kjørelengde per kjøretøy (km),2007,2007,44575.0,
32,Lastebiler med totalvekt over 12 tonn,7,Andre drivstoff,GjsnittKjorelengde,Gjennomsnittlig kjørelengde per kjøretøy (km),2008,2008,44419.0,
32,Lastebiler med totalvekt over 12 tonn,7,Andre drivstoff,GjsnittKjorelengde,Gjennomsnittlig kjørelengde per kjøretøy (km),2009,2009,20357.0,
32,Lastebiler med totalvekt over 12 tonn,7,Andre drivstoff,GjsnittKjorelengde,Gjennomsnittlig kjørelengde per kjøretøy (km),2010,2010,15328.0,
32,Lastebiler med totalvekt over 12 tonn,7,Andre drivstoff,GjsnittKjorelengde,Gjennomsnittlig kjørelengde per kjøretøy (km),2011,2011,17370.0,
32,Lastebiler med totalvekt over 12 tonn,7,Andre drivstoff,GjsnittKjorelengde,Gjennomsnittlig kjørelengde per kjøretøy (km),2012,2012,16733.0,
32,Lastebiler med totalvekt over 12 tonn,7,Andre drivstoff,GjsnittKjorelengde,Gjennomsnittlig kjørelengde per kjøretøy (km),2013,2013,15820.0,
32,Lastebiler med totalvekt over 12 tonn,7,Andre drivstoff,GjsnittKjorelengde,Gjennomsnittlig kjørelengde per kjøretøy (km),2014,2014,17897.0,
32,Lastebiler med totalvekt over 12 tonn,7,Andre drivstoff,GjsnittKjorelengde,Gjennomsnittlig kjørelengde per kjøretøy (km),2015,2015,20209.0,
32,Lastebiler med totalvekt over 12 tonn,7,Andre drivstoff,GjsnittKjorelengde,Gjennomsnittlig kjørelengde per kjøretøy (km),2016,2016,22870.0,
32,Lastebiler med totalvekt over 12 tonn,7,Andre drivstoff,GjsnittKjorelengde,Gjennomsnittlig kjørelengde per kjøretøy (km),2017,2017,23813.0,
32,Lastebiler med totalvekt over 12 tonn,7,Andre drivstoff,GjsnittKjorelengde,Gjennomsnittlig kjørelengde per kjøretøy (km),2018,2018,28395.0,
32,Lastebiler med totalvekt over 12 tonn,7,Andre drivstoff,GjsnittKjorelengde,Gjennomsnittlig kjørelengde per kjøretøy (km),2019,2019,21002.0,
32,Lastebiler med totalvekt over 12 tonn,7,Andre drivstoff,GjsnittKjorelengde,Gjennomsnittlig kjørelengde per kjøretøy (km),2020,2020,30291.0,
32,Lastebiler med totalvekt over 12 tonn,7,Andre drivstoff,GjsnittKjorelengde,Gjennomsnittlig kjørelengde per kjøretøy (km),2021,2021,31095.0,
32,Lastebiler med totalvekt over 12 tonn,7,Andre drivstoff,GjsnittKjorelengde,Gjennomsnittlig kjørelengde per kjøretøy (km),2022,2022,33426.0,
32,Lastebiler med totalvekt over 12 tonn,7,Andre drivstoff,GjsnittKjorelengde,Gjennomsnittlig kjørelengde per kjøretøy (km),2023,2023,12897.0,
32,Lastebiler med totalvekt over 12 tonn,7,Andre drivstoff,GjsnittKjorelengde,Gjennomsnittlig kjørelengde per kjøretøy (km),2024,2024,16513.0,
32,Lastebiler med totalvekt over 12 tonn,7,Andre drivstoff,GjsnittKjorelengde,Gjennomsnittlig kjørelengde per kjøretøy (km),2025,2025,22458.0,
33,Trekkbiler,0,Alle typer drivstoff,Kjorelengde,Kjørelengde (mill. km),2005,2005,463.7,
33,Trekkbiler,0,Alle typer drivstoff,Kjorelengde,Kjørelengde (mill. km),2006,2006,503.6,
33,Trekkbiler,0,Alle typer drivstoff,Kjorelengde,Kjørelengde (mill. km),2007,2007,581.6,
33,Trekkbiler,0,Alle typer drivstoff,Kjorelengde,Kjørelengde (mill. km),2008,2008,606.7,
33,Trekkbiler,0,Alle typer drivstoff,Kjorelengde,Kjørelengde (mill. km),2009,2009,553.5,
33,Trekkbiler,0,Alle typer drivstoff,Kjorelengde,Kjørelengde (mill. km),2010,2010,527.9,
33,Trekkbiler,0,Alle typer drivstoff,Kjorelengde,Kjørelengde (mill. km),2011,2011,560.4,
33,Trekkbiler,0,Alle typer drivstoff,Kjorelengde,Kjørelengde (mill. km),2012,2012,587.6,
33,Trekkbiler,0,Alle typer drivstoff,Kjorelengde,Kjørelengde (mill. km),2013,2013,593.7,
33,Trekkbiler,0,Alle typer drivstoff,Kjorelengde,Kjørelengde (mill. km),2014,2014,617.0,
33,Trekkbiler,0,Alle typer drivstoff,Kjorelengde,Kjørelengde (mill. km),2015,2015,634.1,
33,Trekkbiler,0,Alle typer drivstoff,Kjorelengde,Kjørelengde (mill. km),2016,2016,642.5,
33,Trekkbiler,0,Alle typer drivstoff,Kjorelengde,Kjørelengde (mill. km),2017,2017,653.6,
33,Trekkbiler,0,Alle typer drivstoff,Kjorelengde,Kjørelengde (mill. km),2018,2018,681.2,
33,Trekkbiler,0,Alle typer drivstoff,Kjorelengde,Kjørelengde (mill. km),2019,2019,694.3,
33,Trekkbiler,0,Alle typer drivstoff,Kjorelengde,Kjørelengde (mill. km),2020,2020,668.6,
33,Trekkbiler,0,Alle typer drivstoff,Kjorelengde,Kjørelengde (mill. km),2021,2021,703.0,
33,Trekkbiler,0,Alle typer drivstoff,Kjorelengde,Kjørelengde (mill. km),2022,2022,717.4,
33,Trekkbiler,0,Alle typer drivstoff,Kjorelengde,Kjørelengde (mill. km),2023,2023,716.7,
33,Trekkbiler,0,Alle typer drivstoff,Kjorelengde,Kjørelengde (mill. km),2024,2024,720.9,
33,Trekkbiler,0,Alle typer drivstoff,Kjorelengde,Kjørelengde (mill. km),2025,2025,714.8,
33,Trekkbiler,0,Alle typer drivstoff,GjsnittKjorelengde,Gjennomsnittlig kjørelengde per kjøretøy (km),2005,2005,71842.0,
33,Trekkbiler,0,Alle typer drivstoff,GjsnittKjorelengde,Gjennomsnittlig kjørelengde per kjøretøy (km),2006,2006,72849.0,
33,Trekkbiler,0,Alle typer drivstoff,GjsnittKjorelengde,Gjennomsnittlig kjørelengde per kjøretøy (km),2007,2007,74764.0,
33,Trekkbiler,0,Alle typer drivstoff,GjsnittKjorelengde,Gjennomsnittlig kjørelengde per kjøretøy (km),2008,2008,71744.0,
33,Trekkbiler,0,Alle typer drivstoff,GjsnittKjorelengde,Gjennomsnittlig kjørelengde per kjøretøy (km),2009,2009,67846.0,
33,Trekkbiler,0,Alle typer drivstoff,GjsnittKjorelengde,Gjennomsnittlig kjørelengde per kjøretøy (km),2010,2010,65796.0,
33,Trekkbiler,0,Alle typer drivstoff,GjsnittKjorelengde,Gjennomsnittlig kjørelengde per kjøretøy (km),2011,2011,67271.0,
33,Trekkbiler,0,Alle typer drivstoff,GjsnittKjorelengde,Gjennomsnittlig kjørelengde per kjøretøy (km),2012,2012,67036.0,
33,Trekkbiler,0,Alle typer drivstoff,GjsnittKjorelengde,Gjennomsnittlig kjørelengde per kjøretøy (km),2013,2013,64661.0,
33,Trekkbiler,0,Alle typer drivstoff,GjsnittKjorelengde,Gjennomsnittlig kjørelengde per kjøretøy (km),2014,2014,63980.0,
33,Trekkbiler,0,Alle typer drivstoff,GjsnittKjorelengde,Gjennomsnittlig kjørelengde per kjøretøy (km),2015,2015,64696.0,
33,Trekkbiler,0,Alle typer drivstoff,GjsnittKjorelengde,Gjennomsnittlig kjørelengde per kjøretøy (km),2016,2016,64496.0,
33,Trekkbiler,0,Alle typer drivstoff,GjsnittKjorelengde,Gjennomsnittlig kjørelengde per kjøretøy (km),2017,2017,64595.0,
33,Trekkbiler,0,Alle typer drivstoff,GjsnittKjorelengde,Gjennomsnittlig kjørelengde per kjøretøy (km),2018,2018,64174.0,
33,Trekkbiler,0,Alle typer drivstoff,GjsnittKjorelengde,Gjennomsnittlig kjørelengde per kjøretøy (km),2019,2019,63085.0,
33,Trekkbiler,0,Alle typer drivstoff,GjsnittKjorelengde,Gjennomsnittlig kjørelengde per kjøretøy (km),2020,2020,63186.0,
33,Trekkbiler,0,Alle typer drivstoff,GjsnittKjorelengde,Gjennomsnittlig kjørelengde per kjøretøy (km),2021,2021,65863.0,
33,Trekkbiler,0,Alle typer drivstoff,GjsnittKjorelengde,Gjennomsnittlig kjørelengde per kjøretøy (km),2022,2022,67025.0,
33,Trekkbiler,0,Alle typer drivstoff,GjsnittKjorelengde,Gjennomsnittlig kjørelengde per kjøretøy (km),2023,2023,64120.0,
33,Trekkbiler,0,Alle typer drivstoff,GjsnittKjorelengde,Gjennomsnittlig kjørelengde per kjøretøy (km),2024,2024,61655.0,
33,Trekkbiler,0,Alle typer drivstoff,GjsnittKjorelengde,Gjennomsnittlig kjørelengde per kjøretøy (km),2025,2025,62699.0,
33,Trekkbiler,1,Bensin,Kjorelengde,Kjørelengde (mill. km),2005,2005,,:
33,Trekkbiler,1,Bensin,Kjorelengde,Kjørelengde (mill. km),2006,2006,,:
33,Trekkbiler,1,Bensin,Kjorelengde,Kjørelengde (mill. km),2007,2007,,:
33,Trekkbiler,1,Bensin,Kjorelengde,Kjørelengde (mill. km),2008,2008,0.0,
33,Trekkbiler,1,Bensin,Kjorelengde,Kjørelengde (mill. km),2009,2009,0.1,
33,Trekkbiler,1,Bensin,Kjorelengde,Kjørelengde (mill. km),2010,2010,0.0,
33,Trekkbiler,1,Bensin,Kjorelengde,Kjørelengde (mill. km),2011,2011,0.1,
33,Trekkbiler,1,Bensin,Kjorelengde,Kjørelengde (mill. km),2012,2012,,:
33,Trekkbiler,1,Bensin,Kjorelengde,Kjørelengde (mill. km),2013,2013,,:
33,Trekkbiler,1,Bensin,Kjorelengde,Kjørelengde (mill. km),2014,2014,,:
33,Trekkbiler,1,Bensin,Kjorelengde,Kjørelengde (mill. km),2015,2015,,:
33,Trekkbiler,1,Bensin,Kjorelengde,Kjørelengde (mill. km),2016,2016,0.0,
33,Trekkbiler,1,Bensin,Kjorelengde,Kjørelengde (mill. km),2017,2017,0.0,
33,Trekkbiler,1,Bensin,Kjorelengde,Kjørelengde (mill. km),2018,2018,0.0,
33,Trekkbiler,1,Bensin,Kjorelengde,Kjørelengde (mill. km),2019,2019,0.1,
33,Trekkbiler,1,Bensin,Kjorelengde,Kjørelengde (mill. km),2020,2020,0.2,
33,Trekkbiler,1,Bensin,Kjorelengde,Kjørelengde (mill. km),2021,2021,0.1,
33,Trekkbiler,1,Bensin,Kjorelengde,Kjørelengde (mill. km),2022,2022,0.1,
33,Trekkbiler,1,Bensin,Kjorelengde,Kjørelengde (mill. km),2023,2023,0.1,
33,Trekkbiler,1,Bensin,Kjorelengde,Kjørelengde (mill. km),2024,2024,,:
33,Trekkbiler,1,Bensin,Kjorelengde,Kjørelengde (mill. km),2025,2025,0.1,
33,Trekkbiler,1,Bensin,GjsnittKjorelengde,Gjennomsnittlig kjørelengde per kjøretøy (km),2005,2005,,:
33,Trekkbiler,1,Bensin,GjsnittKjorelengde,Gjennomsnittlig kjørelengde per kjøretøy (km),2006,2006,,:
33,Trekkbiler,1,Bensin,GjsnittKjorelengde,Gjennomsnittlig kjørelengde per kjøretøy (km),2007,2007,,:
33,Trekkbiler,1,Bensin,GjsnittKjorelengde,Gjennomsnittlig kjørelengde per kjøretøy (km),2008,2008,8055.0,
33,Trekkbiler,1,Bensin,GjsnittKjorelengde,Gjennomsnittlig kjørelengde per kjøretøy (km),2009,2009,8928.0,
33,Trekkbiler,1,Bensin,GjsnittKjorelengde,Gjennomsnittlig kjørelengde per kjøretøy (km),2010,2010,4086.0,
33,Trekkbiler,1,Bensin,GjsnittKjorelengde,Gjennomsnittlig kjørelengde per kjøretøy (km),2011,2011,15429.0,
33,Trekkbiler,1,Bensin,GjsnittKjorelengde,Gjennomsnittlig kjørelengde per kjøretøy (km),2012,2012,,:
33,Trekkbiler,1,Bensin,GjsnittKjorelengde,Gjennomsnittlig kjørelengde per kjøretøy (km),2013,2013,,:
33,Trekkbiler,1,Bensin,GjsnittKjorelengde,Gjennomsnittlig kjørelengde per kjøretøy (km),2014,2014,,:
33,Trekkbiler,1,Bensin,GjsnittKjorelengde,Gjennomsnittlig kjørelengde per kjøretøy (km),2015,2015,,:
33,Trekkbiler,1,Bensin,GjsnittKjorelengde,Gjennomsnittlig kjørelengde per kjøretøy (km),2016,2016,3945.0,
33,Trekkbiler,1,Bensin,GjsnittKjorelengde,Gjennomsnittlig kjørelengde per kjøretøy (km),2017,2017,2794.0,
33,Trekkbiler,1,Bensin,GjsnittKjorelengde,Gjennomsnittlig kjørelengde per kjøretøy (km),2018,2018,2296.0,
33,Trekkbiler,1,Bensin,GjsnittKjorelengde,Gjennomsnittlig kjørelengde per kjøretøy (km),2019,2019,13737.0,
33,Trekkbiler,1,Bensin,GjsnittKjorelengde,Gjennomsnittlig kjørelengde per kjøretøy (km),2020,2020,47678.0,
33,Trekkbiler,1,Bensin,GjsnittKjorelengde,Gjennomsnittlig kjørelengde per kjøretøy (km),2021,2021,20355.0,
33,Trekkbiler,1,Bensin,GjsnittKjorelengde,Gjennomsnittlig kjørelengde per kjøretøy (km),2022,2022,35204.0,
33,Trekkbiler,1,Bensin,GjsnittKjorelengde,Gjennomsnittlig kjørelengde per kjøretøy (km),2023,2023,33524.0,
33,Trekkbiler,1,Bensin,GjsnittKjorelengde,Gjennomsnittlig kjørelengde per kjøretøy (km),2024,2024,,:
33,Trekkbiler,1,Bensin,GjsnittKjorelengde,Gjennomsnittlig kjørelengde per kjøretøy (km),2025,2025,41901.0,
33,Trekkbiler,2,Diesel,Kjorelengde,Kjørelengde (mill. km),2005,2005,463.6,
33,Trekkbiler,2,Diesel,Kjorelengde,Kjørelengde (mill. km),2006,2006,503.4,
33,Trekkbiler,2,Diesel,Kjorelengde,Kjørelengde (mill. km),2007,2007,581.4,
33,Trekkbiler,2,Diesel,Kjorelengde,Kjørelengde (mill. km),2008,2008,606.6,
33,Trekkbiler,2,Diesel,Kjorelengde,Kjørelengde (mill. km),2009,2009,553.4,
33,Trekkbiler,2,Diesel,Kjorelengde,Kjørelengde (mill. km),2010,2010,527.9,
33,Trekkbiler,2,Diesel,Kjorelengde,Kjørelengde (mill. km),2011,2011,560.3,
33,Trekkbiler,2,Diesel,Kjorelengde,Kjørelengde (mill. km),2012,2012,587.3,
33,Trekkbiler,2,Diesel,Kjorelengde,Kjørelengde (mill. km),2013,2013,593.6,
33,Trekkbiler,2,Diesel,Kjorelengde,Kjørelengde (mill. km),2014,2014,617.0,
33,Trekkbiler,2,Diesel,Kjorelengde,Kjørelengde (mill. km),2015,2015,634.1,
33,Trekkbiler,2,Diesel,Kjorelengde,Kjørelengde (mill. km),2016,2016,642.2,
33,Trekkbiler,2,Diesel,Kjorelengde,Kjørelengde (mill. km),2017,2017,653.2,
33,Trekkbiler,2,Diesel,Kjorelengde,Kjørelengde (mill. km),2018,2018,680.9,
33,Trekkbiler,2,Diesel,Kjorelengde,Kjørelengde (mill. km),2019,2019,692.6,
33,Trekkbiler,2,Diesel,Kjorelengde,Kjørelengde (mill. km),2020,2020,666.8,
33,Trekkbiler,2,Diesel,Kjorelengde,Kjørelengde (mill. km),2021,2021,699.6,
33,Trekkbiler,2,Diesel,Kjorelengde,Kjørelengde (mill. km),2022,2022,712.3,
33,Trekkbiler,2,Diesel,Kjorelengde,Kjørelengde (mill. km),2023,2023,700.6,
33,Trekkbiler,2,Diesel,Kjorelengde,Kjørelengde (mill. km),2024,2024,694.7,
33,Trekkbiler,2,Diesel,Kjorelengde,Kjørelengde (mill. km),2025,2025,674.3,
33,Trekkbiler,2,Diesel,GjsnittKjorelengde,Gjennomsnittlig kjørelengde per kjøretøy (km),2005,2005,71909.0,
33,Trekkbiler,2,Diesel,GjsnittKjorelengde,Gjennomsnittlig kjørelengde per kjøretøy (km),2006,2006,72888.0,
33,Trekkbiler,2,Diesel,GjsnittKjorelengde,Gjennomsnittlig kjørelengde per kjøretøy (km),2007,2007,74801.0,
33,Trekkbiler,2,Diesel,GjsnittKjorelengde,Gjennomsnittlig kjørelengde per kjøretøy (km),2008,2008,71782.0,
33,Trekkbiler,2,Diesel,GjsnittKjorelengde,Gjennomsnittlig kjørelengde per kjøretøy (km),2009,2009,67890.0,
33,Trekkbiler,2,Diesel,GjsnittKjorelengde,Gjennomsnittlig kjørelengde per kjøretøy (km),2010,2010,65842.0,
33,Trekkbiler,2,Diesel,GjsnittKjorelengde,Gjennomsnittlig kjørelengde per kjøretøy (km),2011,2011,67308.0,
33,Trekkbiler,2,Diesel,GjsnittKjorelengde,Gjennomsnittlig kjørelengde per kjøretøy (km),2012,2012,67071.0,
33,Trekkbiler,2,Diesel,GjsnittKjorelengde,Gjennomsnittlig kjørelengde per kjøretøy (km),2013,2013,64700.0,
33,Trekkbiler,2,Diesel,GjsnittKjorelengde,Gjennomsnittlig kjørelengde per kjøretøy (km),2014,2014,64014.0,
33,Trekkbiler,2,Diesel,GjsnittKjorelengde,Gjennomsnittlig kjørelengde per kjøretøy (km),2015,2015,64729.0,
33,Trekkbiler,2,Diesel,GjsnittKjorelengde,Gjennomsnittlig kjørelengde per kjøretøy (km),2016,2016,64525.0,
33,Trekkbiler,2,Diesel,GjsnittKjorelengde,Gjennomsnittlig kjørelengde per kjøretøy (km),2017,2017,64613.0,
33,Trekkbiler,2,Diesel,GjsnittKjorelengde,Gjennomsnittlig kjørelengde per kjøretøy (km),2018,2018,64233.0,
33,Trekkbiler,2,Diesel,GjsnittKjorelengde,Gjennomsnittlig kjørelengde per kjøretøy (km),2019,2019,63094.0,
33,Trekkbiler,2,Diesel,GjsnittKjorelengde,Gjennomsnittlig kjørelengde per kjøretøy (km),2020,2020,63234.0,
33,Trekkbiler,2,Diesel,GjsnittKjorelengde,Gjennomsnittlig kjørelengde per kjøretøy (km),2021,2021,65845.0,
33,Trekkbiler,2,Diesel,GjsnittKjorelengde,Gjennomsnittlig kjørelengde per kjøretøy (km),2022,2022,67311.0,
33,Trekkbiler,2,Diesel,GjsnittKjorelengde,Gjennomsnittlig kjørelengde per kjøretøy (km),2023,2023,64269.0,
33,Trekkbiler,2,Diesel,GjsnittKjorelengde,Gjennomsnittlig kjørelengde per kjøretøy (km),2024,2024,61874.0,
33,Trekkbiler,2,Diesel,GjsnittKjorelengde,Gjennomsnittlig kjørelengde per kjøretøy (km),2025,2025,62336.0,
33,Trekkbiler,18,Elektrisitet,Kjorelengde,Kjørelengde (mill. km),2005,2005,,.
33,Trekkbiler,18,Elektrisitet,Kjorelengde,Kjørelengde (mill. km),2006,2006,,.
33,Trekkbiler,18,Elektrisitet,Kjorelengde,Kjørelengde (mill. km),2007,2007,,.
33,Trekkbiler,18,Elektrisitet,Kjorelengde,Kjørelengde (mill. km),2008,2008,,.
33,Trekkbiler,18,Elektrisitet,Kjorelengde,Kjørelengde (mill. km),2009,2009,,.
33,Trekkbiler,18,Elektrisitet,Kjorelengde,Kjørelengde (mill. km),2010,2010,,.
33,Trekkbiler,18,Elektrisitet,Kjorelengde,Kjørelengde (mill. km),2011,2011,,.
33,Trekkbiler,18,Elektrisitet,Kjorelengde,Kjørelengde (mill. km),2012,2012,,.
33,Trekkbiler,18,Elektrisitet,Kjorelengde,Kjørelengde (mill. km),2013,2013,,.
33,Trekkbiler,18,Elektrisitet,Kjorelengde,Kjørelengde (mill. km),2014,2014,,.
33,Trekkbiler,18,Elektrisitet,Kjorelengde,Kjørelengde (mill. km),2015,2015,,.
33,Trekkbiler,18,Elektrisitet,Kjorelengde,Kjørelengde (mill. km),2016,2016,,.
33,Trekkbiler,18,Elektrisitet,Kjorelengde,Kjørelengde (mill. km),2017,2017,,.
33,Trekkbiler,18,Elektrisitet,Kjorelengde,Kjørelengde (mill. km),2018,2018,,:
33,Trekkbiler,18,Elektrisitet,Kjorelengde,Kjørelengde (mill. km),2019,2019,0.3,
33,Trekkbiler,18,Elektrisitet,Kjorelengde,Kjørelengde (mill. km),2020,2020,0.0,
33,Trekkbiler,18,Elektrisitet,Kjorelengde,Kjørelengde (mill. km),2021,2021,0.0,
33,Trekkbiler,18,Elektrisitet,Kjorelengde,Kjørelengde (mill. km),2022,2022,0.2,
33,Trekkbiler,18,Elektrisitet,Kjorelengde,Kjørelengde (mill. km),2023,2023,3.3,
33,Trekkbiler,18,Elektrisitet,Kjorelengde,Kjørelengde (mill. km),2024,2024,3.4,
33,Trekkbiler,18,Elektrisitet,Kjorelengde,Kjørelengde (mill. km),2025,2025,5.8,
33,Trekkbiler,18,Elektrisitet,GjsnittKjorelengde,Gjennomsnittlig kjørelengde per kjøretøy (km),2005,2005,,.
33,Trekkbiler,18,Elektrisitet,GjsnittKjorelengde,Gjennomsnittlig kjørelengde per kjøretøy (km),2006,2006,,.
33,Trekkbiler,18,Elektrisitet,GjsnittKjorelengde,Gjennomsnittlig kjørelengde per kjøretøy (km),2007,2007,,.
33,Trekkbiler,18,Elektrisitet,GjsnittKjorelengde,Gjennomsnittlig kjørelengde per kjøretøy (km),2008,2008,,.
33,Trekkbiler,18,Elektrisitet,GjsnittKjorelengde,Gjennomsnittlig kjørelengde per kjøretøy (km),2009,2009,,.
33,Trekkbiler,18,Elektrisitet,GjsnittKjorelengde,Gjennomsnittlig kjørelengde per kjøretøy (km),2010,2010,,.
33,Trekkbiler,18,Elektrisitet,GjsnittKjorelengde,Gjennomsnittlig kjørelengde per kjøretøy (km),2011,2011,,.
33,Trekkbiler,18,Elektrisitet,GjsnittKjorelengde,Gjennomsnittlig kjørelengde per kjøretøy (km),2012,2012,,.
33,Trekkbiler,18,Elektrisitet,GjsnittKjorelengde,Gjennomsnittlig kjørelengde per kjøretøy (km),2013,2013,,.
33,Trekkbiler,18,Elektrisitet,GjsnittKjorelengde,Gjennomsnittlig kjørelengde per kjøretøy (km),2014,2014,,.
33,Trekkbiler,18,Elektrisitet,GjsnittKjorelengde,Gjennomsnittlig kjørelengde per kjøretøy (km),2015,2015,,.
33,Trekkbiler,18,Elektrisitet,GjsnittKjorelengde,Gjennomsnittlig kjørelengde per kjøretøy (km),2016,2016,,.
33,Trekkbiler,18,Elektrisitet,GjsnittKjorelengde,Gjennomsnittlig kjørelengde per kjøretøy (km),2017,2017,,.
33,Trekkbiler,18,Elektrisitet,GjsnittKjorelengde,Gjennomsnittlig kjørelengde per kjøretøy (km),2018,2018,,:
33,Trekkbiler,18,Elektrisitet,GjsnittKjorelengde,Gjennomsnittlig kjørelengde per kjøretøy (km),2019,2019,95754.0,
33,Trekkbiler,18,Elektrisitet,GjsnittKjorelengde,Gjennomsnittlig kjørelengde per kjøretøy (km),2020,2020,10004.0,
33,Trekkbiler,18,Elektrisitet,GjsnittKjorelengde,Gjennomsnittlig kjørelengde per kjøretøy (km),2021,2021,9757.0,
33,Trekkbiler,18,Elektrisitet,GjsnittKjorelengde,Gjennomsnittlig kjørelengde per kjøretøy (km),2022,2022,35394.0,
33,Trekkbiler,18,Elektrisitet,GjsnittKjorelengde,Gjennomsnittlig kjørelengde per kjøretøy (km),2023,2023,51082.0,
33,Trekkbiler,18,Elektrisitet,GjsnittKjorelengde,Gjennomsnittlig kjørelengde per kjøretøy (km),2024,2024,30679.0,
33,Trekkbiler,18,Elektrisitet,GjsnittKjorelengde,Gjennomsnittlig kjørelengde per kjøretøy (km),2025,2025,38550.0,
33,Trekkbiler,14,"Bensin hybrid, ladbar",Kjorelengde,Kjørelengde (mill. km),2005,2005,,.
33,Trekkbiler,14,"Bensin hybrid, ladbar",Kjorelengde,Kjørelengde (mill. km),2006,2006,,.
33,Trekkbiler,14,"Bensin hybrid, ladbar",Kjorelengde,Kjørelengde (mill. km),2007,2007,,.
33,Trekkbiler,14,"Bensin hybrid, ladbar",Kjorelengde,Kjørelengde (mill. km),2008,2008,,.
33,Trekkbiler,14,"Bensin hybrid, ladbar",Kjorelengde,Kjørelengde (mill. km),2009,2009,,.
33,Trekkbiler,14,"Bensin hybrid, ladbar",Kjorelengde,Kjørelengde (mill. km),2010,2010,,.
33,Trekkbiler,14,"Bensin hybrid, ladbar",Kjorelengde,Kjørelengde (mill. km),2011,2011,,.
33,Trekkbiler,14,"Bensin hybrid, ladbar",Kjorelengde,Kjørelengde (mill. km),2012,2012,,.
33,Trekkbiler,14,"Bensin hybrid, ladbar",Kjorelengde,Kjørelengde (mill. km),2013,2013,,.
33,Trekkbiler,14,"Bensin hybrid, ladbar",Kjorelengde,Kjørelengde (mill. km),2014,2014,,.
33,Trekkbiler,14,"Bensin hybrid, ladbar",Kjorelengde,Kjørelengde (mill. km),2015,2015,,.
33,Trekkbiler,14,"Bensin hybrid, ladbar",Kjorelengde,Kjørelengde (mill. km),2016,2016,,.
33,Trekkbiler,14,"Bensin hybrid, ladbar",Kjorelengde,Kjørelengde (mill. km),2017,2017,,.
33,Trekkbiler,14,"Bensin hybrid, ladbar",Kjorelengde,Kjørelengde (mill. km),2018,2018,,.
33,Trekkbiler,14,"Bensin hybrid, ladbar",Kjorelengde,Kjørelengde (mill. km),2019,2019,,.
33,Trekkbiler,14,"Bensin hybrid, ladbar",Kjorelengde,Kjørelengde (mill. km),2020,2020,,.
33,Trekkbiler,14,"Bensin hybrid, ladbar",Kjorelengde,Kjørelengde (mill. km),2021,2021,,.
33,Trekkbiler,14,"Bensin hybrid, ladbar",Kjorelengde,Kjørelengde (mill. km),2022,2022,,.
33,Trekkbiler,14,"Bensin hybrid, ladbar",Kjorelengde,Kjørelengde (mill. km),2023,2023,,.
33,Trekkbiler,14,"Bensin hybrid, ladbar",Kjorelengde,Kjørelengde (mill. km),2024,2024,,.
33,Trekkbiler,14,"Bensin hybrid, ladbar",Kjorelengde,Kjørelengde (mill. km),2025,2025,,.
33,Trekkbiler,14,"Bensin hybrid, ladbar",GjsnittKjorelengde,Gjennomsnittlig kjørelengde per kjøretøy (km),2005,2005,,.
33,Trekkbiler,14,"Bensin hybrid, ladbar",GjsnittKjorelengde,Gjennomsnittlig kjørelengde per kjøretøy (km),2006,2006,,.
33,Trekkbiler,14,"Bensin hybrid, ladbar",GjsnittKjorelengde,Gjennomsnittlig kjørelengde per kjøretøy (km),2007,2007,,.
33,Trekkbiler,14,"Bensin hybrid, ladbar",GjsnittKjorelengde,Gjennomsnittlig kjørelengde per kjøretøy (km),2008,2008,,.
33,Trekkbiler,14,"Bensin hybrid, ladbar",GjsnittKjorelengde,Gjennomsnittlig kjørelengde per kjøretøy (km),2009,2009,,.
33,Trekkbiler,14,"Bensin hybrid, ladbar",GjsnittKjorelengde,Gjennomsnittlig kjørelengde per kjøretøy (km),2010,2010,,.
33,Trekkbiler,14,"Bensin hybrid, ladbar",GjsnittKjorelengde,Gjennomsnittlig kjørelengde per kjøretøy (km),2011,2011,,.
33,Trekkbiler,14,"Bensin hybrid, ladbar",GjsnittKjorelengde,Gjennomsnittlig kjørelengde per kjøretøy (km),2012,2012,,.
33,Trekkbiler,14,"Bensin hybrid, ladbar",GjsnittKjorelengde,Gjennomsnittlig kjørelengde per kjøretøy (km),2013,2013,,.
33,Trekkbiler,14,"Bensin hybrid, ladbar",GjsnittKjorelengde,Gjennomsnittlig kjørelengde per kjøretøy (km),2014,2014,,.
33,Trekkbiler,14,"Bensin hybrid, ladbar",GjsnittKjorelengde,Gjennomsnittlig kjørelengde per kjøretøy (km),2015,2015,,.
33,Trekkbiler,14,"Bensin hybrid, ladbar",GjsnittKjorelengde,Gjennomsnittlig kjørelengde per kjøretøy (km),2016,2016,,.
33,Trekkbiler,14,"Bensin hybrid, ladbar",GjsnittKjorelengde,Gjennomsnittlig kjørelengde per kjøretøy (km),2017,2017,,.
33,Trekkbiler,14,"Bensin hybrid, ladbar",GjsnittKjorelengde,Gjennomsnittlig kjørelengde per kjøretøy (km),2018,2018,,.
33,Trekkbiler,14,"Bensin hybrid, ladbar",GjsnittKjorelengde,Gjennomsnittlig kjørelengde per kjøretøy (km),2019,2019,,.
33,Trekkbiler,14,"Bensin hybrid, ladbar",GjsnittKjorelengde,Gjennomsnittlig kjørelengde per kjøretøy (km),2020,2020,,.
33,Trekkbiler,14,"Bensin hybrid, ladbar",GjsnittKjorelengde,Gjennomsnittlig kjørelengde per kjøretøy (km),2021,2021,,.
33,Trekkbiler,14,"Bensin hybrid, ladbar",GjsnittKjorelengde,Gjennomsnittlig kjørelengde per kjøretøy (km),2022,2022,,.
33,Trekkbiler,14,"Bensin hybrid, ladbar",GjsnittKjorelengde,Gjennomsnittlig kjørelengde per kjøretøy (km),2023,2023,,.
33,Trekkbiler,14,"Bensin hybrid, ladbar",GjsnittKjorelengde,Gjennomsnittlig kjørelengde per kjøretøy (km),2024,2024,,.
33,Trekkbiler,14,"Bensin hybrid, ladbar",GjsnittKjorelengde,Gjennomsnittlig kjørelengde per kjøretøy (km),2025,2025,,.
33,Trekkbiler,15,"Bensin hybrid, ikke ladbar",Kjorelengde,Kjørelengde (mill. km),2005,2005,,.
33,Trekkbiler,15,"Bensin hybrid, ikke ladbar",Kjorelengde,Kjørelengde (mill. km),2006,2006,,.
33,Trekkbiler,15,"Bensin hybrid, ikke ladbar",Kjorelengde,Kjørelengde (mill. km),2007,2007,,.
33,Trekkbiler,15,"Bensin hybrid, ikke ladbar",Kjorelengde,Kjørelengde (mill. km),2008,2008,,.
33,Trekkbiler,15,"Bensin hybrid, ikke ladbar",Kjorelengde,Kjørelengde (mill. km),2009,2009,,.
33,Trekkbiler,15,"Bensin hybrid, ikke ladbar",Kjorelengde,Kjørelengde (mill. km),2010,2010,,.
33,Trekkbiler,15,"Bensin hybrid, ikke ladbar",Kjorelengde,Kjørelengde (mill. km),2011,2011,,.
33,Trekkbiler,15,"Bensin hybrid, ikke ladbar",Kjorelengde,Kjørelengde (mill. km),2012,2012,,.
33,Trekkbiler,15,"Bensin hybrid, ikke ladbar",Kjorelengde,Kjørelengde (mill. km),2013,2013,,.
33,Trekkbiler,15,"Bensin hybrid, ikke ladbar",Kjorelengde,Kjørelengde (mill. km),2014,2014,,.
33,Trekkbiler,15,"Bensin hybrid, ikke ladbar",Kjorelengde,Kjørelengde (mill. km),2015,2015,,.
33,Trekkbiler,15,"Bensin hybrid, ikke ladbar",Kjorelengde,Kjørelengde (mill. km),2016,2016,,.
33,Trekkbiler,15,"Bensin hybrid, ikke ladbar",Kjorelengde,Kjørelengde (mill. km),2017,2017,,.
33,Trekkbiler,15,"Bensin hybrid, ikke ladbar",Kjorelengde,Kjørelengde (mill. km),2018,2018,,.
33,Trekkbiler,15,"Bensin hybrid, ikke ladbar",Kjorelengde,Kjørelengde (mill. km),2019,2019,,.
33,Trekkbiler,15,"Bensin hybrid, ikke ladbar",Kjorelengde,Kjørelengde (mill. km),2020,2020,,.
33,Trekkbiler,15,"Bensin hybrid, ikke ladbar",Kjorelengde,Kjørelengde (mill. km),2021,2021,,.
33,Trekkbiler,15,"Bensin hybrid, ikke ladbar",Kjorelengde,Kjørelengde (mill. km),2022,2022,,.
33,Trekkbiler,15,"Bensin hybrid, ikke ladbar",Kjorelengde,Kjørelengde (mill. km),2023,2023,,.
33,Trekkbiler,15,"Bensin hybrid, ikke ladbar",Kjorelengde,Kjørelengde (mill. km),2024,2024,,.
33,Trekkbiler,15,"Bensin hybrid, ikke ladbar",Kjorelengde,Kjørelengde (mill. km),2025,2025,,.
33,Trekkbiler,15,"Bensin hybrid, ikke ladbar",GjsnittKjorelengde,Gjennomsnittlig kjørelengde per kjøretøy (km),2005,2005,,.
33,Trekkbiler,15,"Bensin hybrid, ikke ladbar",GjsnittKjorelengde,Gjennomsnittlig kjørelengde per kjøretøy (km),2006,2006,,.
33,Trekkbiler,15,"Bensin hybrid, ikke ladbar",GjsnittKjorelengde,Gjennomsnittlig kjørelengde per kjøretøy (km),2007,2007,,.
33,Trekkbiler,15,"Bensin hybrid, ikke ladbar",GjsnittKjorelengde,Gjennomsnittlig kjørelengde per kjøretøy (km),2008,2008,,.
33,Trekkbiler,15,"Bensin hybrid, ikke ladbar",GjsnittKjorelengde,Gjennomsnittlig kjørelengde per kjøretøy (km),2009,2009,,.
33,Trekkbiler,15,"Bensin hybrid, ikke ladbar",GjsnittKjorelengde,Gjennomsnittlig kjørelengde per kjøretøy (km),2010,2010,,.
33,Trekkbiler,15,"Bensin hybrid, ikke ladbar",GjsnittKjorelengde,Gjennomsnittlig kjørelengde per kjøretøy (km),2011,2011,,.
33,Trekkbiler,15,"Bensin hybrid, ikke ladbar",GjsnittKjorelengde,Gjennomsnittlig kjørelengde per kjøretøy (km),2012,2012,,.
33,Trekkbiler,15,"Bensin hybrid, ikke ladbar",GjsnittKjorelengde,Gjennomsnittlig kjørelengde per kjøretøy (km),2013,2013,,.
33,Trekkbiler,15,"Bensin hybrid, ikke ladbar",GjsnittKjorelengde,Gjennomsnittlig kjørelengde per kjøretøy (km),2014,2014,,.
33,Trekkbiler,15,"Bensin hybrid, ikke ladbar",GjsnittKjorelengde,Gjennomsnittlig kjørelengde per kjøretøy (km),2015,2015,,.
33,Trekkbiler,15,"Bensin hybrid, ikke ladbar",GjsnittKjorelengde,Gjennomsnittlig kjørelengde per kjøretøy (km),2016,2016,,.
33,Trekkbiler,15,"Bensin hybrid, ikke ladbar",GjsnittKjorelengde,Gjennomsnittlig kjørelengde per kjøretøy (km),2017,2017,,.
33,Trekkbiler,15,"Bensin hybrid, ikke ladbar",GjsnittKjorelengde,Gjennomsnittlig kjørelengde per kjøretøy (km),2018,2018,,.
33,Trekkbiler,15,"Bensin hybrid, ikke ladbar",GjsnittKjorelengde,Gjennomsnittlig kjørelengde per kjøretøy (km),2019,2019,,.
33,Trekkbiler,15,"Bensin hybrid, ikke ladbar",GjsnittKjorelengde,Gjennomsnittlig kjørelengde per kjøretøy (km),2020,2020,,.
33,Trekkbiler,15,"Bensin hybrid, ikke ladbar",GjsnittKjorelengde,Gjennomsnittlig kjørelengde per kjøretøy (km),2021,2021,,.
33,Trekkbiler,15,"Bensin hybrid, ikke ladbar",GjsnittKjorelengde,Gjennomsnittlig kjørelengde per kjøretøy (km),2022,2022,,.
33,Trekkbiler,15,"Bensin hybrid, ikke ladbar",GjsnittKjorelengde,Gjennomsnittlig kjørelengde per kjøretøy (km),2023,2023,,.
33,Trekkbiler,15,"Bensin hybrid, ikke ladbar",GjsnittKjorelengde,Gjennomsnittlig kjørelengde per kjøretøy (km),2024,2024,,.
33,Trekkbiler,15,"Bensin hybrid, ikke ladbar",GjsnittKjorelengde,Gjennomsnittlig kjørelengde per kjøretøy (km),2025,2025,,.
33,Trekkbiler,16,"Diesel hybrid, ladbar",Kjorelengde,Kjørelengde (mill. km),2005,2005,,.
33,Trekkbiler,16,"Diesel hybrid, ladbar",Kjorelengde,Kjørelengde (mill. km),2006,2006,,.
33,Trekkbiler,16,"Diesel hybrid, ladbar",Kjorelengde,Kjørelengde (mill. km),2007,2007,,.
33,Trekkbiler,16,"Diesel hybrid, ladbar",Kjorelengde,Kjørelengde (mill. km),2008,2008,,.
33,Trekkbiler,16,"Diesel hybrid, ladbar",Kjorelengde,Kjørelengde (mill. km),2009,2009,,.
33,Trekkbiler,16,"Diesel hybrid, ladbar",Kjorelengde,Kjørelengde (mill. km),2010,2010,,.
33,Trekkbiler,16,"Diesel hybrid, ladbar",Kjorelengde,Kjørelengde (mill. km),2011,2011,,.
33,Trekkbiler,16,"Diesel hybrid, ladbar",Kjorelengde,Kjørelengde (mill. km),2012,2012,,.
33,Trekkbiler,16,"Diesel hybrid, ladbar",Kjorelengde,Kjørelengde (mill. km),2013,2013,,.
33,Trekkbiler,16,"Diesel hybrid, ladbar",Kjorelengde,Kjørelengde (mill. km),2014,2014,,.
33,Trekkbiler,16,"Diesel hybrid, ladbar",Kjorelengde,Kjørelengde (mill. km),2015,2015,,.
33,Trekkbiler,16,"Diesel hybrid, ladbar",Kjorelengde,Kjørelengde (mill. km),2016,2016,,.
33,Trekkbiler,16,"Diesel hybrid, ladbar",Kjorelengde,Kjørelengde (mill. km),2017,2017,,.
33,Trekkbiler,16,"Diesel hybrid, ladbar",Kjorelengde,Kjørelengde (mill. km),2018,2018,,.
33,Trekkbiler,16,"Diesel hybrid, ladbar",Kjorelengde,Kjørelengde (mill. km),2019,2019,,.
33,Trekkbiler,16,"Diesel hybrid, ladbar",Kjorelengde,Kjørelengde (mill. km),2020,2020,,.
33,Trekkbiler,16,"Diesel hybrid, ladbar",Kjorelengde,Kjørelengde (mill. km),2021,2021,,.
33,Trekkbiler,16,"Diesel hybrid, ladbar",Kjorelengde,Kjørelengde (mill. km),2022,2022,,.
33,Trekkbiler,16,"Diesel hybrid, ladbar",Kjorelengde,Kjørelengde (mill. km),2023,2023,,.
33,Trekkbiler,16,"Diesel hybrid, ladbar",Kjorelengde,Kjørelengde (mill. km),2024,2024,,.
33,Trekkbiler,16,"Diesel hybrid, ladbar",Kjorelengde,Kjørelengde (mill. km),2025,2025,,.
33,Trekkbiler,16,"Diesel hybrid, ladbar",GjsnittKjorelengde,Gjennomsnittlig kjørelengde per kjøretøy (km),2005,2005,,.
33,Trekkbiler,16,"Diesel hybrid, ladbar",GjsnittKjorelengde,Gjennomsnittlig kjørelengde per kjøretøy (km),2006,2006,,.
33,Trekkbiler,16,"Diesel hybrid, ladbar",GjsnittKjorelengde,Gjennomsnittlig kjørelengde per kjøretøy (km),2007,2007,,.
33,Trekkbiler,16,"Diesel hybrid, ladbar",GjsnittKjorelengde,Gjennomsnittlig kjørelengde per kjøretøy (km),2008,2008,,.
33,Trekkbiler,16,"Diesel hybrid, ladbar",GjsnittKjorelengde,Gjennomsnittlig kjørelengde per kjøretøy (km),2009,2009,,.
33,Trekkbiler,16,"Diesel hybrid, ladbar",GjsnittKjorelengde,Gjennomsnittlig kjørelengde per kjøretøy (km),2010,2010,,.
33,Trekkbiler,16,"Diesel hybrid, ladbar",GjsnittKjorelengde,Gjennomsnittlig kjørelengde per kjøretøy (km),2011,2011,,.
33,Trekkbiler,16,"Diesel hybrid, ladbar",GjsnittKjorelengde,Gjennomsnittlig kjørelengde per kjøretøy (km),2012,2012,,.
33,Trekkbiler,16,"Diesel hybrid, ladbar",GjsnittKjorelengde,Gjennomsnittlig kjørelengde per kjøretøy (km),2013,2013,,.
33,Trekkbiler,16,"Diesel hybrid, ladbar",GjsnittKjorelengde,Gjennomsnittlig kjørelengde per kjøretøy (km),2014,2014,,.
33,Trekkbiler,16,"Diesel hybrid, ladbar",GjsnittKjorelengde,Gjennomsnittlig kjørelengde per kjøretøy (km),2015,2015,,.
33,Trekkbiler,16,"Diesel hybrid, ladbar",GjsnittKjorelengde,Gjennomsnittlig kjørelengde per kjøretøy (km),2016,2016,,.
33,Trekkbiler,16,"Diesel hybrid, ladbar",GjsnittKjorelengde,Gjennomsnittlig kjørelengde per kjøretøy (km),2017,2017,,.
33,Trekkbiler,16,"Diesel hybrid, ladbar",GjsnittKjorelengde,Gjennomsnittlig kjørelengde per kjøretøy (km),2018,2018,,.
33,Trekkbiler,16,"Diesel hybrid, ladbar",GjsnittKjorelengde,Gjennomsnittlig kjørelengde per kjøretøy (km),2019,2019,,.
33,Trekkbiler,16,"Diesel hybrid, ladbar",GjsnittKjorelengde,Gjennomsnittlig kjørelengde per kjøretøy (km),2020,2020,,.
33,Trekkbiler,16,"Diesel hybrid, ladbar",GjsnittKjorelengde,Gjennomsnittlig kjørelengde per kjøretøy (km),2021,2021,,.
33,Trekkbiler,16,"Diesel hybrid, ladbar",GjsnittKjorelengde,Gjennomsnittlig kjørelengde per kjøretøy (km),2022,2022,,.
33,Trekkbiler,16,"Diesel hybrid, ladbar",GjsnittKjorelengde,Gjennomsnittlig kjørelengde per kjøretøy (km),2023,2023,,.
33,Trekkbiler,16,"Diesel hybrid, ladbar",GjsnittKjorelengde,Gjennomsnittlig kjørelengde per kjøretøy (km),2024,2024,,.
33,Trekkbiler,16,"Diesel hybrid, ladbar",GjsnittKjorelengde,Gjennomsnittlig kjørelengde per kjøretøy (km),2025,2025,,.
33,Trekkbiler,17,"Diesel hybrid, ikke ladbar",Kjorelengde,Kjørelengde (mill. km),2005,2005,,.
33,Trekkbiler,17,"Diesel hybrid, ikke ladbar",Kjorelengde,Kjørelengde (mill. km),2006,2006,,.
33,Trekkbiler,17,"Diesel hybrid, ikke ladbar",Kjorelengde,Kjørelengde (mill. km),2007,2007,,.
33,Trekkbiler,17,"Diesel hybrid, ikke ladbar",Kjorelengde,Kjørelengde (mill. km),2008,2008,,.
33,Trekkbiler,17,"Diesel hybrid, ikke ladbar",Kjorelengde,Kjørelengde (mill. km),2009,2009,,.
33,Trekkbiler,17,"Diesel hybrid, ikke ladbar",Kjorelengde,Kjørelengde (mill. km),2010,2010,,.
33,Trekkbiler,17,"Diesel hybrid, ikke ladbar",Kjorelengde,Kjørelengde (mill. km),2011,2011,,.
33,Trekkbiler,17,"Diesel hybrid, ikke ladbar",Kjorelengde,Kjørelengde (mill. km),2012,2012,,.
33,Trekkbiler,17,"Diesel hybrid, ikke ladbar",Kjorelengde,Kjørelengde (mill. km),2013,2013,,.
33,Trekkbiler,17,"Diesel hybrid, ikke ladbar",Kjorelengde,Kjørelengde (mill. km),2014,2014,,.
33,Trekkbiler,17,"Diesel hybrid, ikke ladbar",Kjorelengde,Kjørelengde (mill. km),2015,2015,,.
33,Trekkbiler,17,"Diesel hybrid, ikke ladbar",Kjorelengde,Kjørelengde (mill. km),2016,2016,,.
33,Trekkbiler,17,"Diesel hybrid, ikke ladbar",Kjorelengde,Kjørelengde (mill. km),2017,2017,,.
33,Trekkbiler,17,"Diesel hybrid, ikke ladbar",Kjorelengde,Kjørelengde (mill. km),2018,2018,,:
33,Trekkbiler,17,"Diesel hybrid, ikke ladbar",Kjorelengde,Kjørelengde (mill. km),2019,2019,,:
33,Trekkbiler,17,"Diesel hybrid, ikke ladbar",Kjorelengde,Kjørelengde (mill. km),2020,2020,,.
33,Trekkbiler,17,"Diesel hybrid, ikke ladbar",Kjorelengde,Kjørelengde (mill. km),2021,2021,,.
33,Trekkbiler,17,"Diesel hybrid, ikke ladbar",Kjorelengde,Kjørelengde (mill. km),2022,2022,,.
33,Trekkbiler,17,"Diesel hybrid, ikke ladbar",Kjorelengde,Kjørelengde (mill. km),2023,2023,,.
33,Trekkbiler,17,"Diesel hybrid, ikke ladbar",Kjorelengde,Kjørelengde (mill. km),2024,2024,,.
33,Trekkbiler,17,"Diesel hybrid, ikke ladbar",Kjorelengde,Kjørelengde (mill. km),2025,2025,,.
33,Trekkbiler,17,"Diesel hybrid, ikke ladbar",GjsnittKjorelengde,Gjennomsnittlig kjørelengde per kjøretøy (km),2005,2005,,.
33,Trekkbiler,17,"Diesel hybrid, ikke ladbar",GjsnittKjorelengde,Gjennomsnittlig kjørelengde per kjøretøy (km),2006,2006,,.
33,Trekkbiler,17,"Diesel hybrid, ikke ladbar",GjsnittKjorelengde,Gjennomsnittlig kjørelengde per kjøretøy (km),2007,2007,,.
33,Trekkbiler,17,"Diesel hybrid, ikke ladbar",GjsnittKjorelengde,Gjennomsnittlig kjørelengde per kjøretøy (km),2008,2008,,.
33,Trekkbiler,17,"Diesel hybrid, ikke ladbar",GjsnittKjorelengde,Gjennomsnittlig kjørelengde per kjøretøy (km),2009,2009,,.
33,Trekkbiler,17,"Diesel hybrid, ikke ladbar",GjsnittKjorelengde,Gjennomsnittlig kjørelengde per kjøretøy (km),2010,2010,,.
33,Trekkbiler,17,"Diesel hybrid, ikke ladbar",GjsnittKjorelengde,Gjennomsnittlig kjørelengde per kjøretøy (km),2011,2011,,.
33,Trekkbiler,17,"Diesel hybrid, ikke ladbar",GjsnittKjorelengde,Gjennomsnittlig kjørelengde per kjøretøy (km),2012,2012,,.
33,Trekkbiler,17,"Diesel hybrid, ikke ladbar",GjsnittKjorelengde,Gjennomsnittlig kjørelengde per kjøretøy (km),2013,2013,,.
33,Trekkbiler,17,"Diesel hybrid, ikke ladbar",GjsnittKjorelengde,Gjennomsnittlig kjørelengde per kjøretøy (km),2014,2014,,.
33,Trekkbiler,17,"Diesel hybrid, ikke ladbar",GjsnittKjorelengde,Gjennomsnittlig kjørelengde per kjøretøy (km),2015,2015,,.
33,Trekkbiler,17,"Diesel hybrid, ikke ladbar",GjsnittKjorelengde,Gjennomsnittlig kjørelengde per kjøretøy (km),2016,2016,,.
33,Trekkbiler,17,"Diesel hybrid, ikke ladbar",GjsnittKjorelengde,Gjennomsnittlig kjørelengde per kjøretøy (km),2017,2017,,.
33,Trekkbiler,17,"Diesel hybrid, ikke ladbar",GjsnittKjorelengde,Gjennomsnittlig kjørelengde per kjøretøy (km),2018,2018,,:
33,Trekkbiler,17,"Diesel hybrid, ikke ladbar",GjsnittKjorelengde,Gjennomsnittlig kjørelengde per kjøretøy (km),2019,2019,,:
33,Trekkbiler,17,"Diesel hybrid, ikke ladbar",GjsnittKjorelengde,Gjennomsnittlig kjørelengde per kjøretøy (km),2020,2020,,.
33,Trekkbiler,17,"Diesel hybrid, ikke ladbar",GjsnittKjorelengde,Gjennomsnittlig kjørelengde per kjøretøy (km),2021,2021,,.
33,Trekkbiler,17,"Diesel hybrid, ikke ladbar",GjsnittKjorelengde,Gjennomsnittlig kjørelengde per kjøretøy (km),2022,2022,,.
33,Trekkbiler,17,"Diesel hybrid, ikke ladbar",GjsnittKjorelengde,Gjennomsnittlig kjørelengde per kjøretøy (km),2023,2023,,.
33,Trekkbiler,17,"Diesel hybrid, ikke ladbar",GjsnittKjorelengde,Gjennomsnittlig kjørelengde per kjøretøy (km),2024,2024,,.
33,Trekkbiler,17,"Diesel hybrid, ikke ladbar",GjsnittKjorelengde,Gjennomsnittlig kjørelengde per kjøretøy (km),2025,2025,,.
33,Trekkbiler,3,Parafin,Kjorelengde,Kjørelengde (mill. km),2005,2005,,.
33,Trekkbiler,3,Parafin,Kjorelengde,Kjørelengde (mill. km),2006,2006,,.
33,Trekkbiler,3,Parafin,Kjorelengde,Kjørelengde (mill. km),2007,2007,,.
33,Trekkbiler,3,Parafin,Kjorelengde,Kjørelengde (mill. km),2008,2008,,.
33,Trekkbiler,3,Parafin,Kjorelengde,Kjørelengde (mill. km),2009,2009,,.
33,Trekkbiler,3,Parafin,Kjorelengde,Kjørelengde (mill. km),2010,2010,,.
33,Trekkbiler,3,Parafin,Kjorelengde,Kjørelengde (mill. km),2011,2011,,.
33,Trekkbiler,3,Parafin,Kjorelengde,Kjørelengde (mill. km),2012,2012,,.
33,Trekkbiler,3,Parafin,Kjorelengde,Kjørelengde (mill. km),2013,2013,,.
33,Trekkbiler,3,Parafin,Kjorelengde,Kjørelengde (mill. km),2014,2014,,.
33,Trekkbiler,3,Parafin,Kjorelengde,Kjørelengde (mill. km),2015,2015,,.
33,Trekkbiler,3,Parafin,Kjorelengde,Kjørelengde (mill. km),2016,2016,,:
33,Trekkbiler,3,Parafin,Kjorelengde,Kjørelengde (mill. km),2017,2017,,:
33,Trekkbiler,3,Parafin,Kjorelengde,Kjørelengde (mill. km),2018,2018,0.2,
33,Trekkbiler,3,Parafin,Kjorelengde,Kjørelengde (mill. km),2019,2019,0.2,
33,Trekkbiler,3,Parafin,Kjorelengde,Kjørelengde (mill. km),2020,2020,0.2,
33,Trekkbiler,3,Parafin,Kjorelengde,Kjørelengde (mill. km),2021,2021,0.2,
33,Trekkbiler,3,Parafin,Kjorelengde,Kjørelengde (mill. km),2022,2022,,:
33,Trekkbiler,3,Parafin,Kjorelengde,Kjørelengde (mill. km),2023,2023,,:
33,Trekkbiler,3,Parafin,Kjorelengde,Kjørelengde (mill. km),2024,2024,,:
33,Trekkbiler,3,Parafin,Kjorelengde,Kjørelengde (mill. km),2025,2025,0.1,
33,Trekkbiler,3,Parafin,GjsnittKjorelengde,Gjennomsnittlig kjørelengde per kjøretøy (km),2005,2005,,.
33,Trekkbiler,3,Parafin,GjsnittKjorelengde,Gjennomsnittlig kjørelengde per kjøretøy (km),2006,2006,,.
33,Trekkbiler,3,Parafin,GjsnittKjorelengde,Gjennomsnittlig kjørelengde per kjøretøy (km),2007,2007,,.
33,Trekkbiler,3,Parafin,GjsnittKjorelengde,Gjennomsnittlig kjørelengde per kjøretøy (km),2008,2008,,.
33,Trekkbiler,3,Parafin,GjsnittKjorelengde,Gjennomsnittlig kjørelengde per kjøretøy (km),2009,2009,,.
33,Trekkbiler,3,Parafin,GjsnittKjorelengde,Gjennomsnittlig kjørelengde per kjøretøy (km),2010,2010,,.
33,Trekkbiler,3,Parafin,GjsnittKjorelengde,Gjennomsnittlig kjørelengde per kjøretøy (km),2011,2011,,.
33,Trekkbiler,3,Parafin,GjsnittKjorelengde,Gjennomsnittlig kjørelengde per kjøretøy (km),2012,2012,,.
33,Trekkbiler,3,Parafin,GjsnittKjorelengde,Gjennomsnittlig kjørelengde per kjøretøy (km),2013,2013,,.
33,Trekkbiler,3,Parafin,GjsnittKjorelengde,Gjennomsnittlig kjørelengde per kjøretøy (km),2014,2014,,.
33,Trekkbiler,3,Parafin,GjsnittKjorelengde,Gjennomsnittlig kjørelengde per kjøretøy (km),2015,2015,,.
33,Trekkbiler,3,Parafin,GjsnittKjorelengde,Gjennomsnittlig kjørelengde per kjøretøy (km),2016,2016,,:
33,Trekkbiler,3,Parafin,GjsnittKjorelengde,Gjennomsnittlig kjørelengde per kjøretøy (km),2017,2017,,:
33,Trekkbiler,3,Parafin,GjsnittKjorelengde,Gjennomsnittlig kjørelengde per kjøretøy (km),2018,2018,56369.0,
33,Trekkbiler,3,Parafin,GjsnittKjorelengde,Gjennomsnittlig kjørelengde per kjøretøy (km),2019,2019,65620.0,
33,Trekkbiler,3,Parafin,GjsnittKjorelengde,Gjennomsnittlig kjørelengde per kjøretøy (km),2020,2020,54531.0,
33,Trekkbiler,3,Parafin,GjsnittKjorelengde,Gjennomsnittlig kjørelengde per kjøretøy (km),2021,2021,54667.0,
33,Trekkbiler,3,Parafin,GjsnittKjorelengde,Gjennomsnittlig kjørelengde per kjøretøy (km),2022,2022,,:
33,Trekkbiler,3,Parafin,GjsnittKjorelengde,Gjennomsnittlig kjørelengde per kjøretøy (km),2023,2023,,:
33,Trekkbiler,3,Parafin,GjsnittKjorelengde,Gjennomsnittlig kjørelengde per kjøretøy (km),2024,2024,,:
33,Trekkbiler,3,Parafin,GjsnittKjorelengde,Gjennomsnittlig kjørelengde per kjøretøy (km),2025,2025,58302.0,
33,Trekkbiler,4,Gass,Kjorelengde,Kjørelengde (mill. km),2005,2005,,.
33,Trekkbiler,4,Gass,Kjorelengde,Kjørelengde (mill. km),2006,2006,,.
33,Trekkbiler,4,Gass,Kjorelengde,Kjørelengde (mill. km),2007,2007,,.
33,Trekkbiler,4,Gass,Kjorelengde,Kjørelengde (mill. km),2008,2008,,.
33,Trekkbiler,4,Gass,Kjorelengde,Kjørelengde (mill. km),2009,2009,,.
33,Trekkbiler,4,Gass,Kjorelengde,Kjørelengde (mill. km),2010,2010,,.
33,Trekkbiler,4,Gass,Kjorelengde,Kjørelengde (mill. km),2011,2011,,.
33,Trekkbiler,4,Gass,Kjorelengde,Kjørelengde (mill. km),2012,2012,,.
33,Trekkbiler,4,Gass,Kjorelengde,Kjørelengde (mill. km),2013,2013,,.
33,Trekkbiler,4,Gass,Kjorelengde,Kjørelengde (mill. km),2014,2014,,.
33,Trekkbiler,4,Gass,Kjorelengde,Kjørelengde (mill. km),2015,2015,,.
33,Trekkbiler,4,Gass,Kjorelengde,Kjørelengde (mill. km),2016,2016,,.
33,Trekkbiler,4,Gass,Kjorelengde,Kjørelengde (mill. km),2017,2017,,.
33,Trekkbiler,4,Gass,Kjorelengde,Kjørelengde (mill. km),2018,2018,0.0,
33,Trekkbiler,4,Gass,Kjorelengde,Kjørelengde (mill. km),2019,2019,0.8,
33,Trekkbiler,4,Gass,Kjorelengde,Kjørelengde (mill. km),2020,2020,1.2,
33,Trekkbiler,4,Gass,Kjorelengde,Kjørelengde (mill. km),2021,2021,3.0,
33,Trekkbiler,4,Gass,Kjorelengde,Kjørelengde (mill. km),2022,2022,4.6,
33,Trekkbiler,4,Gass,Kjorelengde,Kjørelengde (mill. km),2023,2023,12.6,
33,Trekkbiler,4,Gass,Kjorelengde,Kjørelengde (mill. km),2024,2024,22.5,
33,Trekkbiler,4,Gass,Kjorelengde,Kjørelengde (mill. km),2025,2025,34.5,
33,Trekkbiler,4,Gass,GjsnittKjorelengde,Gjennomsnittlig kjørelengde per kjøretøy (km),2005,2005,,.
33,Trekkbiler,4,Gass,GjsnittKjorelengde,Gjennomsnittlig kjørelengde per kjøretøy (km),2006,2006,,.
33,Trekkbiler,4,Gass,GjsnittKjorelengde,Gjennomsnittlig kjørelengde per kjøretøy (km),2007,2007,,.
33,Trekkbiler,4,Gass,GjsnittKjorelengde,Gjennomsnittlig kjørelengde per kjøretøy (km),2008,2008,,.
33,Trekkbiler,4,Gass,GjsnittKjorelengde,Gjennomsnittlig kjørelengde per kjøretøy (km),2009,2009,,.
33,Trekkbiler,4,Gass,GjsnittKjorelengde,Gjennomsnittlig kjørelengde per kjøretøy (km),2010,2010,,.
33,Trekkbiler,4,Gass,GjsnittKjorelengde,Gjennomsnittlig kjørelengde per kjøretøy (km),2011,2011,,.
33,Trekkbiler,4,Gass,GjsnittKjorelengde,Gjennomsnittlig kjørelengde per kjøretøy (km),2012,2012,,.
33,Trekkbiler,4,Gass,GjsnittKjorelengde,Gjennomsnittlig kjørelengde per kjøretøy (km),2013,2013,,.
33,Trekkbiler,4,Gass,GjsnittKjorelengde,Gjennomsnittlig kjørelengde per kjøretøy (km),2014,2014,,.
33,Trekkbiler,4,Gass,GjsnittKjorelengde,Gjennomsnittlig kjørelengde per kjøretøy (km),2015,2015,,.
33,Trekkbiler,4,Gass,GjsnittKjorelengde,Gjennomsnittlig kjørelengde per kjøretøy (km),2016,2016,,.
33,Trekkbiler,4,Gass,GjsnittKjorelengde,Gjennomsnittlig kjørelengde per kjøretøy (km),2017,2017,,.
33,Trekkbiler,4,Gass,GjsnittKjorelengde,Gjennomsnittlig kjørelengde per kjøretøy (km),2018,2018,16114.0,
33,Trekkbiler,4,Gass,GjsnittKjorelengde,Gjennomsnittlig kjørelengde per kjøretøy (km),2019,2019,61832.0,
33,Trekkbiler,4,Gass,GjsnittKjorelengde,Gjennomsnittlig kjørelengde per kjøretøy (km),2020,2020,55201.0,
33,Trekkbiler,4,Gass,GjsnittKjorelengde,Gjennomsnittlig kjørelengde per kjøretøy (km),2021,2021,84640.0,
33,Trekkbiler,4,Gass,GjsnittKjorelengde,Gjennomsnittlig kjørelengde per kjøretøy (km),2022,2022,42906.0,
33,Trekkbiler,4,Gass,GjsnittKjorelengde,Gjennomsnittlig kjørelengde per kjøretøy (km),2023,2023,61132.0,
33,Trekkbiler,4,Gass,GjsnittKjorelengde,Gjennomsnittlig kjørelengde per kjøretøy (km),2024,2024,65111.0,
33,Trekkbiler,4,Gass,GjsnittKjorelengde,Gjennomsnittlig kjørelengde per kjøretøy (km),2025,2025,80693.0,
33,Trekkbiler,13,Hydrogen,Kjorelengde,Kjørelengde (mill. km),2005,2005,,.
33,Trekkbiler,13,Hydrogen,Kjorelengde,Kjørelengde (mill. km),2006,2006,,.
33,Trekkbiler,13,Hydrogen,Kjorelengde,Kjørelengde (mill. km),2007,2007,,.
33,Trekkbiler,13,Hydrogen,Kjorelengde,Kjørelengde (mill. km),2008,2008,,.
33,Trekkbiler,13,Hydrogen,Kjorelengde,Kjørelengde (mill. km),2009,2009,,.
33,Trekkbiler,13,Hydrogen,Kjorelengde,Kjørelengde (mill. km),2010,2010,,.
33,Trekkbiler,13,Hydrogen,Kjorelengde,Kjørelengde (mill. km),2011,2011,,.
33,Trekkbiler,13,Hydrogen,Kjorelengde,Kjørelengde (mill. km),2012,2012,,.
33,Trekkbiler,13,Hydrogen,Kjorelengde,Kjørelengde (mill. km),2013,2013,,.
33,Trekkbiler,13,Hydrogen,Kjorelengde,Kjørelengde (mill. km),2014,2014,,.
33,Trekkbiler,13,Hydrogen,Kjorelengde,Kjørelengde (mill. km),2015,2015,,.
33,Trekkbiler,13,Hydrogen,Kjorelengde,Kjørelengde (mill. km),2016,2016,,.
33,Trekkbiler,13,Hydrogen,Kjorelengde,Kjørelengde (mill. km),2017,2017,,.
33,Trekkbiler,13,Hydrogen,Kjorelengde,Kjørelengde (mill. km),2018,2018,,.
33,Trekkbiler,13,Hydrogen,Kjorelengde,Kjørelengde (mill. km),2019,2019,,.
33,Trekkbiler,13,Hydrogen,Kjorelengde,Kjørelengde (mill. km),2020,2020,,.
33,Trekkbiler,13,Hydrogen,Kjorelengde,Kjørelengde (mill. km),2021,2021,,.
33,Trekkbiler,13,Hydrogen,Kjorelengde,Kjørelengde (mill. km),2022,2022,,.
33,Trekkbiler,13,Hydrogen,Kjorelengde,Kjørelengde (mill. km),2023,2023,,.
33,Trekkbiler,13,Hydrogen,Kjorelengde,Kjørelengde (mill. km),2024,2024,,.
33,Trekkbiler,13,Hydrogen,Kjorelengde,Kjørelengde (mill. km),2025,2025,0.0,
33,Trekkbiler,13,Hydrogen,GjsnittKjorelengde,Gjennomsnittlig kjørelengde per kjøretøy (km),2005,2005,,.
33,Trekkbiler,13,Hydrogen,GjsnittKjorelengde,Gjennomsnittlig kjørelengde per kjøretøy (km),2006,2006,,.
33,Trekkbiler,13,Hydrogen,GjsnittKjorelengde,Gjennomsnittlig kjørelengde per kjøretøy (km),2007,2007,,.
33,Trekkbiler,13,Hydrogen,GjsnittKjorelengde,Gjennomsnittlig kjørelengde per kjøretøy (km),2008,2008,,.
33,Trekkbiler,13,Hydrogen,GjsnittKjorelengde,Gjennomsnittlig kjørelengde per kjøretøy (km),2009,2009,,.
33,Trekkbiler,13,Hydrogen,GjsnittKjorelengde,Gjennomsnittlig kjørelengde per kjøretøy (km),2010,2010,,.
33,Trekkbiler,13,Hydrogen,GjsnittKjorelengde,Gjennomsnittlig kjørelengde per kjøretøy (km),2011,2011,,.
33,Trekkbiler,13,Hydrogen,GjsnittKjorelengde,Gjennomsnittlig kjørelengde per kjøretøy (km),2012,2012,,.
33,Trekkbiler,13,Hydrogen,GjsnittKjorelengde,Gjennomsnittlig kjørelengde per kjøretøy (km),2013,2013,,.
33,Trekkbiler,13,Hydrogen,GjsnittKjorelengde,Gjennomsnittlig kjørelengde per kjøretøy (km),2014,2014,,.
33,Trekkbiler,13,Hydrogen,GjsnittKjorelengde,Gjennomsnittlig kjørelengde per kjøretøy (km),2015,2015,,.
33,Trekkbiler,13,Hydrogen,GjsnittKjorelengde,Gjennomsnittlig kjørelengde per kjøretøy (km),2016,2016,,.
33,Trekkbiler,13,Hydrogen,GjsnittKjorelengde,Gjennomsnittlig kjørelengde per kjøretøy (km),2017,2017,,.
33,Trekkbiler,13,Hydrogen,GjsnittKjorelengde,Gjennomsnittlig kjørelengde per kjøretøy (km),2018,2018,,.
33,Trekkbiler,13,Hydrogen,GjsnittKjorelengde,Gjennomsnittlig kjørelengde per kjøretøy (km),2019,2019,,.
33,Trekkbiler,13,Hydrogen,GjsnittKjorelengde,Gjennomsnittlig kjørelengde per kjøretøy (km),2020,2020,,.
33,Trekkbiler,13,Hydrogen,GjsnittKjorelengde,Gjennomsnittlig kjørelengde per kjøretøy (km),2021,2021,,.
33,Trekkbiler,13,Hydrogen,GjsnittKjorelengde,Gjennomsnittlig kjørelengde per kjøretøy (km),2022,2022,,.
33,Trekkbiler,13,Hydrogen,GjsnittKjorelengde,Gjennomsnittlig kjørelengde per kjøretøy (km),2023,2023,,.
33,Trekkbiler,13,Hydrogen,GjsnittKjorelengde,Gjennomsnittlig kjørelengde per kjøretøy (km),2024,2024,,.
33,Trekkbiler,13,Hydrogen,GjsnittKjorelengde,Gjennomsnittlig kjørelengde per kjøretøy (km),2025,2025,3662.0,
33,Trekkbiler,7,Andre drivstoff,Kjorelengde,Kjørelengde (mill. km),2005,2005,,:
33,Trekkbiler,7,Andre drivstoff,Kjorelengde,Kjørelengde (mill. km),2006,2006,,:
33,Trekkbiler,7,Andre drivstoff,Kjorelengde,Kjørelengde (mill. km),2007,2007,,:
33,Trekkbiler,7,Andre drivstoff,Kjorelengde,Kjørelengde (mill. km),2008,2008,,.
33,Trekkbiler,7,Andre drivstoff,Kjorelengde,Kjørelengde (mill. km),2009,2009,,.
33,Trekkbiler,7,Andre drivstoff,Kjorelengde,Kjørelengde (mill. km),2010,2010,,.
33,Trekkbiler,7,Andre drivstoff,Kjorelengde,Kjørelengde (mill. km),2011,2011,,.
33,Trekkbiler,7,Andre drivstoff,Kjorelengde,Kjørelengde (mill. km),2012,2012,,:
33,Trekkbiler,7,Andre drivstoff,Kjorelengde,Kjørelengde (mill. km),2013,2013,,:
33,Trekkbiler,7,Andre drivstoff,Kjorelengde,Kjørelengde (mill. km),2014,2014,,:
33,Trekkbiler,7,Andre drivstoff,Kjorelengde,Kjørelengde (mill. km),2015,2015,,:
33,Trekkbiler,7,Andre drivstoff,Kjorelengde,Kjørelengde (mill. km),2016,2016,,:
33,Trekkbiler,7,Andre drivstoff,Kjorelengde,Kjørelengde (mill. km),2017,2017,,:
33,Trekkbiler,7,Andre drivstoff,Kjorelengde,Kjørelengde (mill. km),2018,2018,,:
33,Trekkbiler,7,Andre drivstoff,Kjorelengde,Kjørelengde (mill. km),2019,2019,,:
33,Trekkbiler,7,Andre drivstoff,Kjorelengde,Kjørelengde (mill. km),2020,2020,0.2,
33,Trekkbiler,7,Andre drivstoff,Kjorelengde,Kjørelengde (mill. km),2021,2021,0.1,
33,Trekkbiler,7,Andre drivstoff,Kjorelengde,Kjørelengde (mill. km),2022,2022,0.1,
33,Trekkbiler,7,Andre drivstoff,Kjorelengde,Kjørelengde (mill. km),2023,2023,,.
33,Trekkbiler,7,Andre drivstoff,Kjorelengde,Kjørelengde (mill. km),2024,2024,,.
33,Trekkbiler,7,Andre drivstoff,Kjorelengde,Kjørelengde (mill. km),2025,2025,,.
33,Trekkbiler,7,Andre drivstoff,GjsnittKjorelengde,Gjennomsnittlig kjørelengde per kjøretøy (km),2005,2005,,:
33,Trekkbiler,7,Andre drivstoff,GjsnittKjorelengde,Gjennomsnittlig kjørelengde per kjøretøy (km),2006,2006,,:
33,Trekkbiler,7,Andre drivstoff,GjsnittKjorelengde,Gjennomsnittlig kjørelengde per kjøretøy (km),2007,2007,,:
33,Trekkbiler,7,Andre drivstoff,GjsnittKjorelengde,Gjennomsnittlig kjørelengde per kjøretøy (km),2008,2008,,.
33,Trekkbiler,7,Andre drivstoff,GjsnittKjorelengde,Gjennomsnittlig kjørelengde per kjøretøy (km),2009,2009,,.
33,Trekkbiler,7,Andre drivstoff,GjsnittKjorelengde,Gjennomsnittlig kjørelengde per kjøretøy (km),2010,2010,,.
33,Trekkbiler,7,Andre drivstoff,GjsnittKjorelengde,Gjennomsnittlig kjørelengde per kjøretøy (km),2011,2011,,.
33,Trekkbiler,7,Andre drivstoff,GjsnittKjorelengde,Gjennomsnittlig kjørelengde per kjøretøy (km),2012,2012,,:
33,Trekkbiler,7,Andre drivstoff,GjsnittKjorelengde,Gjennomsnittlig kjørelengde per kjøretøy (km),2013,2013,,:
33,Trekkbiler,7,Andre drivstoff,GjsnittKjorelengde,Gjennomsnittlig kjørelengde per kjøretøy (km),2014,2014,,:
33,Trekkbiler,7,Andre drivstoff,GjsnittKjorelengde,Gjennomsnittlig kjørelengde per kjøretøy (km),2015,2015,,:
33,Trekkbiler,7,Andre drivstoff,GjsnittKjorelengde,Gjennomsnittlig kjørelengde per kjøretøy (km),2016,2016,,:
33,Trekkbiler,7,Andre drivstoff,GjsnittKjorelengde,Gjennomsnittlig kjørelengde per kjøretøy (km),2017,2017,,:
33,Trekkbiler,7,Andre drivstoff,GjsnittKjorelengde,Gjennomsnittlig kjørelengde per kjøretøy (km),2018,2018,,:
33,Trekkbiler,7,Andre drivstoff,GjsnittKjorelengde,Gjennomsnittlig kjørelengde per kjøretøy (km),2019,2019,,:
33,Trekkbiler,7,Andre drivstoff,GjsnittKjorelengde,Gjennomsnittlig kjørelengde per kjøretøy (km),2020,2020,40636.0,
33,Trekkbiler,7,Andre drivstoff,GjsnittKjorelengde,Gjennomsnittlig kjørelengde per kjøretøy (km),2021,2021,40477.0,
33,Trekkbiler,7,Andre drivstoff,GjsnittKjorelengde,Gjennomsnittlig kjørelengde per kjøretøy (km),2022,2022,39465.0,
33,Trekkbiler,7,Andre drivstoff,GjsnittKjorelengde,Gjennomsnittlig kjørelengde per kjøretøy (km),2023,2023,,.
33,Trekkbiler,7,Andre drivstoff,GjsnittKjorelengde,Gjennomsnittlig kjørelengde per kjøretøy (km),2024,2024,,.
33,Trekkbiler,7,Andre drivstoff,GjsnittKjorelengde,Gjennomsnittlig kjørelengde per kjøretøy (km),2025,2025,,.
