Energibalanse,Energibalanse_label,EnergiProdukt,EnergiProdukt_label,ContentsCode,ContentsCode_label,Tid,Tid_label,value,status
EB120201,12.2.1 Veitransport,EPTOT00,Alle energiprodukter,EnergibalansenPJ,Energibalansen (PJ),1990,1990,102.7,
EB120201,12.2.1 Veitransport,EPTOT00,Alle energiprodukter,EnergibalansenPJ,Energibalansen (PJ),1991,1991,101.0,
EB120201,12.2.1 Veitransport,EPTOT00,Alle energiprodukter,EnergibalansenPJ,Energibalansen (PJ),1992,1992,101.4,
EB120201,12.2.1 Veitransport,EPTOT00,Alle energiprodukter,EnergibalansenPJ,Energibalansen (PJ),1993,1993,103.7,
EB120201,12.2.1 Veitransport,EPTOT00,Alle energiprodukter,EnergibalansenPJ,Energibalansen (PJ),1994,1994,102.3,
EB120201,12.2.1 Veitransport,EPTOT00,Alle energiprodukter,EnergibalansenPJ,Energibalansen (PJ),1995,1995,103.7,
EB120201,12.2.1 Veitransport,EPTOT00,Alle energiprodukter,EnergibalansenPJ,Energibalansen (PJ),1996,1996,108.8,
EB120201,12.2.1 Veitransport,EPTOT00,Alle energiprodukter,EnergibalansenPJ,Energibalansen (PJ),1997,1997,108.7,
EB120201,12.2.1 Veitransport,EPTOT00,Alle energiprodukter,EnergibalansenPJ,Energibalansen (PJ),1998,1998,111.9,
EB120201,12.2.1 Veitransport,EPTOT00,Alle energiprodukter,EnergibalansenPJ,Energibalansen (PJ),1999,1999,117.6,
EB120201,12.2.1 Veitransport,EPTOT00,Alle energiprodukter,EnergibalansenPJ,Energibalansen (PJ),2000,2000,115.3,
EB120201,12.2.1 Veitransport,EPTOT00,Alle energiprodukter,EnergibalansenPJ,Energibalansen (PJ),2001,2001,122.2,
EB120201,12.2.1 Veitransport,EPTOT00,Alle energiprodukter,EnergibalansenPJ,Energibalansen (PJ),2002,2002,123.3,
EB120201,12.2.1 Veitransport,EPTOT00,Alle energiprodukter,EnergibalansenPJ,Energibalansen (PJ),2003,2003,125.2,
EB120201,12.2.1 Veitransport,EPTOT00,Alle energiprodukter,EnergibalansenPJ,Energibalansen (PJ),2004,2004,129.4,
EB120201,12.2.1 Veitransport,EPTOT00,Alle energiprodukter,EnergibalansenPJ,Energibalansen (PJ),2005,2005,131.6,
EB120201,12.2.1 Veitransport,EPTOT00,Alle energiprodukter,EnergibalansenPJ,Energibalansen (PJ),2006,2006,135.5,
EB120201,12.2.1 Veitransport,EPTOT00,Alle energiprodukter,EnergibalansenPJ,Energibalansen (PJ),2007,2007,139.5,
EB120201,12.2.1 Veitransport,EPTOT00,Alle energiprodukter,EnergibalansenPJ,Energibalansen (PJ),2008,2008,139.5,
EB120201,12.2.1 Veitransport,EPTOT00,Alle energiprodukter,EnergibalansenPJ,Energibalansen (PJ),2009,2009,137.9,
EB120201,12.2.1 Veitransport,EPTOT00,Alle energiprodukter,EnergibalansenPJ,Energibalansen (PJ),2010,2010,141.9,
EB120201,12.2.1 Veitransport,EPTOT00,Alle energiprodukter,EnergibalansenPJ,Energibalansen (PJ),2011,2011,140.8,
EB120201,12.2.1 Veitransport,EPTOT00,Alle energiprodukter,EnergibalansenPJ,Energibalansen (PJ),2012,2012,141.8,
EB120201,12.2.1 Veitransport,EPTOT00,Alle energiprodukter,EnergibalansenPJ,Energibalansen (PJ),2013,2013,142.2,
EB120201,12.2.1 Veitransport,EPTOT00,Alle energiprodukter,EnergibalansenPJ,Energibalansen (PJ),2014,2014,145.1,
EB120201,12.2.1 Veitransport,EPTOT00,Alle energiprodukter,EnergibalansenPJ,Energibalansen (PJ),2015,2015,146.7,
EB120201,12.2.1 Veitransport,EPTOT00,Alle energiprodukter,EnergibalansenPJ,Energibalansen (PJ),2016,2016,150.8,
EB120201,12.2.1 Veitransport,EPTOT00,Alle energiprodukter,EnergibalansenPJ,Energibalansen (PJ),2017,2017,147.6,
EB120201,12.2.1 Veitransport,EPTOT00,Alle energiprodukter,EnergibalansenPJ,Energibalansen (PJ),2018,2018,146.1,
EB120201,12.2.1 Veitransport,EPTOT00,Alle energiprodukter,EnergibalansenPJ,Energibalansen (PJ),2019,2019,142.6,
EB120201,12.2.1 Veitransport,EPTOT00,Alle energiprodukter,EnergibalansenPJ,Energibalansen (PJ),2020,2020,135.1,
EB120201,12.2.1 Veitransport,EPTOT00,Alle energiprodukter,EnergibalansenPJ,Energibalansen (PJ),2021,2021,140.8,
EB120201,12.2.1 Veitransport,EPTOT00,Alle energiprodukter,EnergibalansenPJ,Energibalansen (PJ),2022,2022,141.9,
EB120201,12.2.1 Veitransport,EPTOT00,Alle energiprodukter,EnergibalansenPJ,Energibalansen (PJ),2023,2023,135.2,
EB120201,12.2.1 Veitransport,EPTOT00,Alle energiprodukter,EnergibalansenPJ,Energibalansen (PJ),2024,2024,129.9,
EB120201,12.2.1 Veitransport,EPTOT00,Alle energiprodukter,EnergibalansenPJ,Energibalansen (PJ),2025,2025,121.9,
EB120201,12.2.1 Veitransport,EPTOT00,Alle energiprodukter,EnergibalansenGWh,Energibalansen (GWh),1990,1990,28524.0,
EB120201,12.2.1 Veitransport,EPTOT00,Alle energiprodukter,EnergibalansenGWh,Energibalansen (GWh),1991,1991,28062.0,
EB120201,12.2.1 Veitransport,EPTOT00,Alle energiprodukter,EnergibalansenGWh,Energibalansen (GWh),1992,1992,28163.0,
EB120201,12.2.1 Veitransport,EPTOT00,Alle energiprodukter,EnergibalansenGWh,Energibalansen (GWh),1993,1993,28806.0,
EB120201,12.2.1 Veitransport,EPTOT00,Alle energiprodukter,EnergibalansenGWh,Energibalansen (GWh),1994,1994,28410.0,
EB120201,12.2.1 Veitransport,EPTOT00,Alle energiprodukter,EnergibalansenGWh,Energibalansen (GWh),1995,1995,28797.0,
EB120201,12.2.1 Veitransport,EPTOT00,Alle energiprodukter,EnergibalansenGWh,Energibalansen (GWh),1996,1996,30234.0,
EB120201,12.2.1 Veitransport,EPTOT00,Alle energiprodukter,EnergibalansenGWh,Energibalansen (GWh),1997,1997,30192.0,
EB120201,12.2.1 Veitransport,EPTOT00,Alle energiprodukter,EnergibalansenGWh,Energibalansen (GWh),1998,1998,31073.0,
EB120201,12.2.1 Veitransport,EPTOT00,Alle energiprodukter,EnergibalansenGWh,Energibalansen (GWh),1999,1999,32672.0,
EB120201,12.2.1 Veitransport,EPTOT00,Alle energiprodukter,EnergibalansenGWh,Energibalansen (GWh),2000,2000,32039.0,
EB120201,12.2.1 Veitransport,EPTOT00,Alle energiprodukter,EnergibalansenGWh,Energibalansen (GWh),2001,2001,33933.0,
EB120201,12.2.1 Veitransport,EPTOT00,Alle energiprodukter,EnergibalansenGWh,Energibalansen (GWh),2002,2002,34237.0,
EB120201,12.2.1 Veitransport,EPTOT00,Alle energiprodukter,EnergibalansenGWh,Energibalansen (GWh),2003,2003,34789.0,
EB120201,12.2.1 Veitransport,EPTOT00,Alle energiprodukter,EnergibalansenGWh,Energibalansen (GWh),2004,2004,35943.0,
EB120201,12.2.1 Veitransport,EPTOT00,Alle energiprodukter,EnergibalansenGWh,Energibalansen (GWh),2005,2005,36542.0,
EB120201,12.2.1 Veitransport,EPTOT00,Alle energiprodukter,EnergibalansenGWh,Energibalansen (GWh),2006,2006,37645.0,
EB120201,12.2.1 Veitransport,EPTOT00,Alle energiprodukter,EnergibalansenGWh,Energibalansen (GWh),2007,2007,38751.0,
EB120201,12.2.1 Veitransport,EPTOT00,Alle energiprodukter,EnergibalansenGWh,Energibalansen (GWh),2008,2008,38753.0,
EB120201,12.2.1 Veitransport,EPTOT00,Alle energiprodukter,EnergibalansenGWh,Energibalansen (GWh),2009,2009,38299.0,
EB120201,12.2.1 Veitransport,EPTOT00,Alle energiprodukter,EnergibalansenGWh,Energibalansen (GWh),2010,2010,39428.0,
EB120201,12.2.1 Veitransport,EPTOT00,Alle energiprodukter,EnergibalansenGWh,Energibalansen (GWh),2011,2011,39117.0,
EB120201,12.2.1 Veitransport,EPTOT00,Alle energiprodukter,EnergibalansenGWh,Energibalansen (GWh),2012,2012,39386.0,
EB120201,12.2.1 Veitransport,EPTOT00,Alle energiprodukter,EnergibalansenGWh,Energibalansen (GWh),2013,2013,39504.0,
EB120201,12.2.1 Veitransport,EPTOT00,Alle energiprodukter,EnergibalansenGWh,Energibalansen (GWh),2014,2014,40300.0,
EB120201,12.2.1 Veitransport,EPTOT00,Alle energiprodukter,EnergibalansenGWh,Energibalansen (GWh),2015,2015,40745.0,
EB120201,12.2.1 Veitransport,EPTOT00,Alle energiprodukter,EnergibalansenGWh,Energibalansen (GWh),2016,2016,41892.0,
EB120201,12.2.1 Veitransport,EPTOT00,Alle energiprodukter,EnergibalansenGWh,Energibalansen (GWh),2017,2017,41008.0,
EB120201,12.2.1 Veitransport,EPTOT00,Alle energiprodukter,EnergibalansenGWh,Energibalansen (GWh),2018,2018,40570.0,
EB120201,12.2.1 Veitransport,EPTOT00,Alle energiprodukter,EnergibalansenGWh,Energibalansen (GWh),2019,2019,39603.0,
EB120201,12.2.1 Veitransport,EPTOT00,Alle energiprodukter,EnergibalansenGWh,Energibalansen (GWh),2020,2020,37540.0,
EB120201,12.2.1 Veitransport,EPTOT00,Alle energiprodukter,EnergibalansenGWh,Energibalansen (GWh),2021,2021,39110.0,
EB120201,12.2.1 Veitransport,EPTOT00,Alle energiprodukter,EnergibalansenGWh,Energibalansen (GWh),2022,2022,39418.0,
EB120201,12.2.1 Veitransport,EPTOT00,Alle energiprodukter,EnergibalansenGWh,Energibalansen (GWh),2023,2023,37546.0,
EB120201,12.2.1 Veitransport,EPTOT00,Alle energiprodukter,EnergibalansenGWh,Energibalansen (GWh),2024,2024,36079.0,
EB120201,12.2.1 Veitransport,EPTOT00,Alle energiprodukter,EnergibalansenGWh,Energibalansen (GWh),2025,2025,33858.0,
EB120201,12.2.1 Veitransport,EPTOT01,Alle energiprodukter,EnergibalansenPJ,Energibalansen (PJ),1990,1990,102.7,
EB120201,12.2.1 Veitransport,EPTOT01,Alle energiprodukter,EnergibalansenPJ,Energibalansen (PJ),1991,1991,101.0,
EB120201,12.2.1 Veitransport,EPTOT01,Alle energiprodukter,EnergibalansenPJ,Energibalansen (PJ),1992,1992,101.4,
EB120201,12.2.1 Veitransport,EPTOT01,Alle energiprodukter,EnergibalansenPJ,Energibalansen (PJ),1993,1993,103.7,
EB120201,12.2.1 Veitransport,EPTOT01,Alle energiprodukter,EnergibalansenPJ,Energibalansen (PJ),1994,1994,102.3,
EB120201,12.2.1 Veitransport,EPTOT01,Alle energiprodukter,EnergibalansenPJ,Energibalansen (PJ),1995,1995,103.7,
EB120201,12.2.1 Veitransport,EPTOT01,Alle energiprodukter,EnergibalansenPJ,Energibalansen (PJ),1996,1996,108.8,
EB120201,12.2.1 Veitransport,EPTOT01,Alle energiprodukter,EnergibalansenPJ,Energibalansen (PJ),1997,1997,108.7,
EB120201,12.2.1 Veitransport,EPTOT01,Alle energiprodukter,EnergibalansenPJ,Energibalansen (PJ),1998,1998,111.9,
EB120201,12.2.1 Veitransport,EPTOT01,Alle energiprodukter,EnergibalansenPJ,Energibalansen (PJ),1999,1999,117.6,
EB120201,12.2.1 Veitransport,EPTOT01,Alle energiprodukter,EnergibalansenPJ,Energibalansen (PJ),2000,2000,115.3,
EB120201,12.2.1 Veitransport,EPTOT01,Alle energiprodukter,EnergibalansenPJ,Energibalansen (PJ),2001,2001,122.2,
EB120201,12.2.1 Veitransport,EPTOT01,Alle energiprodukter,EnergibalansenPJ,Energibalansen (PJ),2002,2002,123.3,
EB120201,12.2.1 Veitransport,EPTOT01,Alle energiprodukter,EnergibalansenPJ,Energibalansen (PJ),2003,2003,125.2,
EB120201,12.2.1 Veitransport,EPTOT01,Alle energiprodukter,EnergibalansenPJ,Energibalansen (PJ),2004,2004,129.4,
EB120201,12.2.1 Veitransport,EPTOT01,Alle energiprodukter,EnergibalansenPJ,Energibalansen (PJ),2005,2005,131.6,
EB120201,12.2.1 Veitransport,EPTOT01,Alle energiprodukter,EnergibalansenPJ,Energibalansen (PJ),2006,2006,135.5,
EB120201,12.2.1 Veitransport,EPTOT01,Alle energiprodukter,EnergibalansenPJ,Energibalansen (PJ),2007,2007,139.5,
EB120201,12.2.1 Veitransport,EPTOT01,Alle energiprodukter,EnergibalansenPJ,Energibalansen (PJ),2008,2008,139.5,
EB120201,12.2.1 Veitransport,EPTOT01,Alle energiprodukter,EnergibalansenPJ,Energibalansen (PJ),2009,2009,137.9,
EB120201,12.2.1 Veitransport,EPTOT01,Alle energiprodukter,EnergibalansenPJ,Energibalansen (PJ),2010,2010,141.9,
EB120201,12.2.1 Veitransport,EPTOT01,Alle energiprodukter,EnergibalansenPJ,Energibalansen (PJ),2011,2011,140.8,
EB120201,12.2.1 Veitransport,EPTOT01,Alle energiprodukter,EnergibalansenPJ,Energibalansen (PJ),2012,2012,141.8,
EB120201,12.2.1 Veitransport,EPTOT01,Alle energiprodukter,EnergibalansenPJ,Energibalansen (PJ),2013,2013,142.2,
EB120201,12.2.1 Veitransport,EPTOT01,Alle energiprodukter,EnergibalansenPJ,Energibalansen (PJ),2014,2014,145.1,
EB120201,12.2.1 Veitransport,EPTOT01,Alle energiprodukter,EnergibalansenPJ,Energibalansen (PJ),2015,2015,146.7,
EB120201,12.2.1 Veitransport,EPTOT01,Alle energiprodukter,EnergibalansenPJ,Energibalansen (PJ),2016,2016,150.8,
EB120201,12.2.1 Veitransport,EPTOT01,Alle energiprodukter,EnergibalansenPJ,Energibalansen (PJ),2017,2017,147.6,
EB120201,12.2.1 Veitransport,EPTOT01,Alle energiprodukter,EnergibalansenPJ,Energibalansen (PJ),2018,2018,146.1,
EB120201,12.2.1 Veitransport,EPTOT01,Alle energiprodukter,EnergibalansenPJ,Energibalansen (PJ),2019,2019,142.6,
EB120201,12.2.1 Veitransport,EPTOT01,Alle energiprodukter,EnergibalansenPJ,Energibalansen (PJ),2020,2020,135.1,
EB120201,12.2.1 Veitransport,EPTOT01,Alle energiprodukter,EnergibalansenPJ,Energibalansen (PJ),2021,2021,140.8,
EB120201,12.2.1 Veitransport,EPTOT01,Alle energiprodukter,EnergibalansenPJ,Energibalansen (PJ),2022,2022,141.9,
EB120201,12.2.1 Veitransport,EPTOT01,Alle energiprodukter,EnergibalansenPJ,Energibalansen (PJ),2023,2023,135.2,
EB120201,12.2.1 Veitransport,EPTOT01,Alle energiprodukter,EnergibalansenPJ,Energibalansen (PJ),2024,2024,129.9,
EB120201,12.2.1 Veitransport,EPTOT01,Alle energiprodukter,EnergibalansenPJ,Energibalansen (PJ),2025,2025,121.9,
EB120201,12.2.1 Veitransport,EPTOT01,Alle energiprodukter,EnergibalansenGWh,Energibalansen (GWh),1990,1990,28524.0,
EB120201,12.2.1 Veitransport,EPTOT01,Alle energiprodukter,EnergibalansenGWh,Energibalansen (GWh),1991,1991,28062.0,
EB120201,12.2.1 Veitransport,EPTOT01,Alle energiprodukter,EnergibalansenGWh,Energibalansen (GWh),1992,1992,28163.0,
EB120201,12.2.1 Veitransport,EPTOT01,Alle energiprodukter,EnergibalansenGWh,Energibalansen (GWh),1993,1993,28806.0,
EB120201,12.2.1 Veitransport,EPTOT01,Alle energiprodukter,EnergibalansenGWh,Energibalansen (GWh),1994,1994,28410.0,
EB120201,12.2.1 Veitransport,EPTOT01,Alle energiprodukter,EnergibalansenGWh,Energibalansen (GWh),1995,1995,28797.0,
EB120201,12.2.1 Veitransport,EPTOT01,Alle energiprodukter,EnergibalansenGWh,Energibalansen (GWh),1996,1996,30234.0,
EB120201,12.2.1 Veitransport,EPTOT01,Alle energiprodukter,EnergibalansenGWh,Energibalansen (GWh),1997,1997,30192.0,
EB120201,12.2.1 Veitransport,EPTOT01,Alle energiprodukter,EnergibalansenGWh,Energibalansen (GWh),1998,1998,31073.0,
EB120201,12.2.1 Veitransport,EPTOT01,Alle energiprodukter,EnergibalansenGWh,Energibalansen (GWh),1999,1999,32672.0,
EB120201,12.2.1 Veitransport,EPTOT01,Alle energiprodukter,EnergibalansenGWh,Energibalansen (GWh),2000,2000,32039.0,
EB120201,12.2.1 Veitransport,EPTOT01,Alle energiprodukter,EnergibalansenGWh,Energibalansen (GWh),2001,2001,33933.0,
EB120201,12.2.1 Veitransport,EPTOT01,Alle energiprodukter,EnergibalansenGWh,Energibalansen (GWh),2002,2002,34237.0,
EB120201,12.2.1 Veitransport,EPTOT01,Alle energiprodukter,EnergibalansenGWh,Energibalansen (GWh),2003,2003,34789.0,
EB120201,12.2.1 Veitransport,EPTOT01,Alle energiprodukter,EnergibalansenGWh,Energibalansen (GWh),2004,2004,35943.0,
EB120201,12.2.1 Veitransport,EPTOT01,Alle energiprodukter,EnergibalansenGWh,Energibalansen (GWh),2005,2005,36542.0,
EB120201,12.2.1 Veitransport,EPTOT01,Alle energiprodukter,EnergibalansenGWh,Energibalansen (GWh),2006,2006,37645.0,
EB120201,12.2.1 Veitransport,EPTOT01,Alle energiprodukter,EnergibalansenGWh,Energibalansen (GWh),2007,2007,38751.0,
EB120201,12.2.1 Veitransport,EPTOT01,Alle energiprodukter,EnergibalansenGWh,Energibalansen (GWh),2008,2008,38753.0,
EB120201,12.2.1 Veitransport,EPTOT01,Alle energiprodukter,EnergibalansenGWh,Energibalansen (GWh),2009,2009,38299.0,
EB120201,12.2.1 Veitransport,EPTOT01,Alle energiprodukter,EnergibalansenGWh,Energibalansen (GWh),2010,2010,39428.0,
EB120201,12.2.1 Veitransport,EPTOT01,Alle energiprodukter,EnergibalansenGWh,Energibalansen (GWh),2011,2011,39117.0,
EB120201,12.2.1 Veitransport,EPTOT01,Alle energiprodukter,EnergibalansenGWh,Energibalansen (GWh),2012,2012,39386.0,
EB120201,12.2.1 Veitransport,EPTOT01,Alle energiprodukter,EnergibalansenGWh,Energibalansen (GWh),2013,2013,39504.0,
EB120201,12.2.1 Veitransport,EPTOT01,Alle energiprodukter,EnergibalansenGWh,Energibalansen (GWh),2014,2014,40300.0,
EB120201,12.2.1 Veitransport,EPTOT01,Alle energiprodukter,EnergibalansenGWh,Energibalansen (GWh),2015,2015,40745.0,
EB120201,12.2.1 Veitransport,EPTOT01,Alle energiprodukter,EnergibalansenGWh,Energibalansen (GWh),2016,2016,41892.0,
EB120201,12.2.1 Veitransport,EPTOT01,Alle energiprodukter,EnergibalansenGWh,Energibalansen (GWh),2017,2017,41008.0,
EB120201,12.2.1 Veitransport,EPTOT01,Alle energiprodukter,EnergibalansenGWh,Energibalansen (GWh),2018,2018,40570.0,
EB120201,12.2.1 Veitransport,EPTOT01,Alle energiprodukter,EnergibalansenGWh,Energibalansen (GWh),2019,2019,39603.0,
EB120201,12.2.1 Veitransport,EPTOT01,Alle energiprodukter,EnergibalansenGWh,Energibalansen (GWh),2020,2020,37540.0,
EB120201,12.2.1 Veitransport,EPTOT01,Alle energiprodukter,EnergibalansenGWh,Energibalansen (GWh),2021,2021,39110.0,
EB120201,12.2.1 Veitransport,EPTOT01,Alle energiprodukter,EnergibalansenGWh,Energibalansen (GWh),2022,2022,39418.0,
EB120201,12.2.1 Veitransport,EPTOT01,Alle energiprodukter,EnergibalansenGWh,Energibalansen (GWh),2023,2023,37546.0,
EB120201,12.2.1 Veitransport,EPTOT01,Alle energiprodukter,EnergibalansenGWh,Energibalansen (GWh),2024,2024,36079.0,
EB120201,12.2.1 Veitransport,EPTOT01,Alle energiprodukter,EnergibalansenGWh,Energibalansen (GWh),2025,2025,33858.0,
EB120201,12.2.1 Veitransport,EP00,Kull og kullprodukter,EnergibalansenPJ,Energibalansen (PJ),1990,1990,,.
EB120201,12.2.1 Veitransport,EP00,Kull og kullprodukter,EnergibalansenPJ,Energibalansen (PJ),1991,1991,,.
EB120201,12.2.1 Veitransport,EP00,Kull og kullprodukter,EnergibalansenPJ,Energibalansen (PJ),1992,1992,,.
EB120201,12.2.1 Veitransport,EP00,Kull og kullprodukter,EnergibalansenPJ,Energibalansen (PJ),1993,1993,,.
EB120201,12.2.1 Veitransport,EP00,Kull og kullprodukter,EnergibalansenPJ,Energibalansen (PJ),1994,1994,,.
EB120201,12.2.1 Veitransport,EP00,Kull og kullprodukter,EnergibalansenPJ,Energibalansen (PJ),1995,1995,,.
EB120201,12.2.1 Veitransport,EP00,Kull og kullprodukter,EnergibalansenPJ,Energibalansen (PJ),1996,1996,,.
EB120201,12.2.1 Veitransport,EP00,Kull og kullprodukter,EnergibalansenPJ,Energibalansen (PJ),1997,1997,,.
EB120201,12.2.1 Veitransport,EP00,Kull og kullprodukter,EnergibalansenPJ,Energibalansen (PJ),1998,1998,,.
EB120201,12.2.1 Veitransport,EP00,Kull og kullprodukter,EnergibalansenPJ,Energibalansen (PJ),1999,1999,,.
EB120201,12.2.1 Veitransport,EP00,Kull og kullprodukter,EnergibalansenPJ,Energibalansen (PJ),2000,2000,,.
EB120201,12.2.1 Veitransport,EP00,Kull og kullprodukter,EnergibalansenPJ,Energibalansen (PJ),2001,2001,,.
EB120201,12.2.1 Veitransport,EP00,Kull og kullprodukter,EnergibalansenPJ,Energibalansen (PJ),2002,2002,,.
EB120201,12.2.1 Veitransport,EP00,Kull og kullprodukter,EnergibalansenPJ,Energibalansen (PJ),2003,2003,,.
EB120201,12.2.1 Veitransport,EP00,Kull og kullprodukter,EnergibalansenPJ,Energibalansen (PJ),2004,2004,,.
EB120201,12.2.1 Veitransport,EP00,Kull og kullprodukter,EnergibalansenPJ,Energibalansen (PJ),2005,2005,,.
EB120201,12.2.1 Veitransport,EP00,Kull og kullprodukter,EnergibalansenPJ,Energibalansen (PJ),2006,2006,,.
EB120201,12.2.1 Veitransport,EP00,Kull og kullprodukter,EnergibalansenPJ,Energibalansen (PJ),2007,2007,,.
EB120201,12.2.1 Veitransport,EP00,Kull og kullprodukter,EnergibalansenPJ,Energibalansen (PJ),2008,2008,,.
EB120201,12.2.1 Veitransport,EP00,Kull og kullprodukter,EnergibalansenPJ,Energibalansen (PJ),2009,2009,,.
EB120201,12.2.1 Veitransport,EP00,Kull og kullprodukter,EnergibalansenPJ,Energibalansen (PJ),2010,2010,,-
EB120201,12.2.1 Veitransport,EP00,Kull og kullprodukter,EnergibalansenPJ,Energibalansen (PJ),2011,2011,,-
EB120201,12.2.1 Veitransport,EP00,Kull og kullprodukter,EnergibalansenPJ,Energibalansen (PJ),2012,2012,,-
EB120201,12.2.1 Veitransport,EP00,Kull og kullprodukter,EnergibalansenPJ,Energibalansen (PJ),2013,2013,,-
EB120201,12.2.1 Veitransport,EP00,Kull og kullprodukter,EnergibalansenPJ,Energibalansen (PJ),2014,2014,,-
EB120201,12.2.1 Veitransport,EP00,Kull og kullprodukter,EnergibalansenPJ,Energibalansen (PJ),2015,2015,,-
EB120201,12.2.1 Veitransport,EP00,Kull og kullprodukter,EnergibalansenPJ,Energibalansen (PJ),2016,2016,,-
EB120201,12.2.1 Veitransport,EP00,Kull og kullprodukter,EnergibalansenPJ,Energibalansen (PJ),2017,2017,,.
EB120201,12.2.1 Veitransport,EP00,Kull og kullprodukter,EnergibalansenPJ,Energibalansen (PJ),2018,2018,,.
EB120201,12.2.1 Veitransport,EP00,Kull og kullprodukter,EnergibalansenPJ,Energibalansen (PJ),2019,2019,,.
EB120201,12.2.1 Veitransport,EP00,Kull og kullprodukter,EnergibalansenPJ,Energibalansen (PJ),2020,2020,,.
EB120201,12.2.1 Veitransport,EP00,Kull og kullprodukter,EnergibalansenPJ,Energibalansen (PJ),2021,2021,,.
EB120201,12.2.1 Veitransport,EP00,Kull og kullprodukter,EnergibalansenPJ,Energibalansen (PJ),2022,2022,,.
EB120201,12.2.1 Veitransport,EP00,Kull og kullprodukter,EnergibalansenPJ,Energibalansen (PJ),2023,2023,,.
EB120201,12.2.1 Veitransport,EP00,Kull og kullprodukter,EnergibalansenPJ,Energibalansen (PJ),2024,2024,,.
EB120201,12.2.1 Veitransport,EP00,Kull og kullprodukter,EnergibalansenPJ,Energibalansen (PJ),2025,2025,,.
EB120201,12.2.1 Veitransport,EP00,Kull og kullprodukter,EnergibalansenGWh,Energibalansen (GWh),1990,1990,,.
EB120201,12.2.1 Veitransport,EP00,Kull og kullprodukter,EnergibalansenGWh,Energibalansen (GWh),1991,1991,,.
EB120201,12.2.1 Veitransport,EP00,Kull og kullprodukter,EnergibalansenGWh,Energibalansen (GWh),1992,1992,,.
EB120201,12.2.1 Veitransport,EP00,Kull og kullprodukter,EnergibalansenGWh,Energibalansen (GWh),1993,1993,,.
EB120201,12.2.1 Veitransport,EP00,Kull og kullprodukter,EnergibalansenGWh,Energibalansen (GWh),1994,1994,,.
EB120201,12.2.1 Veitransport,EP00,Kull og kullprodukter,EnergibalansenGWh,Energibalansen (GWh),1995,1995,,.
EB120201,12.2.1 Veitransport,EP00,Kull og kullprodukter,EnergibalansenGWh,Energibalansen (GWh),1996,1996,,.
EB120201,12.2.1 Veitransport,EP00,Kull og kullprodukter,EnergibalansenGWh,Energibalansen (GWh),1997,1997,,.
EB120201,12.2.1 Veitransport,EP00,Kull og kullprodukter,EnergibalansenGWh,Energibalansen (GWh),1998,1998,,.
EB120201,12.2.1 Veitransport,EP00,Kull og kullprodukter,EnergibalansenGWh,Energibalansen (GWh),1999,1999,,.
EB120201,12.2.1 Veitransport,EP00,Kull og kullprodukter,EnergibalansenGWh,Energibalansen (GWh),2000,2000,,.
EB120201,12.2.1 Veitransport,EP00,Kull og kullprodukter,EnergibalansenGWh,Energibalansen (GWh),2001,2001,,.
EB120201,12.2.1 Veitransport,EP00,Kull og kullprodukter,EnergibalansenGWh,Energibalansen (GWh),2002,2002,,.
EB120201,12.2.1 Veitransport,EP00,Kull og kullprodukter,EnergibalansenGWh,Energibalansen (GWh),2003,2003,,.
EB120201,12.2.1 Veitransport,EP00,Kull og kullprodukter,EnergibalansenGWh,Energibalansen (GWh),2004,2004,,.
EB120201,12.2.1 Veitransport,EP00,Kull og kullprodukter,EnergibalansenGWh,Energibalansen (GWh),2005,2005,,.
EB120201,12.2.1 Veitransport,EP00,Kull og kullprodukter,EnergibalansenGWh,Energibalansen (GWh),2006,2006,,.
EB120201,12.2.1 Veitransport,EP00,Kull og kullprodukter,EnergibalansenGWh,Energibalansen (GWh),2007,2007,,.
EB120201,12.2.1 Veitransport,EP00,Kull og kullprodukter,EnergibalansenGWh,Energibalansen (GWh),2008,2008,,.
EB120201,12.2.1 Veitransport,EP00,Kull og kullprodukter,EnergibalansenGWh,Energibalansen (GWh),2009,2009,,.
EB120201,12.2.1 Veitransport,EP00,Kull og kullprodukter,EnergibalansenGWh,Energibalansen (GWh),2010,2010,,-
EB120201,12.2.1 Veitransport,EP00,Kull og kullprodukter,EnergibalansenGWh,Energibalansen (GWh),2011,2011,,-
EB120201,12.2.1 Veitransport,EP00,Kull og kullprodukter,EnergibalansenGWh,Energibalansen (GWh),2012,2012,,-
EB120201,12.2.1 Veitransport,EP00,Kull og kullprodukter,EnergibalansenGWh,Energibalansen (GWh),2013,2013,,-
EB120201,12.2.1 Veitransport,EP00,Kull og kullprodukter,EnergibalansenGWh,Energibalansen (GWh),2014,2014,,-
EB120201,12.2.1 Veitransport,EP00,Kull og kullprodukter,EnergibalansenGWh,Energibalansen (GWh),2015,2015,,-
EB120201,12.2.1 Veitransport,EP00,Kull og kullprodukter,EnergibalansenGWh,Energibalansen (GWh),2016,2016,,-
EB120201,12.2.1 Veitransport,EP00,Kull og kullprodukter,EnergibalansenGWh,Energibalansen (GWh),2017,2017,,.
EB120201,12.2.1 Veitransport,EP00,Kull og kullprodukter,EnergibalansenGWh,Energibalansen (GWh),2018,2018,,.
EB120201,12.2.1 Veitransport,EP00,Kull og kullprodukter,EnergibalansenGWh,Energibalansen (GWh),2019,2019,,.
EB120201,12.2.1 Veitransport,EP00,Kull og kullprodukter,EnergibalansenGWh,Energibalansen (GWh),2020,2020,,.
EB120201,12.2.1 Veitransport,EP00,Kull og kullprodukter,EnergibalansenGWh,Energibalansen (GWh),2021,2021,,.
EB120201,12.2.1 Veitransport,EP00,Kull og kullprodukter,EnergibalansenGWh,Energibalansen (GWh),2022,2022,,.
EB120201,12.2.1 Veitransport,EP00,Kull og kullprodukter,EnergibalansenGWh,Energibalansen (GWh),2023,2023,,.
EB120201,12.2.1 Veitransport,EP00,Kull og kullprodukter,EnergibalansenGWh,Energibalansen (GWh),2024,2024,,.
EB120201,12.2.1 Veitransport,EP00,Kull og kullprodukter,EnergibalansenGWh,Energibalansen (GWh),2025,2025,,.
EB120201,12.2.1 Veitransport,EP001-002,Kull og brunkull,EnergibalansenPJ,Energibalansen (PJ),1990,1990,,.
EB120201,12.2.1 Veitransport,EP001-002,Kull og brunkull,EnergibalansenPJ,Energibalansen (PJ),1991,1991,,.
EB120201,12.2.1 Veitransport,EP001-002,Kull og brunkull,EnergibalansenPJ,Energibalansen (PJ),1992,1992,,.
EB120201,12.2.1 Veitransport,EP001-002,Kull og brunkull,EnergibalansenPJ,Energibalansen (PJ),1993,1993,,.
EB120201,12.2.1 Veitransport,EP001-002,Kull og brunkull,EnergibalansenPJ,Energibalansen (PJ),1994,1994,,.
EB120201,12.2.1 Veitransport,EP001-002,Kull og brunkull,EnergibalansenPJ,Energibalansen (PJ),1995,1995,,.
EB120201,12.2.1 Veitransport,EP001-002,Kull og brunkull,EnergibalansenPJ,Energibalansen (PJ),1996,1996,,.
EB120201,12.2.1 Veitransport,EP001-002,Kull og brunkull,EnergibalansenPJ,Energibalansen (PJ),1997,1997,,.
EB120201,12.2.1 Veitransport,EP001-002,Kull og brunkull,EnergibalansenPJ,Energibalansen (PJ),1998,1998,,.
EB120201,12.2.1 Veitransport,EP001-002,Kull og brunkull,EnergibalansenPJ,Energibalansen (PJ),1999,1999,,.
EB120201,12.2.1 Veitransport,EP001-002,Kull og brunkull,EnergibalansenPJ,Energibalansen (PJ),2000,2000,,.
EB120201,12.2.1 Veitransport,EP001-002,Kull og brunkull,EnergibalansenPJ,Energibalansen (PJ),2001,2001,,.
EB120201,12.2.1 Veitransport,EP001-002,Kull og brunkull,EnergibalansenPJ,Energibalansen (PJ),2002,2002,,.
EB120201,12.2.1 Veitransport,EP001-002,Kull og brunkull,EnergibalansenPJ,Energibalansen (PJ),2003,2003,,.
EB120201,12.2.1 Veitransport,EP001-002,Kull og brunkull,EnergibalansenPJ,Energibalansen (PJ),2004,2004,,.
EB120201,12.2.1 Veitransport,EP001-002,Kull og brunkull,EnergibalansenPJ,Energibalansen (PJ),2005,2005,,.
EB120201,12.2.1 Veitransport,EP001-002,Kull og brunkull,EnergibalansenPJ,Energibalansen (PJ),2006,2006,,.
EB120201,12.2.1 Veitransport,EP001-002,Kull og brunkull,EnergibalansenPJ,Energibalansen (PJ),2007,2007,,.
EB120201,12.2.1 Veitransport,EP001-002,Kull og brunkull,EnergibalansenPJ,Energibalansen (PJ),2008,2008,,.
EB120201,12.2.1 Veitransport,EP001-002,Kull og brunkull,EnergibalansenPJ,Energibalansen (PJ),2009,2009,,.
EB120201,12.2.1 Veitransport,EP001-002,Kull og brunkull,EnergibalansenPJ,Energibalansen (PJ),2010,2010,,-
EB120201,12.2.1 Veitransport,EP001-002,Kull og brunkull,EnergibalansenPJ,Energibalansen (PJ),2011,2011,,-
EB120201,12.2.1 Veitransport,EP001-002,Kull og brunkull,EnergibalansenPJ,Energibalansen (PJ),2012,2012,,-
EB120201,12.2.1 Veitransport,EP001-002,Kull og brunkull,EnergibalansenPJ,Energibalansen (PJ),2013,2013,,-
EB120201,12.2.1 Veitransport,EP001-002,Kull og brunkull,EnergibalansenPJ,Energibalansen (PJ),2014,2014,,-
EB120201,12.2.1 Veitransport,EP001-002,Kull og brunkull,EnergibalansenPJ,Energibalansen (PJ),2015,2015,,-
EB120201,12.2.1 Veitransport,EP001-002,Kull og brunkull,EnergibalansenPJ,Energibalansen (PJ),2016,2016,,-
EB120201,12.2.1 Veitransport,EP001-002,Kull og brunkull,EnergibalansenPJ,Energibalansen (PJ),2017,2017,,.
EB120201,12.2.1 Veitransport,EP001-002,Kull og brunkull,EnergibalansenPJ,Energibalansen (PJ),2018,2018,,.
EB120201,12.2.1 Veitransport,EP001-002,Kull og brunkull,EnergibalansenPJ,Energibalansen (PJ),2019,2019,,.
EB120201,12.2.1 Veitransport,EP001-002,Kull og brunkull,EnergibalansenPJ,Energibalansen (PJ),2020,2020,,.
EB120201,12.2.1 Veitransport,EP001-002,Kull og brunkull,EnergibalansenPJ,Energibalansen (PJ),2021,2021,,.
EB120201,12.2.1 Veitransport,EP001-002,Kull og brunkull,EnergibalansenPJ,Energibalansen (PJ),2022,2022,,.
EB120201,12.2.1 Veitransport,EP001-002,Kull og brunkull,EnergibalansenPJ,Energibalansen (PJ),2023,2023,,.
EB120201,12.2.1 Veitransport,EP001-002,Kull og brunkull,EnergibalansenPJ,Energibalansen (PJ),2024,2024,,.
EB120201,12.2.1 Veitransport,EP001-002,Kull og brunkull,EnergibalansenPJ,Energibalansen (PJ),2025,2025,,.
EB120201,12.2.1 Veitransport,EP001-002,Kull og brunkull,EnergibalansenGWh,Energibalansen (GWh),1990,1990,,.
EB120201,12.2.1 Veitransport,EP001-002,Kull og brunkull,EnergibalansenGWh,Energibalansen (GWh),1991,1991,,.
EB120201,12.2.1 Veitransport,EP001-002,Kull og brunkull,EnergibalansenGWh,Energibalansen (GWh),1992,1992,,.
EB120201,12.2.1 Veitransport,EP001-002,Kull og brunkull,EnergibalansenGWh,Energibalansen (GWh),1993,1993,,.
EB120201,12.2.1 Veitransport,EP001-002,Kull og brunkull,EnergibalansenGWh,Energibalansen (GWh),1994,1994,,.
EB120201,12.2.1 Veitransport,EP001-002,Kull og brunkull,EnergibalansenGWh,Energibalansen (GWh),1995,1995,,.
EB120201,12.2.1 Veitransport,EP001-002,Kull og brunkull,EnergibalansenGWh,Energibalansen (GWh),1996,1996,,.
EB120201,12.2.1 Veitransport,EP001-002,Kull og brunkull,EnergibalansenGWh,Energibalansen (GWh),1997,1997,,.
EB120201,12.2.1 Veitransport,EP001-002,Kull og brunkull,EnergibalansenGWh,Energibalansen (GWh),1998,1998,,.
EB120201,12.2.1 Veitransport,EP001-002,Kull og brunkull,EnergibalansenGWh,Energibalansen (GWh),1999,1999,,.
EB120201,12.2.1 Veitransport,EP001-002,Kull og brunkull,EnergibalansenGWh,Energibalansen (GWh),2000,2000,,.
EB120201,12.2.1 Veitransport,EP001-002,Kull og brunkull,EnergibalansenGWh,Energibalansen (GWh),2001,2001,,.
EB120201,12.2.1 Veitransport,EP001-002,Kull og brunkull,EnergibalansenGWh,Energibalansen (GWh),2002,2002,,.
EB120201,12.2.1 Veitransport,EP001-002,Kull og brunkull,EnergibalansenGWh,Energibalansen (GWh),2003,2003,,.
EB120201,12.2.1 Veitransport,EP001-002,Kull og brunkull,EnergibalansenGWh,Energibalansen (GWh),2004,2004,,.
EB120201,12.2.1 Veitransport,EP001-002,Kull og brunkull,EnergibalansenGWh,Energibalansen (GWh),2005,2005,,.
EB120201,12.2.1 Veitransport,EP001-002,Kull og brunkull,EnergibalansenGWh,Energibalansen (GWh),2006,2006,,.
EB120201,12.2.1 Veitransport,EP001-002,Kull og brunkull,EnergibalansenGWh,Energibalansen (GWh),2007,2007,,.
EB120201,12.2.1 Veitransport,EP001-002,Kull og brunkull,EnergibalansenGWh,Energibalansen (GWh),2008,2008,,.
EB120201,12.2.1 Veitransport,EP001-002,Kull og brunkull,EnergibalansenGWh,Energibalansen (GWh),2009,2009,,.
EB120201,12.2.1 Veitransport,EP001-002,Kull og brunkull,EnergibalansenGWh,Energibalansen (GWh),2010,2010,,-
EB120201,12.2.1 Veitransport,EP001-002,Kull og brunkull,EnergibalansenGWh,Energibalansen (GWh),2011,2011,,-
EB120201,12.2.1 Veitransport,EP001-002,Kull og brunkull,EnergibalansenGWh,Energibalansen (GWh),2012,2012,,-
EB120201,12.2.1 Veitransport,EP001-002,Kull og brunkull,EnergibalansenGWh,Energibalansen (GWh),2013,2013,,-
EB120201,12.2.1 Veitransport,EP001-002,Kull og brunkull,EnergibalansenGWh,Energibalansen (GWh),2014,2014,,-
EB120201,12.2.1 Veitransport,EP001-002,Kull og brunkull,EnergibalansenGWh,Energibalansen (GWh),2015,2015,,-
EB120201,12.2.1 Veitransport,EP001-002,Kull og brunkull,EnergibalansenGWh,Energibalansen (GWh),2016,2016,,-
EB120201,12.2.1 Veitransport,EP001-002,Kull og brunkull,EnergibalansenGWh,Energibalansen (GWh),2017,2017,,.
EB120201,12.2.1 Veitransport,EP001-002,Kull og brunkull,EnergibalansenGWh,Energibalansen (GWh),2018,2018,,.
EB120201,12.2.1 Veitransport,EP001-002,Kull og brunkull,EnergibalansenGWh,Energibalansen (GWh),2019,2019,,.
EB120201,12.2.1 Veitransport,EP001-002,Kull og brunkull,EnergibalansenGWh,Energibalansen (GWh),2020,2020,,.
EB120201,12.2.1 Veitransport,EP001-002,Kull og brunkull,EnergibalansenGWh,Energibalansen (GWh),2021,2021,,.
EB120201,12.2.1 Veitransport,EP001-002,Kull og brunkull,EnergibalansenGWh,Energibalansen (GWh),2022,2022,,.
EB120201,12.2.1 Veitransport,EP001-002,Kull og brunkull,EnergibalansenGWh,Energibalansen (GWh),2023,2023,,.
EB120201,12.2.1 Veitransport,EP001-002,Kull og brunkull,EnergibalansenGWh,Energibalansen (GWh),2024,2024,,.
EB120201,12.2.1 Veitransport,EP001-002,Kull og brunkull,EnergibalansenGWh,Energibalansen (GWh),2025,2025,,.
EB120201,12.2.1 Veitransport,EP003,Kullprodukter,EnergibalansenPJ,Energibalansen (PJ),1990,1990,,.
EB120201,12.2.1 Veitransport,EP003,Kullprodukter,EnergibalansenPJ,Energibalansen (PJ),1991,1991,,.
EB120201,12.2.1 Veitransport,EP003,Kullprodukter,EnergibalansenPJ,Energibalansen (PJ),1992,1992,,.
EB120201,12.2.1 Veitransport,EP003,Kullprodukter,EnergibalansenPJ,Energibalansen (PJ),1993,1993,,.
EB120201,12.2.1 Veitransport,EP003,Kullprodukter,EnergibalansenPJ,Energibalansen (PJ),1994,1994,,.
EB120201,12.2.1 Veitransport,EP003,Kullprodukter,EnergibalansenPJ,Energibalansen (PJ),1995,1995,,.
EB120201,12.2.1 Veitransport,EP003,Kullprodukter,EnergibalansenPJ,Energibalansen (PJ),1996,1996,,.
EB120201,12.2.1 Veitransport,EP003,Kullprodukter,EnergibalansenPJ,Energibalansen (PJ),1997,1997,,.
EB120201,12.2.1 Veitransport,EP003,Kullprodukter,EnergibalansenPJ,Energibalansen (PJ),1998,1998,,.
EB120201,12.2.1 Veitransport,EP003,Kullprodukter,EnergibalansenPJ,Energibalansen (PJ),1999,1999,,.
EB120201,12.2.1 Veitransport,EP003,Kullprodukter,EnergibalansenPJ,Energibalansen (PJ),2000,2000,,.
EB120201,12.2.1 Veitransport,EP003,Kullprodukter,EnergibalansenPJ,Energibalansen (PJ),2001,2001,,.
EB120201,12.2.1 Veitransport,EP003,Kullprodukter,EnergibalansenPJ,Energibalansen (PJ),2002,2002,,.
EB120201,12.2.1 Veitransport,EP003,Kullprodukter,EnergibalansenPJ,Energibalansen (PJ),2003,2003,,.
EB120201,12.2.1 Veitransport,EP003,Kullprodukter,EnergibalansenPJ,Energibalansen (PJ),2004,2004,,.
EB120201,12.2.1 Veitransport,EP003,Kullprodukter,EnergibalansenPJ,Energibalansen (PJ),2005,2005,,.
EB120201,12.2.1 Veitransport,EP003,Kullprodukter,EnergibalansenPJ,Energibalansen (PJ),2006,2006,,.
EB120201,12.2.1 Veitransport,EP003,Kullprodukter,EnergibalansenPJ,Energibalansen (PJ),2007,2007,,.
EB120201,12.2.1 Veitransport,EP003,Kullprodukter,EnergibalansenPJ,Energibalansen (PJ),2008,2008,,.
EB120201,12.2.1 Veitransport,EP003,Kullprodukter,EnergibalansenPJ,Energibalansen (PJ),2009,2009,,.
EB120201,12.2.1 Veitransport,EP003,Kullprodukter,EnergibalansenPJ,Energibalansen (PJ),2010,2010,,-
EB120201,12.2.1 Veitransport,EP003,Kullprodukter,EnergibalansenPJ,Energibalansen (PJ),2011,2011,,-
EB120201,12.2.1 Veitransport,EP003,Kullprodukter,EnergibalansenPJ,Energibalansen (PJ),2012,2012,,-
EB120201,12.2.1 Veitransport,EP003,Kullprodukter,EnergibalansenPJ,Energibalansen (PJ),2013,2013,,-
EB120201,12.2.1 Veitransport,EP003,Kullprodukter,EnergibalansenPJ,Energibalansen (PJ),2014,2014,,-
EB120201,12.2.1 Veitransport,EP003,Kullprodukter,EnergibalansenPJ,Energibalansen (PJ),2015,2015,,-
EB120201,12.2.1 Veitransport,EP003,Kullprodukter,EnergibalansenPJ,Energibalansen (PJ),2016,2016,,-
EB120201,12.2.1 Veitransport,EP003,Kullprodukter,EnergibalansenPJ,Energibalansen (PJ),2017,2017,,.
EB120201,12.2.1 Veitransport,EP003,Kullprodukter,EnergibalansenPJ,Energibalansen (PJ),2018,2018,,.
EB120201,12.2.1 Veitransport,EP003,Kullprodukter,EnergibalansenPJ,Energibalansen (PJ),2019,2019,,.
EB120201,12.2.1 Veitransport,EP003,Kullprodukter,EnergibalansenPJ,Energibalansen (PJ),2020,2020,,.
EB120201,12.2.1 Veitransport,EP003,Kullprodukter,EnergibalansenPJ,Energibalansen (PJ),2021,2021,,.
EB120201,12.2.1 Veitransport,EP003,Kullprodukter,EnergibalansenPJ,Energibalansen (PJ),2022,2022,,.
EB120201,12.2.1 Veitransport,EP003,Kullprodukter,EnergibalansenPJ,Energibalansen (PJ),2023,2023,,.
EB120201,12.2.1 Veitransport,EP003,Kullprodukter,EnergibalansenPJ,Energibalansen (PJ),2024,2024,,.
EB120201,12.2.1 Veitransport,EP003,Kullprodukter,EnergibalansenPJ,Energibalansen (PJ),2025,2025,,.
EB120201,12.2.1 Veitransport,EP003,Kullprodukter,EnergibalansenGWh,Energibalansen (GWh),1990,1990,,.
EB120201,12.2.1 Veitransport,EP003,Kullprodukter,EnergibalansenGWh,Energibalansen (GWh),1991,1991,,.
EB120201,12.2.1 Veitransport,EP003,Kullprodukter,EnergibalansenGWh,Energibalansen (GWh),1992,1992,,.
EB120201,12.2.1 Veitransport,EP003,Kullprodukter,EnergibalansenGWh,Energibalansen (GWh),1993,1993,,.
EB120201,12.2.1 Veitransport,EP003,Kullprodukter,EnergibalansenGWh,Energibalansen (GWh),1994,1994,,.
EB120201,12.2.1 Veitransport,EP003,Kullprodukter,EnergibalansenGWh,Energibalansen (GWh),1995,1995,,.
EB120201,12.2.1 Veitransport,EP003,Kullprodukter,EnergibalansenGWh,Energibalansen (GWh),1996,1996,,.
EB120201,12.2.1 Veitransport,EP003,Kullprodukter,EnergibalansenGWh,Energibalansen (GWh),1997,1997,,.
EB120201,12.2.1 Veitransport,EP003,Kullprodukter,EnergibalansenGWh,Energibalansen (GWh),1998,1998,,.
EB120201,12.2.1 Veitransport,EP003,Kullprodukter,EnergibalansenGWh,Energibalansen (GWh),1999,1999,,.
EB120201,12.2.1 Veitransport,EP003,Kullprodukter,EnergibalansenGWh,Energibalansen (GWh),2000,2000,,.
EB120201,12.2.1 Veitransport,EP003,Kullprodukter,EnergibalansenGWh,Energibalansen (GWh),2001,2001,,.
EB120201,12.2.1 Veitransport,EP003,Kullprodukter,EnergibalansenGWh,Energibalansen (GWh),2002,2002,,.
EB120201,12.2.1 Veitransport,EP003,Kullprodukter,EnergibalansenGWh,Energibalansen (GWh),2003,2003,,.
EB120201,12.2.1 Veitransport,EP003,Kullprodukter,EnergibalansenGWh,Energibalansen (GWh),2004,2004,,.
EB120201,12.2.1 Veitransport,EP003,Kullprodukter,EnergibalansenGWh,Energibalansen (GWh),2005,2005,,.
EB120201,12.2.1 Veitransport,EP003,Kullprodukter,EnergibalansenGWh,Energibalansen (GWh),2006,2006,,.
EB120201,12.2.1 Veitransport,EP003,Kullprodukter,EnergibalansenGWh,Energibalansen (GWh),2007,2007,,.
EB120201,12.2.1 Veitransport,EP003,Kullprodukter,EnergibalansenGWh,Energibalansen (GWh),2008,2008,,.
EB120201,12.2.1 Veitransport,EP003,Kullprodukter,EnergibalansenGWh,Energibalansen (GWh),2009,2009,,.
EB120201,12.2.1 Veitransport,EP003,Kullprodukter,EnergibalansenGWh,Energibalansen (GWh),2010,2010,,-
EB120201,12.2.1 Veitransport,EP003,Kullprodukter,EnergibalansenGWh,Energibalansen (GWh),2011,2011,,-
EB120201,12.2.1 Veitransport,EP003,Kullprodukter,EnergibalansenGWh,Energibalansen (GWh),2012,2012,,-
EB120201,12.2.1 Veitransport,EP003,Kullprodukter,EnergibalansenGWh,Energibalansen (GWh),2013,2013,,-
EB120201,12.2.1 Veitransport,EP003,Kullprodukter,EnergibalansenGWh,Energibalansen (GWh),2014,2014,,-
EB120201,12.2.1 Veitransport,EP003,Kullprodukter,EnergibalansenGWh,Energibalansen (GWh),2015,2015,,-
EB120201,12.2.1 Veitransport,EP003,Kullprodukter,EnergibalansenGWh,Energibalansen (GWh),2016,2016,,-
EB120201,12.2.1 Veitransport,EP003,Kullprodukter,EnergibalansenGWh,Energibalansen (GWh),2017,2017,,.
EB120201,12.2.1 Veitransport,EP003,Kullprodukter,EnergibalansenGWh,Energibalansen (GWh),2018,2018,,.
EB120201,12.2.1 Veitransport,EP003,Kullprodukter,EnergibalansenGWh,Energibalansen (GWh),2019,2019,,.
EB120201,12.2.1 Veitransport,EP003,Kullprodukter,EnergibalansenGWh,Energibalansen (GWh),2020,2020,,.
EB120201,12.2.1 Veitransport,EP003,Kullprodukter,EnergibalansenGWh,Energibalansen (GWh),2021,2021,,.
EB120201,12.2.1 Veitransport,EP003,Kullprodukter,EnergibalansenGWh,Energibalansen (GWh),2022,2022,,.
EB120201,12.2.1 Veitransport,EP003,Kullprodukter,EnergibalansenGWh,Energibalansen (GWh),2023,2023,,.
EB120201,12.2.1 Veitransport,EP003,Kullprodukter,EnergibalansenGWh,Energibalansen (GWh),2024,2024,,.
EB120201,12.2.1 Veitransport,EP003,Kullprodukter,EnergibalansenGWh,Energibalansen (GWh),2025,2025,,.
EB120201,12.2.1 Veitransport,EP03,Naturgass,EnergibalansenPJ,Energibalansen (PJ),1990,1990,,.
EB120201,12.2.1 Veitransport,EP03,Naturgass,EnergibalansenPJ,Energibalansen (PJ),1991,1991,,.
EB120201,12.2.1 Veitransport,EP03,Naturgass,EnergibalansenPJ,Energibalansen (PJ),1992,1992,,.
EB120201,12.2.1 Veitransport,EP03,Naturgass,EnergibalansenPJ,Energibalansen (PJ),1993,1993,,.
EB120201,12.2.1 Veitransport,EP03,Naturgass,EnergibalansenPJ,Energibalansen (PJ),1994,1994,,.
EB120201,12.2.1 Veitransport,EP03,Naturgass,EnergibalansenPJ,Energibalansen (PJ),1995,1995,,.
EB120201,12.2.1 Veitransport,EP03,Naturgass,EnergibalansenPJ,Energibalansen (PJ),1996,1996,0.0,
EB120201,12.2.1 Veitransport,EP03,Naturgass,EnergibalansenPJ,Energibalansen (PJ),1997,1997,0.0,
EB120201,12.2.1 Veitransport,EP03,Naturgass,EnergibalansenPJ,Energibalansen (PJ),1998,1998,0.0,
EB120201,12.2.1 Veitransport,EP03,Naturgass,EnergibalansenPJ,Energibalansen (PJ),1999,1999,0.0,
EB120201,12.2.1 Veitransport,EP03,Naturgass,EnergibalansenPJ,Energibalansen (PJ),2000,2000,0.0,
EB120201,12.2.1 Veitransport,EP03,Naturgass,EnergibalansenPJ,Energibalansen (PJ),2001,2001,0.1,
EB120201,12.2.1 Veitransport,EP03,Naturgass,EnergibalansenPJ,Energibalansen (PJ),2002,2002,0.1,
EB120201,12.2.1 Veitransport,EP03,Naturgass,EnergibalansenPJ,Energibalansen (PJ),2003,2003,0.1,
EB120201,12.2.1 Veitransport,EP03,Naturgass,EnergibalansenPJ,Energibalansen (PJ),2004,2004,0.1,
EB120201,12.2.1 Veitransport,EP03,Naturgass,EnergibalansenPJ,Energibalansen (PJ),2005,2005,0.1,
EB120201,12.2.1 Veitransport,EP03,Naturgass,EnergibalansenPJ,Energibalansen (PJ),2006,2006,0.1,
EB120201,12.2.1 Veitransport,EP03,Naturgass,EnergibalansenPJ,Energibalansen (PJ),2007,2007,0.1,
EB120201,12.2.1 Veitransport,EP03,Naturgass,EnergibalansenPJ,Energibalansen (PJ),2008,2008,0.1,
EB120201,12.2.1 Veitransport,EP03,Naturgass,EnergibalansenPJ,Energibalansen (PJ),2009,2009,0.1,
EB120201,12.2.1 Veitransport,EP03,Naturgass,EnergibalansenPJ,Energibalansen (PJ),2010,2010,0.2,
EB120201,12.2.1 Veitransport,EP03,Naturgass,EnergibalansenPJ,Energibalansen (PJ),2011,2011,0.2,
EB120201,12.2.1 Veitransport,EP03,Naturgass,EnergibalansenPJ,Energibalansen (PJ),2012,2012,0.5,
EB120201,12.2.1 Veitransport,EP03,Naturgass,EnergibalansenPJ,Energibalansen (PJ),2013,2013,0.6,
EB120201,12.2.1 Veitransport,EP03,Naturgass,EnergibalansenPJ,Energibalansen (PJ),2014,2014,0.6,
EB120201,12.2.1 Veitransport,EP03,Naturgass,EnergibalansenPJ,Energibalansen (PJ),2015,2015,0.4,
EB120201,12.2.1 Veitransport,EP03,Naturgass,EnergibalansenPJ,Energibalansen (PJ),2016,2016,0.4,
EB120201,12.2.1 Veitransport,EP03,Naturgass,EnergibalansenPJ,Energibalansen (PJ),2017,2017,0.6,
EB120201,12.2.1 Veitransport,EP03,Naturgass,EnergibalansenPJ,Energibalansen (PJ),2018,2018,0.3,
EB120201,12.2.1 Veitransport,EP03,Naturgass,EnergibalansenPJ,Energibalansen (PJ),2019,2019,0.3,
EB120201,12.2.1 Veitransport,EP03,Naturgass,EnergibalansenPJ,Energibalansen (PJ),2020,2020,0.2,
EB120201,12.2.1 Veitransport,EP03,Naturgass,EnergibalansenPJ,Energibalansen (PJ),2021,2021,0.0,
EB120201,12.2.1 Veitransport,EP03,Naturgass,EnergibalansenPJ,Energibalansen (PJ),2022,2022,0.0,
EB120201,12.2.1 Veitransport,EP03,Naturgass,EnergibalansenPJ,Energibalansen (PJ),2023,2023,0.0,
EB120201,12.2.1 Veitransport,EP03,Naturgass,EnergibalansenPJ,Energibalansen (PJ),2024,2024,0.0,
EB120201,12.2.1 Veitransport,EP03,Naturgass,EnergibalansenPJ,Energibalansen (PJ),2025,2025,0.0,
EB120201,12.2.1 Veitransport,EP03,Naturgass,EnergibalansenGWh,Energibalansen (GWh),1990,1990,,.
EB120201,12.2.1 Veitransport,EP03,Naturgass,EnergibalansenGWh,Energibalansen (GWh),1991,1991,,.
EB120201,12.2.1 Veitransport,EP03,Naturgass,EnergibalansenGWh,Energibalansen (GWh),1992,1992,,.
EB120201,12.2.1 Veitransport,EP03,Naturgass,EnergibalansenGWh,Energibalansen (GWh),1993,1993,,.
EB120201,12.2.1 Veitransport,EP03,Naturgass,EnergibalansenGWh,Energibalansen (GWh),1994,1994,,.
EB120201,12.2.1 Veitransport,EP03,Naturgass,EnergibalansenGWh,Energibalansen (GWh),1995,1995,,.
EB120201,12.2.1 Veitransport,EP03,Naturgass,EnergibalansenGWh,Energibalansen (GWh),1996,1996,0.0,
EB120201,12.2.1 Veitransport,EP03,Naturgass,EnergibalansenGWh,Energibalansen (GWh),1997,1997,2.0,
EB120201,12.2.1 Veitransport,EP03,Naturgass,EnergibalansenGWh,Energibalansen (GWh),1998,1998,2.0,
EB120201,12.2.1 Veitransport,EP03,Naturgass,EnergibalansenGWh,Energibalansen (GWh),1999,1999,3.0,
EB120201,12.2.1 Veitransport,EP03,Naturgass,EnergibalansenGWh,Energibalansen (GWh),2000,2000,6.0,
EB120201,12.2.1 Veitransport,EP03,Naturgass,EnergibalansenGWh,Energibalansen (GWh),2001,2001,15.0,
EB120201,12.2.1 Veitransport,EP03,Naturgass,EnergibalansenGWh,Energibalansen (GWh),2002,2002,20.0,
EB120201,12.2.1 Veitransport,EP03,Naturgass,EnergibalansenGWh,Energibalansen (GWh),2003,2003,28.0,
EB120201,12.2.1 Veitransport,EP03,Naturgass,EnergibalansenGWh,Energibalansen (GWh),2004,2004,27.0,
EB120201,12.2.1 Veitransport,EP03,Naturgass,EnergibalansenGWh,Energibalansen (GWh),2005,2005,19.0,
EB120201,12.2.1 Veitransport,EP03,Naturgass,EnergibalansenGWh,Energibalansen (GWh),2006,2006,30.0,
EB120201,12.2.1 Veitransport,EP03,Naturgass,EnergibalansenGWh,Energibalansen (GWh),2007,2007,30.0,
EB120201,12.2.1 Veitransport,EP03,Naturgass,EnergibalansenGWh,Energibalansen (GWh),2008,2008,38.0,
EB120201,12.2.1 Veitransport,EP03,Naturgass,EnergibalansenGWh,Energibalansen (GWh),2009,2009,40.0,
EB120201,12.2.1 Veitransport,EP03,Naturgass,EnergibalansenGWh,Energibalansen (GWh),2010,2010,52.0,
EB120201,12.2.1 Veitransport,EP03,Naturgass,EnergibalansenGWh,Energibalansen (GWh),2011,2011,59.0,
EB120201,12.2.1 Veitransport,EP03,Naturgass,EnergibalansenGWh,Energibalansen (GWh),2012,2012,135.0,
EB120201,12.2.1 Veitransport,EP03,Naturgass,EnergibalansenGWh,Energibalansen (GWh),2013,2013,163.0,
EB120201,12.2.1 Veitransport,EP03,Naturgass,EnergibalansenGWh,Energibalansen (GWh),2014,2014,170.0,
EB120201,12.2.1 Veitransport,EP03,Naturgass,EnergibalansenGWh,Energibalansen (GWh),2015,2015,120.0,
EB120201,12.2.1 Veitransport,EP03,Naturgass,EnergibalansenGWh,Energibalansen (GWh),2016,2016,124.0,
EB120201,12.2.1 Veitransport,EP03,Naturgass,EnergibalansenGWh,Energibalansen (GWh),2017,2017,153.0,
EB120201,12.2.1 Veitransport,EP03,Naturgass,EnergibalansenGWh,Energibalansen (GWh),2018,2018,80.0,
EB120201,12.2.1 Veitransport,EP03,Naturgass,EnergibalansenGWh,Energibalansen (GWh),2019,2019,93.0,
EB120201,12.2.1 Veitransport,EP03,Naturgass,EnergibalansenGWh,Energibalansen (GWh),2020,2020,43.0,
EB120201,12.2.1 Veitransport,EP03,Naturgass,EnergibalansenGWh,Energibalansen (GWh),2021,2021,6.0,
EB120201,12.2.1 Veitransport,EP03,Naturgass,EnergibalansenGWh,Energibalansen (GWh),2022,2022,2.0,
EB120201,12.2.1 Veitransport,EP03,Naturgass,EnergibalansenGWh,Energibalansen (GWh),2023,2023,10.0,
EB120201,12.2.1 Veitransport,EP03,Naturgass,EnergibalansenGWh,Energibalansen (GWh),2024,2024,5.0,
EB120201,12.2.1 Veitransport,EP03,Naturgass,EnergibalansenGWh,Energibalansen (GWh),2025,2025,1.0,
EB120201,12.2.1 Veitransport,EP030,Naturgass,EnergibalansenPJ,Energibalansen (PJ),1990,1990,,.
EB120201,12.2.1 Veitransport,EP030,Naturgass,EnergibalansenPJ,Energibalansen (PJ),1991,1991,,.
EB120201,12.2.1 Veitransport,EP030,Naturgass,EnergibalansenPJ,Energibalansen (PJ),1992,1992,,.
EB120201,12.2.1 Veitransport,EP030,Naturgass,EnergibalansenPJ,Energibalansen (PJ),1993,1993,,.
EB120201,12.2.1 Veitransport,EP030,Naturgass,EnergibalansenPJ,Energibalansen (PJ),1994,1994,,.
EB120201,12.2.1 Veitransport,EP030,Naturgass,EnergibalansenPJ,Energibalansen (PJ),1995,1995,,.
EB120201,12.2.1 Veitransport,EP030,Naturgass,EnergibalansenPJ,Energibalansen (PJ),1996,1996,0.0,
EB120201,12.2.1 Veitransport,EP030,Naturgass,EnergibalansenPJ,Energibalansen (PJ),1997,1997,0.0,
EB120201,12.2.1 Veitransport,EP030,Naturgass,EnergibalansenPJ,Energibalansen (PJ),1998,1998,0.0,
EB120201,12.2.1 Veitransport,EP030,Naturgass,EnergibalansenPJ,Energibalansen (PJ),1999,1999,0.0,
EB120201,12.2.1 Veitransport,EP030,Naturgass,EnergibalansenPJ,Energibalansen (PJ),2000,2000,0.0,
EB120201,12.2.1 Veitransport,EP030,Naturgass,EnergibalansenPJ,Energibalansen (PJ),2001,2001,0.1,
EB120201,12.2.1 Veitransport,EP030,Naturgass,EnergibalansenPJ,Energibalansen (PJ),2002,2002,0.1,
EB120201,12.2.1 Veitransport,EP030,Naturgass,EnergibalansenPJ,Energibalansen (PJ),2003,2003,0.1,
EB120201,12.2.1 Veitransport,EP030,Naturgass,EnergibalansenPJ,Energibalansen (PJ),2004,2004,0.1,
EB120201,12.2.1 Veitransport,EP030,Naturgass,EnergibalansenPJ,Energibalansen (PJ),2005,2005,0.1,
EB120201,12.2.1 Veitransport,EP030,Naturgass,EnergibalansenPJ,Energibalansen (PJ),2006,2006,0.1,
EB120201,12.2.1 Veitransport,EP030,Naturgass,EnergibalansenPJ,Energibalansen (PJ),2007,2007,0.1,
EB120201,12.2.1 Veitransport,EP030,Naturgass,EnergibalansenPJ,Energibalansen (PJ),2008,2008,0.1,
EB120201,12.2.1 Veitransport,EP030,Naturgass,EnergibalansenPJ,Energibalansen (PJ),2009,2009,0.1,
EB120201,12.2.1 Veitransport,EP030,Naturgass,EnergibalansenPJ,Energibalansen (PJ),2010,2010,0.2,
EB120201,12.2.1 Veitransport,EP030,Naturgass,EnergibalansenPJ,Energibalansen (PJ),2011,2011,0.2,
EB120201,12.2.1 Veitransport,EP030,Naturgass,EnergibalansenPJ,Energibalansen (PJ),2012,2012,0.5,
EB120201,12.2.1 Veitransport,EP030,Naturgass,EnergibalansenPJ,Energibalansen (PJ),2013,2013,0.6,
EB120201,12.2.1 Veitransport,EP030,Naturgass,EnergibalansenPJ,Energibalansen (PJ),2014,2014,0.6,
EB120201,12.2.1 Veitransport,EP030,Naturgass,EnergibalansenPJ,Energibalansen (PJ),2015,2015,0.4,
EB120201,12.2.1 Veitransport,EP030,Naturgass,EnergibalansenPJ,Energibalansen (PJ),2016,2016,0.4,
EB120201,12.2.1 Veitransport,EP030,Naturgass,EnergibalansenPJ,Energibalansen (PJ),2017,2017,0.6,
EB120201,12.2.1 Veitransport,EP030,Naturgass,EnergibalansenPJ,Energibalansen (PJ),2018,2018,0.3,
EB120201,12.2.1 Veitransport,EP030,Naturgass,EnergibalansenPJ,Energibalansen (PJ),2019,2019,0.3,
EB120201,12.2.1 Veitransport,EP030,Naturgass,EnergibalansenPJ,Energibalansen (PJ),2020,2020,0.2,
EB120201,12.2.1 Veitransport,EP030,Naturgass,EnergibalansenPJ,Energibalansen (PJ),2021,2021,0.0,
EB120201,12.2.1 Veitransport,EP030,Naturgass,EnergibalansenPJ,Energibalansen (PJ),2022,2022,0.0,
EB120201,12.2.1 Veitransport,EP030,Naturgass,EnergibalansenPJ,Energibalansen (PJ),2023,2023,0.0,
EB120201,12.2.1 Veitransport,EP030,Naturgass,EnergibalansenPJ,Energibalansen (PJ),2024,2024,0.0,
EB120201,12.2.1 Veitransport,EP030,Naturgass,EnergibalansenPJ,Energibalansen (PJ),2025,2025,0.0,
EB120201,12.2.1 Veitransport,EP030,Naturgass,EnergibalansenGWh,Energibalansen (GWh),1990,1990,,.
EB120201,12.2.1 Veitransport,EP030,Naturgass,EnergibalansenGWh,Energibalansen (GWh),1991,1991,,.
EB120201,12.2.1 Veitransport,EP030,Naturgass,EnergibalansenGWh,Energibalansen (GWh),1992,1992,,.
EB120201,12.2.1 Veitransport,EP030,Naturgass,EnergibalansenGWh,Energibalansen (GWh),1993,1993,,.
EB120201,12.2.1 Veitransport,EP030,Naturgass,EnergibalansenGWh,Energibalansen (GWh),1994,1994,,.
EB120201,12.2.1 Veitransport,EP030,Naturgass,EnergibalansenGWh,Energibalansen (GWh),1995,1995,,.
EB120201,12.2.1 Veitransport,EP030,Naturgass,EnergibalansenGWh,Energibalansen (GWh),1996,1996,0.0,
EB120201,12.2.1 Veitransport,EP030,Naturgass,EnergibalansenGWh,Energibalansen (GWh),1997,1997,2.0,
EB120201,12.2.1 Veitransport,EP030,Naturgass,EnergibalansenGWh,Energibalansen (GWh),1998,1998,2.0,
EB120201,12.2.1 Veitransport,EP030,Naturgass,EnergibalansenGWh,Energibalansen (GWh),1999,1999,3.0,
EB120201,12.2.1 Veitransport,EP030,Naturgass,EnergibalansenGWh,Energibalansen (GWh),2000,2000,6.0,
EB120201,12.2.1 Veitransport,EP030,Naturgass,EnergibalansenGWh,Energibalansen (GWh),2001,2001,15.0,
EB120201,12.2.1 Veitransport,EP030,Naturgass,EnergibalansenGWh,Energibalansen (GWh),2002,2002,20.0,
EB120201,12.2.1 Veitransport,EP030,Naturgass,EnergibalansenGWh,Energibalansen (GWh),2003,2003,28.0,
EB120201,12.2.1 Veitransport,EP030,Naturgass,EnergibalansenGWh,Energibalansen (GWh),2004,2004,27.0,
EB120201,12.2.1 Veitransport,EP030,Naturgass,EnergibalansenGWh,Energibalansen (GWh),2005,2005,19.0,
EB120201,12.2.1 Veitransport,EP030,Naturgass,EnergibalansenGWh,Energibalansen (GWh),2006,2006,30.0,
EB120201,12.2.1 Veitransport,EP030,Naturgass,EnergibalansenGWh,Energibalansen (GWh),2007,2007,30.0,
EB120201,12.2.1 Veitransport,EP030,Naturgass,EnergibalansenGWh,Energibalansen (GWh),2008,2008,38.0,
EB120201,12.2.1 Veitransport,EP030,Naturgass,EnergibalansenGWh,Energibalansen (GWh),2009,2009,40.0,
EB120201,12.2.1 Veitransport,EP030,Naturgass,EnergibalansenGWh,Energibalansen (GWh),2010,2010,52.0,
EB120201,12.2.1 Veitransport,EP030,Naturgass,EnergibalansenGWh,Energibalansen (GWh),2011,2011,59.0,
EB120201,12.2.1 Veitransport,EP030,Naturgass,EnergibalansenGWh,Energibalansen (GWh),2012,2012,135.0,
EB120201,12.2.1 Veitransport,EP030,Naturgass,EnergibalansenGWh,Energibalansen (GWh),2013,2013,163.0,
EB120201,12.2.1 Veitransport,EP030,Naturgass,EnergibalansenGWh,Energibalansen (GWh),2014,2014,170.0,
EB120201,12.2.1 Veitransport,EP030,Naturgass,EnergibalansenGWh,Energibalansen (GWh),2015,2015,120.0,
EB120201,12.2.1 Veitransport,EP030,Naturgass,EnergibalansenGWh,Energibalansen (GWh),2016,2016,124.0,
EB120201,12.2.1 Veitransport,EP030,Naturgass,EnergibalansenGWh,Energibalansen (GWh),2017,2017,153.0,
EB120201,12.2.1 Veitransport,EP030,Naturgass,EnergibalansenGWh,Energibalansen (GWh),2018,2018,80.0,
EB120201,12.2.1 Veitransport,EP030,Naturgass,EnergibalansenGWh,Energibalansen (GWh),2019,2019,93.0,
EB120201,12.2.1 Veitransport,EP030,Naturgass,EnergibalansenGWh,Energibalansen (GWh),2020,2020,43.0,
EB120201,12.2.1 Veitransport,EP030,Naturgass,EnergibalansenGWh,Energibalansen (GWh),2021,2021,6.0,
EB120201,12.2.1 Veitransport,EP030,Naturgass,EnergibalansenGWh,Energibalansen (GWh),2022,2022,2.0,
EB120201,12.2.1 Veitransport,EP030,Naturgass,EnergibalansenGWh,Energibalansen (GWh),2023,2023,10.0,
EB120201,12.2.1 Veitransport,EP030,Naturgass,EnergibalansenGWh,Energibalansen (GWh),2024,2024,5.0,
EB120201,12.2.1 Veitransport,EP030,Naturgass,EnergibalansenGWh,Energibalansen (GWh),2025,2025,1.0,
EB120201,12.2.1 Veitransport,EP041,Råolje,EnergibalansenPJ,Energibalansen (PJ),1990,1990,,.
EB120201,12.2.1 Veitransport,EP041,Råolje,EnergibalansenPJ,Energibalansen (PJ),1991,1991,,.
EB120201,12.2.1 Veitransport,EP041,Råolje,EnergibalansenPJ,Energibalansen (PJ),1992,1992,,.
EB120201,12.2.1 Veitransport,EP041,Råolje,EnergibalansenPJ,Energibalansen (PJ),1993,1993,,.
EB120201,12.2.1 Veitransport,EP041,Råolje,EnergibalansenPJ,Energibalansen (PJ),1994,1994,,.
EB120201,12.2.1 Veitransport,EP041,Råolje,EnergibalansenPJ,Energibalansen (PJ),1995,1995,,.
EB120201,12.2.1 Veitransport,EP041,Råolje,EnergibalansenPJ,Energibalansen (PJ),1996,1996,,.
EB120201,12.2.1 Veitransport,EP041,Råolje,EnergibalansenPJ,Energibalansen (PJ),1997,1997,,.
EB120201,12.2.1 Veitransport,EP041,Råolje,EnergibalansenPJ,Energibalansen (PJ),1998,1998,,.
EB120201,12.2.1 Veitransport,EP041,Råolje,EnergibalansenPJ,Energibalansen (PJ),1999,1999,,.
EB120201,12.2.1 Veitransport,EP041,Råolje,EnergibalansenPJ,Energibalansen (PJ),2000,2000,,.
EB120201,12.2.1 Veitransport,EP041,Råolje,EnergibalansenPJ,Energibalansen (PJ),2001,2001,,.
EB120201,12.2.1 Veitransport,EP041,Råolje,EnergibalansenPJ,Energibalansen (PJ),2002,2002,,.
EB120201,12.2.1 Veitransport,EP041,Råolje,EnergibalansenPJ,Energibalansen (PJ),2003,2003,,.
EB120201,12.2.1 Veitransport,EP041,Råolje,EnergibalansenPJ,Energibalansen (PJ),2004,2004,,.
EB120201,12.2.1 Veitransport,EP041,Råolje,EnergibalansenPJ,Energibalansen (PJ),2005,2005,,.
EB120201,12.2.1 Veitransport,EP041,Råolje,EnergibalansenPJ,Energibalansen (PJ),2006,2006,,.
EB120201,12.2.1 Veitransport,EP041,Råolje,EnergibalansenPJ,Energibalansen (PJ),2007,2007,,.
EB120201,12.2.1 Veitransport,EP041,Råolje,EnergibalansenPJ,Energibalansen (PJ),2008,2008,,.
EB120201,12.2.1 Veitransport,EP041,Råolje,EnergibalansenPJ,Energibalansen (PJ),2009,2009,,.
EB120201,12.2.1 Veitransport,EP041,Råolje,EnergibalansenPJ,Energibalansen (PJ),2010,2010,,-
EB120201,12.2.1 Veitransport,EP041,Råolje,EnergibalansenPJ,Energibalansen (PJ),2011,2011,,-
EB120201,12.2.1 Veitransport,EP041,Råolje,EnergibalansenPJ,Energibalansen (PJ),2012,2012,,-
EB120201,12.2.1 Veitransport,EP041,Råolje,EnergibalansenPJ,Energibalansen (PJ),2013,2013,,-
EB120201,12.2.1 Veitransport,EP041,Råolje,EnergibalansenPJ,Energibalansen (PJ),2014,2014,,-
EB120201,12.2.1 Veitransport,EP041,Råolje,EnergibalansenPJ,Energibalansen (PJ),2015,2015,,-
EB120201,12.2.1 Veitransport,EP041,Råolje,EnergibalansenPJ,Energibalansen (PJ),2016,2016,,-
EB120201,12.2.1 Veitransport,EP041,Råolje,EnergibalansenPJ,Energibalansen (PJ),2017,2017,,.
EB120201,12.2.1 Veitransport,EP041,Råolje,EnergibalansenPJ,Energibalansen (PJ),2018,2018,,.
EB120201,12.2.1 Veitransport,EP041,Råolje,EnergibalansenPJ,Energibalansen (PJ),2019,2019,,.
EB120201,12.2.1 Veitransport,EP041,Råolje,EnergibalansenPJ,Energibalansen (PJ),2020,2020,,.
EB120201,12.2.1 Veitransport,EP041,Råolje,EnergibalansenPJ,Energibalansen (PJ),2021,2021,,.
EB120201,12.2.1 Veitransport,EP041,Råolje,EnergibalansenPJ,Energibalansen (PJ),2022,2022,,.
EB120201,12.2.1 Veitransport,EP041,Råolje,EnergibalansenPJ,Energibalansen (PJ),2023,2023,,.
EB120201,12.2.1 Veitransport,EP041,Råolje,EnergibalansenPJ,Energibalansen (PJ),2024,2024,,.
EB120201,12.2.1 Veitransport,EP041,Råolje,EnergibalansenPJ,Energibalansen (PJ),2025,2025,,.
EB120201,12.2.1 Veitransport,EP041,Råolje,EnergibalansenGWh,Energibalansen (GWh),1990,1990,,.
EB120201,12.2.1 Veitransport,EP041,Råolje,EnergibalansenGWh,Energibalansen (GWh),1991,1991,,.
EB120201,12.2.1 Veitransport,EP041,Råolje,EnergibalansenGWh,Energibalansen (GWh),1992,1992,,.
EB120201,12.2.1 Veitransport,EP041,Råolje,EnergibalansenGWh,Energibalansen (GWh),1993,1993,,.
EB120201,12.2.1 Veitransport,EP041,Råolje,EnergibalansenGWh,Energibalansen (GWh),1994,1994,,.
EB120201,12.2.1 Veitransport,EP041,Råolje,EnergibalansenGWh,Energibalansen (GWh),1995,1995,,.
EB120201,12.2.1 Veitransport,EP041,Råolje,EnergibalansenGWh,Energibalansen (GWh),1996,1996,,.
EB120201,12.2.1 Veitransport,EP041,Råolje,EnergibalansenGWh,Energibalansen (GWh),1997,1997,,.
EB120201,12.2.1 Veitransport,EP041,Råolje,EnergibalansenGWh,Energibalansen (GWh),1998,1998,,.
EB120201,12.2.1 Veitransport,EP041,Råolje,EnergibalansenGWh,Energibalansen (GWh),1999,1999,,.
EB120201,12.2.1 Veitransport,EP041,Råolje,EnergibalansenGWh,Energibalansen (GWh),2000,2000,,.
EB120201,12.2.1 Veitransport,EP041,Råolje,EnergibalansenGWh,Energibalansen (GWh),2001,2001,,.
EB120201,12.2.1 Veitransport,EP041,Råolje,EnergibalansenGWh,Energibalansen (GWh),2002,2002,,.
EB120201,12.2.1 Veitransport,EP041,Råolje,EnergibalansenGWh,Energibalansen (GWh),2003,2003,,.
EB120201,12.2.1 Veitransport,EP041,Råolje,EnergibalansenGWh,Energibalansen (GWh),2004,2004,,.
EB120201,12.2.1 Veitransport,EP041,Råolje,EnergibalansenGWh,Energibalansen (GWh),2005,2005,,.
EB120201,12.2.1 Veitransport,EP041,Råolje,EnergibalansenGWh,Energibalansen (GWh),2006,2006,,.
EB120201,12.2.1 Veitransport,EP041,Råolje,EnergibalansenGWh,Energibalansen (GWh),2007,2007,,.
EB120201,12.2.1 Veitransport,EP041,Råolje,EnergibalansenGWh,Energibalansen (GWh),2008,2008,,.
EB120201,12.2.1 Veitransport,EP041,Råolje,EnergibalansenGWh,Energibalansen (GWh),2009,2009,,.
EB120201,12.2.1 Veitransport,EP041,Råolje,EnergibalansenGWh,Energibalansen (GWh),2010,2010,,-
EB120201,12.2.1 Veitransport,EP041,Råolje,EnergibalansenGWh,Energibalansen (GWh),2011,2011,,-
EB120201,12.2.1 Veitransport,EP041,Råolje,EnergibalansenGWh,Energibalansen (GWh),2012,2012,,-
EB120201,12.2.1 Veitransport,EP041,Råolje,EnergibalansenGWh,Energibalansen (GWh),2013,2013,,-
EB120201,12.2.1 Veitransport,EP041,Råolje,EnergibalansenGWh,Energibalansen (GWh),2014,2014,,-
EB120201,12.2.1 Veitransport,EP041,Råolje,EnergibalansenGWh,Energibalansen (GWh),2015,2015,,-
EB120201,12.2.1 Veitransport,EP041,Råolje,EnergibalansenGWh,Energibalansen (GWh),2016,2016,,-
EB120201,12.2.1 Veitransport,EP041,Råolje,EnergibalansenGWh,Energibalansen (GWh),2017,2017,,.
EB120201,12.2.1 Veitransport,EP041,Råolje,EnergibalansenGWh,Energibalansen (GWh),2018,2018,,.
EB120201,12.2.1 Veitransport,EP041,Råolje,EnergibalansenGWh,Energibalansen (GWh),2019,2019,,.
EB120201,12.2.1 Veitransport,EP041,Råolje,EnergibalansenGWh,Energibalansen (GWh),2020,2020,,.
EB120201,12.2.1 Veitransport,EP041,Råolje,EnergibalansenGWh,Energibalansen (GWh),2021,2021,,.
EB120201,12.2.1 Veitransport,EP041,Råolje,EnergibalansenGWh,Energibalansen (GWh),2022,2022,,.
EB120201,12.2.1 Veitransport,EP041,Råolje,EnergibalansenGWh,Energibalansen (GWh),2023,2023,,.
EB120201,12.2.1 Veitransport,EP041,Råolje,EnergibalansenGWh,Energibalansen (GWh),2024,2024,,.
EB120201,12.2.1 Veitransport,EP041,Råolje,EnergibalansenGWh,Energibalansen (GWh),2025,2025,,.
EB120201,12.2.1 Veitransport,EP042,NGL,EnergibalansenPJ,Energibalansen (PJ),1990,1990,,.
EB120201,12.2.1 Veitransport,EP042,NGL,EnergibalansenPJ,Energibalansen (PJ),1991,1991,,.
EB120201,12.2.1 Veitransport,EP042,NGL,EnergibalansenPJ,Energibalansen (PJ),1992,1992,,.
EB120201,12.2.1 Veitransport,EP042,NGL,EnergibalansenPJ,Energibalansen (PJ),1993,1993,,.
EB120201,12.2.1 Veitransport,EP042,NGL,EnergibalansenPJ,Energibalansen (PJ),1994,1994,,.
EB120201,12.2.1 Veitransport,EP042,NGL,EnergibalansenPJ,Energibalansen (PJ),1995,1995,,.
EB120201,12.2.1 Veitransport,EP042,NGL,EnergibalansenPJ,Energibalansen (PJ),1996,1996,,.
EB120201,12.2.1 Veitransport,EP042,NGL,EnergibalansenPJ,Energibalansen (PJ),1997,1997,,.
EB120201,12.2.1 Veitransport,EP042,NGL,EnergibalansenPJ,Energibalansen (PJ),1998,1998,,.
EB120201,12.2.1 Veitransport,EP042,NGL,EnergibalansenPJ,Energibalansen (PJ),1999,1999,,.
EB120201,12.2.1 Veitransport,EP042,NGL,EnergibalansenPJ,Energibalansen (PJ),2000,2000,,.
EB120201,12.2.1 Veitransport,EP042,NGL,EnergibalansenPJ,Energibalansen (PJ),2001,2001,,.
EB120201,12.2.1 Veitransport,EP042,NGL,EnergibalansenPJ,Energibalansen (PJ),2002,2002,,.
EB120201,12.2.1 Veitransport,EP042,NGL,EnergibalansenPJ,Energibalansen (PJ),2003,2003,,.
EB120201,12.2.1 Veitransport,EP042,NGL,EnergibalansenPJ,Energibalansen (PJ),2004,2004,,.
EB120201,12.2.1 Veitransport,EP042,NGL,EnergibalansenPJ,Energibalansen (PJ),2005,2005,,.
EB120201,12.2.1 Veitransport,EP042,NGL,EnergibalansenPJ,Energibalansen (PJ),2006,2006,,.
EB120201,12.2.1 Veitransport,EP042,NGL,EnergibalansenPJ,Energibalansen (PJ),2007,2007,,.
EB120201,12.2.1 Veitransport,EP042,NGL,EnergibalansenPJ,Energibalansen (PJ),2008,2008,,.
EB120201,12.2.1 Veitransport,EP042,NGL,EnergibalansenPJ,Energibalansen (PJ),2009,2009,,.
EB120201,12.2.1 Veitransport,EP042,NGL,EnergibalansenPJ,Energibalansen (PJ),2010,2010,,-
EB120201,12.2.1 Veitransport,EP042,NGL,EnergibalansenPJ,Energibalansen (PJ),2011,2011,,-
EB120201,12.2.1 Veitransport,EP042,NGL,EnergibalansenPJ,Energibalansen (PJ),2012,2012,,-
EB120201,12.2.1 Veitransport,EP042,NGL,EnergibalansenPJ,Energibalansen (PJ),2013,2013,,-
EB120201,12.2.1 Veitransport,EP042,NGL,EnergibalansenPJ,Energibalansen (PJ),2014,2014,,-
EB120201,12.2.1 Veitransport,EP042,NGL,EnergibalansenPJ,Energibalansen (PJ),2015,2015,,-
EB120201,12.2.1 Veitransport,EP042,NGL,EnergibalansenPJ,Energibalansen (PJ),2016,2016,,-
EB120201,12.2.1 Veitransport,EP042,NGL,EnergibalansenPJ,Energibalansen (PJ),2017,2017,,.
EB120201,12.2.1 Veitransport,EP042,NGL,EnergibalansenPJ,Energibalansen (PJ),2018,2018,,.
EB120201,12.2.1 Veitransport,EP042,NGL,EnergibalansenPJ,Energibalansen (PJ),2019,2019,,.
EB120201,12.2.1 Veitransport,EP042,NGL,EnergibalansenPJ,Energibalansen (PJ),2020,2020,,.
EB120201,12.2.1 Veitransport,EP042,NGL,EnergibalansenPJ,Energibalansen (PJ),2021,2021,,.
EB120201,12.2.1 Veitransport,EP042,NGL,EnergibalansenPJ,Energibalansen (PJ),2022,2022,,.
EB120201,12.2.1 Veitransport,EP042,NGL,EnergibalansenPJ,Energibalansen (PJ),2023,2023,,.
EB120201,12.2.1 Veitransport,EP042,NGL,EnergibalansenPJ,Energibalansen (PJ),2024,2024,,.
EB120201,12.2.1 Veitransport,EP042,NGL,EnergibalansenPJ,Energibalansen (PJ),2025,2025,,.
EB120201,12.2.1 Veitransport,EP042,NGL,EnergibalansenGWh,Energibalansen (GWh),1990,1990,,.
EB120201,12.2.1 Veitransport,EP042,NGL,EnergibalansenGWh,Energibalansen (GWh),1991,1991,,.
EB120201,12.2.1 Veitransport,EP042,NGL,EnergibalansenGWh,Energibalansen (GWh),1992,1992,,.
EB120201,12.2.1 Veitransport,EP042,NGL,EnergibalansenGWh,Energibalansen (GWh),1993,1993,,.
EB120201,12.2.1 Veitransport,EP042,NGL,EnergibalansenGWh,Energibalansen (GWh),1994,1994,,.
EB120201,12.2.1 Veitransport,EP042,NGL,EnergibalansenGWh,Energibalansen (GWh),1995,1995,,.
EB120201,12.2.1 Veitransport,EP042,NGL,EnergibalansenGWh,Energibalansen (GWh),1996,1996,,.
EB120201,12.2.1 Veitransport,EP042,NGL,EnergibalansenGWh,Energibalansen (GWh),1997,1997,,.
EB120201,12.2.1 Veitransport,EP042,NGL,EnergibalansenGWh,Energibalansen (GWh),1998,1998,,.
EB120201,12.2.1 Veitransport,EP042,NGL,EnergibalansenGWh,Energibalansen (GWh),1999,1999,,.
EB120201,12.2.1 Veitransport,EP042,NGL,EnergibalansenGWh,Energibalansen (GWh),2000,2000,,.
EB120201,12.2.1 Veitransport,EP042,NGL,EnergibalansenGWh,Energibalansen (GWh),2001,2001,,.
EB120201,12.2.1 Veitransport,EP042,NGL,EnergibalansenGWh,Energibalansen (GWh),2002,2002,,.
EB120201,12.2.1 Veitransport,EP042,NGL,EnergibalansenGWh,Energibalansen (GWh),2003,2003,,.
EB120201,12.2.1 Veitransport,EP042,NGL,EnergibalansenGWh,Energibalansen (GWh),2004,2004,,.
EB120201,12.2.1 Veitransport,EP042,NGL,EnergibalansenGWh,Energibalansen (GWh),2005,2005,,.
EB120201,12.2.1 Veitransport,EP042,NGL,EnergibalansenGWh,Energibalansen (GWh),2006,2006,,.
EB120201,12.2.1 Veitransport,EP042,NGL,EnergibalansenGWh,Energibalansen (GWh),2007,2007,,.
EB120201,12.2.1 Veitransport,EP042,NGL,EnergibalansenGWh,Energibalansen (GWh),2008,2008,,.
EB120201,12.2.1 Veitransport,EP042,NGL,EnergibalansenGWh,Energibalansen (GWh),2009,2009,,.
EB120201,12.2.1 Veitransport,EP042,NGL,EnergibalansenGWh,Energibalansen (GWh),2010,2010,,-
EB120201,12.2.1 Veitransport,EP042,NGL,EnergibalansenGWh,Energibalansen (GWh),2011,2011,,-
EB120201,12.2.1 Veitransport,EP042,NGL,EnergibalansenGWh,Energibalansen (GWh),2012,2012,,-
EB120201,12.2.1 Veitransport,EP042,NGL,EnergibalansenGWh,Energibalansen (GWh),2013,2013,,-
EB120201,12.2.1 Veitransport,EP042,NGL,EnergibalansenGWh,Energibalansen (GWh),2014,2014,,-
EB120201,12.2.1 Veitransport,EP042,NGL,EnergibalansenGWh,Energibalansen (GWh),2015,2015,,-
EB120201,12.2.1 Veitransport,EP042,NGL,EnergibalansenGWh,Energibalansen (GWh),2016,2016,,-
EB120201,12.2.1 Veitransport,EP042,NGL,EnergibalansenGWh,Energibalansen (GWh),2017,2017,,.
EB120201,12.2.1 Veitransport,EP042,NGL,EnergibalansenGWh,Energibalansen (GWh),2018,2018,,.
EB120201,12.2.1 Veitransport,EP042,NGL,EnergibalansenGWh,Energibalansen (GWh),2019,2019,,.
EB120201,12.2.1 Veitransport,EP042,NGL,EnergibalansenGWh,Energibalansen (GWh),2020,2020,,.
EB120201,12.2.1 Veitransport,EP042,NGL,EnergibalansenGWh,Energibalansen (GWh),2021,2021,,.
EB120201,12.2.1 Veitransport,EP042,NGL,EnergibalansenGWh,Energibalansen (GWh),2022,2022,,.
EB120201,12.2.1 Veitransport,EP042,NGL,EnergibalansenGWh,Energibalansen (GWh),2023,2023,,.
EB120201,12.2.1 Veitransport,EP042,NGL,EnergibalansenGWh,Energibalansen (GWh),2024,2024,,.
EB120201,12.2.1 Veitransport,EP042,NGL,EnergibalansenGWh,Energibalansen (GWh),2025,2025,,.
EB120201,12.2.1 Veitransport,EP0462-0463,LPG og etan,EnergibalansenPJ,Energibalansen (PJ),1990,1990,,.
EB120201,12.2.1 Veitransport,EP0462-0463,LPG og etan,EnergibalansenPJ,Energibalansen (PJ),1991,1991,,.
EB120201,12.2.1 Veitransport,EP0462-0463,LPG og etan,EnergibalansenPJ,Energibalansen (PJ),1992,1992,,.
EB120201,12.2.1 Veitransport,EP0462-0463,LPG og etan,EnergibalansenPJ,Energibalansen (PJ),1993,1993,,.
EB120201,12.2.1 Veitransport,EP0462-0463,LPG og etan,EnergibalansenPJ,Energibalansen (PJ),1994,1994,,.
EB120201,12.2.1 Veitransport,EP0462-0463,LPG og etan,EnergibalansenPJ,Energibalansen (PJ),1995,1995,,.
EB120201,12.2.1 Veitransport,EP0462-0463,LPG og etan,EnergibalansenPJ,Energibalansen (PJ),1996,1996,,.
EB120201,12.2.1 Veitransport,EP0462-0463,LPG og etan,EnergibalansenPJ,Energibalansen (PJ),1997,1997,,.
EB120201,12.2.1 Veitransport,EP0462-0463,LPG og etan,EnergibalansenPJ,Energibalansen (PJ),1998,1998,,.
EB120201,12.2.1 Veitransport,EP0462-0463,LPG og etan,EnergibalansenPJ,Energibalansen (PJ),1999,1999,,.
EB120201,12.2.1 Veitransport,EP0462-0463,LPG og etan,EnergibalansenPJ,Energibalansen (PJ),2000,2000,,.
EB120201,12.2.1 Veitransport,EP0462-0463,LPG og etan,EnergibalansenPJ,Energibalansen (PJ),2001,2001,,.
EB120201,12.2.1 Veitransport,EP0462-0463,LPG og etan,EnergibalansenPJ,Energibalansen (PJ),2002,2002,0.1,
EB120201,12.2.1 Veitransport,EP0462-0463,LPG og etan,EnergibalansenPJ,Energibalansen (PJ),2003,2003,0.1,
EB120201,12.2.1 Veitransport,EP0462-0463,LPG og etan,EnergibalansenPJ,Energibalansen (PJ),2004,2004,0.2,
EB120201,12.2.1 Veitransport,EP0462-0463,LPG og etan,EnergibalansenPJ,Energibalansen (PJ),2005,2005,0.1,
EB120201,12.2.1 Veitransport,EP0462-0463,LPG og etan,EnergibalansenPJ,Energibalansen (PJ),2006,2006,0.1,
EB120201,12.2.1 Veitransport,EP0462-0463,LPG og etan,EnergibalansenPJ,Energibalansen (PJ),2007,2007,0.2,
EB120201,12.2.1 Veitransport,EP0462-0463,LPG og etan,EnergibalansenPJ,Energibalansen (PJ),2008,2008,0.2,
EB120201,12.2.1 Veitransport,EP0462-0463,LPG og etan,EnergibalansenPJ,Energibalansen (PJ),2009,2009,0.2,
EB120201,12.2.1 Veitransport,EP0462-0463,LPG og etan,EnergibalansenPJ,Energibalansen (PJ),2010,2010,0.4,
EB120201,12.2.1 Veitransport,EP0462-0463,LPG og etan,EnergibalansenPJ,Energibalansen (PJ),2011,2011,0.3,
EB120201,12.2.1 Veitransport,EP0462-0463,LPG og etan,EnergibalansenPJ,Energibalansen (PJ),2012,2012,0.2,
EB120201,12.2.1 Veitransport,EP0462-0463,LPG og etan,EnergibalansenPJ,Energibalansen (PJ),2013,2013,0.3,
EB120201,12.2.1 Veitransport,EP0462-0463,LPG og etan,EnergibalansenPJ,Energibalansen (PJ),2014,2014,0.3,
EB120201,12.2.1 Veitransport,EP0462-0463,LPG og etan,EnergibalansenPJ,Energibalansen (PJ),2015,2015,0.2,
EB120201,12.2.1 Veitransport,EP0462-0463,LPG og etan,EnergibalansenPJ,Energibalansen (PJ),2016,2016,0.3,
EB120201,12.2.1 Veitransport,EP0462-0463,LPG og etan,EnergibalansenPJ,Energibalansen (PJ),2017,2017,0.3,
EB120201,12.2.1 Veitransport,EP0462-0463,LPG og etan,EnergibalansenPJ,Energibalansen (PJ),2018,2018,0.3,
EB120201,12.2.1 Veitransport,EP0462-0463,LPG og etan,EnergibalansenPJ,Energibalansen (PJ),2019,2019,0.3,
EB120201,12.2.1 Veitransport,EP0462-0463,LPG og etan,EnergibalansenPJ,Energibalansen (PJ),2020,2020,0.2,
EB120201,12.2.1 Veitransport,EP0462-0463,LPG og etan,EnergibalansenPJ,Energibalansen (PJ),2021,2021,0.3,
EB120201,12.2.1 Veitransport,EP0462-0463,LPG og etan,EnergibalansenPJ,Energibalansen (PJ),2022,2022,0.3,
EB120201,12.2.1 Veitransport,EP0462-0463,LPG og etan,EnergibalansenPJ,Energibalansen (PJ),2023,2023,0.4,
EB120201,12.2.1 Veitransport,EP0462-0463,LPG og etan,EnergibalansenPJ,Energibalansen (PJ),2024,2024,0.3,
EB120201,12.2.1 Veitransport,EP0462-0463,LPG og etan,EnergibalansenPJ,Energibalansen (PJ),2025,2025,0.2,
EB120201,12.2.1 Veitransport,EP0462-0463,LPG og etan,EnergibalansenGWh,Energibalansen (GWh),1990,1990,,.
EB120201,12.2.1 Veitransport,EP0462-0463,LPG og etan,EnergibalansenGWh,Energibalansen (GWh),1991,1991,,.
EB120201,12.2.1 Veitransport,EP0462-0463,LPG og etan,EnergibalansenGWh,Energibalansen (GWh),1992,1992,,.
EB120201,12.2.1 Veitransport,EP0462-0463,LPG og etan,EnergibalansenGWh,Energibalansen (GWh),1993,1993,,.
EB120201,12.2.1 Veitransport,EP0462-0463,LPG og etan,EnergibalansenGWh,Energibalansen (GWh),1994,1994,,.
EB120201,12.2.1 Veitransport,EP0462-0463,LPG og etan,EnergibalansenGWh,Energibalansen (GWh),1995,1995,,.
EB120201,12.2.1 Veitransport,EP0462-0463,LPG og etan,EnergibalansenGWh,Energibalansen (GWh),1996,1996,,.
EB120201,12.2.1 Veitransport,EP0462-0463,LPG og etan,EnergibalansenGWh,Energibalansen (GWh),1997,1997,,.
EB120201,12.2.1 Veitransport,EP0462-0463,LPG og etan,EnergibalansenGWh,Energibalansen (GWh),1998,1998,,.
EB120201,12.2.1 Veitransport,EP0462-0463,LPG og etan,EnergibalansenGWh,Energibalansen (GWh),1999,1999,,.
EB120201,12.2.1 Veitransport,EP0462-0463,LPG og etan,EnergibalansenGWh,Energibalansen (GWh),2000,2000,,.
EB120201,12.2.1 Veitransport,EP0462-0463,LPG og etan,EnergibalansenGWh,Energibalansen (GWh),2001,2001,,.
EB120201,12.2.1 Veitransport,EP0462-0463,LPG og etan,EnergibalansenGWh,Energibalansen (GWh),2002,2002,38.0,
EB120201,12.2.1 Veitransport,EP0462-0463,LPG og etan,EnergibalansenGWh,Energibalansen (GWh),2003,2003,38.0,
EB120201,12.2.1 Veitransport,EP0462-0463,LPG og etan,EnergibalansenGWh,Energibalansen (GWh),2004,2004,45.0,
EB120201,12.2.1 Veitransport,EP0462-0463,LPG og etan,EnergibalansenGWh,Energibalansen (GWh),2005,2005,34.0,
EB120201,12.2.1 Veitransport,EP0462-0463,LPG og etan,EnergibalansenGWh,Energibalansen (GWh),2006,2006,39.0,
EB120201,12.2.1 Veitransport,EP0462-0463,LPG og etan,EnergibalansenGWh,Energibalansen (GWh),2007,2007,49.0,
EB120201,12.2.1 Veitransport,EP0462-0463,LPG og etan,EnergibalansenGWh,Energibalansen (GWh),2008,2008,48.0,
EB120201,12.2.1 Veitransport,EP0462-0463,LPG og etan,EnergibalansenGWh,Energibalansen (GWh),2009,2009,50.0,
EB120201,12.2.1 Veitransport,EP0462-0463,LPG og etan,EnergibalansenGWh,Energibalansen (GWh),2010,2010,100.0,
EB120201,12.2.1 Veitransport,EP0462-0463,LPG og etan,EnergibalansenGWh,Energibalansen (GWh),2011,2011,70.0,
EB120201,12.2.1 Veitransport,EP0462-0463,LPG og etan,EnergibalansenGWh,Energibalansen (GWh),2012,2012,60.0,
EB120201,12.2.1 Veitransport,EP0462-0463,LPG og etan,EnergibalansenGWh,Energibalansen (GWh),2013,2013,82.0,
EB120201,12.2.1 Veitransport,EP0462-0463,LPG og etan,EnergibalansenGWh,Energibalansen (GWh),2014,2014,85.0,
EB120201,12.2.1 Veitransport,EP0462-0463,LPG og etan,EnergibalansenGWh,Energibalansen (GWh),2015,2015,68.0,
EB120201,12.2.1 Veitransport,EP0462-0463,LPG og etan,EnergibalansenGWh,Energibalansen (GWh),2016,2016,93.0,
EB120201,12.2.1 Veitransport,EP0462-0463,LPG og etan,EnergibalansenGWh,Energibalansen (GWh),2017,2017,78.0,
EB120201,12.2.1 Veitransport,EP0462-0463,LPG og etan,EnergibalansenGWh,Energibalansen (GWh),2018,2018,76.0,
EB120201,12.2.1 Veitransport,EP0462-0463,LPG og etan,EnergibalansenGWh,Energibalansen (GWh),2019,2019,70.0,
EB120201,12.2.1 Veitransport,EP0462-0463,LPG og etan,EnergibalansenGWh,Energibalansen (GWh),2020,2020,67.0,
EB120201,12.2.1 Veitransport,EP0462-0463,LPG og etan,EnergibalansenGWh,Energibalansen (GWh),2021,2021,79.0,
EB120201,12.2.1 Veitransport,EP0462-0463,LPG og etan,EnergibalansenGWh,Energibalansen (GWh),2022,2022,80.0,
EB120201,12.2.1 Veitransport,EP0462-0463,LPG og etan,EnergibalansenGWh,Energibalansen (GWh),2023,2023,102.0,
EB120201,12.2.1 Veitransport,EP0462-0463,LPG og etan,EnergibalansenGWh,Energibalansen (GWh),2024,2024,74.0,
EB120201,12.2.1 Veitransport,EP0462-0463,LPG og etan,EnergibalansenGWh,Energibalansen (GWh),2025,2025,62.0,
EB120201,12.2.1 Veitransport,EP0465IF,Bensin  (ekskl. bio),EnergibalansenPJ,Energibalansen (PJ),1990,1990,76.3,
EB120201,12.2.1 Veitransport,EP0465IF,Bensin  (ekskl. bio),EnergibalansenPJ,Energibalansen (PJ),1991,1991,74.1,
EB120201,12.2.1 Veitransport,EP0465IF,Bensin  (ekskl. bio),EnergibalansenPJ,Energibalansen (PJ),1992,1992,72.3,
EB120201,12.2.1 Veitransport,EP0465IF,Bensin  (ekskl. bio),EnergibalansenPJ,Energibalansen (PJ),1993,1993,71.5,
EB120201,12.2.1 Veitransport,EP0465IF,Bensin  (ekskl. bio),EnergibalansenPJ,Energibalansen (PJ),1994,1994,70.8,
EB120201,12.2.1 Veitransport,EP0465IF,Bensin  (ekskl. bio),EnergibalansenPJ,Energibalansen (PJ),1995,1995,69.4,
EB120201,12.2.1 Veitransport,EP0465IF,Bensin  (ekskl. bio),EnergibalansenPJ,Energibalansen (PJ),1996,1996,72.0,
EB120201,12.2.1 Veitransport,EP0465IF,Bensin  (ekskl. bio),EnergibalansenPJ,Energibalansen (PJ),1997,1997,70.8,
EB120201,12.2.1 Veitransport,EP0465IF,Bensin  (ekskl. bio),EnergibalansenPJ,Energibalansen (PJ),1998,1998,71.6,
EB120201,12.2.1 Veitransport,EP0465IF,Bensin  (ekskl. bio),EnergibalansenPJ,Energibalansen (PJ),1999,1999,71.1,
EB120201,12.2.1 Veitransport,EP0465IF,Bensin  (ekskl. bio),EnergibalansenPJ,Energibalansen (PJ),2000,2000,69.0,
EB120201,12.2.1 Veitransport,EP0465IF,Bensin  (ekskl. bio),EnergibalansenPJ,Energibalansen (PJ),2001,2001,71.6,
EB120201,12.2.1 Veitransport,EP0465IF,Bensin  (ekskl. bio),EnergibalansenPJ,Energibalansen (PJ),2002,2002,71.0,
EB120201,12.2.1 Veitransport,EP0465IF,Bensin  (ekskl. bio),EnergibalansenPJ,Energibalansen (PJ),2003,2003,70.2,
EB120201,12.2.1 Veitransport,EP0465IF,Bensin  (ekskl. bio),EnergibalansenPJ,Energibalansen (PJ),2004,2004,69.8,
EB120201,12.2.1 Veitransport,EP0465IF,Bensin  (ekskl. bio),EnergibalansenPJ,Energibalansen (PJ),2005,2005,67.2,
EB120201,12.2.1 Veitransport,EP0465IF,Bensin  (ekskl. bio),EnergibalansenPJ,Energibalansen (PJ),2006,2006,64.6,
EB120201,12.2.1 Veitransport,EP0465IF,Bensin  (ekskl. bio),EnergibalansenPJ,Energibalansen (PJ),2007,2007,61.2,
EB120201,12.2.1 Veitransport,EP0465IF,Bensin  (ekskl. bio),EnergibalansenPJ,Energibalansen (PJ),2008,2008,57.2,
EB120201,12.2.1 Veitransport,EP0465IF,Bensin  (ekskl. bio),EnergibalansenPJ,Energibalansen (PJ),2009,2009,53.7,
EB120201,12.2.1 Veitransport,EP0465IF,Bensin  (ekskl. bio),EnergibalansenPJ,Energibalansen (PJ),2010,2010,50.5,
EB120201,12.2.1 Veitransport,EP0465IF,Bensin  (ekskl. bio),EnergibalansenPJ,Energibalansen (PJ),2011,2011,45.7,
EB120201,12.2.1 Veitransport,EP0465IF,Bensin  (ekskl. bio),EnergibalansenPJ,Energibalansen (PJ),2012,2012,42.5,
EB120201,12.2.1 Veitransport,EP0465IF,Bensin  (ekskl. bio),EnergibalansenPJ,Energibalansen (PJ),2013,2013,39.5,
EB120201,12.2.1 Veitransport,EP0465IF,Bensin  (ekskl. bio),EnergibalansenPJ,Energibalansen (PJ),2014,2014,37.5,
EB120201,12.2.1 Veitransport,EP0465IF,Bensin  (ekskl. bio),EnergibalansenPJ,Energibalansen (PJ),2015,2015,35.2,
EB120201,12.2.1 Veitransport,EP0465IF,Bensin  (ekskl. bio),EnergibalansenPJ,Energibalansen (PJ),2016,2016,33.0,
EB120201,12.2.1 Veitransport,EP0465IF,Bensin  (ekskl. bio),EnergibalansenPJ,Energibalansen (PJ),2017,2017,32.0,
EB120201,12.2.1 Veitransport,EP0465IF,Bensin  (ekskl. bio),EnergibalansenPJ,Energibalansen (PJ),2018,2018,30.6,
EB120201,12.2.1 Veitransport,EP0465IF,Bensin  (ekskl. bio),EnergibalansenPJ,Energibalansen (PJ),2019,2019,28.0,
EB120201,12.2.1 Veitransport,EP0465IF,Bensin  (ekskl. bio),EnergibalansenPJ,Energibalansen (PJ),2020,2020,26.3,
EB120201,12.2.1 Veitransport,EP0465IF,Bensin  (ekskl. bio),EnergibalansenPJ,Energibalansen (PJ),2021,2021,24.1,
EB120201,12.2.1 Veitransport,EP0465IF,Bensin  (ekskl. bio),EnergibalansenPJ,Energibalansen (PJ),2022,2022,24.5,
EB120201,12.2.1 Veitransport,EP0465IF,Bensin  (ekskl. bio),EnergibalansenPJ,Energibalansen (PJ),2023,2023,20.5,
EB120201,12.2.1 Veitransport,EP0465IF,Bensin  (ekskl. bio),EnergibalansenPJ,Energibalansen (PJ),2024,2024,21.2,
EB120201,12.2.1 Veitransport,EP0465IF,Bensin  (ekskl. bio),EnergibalansenPJ,Energibalansen (PJ),2025,2025,18.5,
EB120201,12.2.1 Veitransport,EP0465IF,Bensin  (ekskl. bio),EnergibalansenGWh,Energibalansen (GWh),1990,1990,21191.0,
EB120201,12.2.1 Veitransport,EP0465IF,Bensin  (ekskl. bio),EnergibalansenGWh,Energibalansen (GWh),1991,1991,20582.0,
EB120201,12.2.1 Veitransport,EP0465IF,Bensin  (ekskl. bio),EnergibalansenGWh,Energibalansen (GWh),1992,1992,20092.0,
EB120201,12.2.1 Veitransport,EP0465IF,Bensin  (ekskl. bio),EnergibalansenGWh,Energibalansen (GWh),1993,1993,19871.0,
EB120201,12.2.1 Veitransport,EP0465IF,Bensin  (ekskl. bio),EnergibalansenGWh,Energibalansen (GWh),1994,1994,19669.0,
EB120201,12.2.1 Veitransport,EP0465IF,Bensin  (ekskl. bio),EnergibalansenGWh,Energibalansen (GWh),1995,1995,19272.0,
EB120201,12.2.1 Veitransport,EP0465IF,Bensin  (ekskl. bio),EnergibalansenGWh,Energibalansen (GWh),1996,1996,20012.0,
EB120201,12.2.1 Veitransport,EP0465IF,Bensin  (ekskl. bio),EnergibalansenGWh,Energibalansen (GWh),1997,1997,19679.0,
EB120201,12.2.1 Veitransport,EP0465IF,Bensin  (ekskl. bio),EnergibalansenGWh,Energibalansen (GWh),1998,1998,19895.0,
EB120201,12.2.1 Veitransport,EP0465IF,Bensin  (ekskl. bio),EnergibalansenGWh,Energibalansen (GWh),1999,1999,19754.0,
EB120201,12.2.1 Veitransport,EP0465IF,Bensin  (ekskl. bio),EnergibalansenGWh,Energibalansen (GWh),2000,2000,19161.0,
EB120201,12.2.1 Veitransport,EP0465IF,Bensin  (ekskl. bio),EnergibalansenGWh,Energibalansen (GWh),2001,2001,19893.0,
EB120201,12.2.1 Veitransport,EP0465IF,Bensin  (ekskl. bio),EnergibalansenGWh,Energibalansen (GWh),2002,2002,19721.0,
EB120201,12.2.1 Veitransport,EP0465IF,Bensin  (ekskl. bio),EnergibalansenGWh,Energibalansen (GWh),2003,2003,19500.0,
EB120201,12.2.1 Veitransport,EP0465IF,Bensin  (ekskl. bio),EnergibalansenGWh,Energibalansen (GWh),2004,2004,19385.0,
EB120201,12.2.1 Veitransport,EP0465IF,Bensin  (ekskl. bio),EnergibalansenGWh,Energibalansen (GWh),2005,2005,18674.0,
EB120201,12.2.1 Veitransport,EP0465IF,Bensin  (ekskl. bio),EnergibalansenGWh,Energibalansen (GWh),2006,2006,17950.0,
EB120201,12.2.1 Veitransport,EP0465IF,Bensin  (ekskl. bio),EnergibalansenGWh,Energibalansen (GWh),2007,2007,16997.0,
EB120201,12.2.1 Veitransport,EP0465IF,Bensin  (ekskl. bio),EnergibalansenGWh,Energibalansen (GWh),2008,2008,15894.0,
EB120201,12.2.1 Veitransport,EP0465IF,Bensin  (ekskl. bio),EnergibalansenGWh,Energibalansen (GWh),2009,2009,14908.0,
EB120201,12.2.1 Veitransport,EP0465IF,Bensin  (ekskl. bio),EnergibalansenGWh,Energibalansen (GWh),2010,2010,14016.0,
EB120201,12.2.1 Veitransport,EP0465IF,Bensin  (ekskl. bio),EnergibalansenGWh,Energibalansen (GWh),2011,2011,12694.0,
EB120201,12.2.1 Veitransport,EP0465IF,Bensin  (ekskl. bio),EnergibalansenGWh,Energibalansen (GWh),2012,2012,11803.0,
EB120201,12.2.1 Veitransport,EP0465IF,Bensin  (ekskl. bio),EnergibalansenGWh,Energibalansen (GWh),2013,2013,10969.0,
EB120201,12.2.1 Veitransport,EP0465IF,Bensin  (ekskl. bio),EnergibalansenGWh,Energibalansen (GWh),2014,2014,10414.0,
EB120201,12.2.1 Veitransport,EP0465IF,Bensin  (ekskl. bio),EnergibalansenGWh,Energibalansen (GWh),2015,2015,9771.0,
EB120201,12.2.1 Veitransport,EP0465IF,Bensin  (ekskl. bio),EnergibalansenGWh,Energibalansen (GWh),2016,2016,9172.0,
EB120201,12.2.1 Veitransport,EP0465IF,Bensin  (ekskl. bio),EnergibalansenGWh,Energibalansen (GWh),2017,2017,8880.0,
EB120201,12.2.1 Veitransport,EP0465IF,Bensin  (ekskl. bio),EnergibalansenGWh,Energibalansen (GWh),2018,2018,8510.0,
EB120201,12.2.1 Veitransport,EP0465IF,Bensin  (ekskl. bio),EnergibalansenGWh,Energibalansen (GWh),2019,2019,7783.0,
EB120201,12.2.1 Veitransport,EP0465IF,Bensin  (ekskl. bio),EnergibalansenGWh,Energibalansen (GWh),2020,2020,7317.0,
EB120201,12.2.1 Veitransport,EP0465IF,Bensin  (ekskl. bio),EnergibalansenGWh,Energibalansen (GWh),2021,2021,6694.0,
EB120201,12.2.1 Veitransport,EP0465IF,Bensin  (ekskl. bio),EnergibalansenGWh,Energibalansen (GWh),2022,2022,6795.0,
EB120201,12.2.1 Veitransport,EP0465IF,Bensin  (ekskl. bio),EnergibalansenGWh,Energibalansen (GWh),2023,2023,5690.0,
EB120201,12.2.1 Veitransport,EP0465IF,Bensin  (ekskl. bio),EnergibalansenGWh,Energibalansen (GWh),2024,2024,5878.0,
EB120201,12.2.1 Veitransport,EP0465IF,Bensin  (ekskl. bio),EnergibalansenGWh,Energibalansen (GWh),2025,2025,5133.0,
EB120201,12.2.1 Veitransport,EP04661,Jetparafin,EnergibalansenPJ,Energibalansen (PJ),1990,1990,,.
EB120201,12.2.1 Veitransport,EP04661,Jetparafin,EnergibalansenPJ,Energibalansen (PJ),1991,1991,,.
EB120201,12.2.1 Veitransport,EP04661,Jetparafin,EnergibalansenPJ,Energibalansen (PJ),1992,1992,,.
EB120201,12.2.1 Veitransport,EP04661,Jetparafin,EnergibalansenPJ,Energibalansen (PJ),1993,1993,,.
EB120201,12.2.1 Veitransport,EP04661,Jetparafin,EnergibalansenPJ,Energibalansen (PJ),1994,1994,,.
EB120201,12.2.1 Veitransport,EP04661,Jetparafin,EnergibalansenPJ,Energibalansen (PJ),1995,1995,,.
EB120201,12.2.1 Veitransport,EP04661,Jetparafin,EnergibalansenPJ,Energibalansen (PJ),1996,1996,,.
EB120201,12.2.1 Veitransport,EP04661,Jetparafin,EnergibalansenPJ,Energibalansen (PJ),1997,1997,,.
EB120201,12.2.1 Veitransport,EP04661,Jetparafin,EnergibalansenPJ,Energibalansen (PJ),1998,1998,,.
EB120201,12.2.1 Veitransport,EP04661,Jetparafin,EnergibalansenPJ,Energibalansen (PJ),1999,1999,,.
EB120201,12.2.1 Veitransport,EP04661,Jetparafin,EnergibalansenPJ,Energibalansen (PJ),2000,2000,,.
EB120201,12.2.1 Veitransport,EP04661,Jetparafin,EnergibalansenPJ,Energibalansen (PJ),2001,2001,,.
EB120201,12.2.1 Veitransport,EP04661,Jetparafin,EnergibalansenPJ,Energibalansen (PJ),2002,2002,,.
EB120201,12.2.1 Veitransport,EP04661,Jetparafin,EnergibalansenPJ,Energibalansen (PJ),2003,2003,,.
EB120201,12.2.1 Veitransport,EP04661,Jetparafin,EnergibalansenPJ,Energibalansen (PJ),2004,2004,,.
EB120201,12.2.1 Veitransport,EP04661,Jetparafin,EnergibalansenPJ,Energibalansen (PJ),2005,2005,,.
EB120201,12.2.1 Veitransport,EP04661,Jetparafin,EnergibalansenPJ,Energibalansen (PJ),2006,2006,,.
EB120201,12.2.1 Veitransport,EP04661,Jetparafin,EnergibalansenPJ,Energibalansen (PJ),2007,2007,,.
EB120201,12.2.1 Veitransport,EP04661,Jetparafin,EnergibalansenPJ,Energibalansen (PJ),2008,2008,,.
EB120201,12.2.1 Veitransport,EP04661,Jetparafin,EnergibalansenPJ,Energibalansen (PJ),2009,2009,,.
EB120201,12.2.1 Veitransport,EP04661,Jetparafin,EnergibalansenPJ,Energibalansen (PJ),2010,2010,,-
EB120201,12.2.1 Veitransport,EP04661,Jetparafin,EnergibalansenPJ,Energibalansen (PJ),2011,2011,,-
EB120201,12.2.1 Veitransport,EP04661,Jetparafin,EnergibalansenPJ,Energibalansen (PJ),2012,2012,,-
EB120201,12.2.1 Veitransport,EP04661,Jetparafin,EnergibalansenPJ,Energibalansen (PJ),2013,2013,,-
EB120201,12.2.1 Veitransport,EP04661,Jetparafin,EnergibalansenPJ,Energibalansen (PJ),2014,2014,,-
EB120201,12.2.1 Veitransport,EP04661,Jetparafin,EnergibalansenPJ,Energibalansen (PJ),2015,2015,,-
EB120201,12.2.1 Veitransport,EP04661,Jetparafin,EnergibalansenPJ,Energibalansen (PJ),2016,2016,,-
EB120201,12.2.1 Veitransport,EP04661,Jetparafin,EnergibalansenPJ,Energibalansen (PJ),2017,2017,,.
EB120201,12.2.1 Veitransport,EP04661,Jetparafin,EnergibalansenPJ,Energibalansen (PJ),2018,2018,,.
EB120201,12.2.1 Veitransport,EP04661,Jetparafin,EnergibalansenPJ,Energibalansen (PJ),2019,2019,,.
EB120201,12.2.1 Veitransport,EP04661,Jetparafin,EnergibalansenPJ,Energibalansen (PJ),2020,2020,,.
EB120201,12.2.1 Veitransport,EP04661,Jetparafin,EnergibalansenPJ,Energibalansen (PJ),2021,2021,,.
EB120201,12.2.1 Veitransport,EP04661,Jetparafin,EnergibalansenPJ,Energibalansen (PJ),2022,2022,,.
EB120201,12.2.1 Veitransport,EP04661,Jetparafin,EnergibalansenPJ,Energibalansen (PJ),2023,2023,,.
EB120201,12.2.1 Veitransport,EP04661,Jetparafin,EnergibalansenPJ,Energibalansen (PJ),2024,2024,,.
EB120201,12.2.1 Veitransport,EP04661,Jetparafin,EnergibalansenPJ,Energibalansen (PJ),2025,2025,,.
EB120201,12.2.1 Veitransport,EP04661,Jetparafin,EnergibalansenGWh,Energibalansen (GWh),1990,1990,,.
EB120201,12.2.1 Veitransport,EP04661,Jetparafin,EnergibalansenGWh,Energibalansen (GWh),1991,1991,,.
EB120201,12.2.1 Veitransport,EP04661,Jetparafin,EnergibalansenGWh,Energibalansen (GWh),1992,1992,,.
EB120201,12.2.1 Veitransport,EP04661,Jetparafin,EnergibalansenGWh,Energibalansen (GWh),1993,1993,,.
EB120201,12.2.1 Veitransport,EP04661,Jetparafin,EnergibalansenGWh,Energibalansen (GWh),1994,1994,,.
EB120201,12.2.1 Veitransport,EP04661,Jetparafin,EnergibalansenGWh,Energibalansen (GWh),1995,1995,,.
EB120201,12.2.1 Veitransport,EP04661,Jetparafin,EnergibalansenGWh,Energibalansen (GWh),1996,1996,,.
EB120201,12.2.1 Veitransport,EP04661,Jetparafin,EnergibalansenGWh,Energibalansen (GWh),1997,1997,,.
EB120201,12.2.1 Veitransport,EP04661,Jetparafin,EnergibalansenGWh,Energibalansen (GWh),1998,1998,,.
EB120201,12.2.1 Veitransport,EP04661,Jetparafin,EnergibalansenGWh,Energibalansen (GWh),1999,1999,,.
EB120201,12.2.1 Veitransport,EP04661,Jetparafin,EnergibalansenGWh,Energibalansen (GWh),2000,2000,,.
EB120201,12.2.1 Veitransport,EP04661,Jetparafin,EnergibalansenGWh,Energibalansen (GWh),2001,2001,,.
EB120201,12.2.1 Veitransport,EP04661,Jetparafin,EnergibalansenGWh,Energibalansen (GWh),2002,2002,,.
EB120201,12.2.1 Veitransport,EP04661,Jetparafin,EnergibalansenGWh,Energibalansen (GWh),2003,2003,,.
EB120201,12.2.1 Veitransport,EP04661,Jetparafin,EnergibalansenGWh,Energibalansen (GWh),2004,2004,,.
EB120201,12.2.1 Veitransport,EP04661,Jetparafin,EnergibalansenGWh,Energibalansen (GWh),2005,2005,,.
EB120201,12.2.1 Veitransport,EP04661,Jetparafin,EnergibalansenGWh,Energibalansen (GWh),2006,2006,,.
EB120201,12.2.1 Veitransport,EP04661,Jetparafin,EnergibalansenGWh,Energibalansen (GWh),2007,2007,,.
EB120201,12.2.1 Veitransport,EP04661,Jetparafin,EnergibalansenGWh,Energibalansen (GWh),2008,2008,,.
EB120201,12.2.1 Veitransport,EP04661,Jetparafin,EnergibalansenGWh,Energibalansen (GWh),2009,2009,,.
EB120201,12.2.1 Veitransport,EP04661,Jetparafin,EnergibalansenGWh,Energibalansen (GWh),2010,2010,,-
EB120201,12.2.1 Veitransport,EP04661,Jetparafin,EnergibalansenGWh,Energibalansen (GWh),2011,2011,,-
EB120201,12.2.1 Veitransport,EP04661,Jetparafin,EnergibalansenGWh,Energibalansen (GWh),2012,2012,,-
EB120201,12.2.1 Veitransport,EP04661,Jetparafin,EnergibalansenGWh,Energibalansen (GWh),2013,2013,,-
EB120201,12.2.1 Veitransport,EP04661,Jetparafin,EnergibalansenGWh,Energibalansen (GWh),2014,2014,,-
EB120201,12.2.1 Veitransport,EP04661,Jetparafin,EnergibalansenGWh,Energibalansen (GWh),2015,2015,,-
EB120201,12.2.1 Veitransport,EP04661,Jetparafin,EnergibalansenGWh,Energibalansen (GWh),2016,2016,,-
EB120201,12.2.1 Veitransport,EP04661,Jetparafin,EnergibalansenGWh,Energibalansen (GWh),2017,2017,,.
EB120201,12.2.1 Veitransport,EP04661,Jetparafin,EnergibalansenGWh,Energibalansen (GWh),2018,2018,,.
EB120201,12.2.1 Veitransport,EP04661,Jetparafin,EnergibalansenGWh,Energibalansen (GWh),2019,2019,,.
EB120201,12.2.1 Veitransport,EP04661,Jetparafin,EnergibalansenGWh,Energibalansen (GWh),2020,2020,,.
EB120201,12.2.1 Veitransport,EP04661,Jetparafin,EnergibalansenGWh,Energibalansen (GWh),2021,2021,,.
EB120201,12.2.1 Veitransport,EP04661,Jetparafin,EnergibalansenGWh,Energibalansen (GWh),2022,2022,,.
EB120201,12.2.1 Veitransport,EP04661,Jetparafin,EnergibalansenGWh,Energibalansen (GWh),2023,2023,,.
EB120201,12.2.1 Veitransport,EP04661,Jetparafin,EnergibalansenGWh,Energibalansen (GWh),2024,2024,,.
EB120201,12.2.1 Veitransport,EP04661,Jetparafin,EnergibalansenGWh,Energibalansen (GWh),2025,2025,,.
EB120201,12.2.1 Veitransport,EP04669,Fyringsparafin og andre parafiner,EnergibalansenPJ,Energibalansen (PJ),1990,1990,,.
EB120201,12.2.1 Veitransport,EP04669,Fyringsparafin og andre parafiner,EnergibalansenPJ,Energibalansen (PJ),1991,1991,,.
EB120201,12.2.1 Veitransport,EP04669,Fyringsparafin og andre parafiner,EnergibalansenPJ,Energibalansen (PJ),1992,1992,,.
EB120201,12.2.1 Veitransport,EP04669,Fyringsparafin og andre parafiner,EnergibalansenPJ,Energibalansen (PJ),1993,1993,,.
EB120201,12.2.1 Veitransport,EP04669,Fyringsparafin og andre parafiner,EnergibalansenPJ,Energibalansen (PJ),1994,1994,,.
EB120201,12.2.1 Veitransport,EP04669,Fyringsparafin og andre parafiner,EnergibalansenPJ,Energibalansen (PJ),1995,1995,,.
EB120201,12.2.1 Veitransport,EP04669,Fyringsparafin og andre parafiner,EnergibalansenPJ,Energibalansen (PJ),1996,1996,,.
EB120201,12.2.1 Veitransport,EP04669,Fyringsparafin og andre parafiner,EnergibalansenPJ,Energibalansen (PJ),1997,1997,,.
EB120201,12.2.1 Veitransport,EP04669,Fyringsparafin og andre parafiner,EnergibalansenPJ,Energibalansen (PJ),1998,1998,,.
EB120201,12.2.1 Veitransport,EP04669,Fyringsparafin og andre parafiner,EnergibalansenPJ,Energibalansen (PJ),1999,1999,,.
EB120201,12.2.1 Veitransport,EP04669,Fyringsparafin og andre parafiner,EnergibalansenPJ,Energibalansen (PJ),2000,2000,,.
EB120201,12.2.1 Veitransport,EP04669,Fyringsparafin og andre parafiner,EnergibalansenPJ,Energibalansen (PJ),2001,2001,,.
EB120201,12.2.1 Veitransport,EP04669,Fyringsparafin og andre parafiner,EnergibalansenPJ,Energibalansen (PJ),2002,2002,,.
EB120201,12.2.1 Veitransport,EP04669,Fyringsparafin og andre parafiner,EnergibalansenPJ,Energibalansen (PJ),2003,2003,,.
EB120201,12.2.1 Veitransport,EP04669,Fyringsparafin og andre parafiner,EnergibalansenPJ,Energibalansen (PJ),2004,2004,,.
EB120201,12.2.1 Veitransport,EP04669,Fyringsparafin og andre parafiner,EnergibalansenPJ,Energibalansen (PJ),2005,2005,,.
EB120201,12.2.1 Veitransport,EP04669,Fyringsparafin og andre parafiner,EnergibalansenPJ,Energibalansen (PJ),2006,2006,,.
EB120201,12.2.1 Veitransport,EP04669,Fyringsparafin og andre parafiner,EnergibalansenPJ,Energibalansen (PJ),2007,2007,,.
EB120201,12.2.1 Veitransport,EP04669,Fyringsparafin og andre parafiner,EnergibalansenPJ,Energibalansen (PJ),2008,2008,,.
EB120201,12.2.1 Veitransport,EP04669,Fyringsparafin og andre parafiner,EnergibalansenPJ,Energibalansen (PJ),2009,2009,,.
EB120201,12.2.1 Veitransport,EP04669,Fyringsparafin og andre parafiner,EnergibalansenPJ,Energibalansen (PJ),2010,2010,,-
EB120201,12.2.1 Veitransport,EP04669,Fyringsparafin og andre parafiner,EnergibalansenPJ,Energibalansen (PJ),2011,2011,,-
EB120201,12.2.1 Veitransport,EP04669,Fyringsparafin og andre parafiner,EnergibalansenPJ,Energibalansen (PJ),2012,2012,,-
EB120201,12.2.1 Veitransport,EP04669,Fyringsparafin og andre parafiner,EnergibalansenPJ,Energibalansen (PJ),2013,2013,,-
EB120201,12.2.1 Veitransport,EP04669,Fyringsparafin og andre parafiner,EnergibalansenPJ,Energibalansen (PJ),2014,2014,,-
EB120201,12.2.1 Veitransport,EP04669,Fyringsparafin og andre parafiner,EnergibalansenPJ,Energibalansen (PJ),2015,2015,,-
EB120201,12.2.1 Veitransport,EP04669,Fyringsparafin og andre parafiner,EnergibalansenPJ,Energibalansen (PJ),2016,2016,,-
EB120201,12.2.1 Veitransport,EP04669,Fyringsparafin og andre parafiner,EnergibalansenPJ,Energibalansen (PJ),2017,2017,,.
EB120201,12.2.1 Veitransport,EP04669,Fyringsparafin og andre parafiner,EnergibalansenPJ,Energibalansen (PJ),2018,2018,,.
EB120201,12.2.1 Veitransport,EP04669,Fyringsparafin og andre parafiner,EnergibalansenPJ,Energibalansen (PJ),2019,2019,,.
EB120201,12.2.1 Veitransport,EP04669,Fyringsparafin og andre parafiner,EnergibalansenPJ,Energibalansen (PJ),2020,2020,,.
EB120201,12.2.1 Veitransport,EP04669,Fyringsparafin og andre parafiner,EnergibalansenPJ,Energibalansen (PJ),2021,2021,,.
EB120201,12.2.1 Veitransport,EP04669,Fyringsparafin og andre parafiner,EnergibalansenPJ,Energibalansen (PJ),2022,2022,,.
EB120201,12.2.1 Veitransport,EP04669,Fyringsparafin og andre parafiner,EnergibalansenPJ,Energibalansen (PJ),2023,2023,,.
EB120201,12.2.1 Veitransport,EP04669,Fyringsparafin og andre parafiner,EnergibalansenPJ,Energibalansen (PJ),2024,2024,,.
EB120201,12.2.1 Veitransport,EP04669,Fyringsparafin og andre parafiner,EnergibalansenPJ,Energibalansen (PJ),2025,2025,,.
EB120201,12.2.1 Veitransport,EP04669,Fyringsparafin og andre parafiner,EnergibalansenGWh,Energibalansen (GWh),1990,1990,,.
EB120201,12.2.1 Veitransport,EP04669,Fyringsparafin og andre parafiner,EnergibalansenGWh,Energibalansen (GWh),1991,1991,,.
EB120201,12.2.1 Veitransport,EP04669,Fyringsparafin og andre parafiner,EnergibalansenGWh,Energibalansen (GWh),1992,1992,,.
EB120201,12.2.1 Veitransport,EP04669,Fyringsparafin og andre parafiner,EnergibalansenGWh,Energibalansen (GWh),1993,1993,,.
EB120201,12.2.1 Veitransport,EP04669,Fyringsparafin og andre parafiner,EnergibalansenGWh,Energibalansen (GWh),1994,1994,,.
EB120201,12.2.1 Veitransport,EP04669,Fyringsparafin og andre parafiner,EnergibalansenGWh,Energibalansen (GWh),1995,1995,,.
EB120201,12.2.1 Veitransport,EP04669,Fyringsparafin og andre parafiner,EnergibalansenGWh,Energibalansen (GWh),1996,1996,,.
EB120201,12.2.1 Veitransport,EP04669,Fyringsparafin og andre parafiner,EnergibalansenGWh,Energibalansen (GWh),1997,1997,,.
EB120201,12.2.1 Veitransport,EP04669,Fyringsparafin og andre parafiner,EnergibalansenGWh,Energibalansen (GWh),1998,1998,,.
EB120201,12.2.1 Veitransport,EP04669,Fyringsparafin og andre parafiner,EnergibalansenGWh,Energibalansen (GWh),1999,1999,,.
EB120201,12.2.1 Veitransport,EP04669,Fyringsparafin og andre parafiner,EnergibalansenGWh,Energibalansen (GWh),2000,2000,,.
EB120201,12.2.1 Veitransport,EP04669,Fyringsparafin og andre parafiner,EnergibalansenGWh,Energibalansen (GWh),2001,2001,,.
EB120201,12.2.1 Veitransport,EP04669,Fyringsparafin og andre parafiner,EnergibalansenGWh,Energibalansen (GWh),2002,2002,,.
EB120201,12.2.1 Veitransport,EP04669,Fyringsparafin og andre parafiner,EnergibalansenGWh,Energibalansen (GWh),2003,2003,,.
EB120201,12.2.1 Veitransport,EP04669,Fyringsparafin og andre parafiner,EnergibalansenGWh,Energibalansen (GWh),2004,2004,,.
EB120201,12.2.1 Veitransport,EP04669,Fyringsparafin og andre parafiner,EnergibalansenGWh,Energibalansen (GWh),2005,2005,,.
EB120201,12.2.1 Veitransport,EP04669,Fyringsparafin og andre parafiner,EnergibalansenGWh,Energibalansen (GWh),2006,2006,,.
EB120201,12.2.1 Veitransport,EP04669,Fyringsparafin og andre parafiner,EnergibalansenGWh,Energibalansen (GWh),2007,2007,,.
EB120201,12.2.1 Veitransport,EP04669,Fyringsparafin og andre parafiner,EnergibalansenGWh,Energibalansen (GWh),2008,2008,,.
EB120201,12.2.1 Veitransport,EP04669,Fyringsparafin og andre parafiner,EnergibalansenGWh,Energibalansen (GWh),2009,2009,,.
EB120201,12.2.1 Veitransport,EP04669,Fyringsparafin og andre parafiner,EnergibalansenGWh,Energibalansen (GWh),2010,2010,,-
EB120201,12.2.1 Veitransport,EP04669,Fyringsparafin og andre parafiner,EnergibalansenGWh,Energibalansen (GWh),2011,2011,,-
EB120201,12.2.1 Veitransport,EP04669,Fyringsparafin og andre parafiner,EnergibalansenGWh,Energibalansen (GWh),2012,2012,,-
EB120201,12.2.1 Veitransport,EP04669,Fyringsparafin og andre parafiner,EnergibalansenGWh,Energibalansen (GWh),2013,2013,,-
EB120201,12.2.1 Veitransport,EP04669,Fyringsparafin og andre parafiner,EnergibalansenGWh,Energibalansen (GWh),2014,2014,,-
EB120201,12.2.1 Veitransport,EP04669,Fyringsparafin og andre parafiner,EnergibalansenGWh,Energibalansen (GWh),2015,2015,,-
EB120201,12.2.1 Veitransport,EP04669,Fyringsparafin og andre parafiner,EnergibalansenGWh,Energibalansen (GWh),2016,2016,,-
EB120201,12.2.1 Veitransport,EP04669,Fyringsparafin og andre parafiner,EnergibalansenGWh,Energibalansen (GWh),2017,2017,,.
EB120201,12.2.1 Veitransport,EP04669,Fyringsparafin og andre parafiner,EnergibalansenGWh,Energibalansen (GWh),2018,2018,,.
EB120201,12.2.1 Veitransport,EP04669,Fyringsparafin og andre parafiner,EnergibalansenGWh,Energibalansen (GWh),2019,2019,,.
EB120201,12.2.1 Veitransport,EP04669,Fyringsparafin og andre parafiner,EnergibalansenGWh,Energibalansen (GWh),2020,2020,,.
EB120201,12.2.1 Veitransport,EP04669,Fyringsparafin og andre parafiner,EnergibalansenGWh,Energibalansen (GWh),2021,2021,,.
EB120201,12.2.1 Veitransport,EP04669,Fyringsparafin og andre parafiner,EnergibalansenGWh,Energibalansen (GWh),2022,2022,,.
EB120201,12.2.1 Veitransport,EP04669,Fyringsparafin og andre parafiner,EnergibalansenGWh,Energibalansen (GWh),2023,2023,,.
EB120201,12.2.1 Veitransport,EP04669,Fyringsparafin og andre parafiner,EnergibalansenGWh,Energibalansen (GWh),2024,2024,,.
EB120201,12.2.1 Veitransport,EP04669,Fyringsparafin og andre parafiner,EnergibalansenGWh,Energibalansen (GWh),2025,2025,,.
EB120201,12.2.1 Veitransport,EP0467111,Anleggsdiesel,EnergibalansenPJ,Energibalansen (PJ),1990,1990,,.
EB120201,12.2.1 Veitransport,EP0467111,Anleggsdiesel,EnergibalansenPJ,Energibalansen (PJ),1991,1991,,.
EB120201,12.2.1 Veitransport,EP0467111,Anleggsdiesel,EnergibalansenPJ,Energibalansen (PJ),1992,1992,,.
EB120201,12.2.1 Veitransport,EP0467111,Anleggsdiesel,EnergibalansenPJ,Energibalansen (PJ),1993,1993,,.
EB120201,12.2.1 Veitransport,EP0467111,Anleggsdiesel,EnergibalansenPJ,Energibalansen (PJ),1994,1994,,.
EB120201,12.2.1 Veitransport,EP0467111,Anleggsdiesel,EnergibalansenPJ,Energibalansen (PJ),1995,1995,,.
EB120201,12.2.1 Veitransport,EP0467111,Anleggsdiesel,EnergibalansenPJ,Energibalansen (PJ),1996,1996,,.
EB120201,12.2.1 Veitransport,EP0467111,Anleggsdiesel,EnergibalansenPJ,Energibalansen (PJ),1997,1997,,.
EB120201,12.2.1 Veitransport,EP0467111,Anleggsdiesel,EnergibalansenPJ,Energibalansen (PJ),1998,1998,,.
EB120201,12.2.1 Veitransport,EP0467111,Anleggsdiesel,EnergibalansenPJ,Energibalansen (PJ),1999,1999,,.
EB120201,12.2.1 Veitransport,EP0467111,Anleggsdiesel,EnergibalansenPJ,Energibalansen (PJ),2000,2000,,.
EB120201,12.2.1 Veitransport,EP0467111,Anleggsdiesel,EnergibalansenPJ,Energibalansen (PJ),2001,2001,,.
EB120201,12.2.1 Veitransport,EP0467111,Anleggsdiesel,EnergibalansenPJ,Energibalansen (PJ),2002,2002,,.
EB120201,12.2.1 Veitransport,EP0467111,Anleggsdiesel,EnergibalansenPJ,Energibalansen (PJ),2003,2003,,.
EB120201,12.2.1 Veitransport,EP0467111,Anleggsdiesel,EnergibalansenPJ,Energibalansen (PJ),2004,2004,,.
EB120201,12.2.1 Veitransport,EP0467111,Anleggsdiesel,EnergibalansenPJ,Energibalansen (PJ),2005,2005,,.
EB120201,12.2.1 Veitransport,EP0467111,Anleggsdiesel,EnergibalansenPJ,Energibalansen (PJ),2006,2006,,.
EB120201,12.2.1 Veitransport,EP0467111,Anleggsdiesel,EnergibalansenPJ,Energibalansen (PJ),2007,2007,,.
EB120201,12.2.1 Veitransport,EP0467111,Anleggsdiesel,EnergibalansenPJ,Energibalansen (PJ),2008,2008,,.
EB120201,12.2.1 Veitransport,EP0467111,Anleggsdiesel,EnergibalansenPJ,Energibalansen (PJ),2009,2009,,.
EB120201,12.2.1 Veitransport,EP0467111,Anleggsdiesel,EnergibalansenPJ,Energibalansen (PJ),2010,2010,,-
EB120201,12.2.1 Veitransport,EP0467111,Anleggsdiesel,EnergibalansenPJ,Energibalansen (PJ),2011,2011,,-
EB120201,12.2.1 Veitransport,EP0467111,Anleggsdiesel,EnergibalansenPJ,Energibalansen (PJ),2012,2012,,-
EB120201,12.2.1 Veitransport,EP0467111,Anleggsdiesel,EnergibalansenPJ,Energibalansen (PJ),2013,2013,,-
EB120201,12.2.1 Veitransport,EP0467111,Anleggsdiesel,EnergibalansenPJ,Energibalansen (PJ),2014,2014,,-
EB120201,12.2.1 Veitransport,EP0467111,Anleggsdiesel,EnergibalansenPJ,Energibalansen (PJ),2015,2015,,-
EB120201,12.2.1 Veitransport,EP0467111,Anleggsdiesel,EnergibalansenPJ,Energibalansen (PJ),2016,2016,,-
EB120201,12.2.1 Veitransport,EP0467111,Anleggsdiesel,EnergibalansenPJ,Energibalansen (PJ),2017,2017,,.
EB120201,12.2.1 Veitransport,EP0467111,Anleggsdiesel,EnergibalansenPJ,Energibalansen (PJ),2018,2018,,.
EB120201,12.2.1 Veitransport,EP0467111,Anleggsdiesel,EnergibalansenPJ,Energibalansen (PJ),2019,2019,,.
EB120201,12.2.1 Veitransport,EP0467111,Anleggsdiesel,EnergibalansenPJ,Energibalansen (PJ),2020,2020,,.
EB120201,12.2.1 Veitransport,EP0467111,Anleggsdiesel,EnergibalansenPJ,Energibalansen (PJ),2021,2021,,.
EB120201,12.2.1 Veitransport,EP0467111,Anleggsdiesel,EnergibalansenPJ,Energibalansen (PJ),2022,2022,,.
EB120201,12.2.1 Veitransport,EP0467111,Anleggsdiesel,EnergibalansenPJ,Energibalansen (PJ),2023,2023,,.
EB120201,12.2.1 Veitransport,EP0467111,Anleggsdiesel,EnergibalansenPJ,Energibalansen (PJ),2024,2024,,.
EB120201,12.2.1 Veitransport,EP0467111,Anleggsdiesel,EnergibalansenPJ,Energibalansen (PJ),2025,2025,,.
EB120201,12.2.1 Veitransport,EP0467111,Anleggsdiesel,EnergibalansenGWh,Energibalansen (GWh),1990,1990,,.
EB120201,12.2.1 Veitransport,EP0467111,Anleggsdiesel,EnergibalansenGWh,Energibalansen (GWh),1991,1991,,.
EB120201,12.2.1 Veitransport,EP0467111,Anleggsdiesel,EnergibalansenGWh,Energibalansen (GWh),1992,1992,,.
EB120201,12.2.1 Veitransport,EP0467111,Anleggsdiesel,EnergibalansenGWh,Energibalansen (GWh),1993,1993,,.
EB120201,12.2.1 Veitransport,EP0467111,Anleggsdiesel,EnergibalansenGWh,Energibalansen (GWh),1994,1994,,.
EB120201,12.2.1 Veitransport,EP0467111,Anleggsdiesel,EnergibalansenGWh,Energibalansen (GWh),1995,1995,,.
EB120201,12.2.1 Veitransport,EP0467111,Anleggsdiesel,EnergibalansenGWh,Energibalansen (GWh),1996,1996,,.
EB120201,12.2.1 Veitransport,EP0467111,Anleggsdiesel,EnergibalansenGWh,Energibalansen (GWh),1997,1997,,.
EB120201,12.2.1 Veitransport,EP0467111,Anleggsdiesel,EnergibalansenGWh,Energibalansen (GWh),1998,1998,,.
EB120201,12.2.1 Veitransport,EP0467111,Anleggsdiesel,EnergibalansenGWh,Energibalansen (GWh),1999,1999,,.
EB120201,12.2.1 Veitransport,EP0467111,Anleggsdiesel,EnergibalansenGWh,Energibalansen (GWh),2000,2000,,.
EB120201,12.2.1 Veitransport,EP0467111,Anleggsdiesel,EnergibalansenGWh,Energibalansen (GWh),2001,2001,,.
EB120201,12.2.1 Veitransport,EP0467111,Anleggsdiesel,EnergibalansenGWh,Energibalansen (GWh),2002,2002,,.
EB120201,12.2.1 Veitransport,EP0467111,Anleggsdiesel,EnergibalansenGWh,Energibalansen (GWh),2003,2003,,.
EB120201,12.2.1 Veitransport,EP0467111,Anleggsdiesel,EnergibalansenGWh,Energibalansen (GWh),2004,2004,,.
EB120201,12.2.1 Veitransport,EP0467111,Anleggsdiesel,EnergibalansenGWh,Energibalansen (GWh),2005,2005,,.
EB120201,12.2.1 Veitransport,EP0467111,Anleggsdiesel,EnergibalansenGWh,Energibalansen (GWh),2006,2006,,.
EB120201,12.2.1 Veitransport,EP0467111,Anleggsdiesel,EnergibalansenGWh,Energibalansen (GWh),2007,2007,,.
EB120201,12.2.1 Veitransport,EP0467111,Anleggsdiesel,EnergibalansenGWh,Energibalansen (GWh),2008,2008,,.
EB120201,12.2.1 Veitransport,EP0467111,Anleggsdiesel,EnergibalansenGWh,Energibalansen (GWh),2009,2009,,.
EB120201,12.2.1 Veitransport,EP0467111,Anleggsdiesel,EnergibalansenGWh,Energibalansen (GWh),2010,2010,,-
EB120201,12.2.1 Veitransport,EP0467111,Anleggsdiesel,EnergibalansenGWh,Energibalansen (GWh),2011,2011,,-
EB120201,12.2.1 Veitransport,EP0467111,Anleggsdiesel,EnergibalansenGWh,Energibalansen (GWh),2012,2012,,-
EB120201,12.2.1 Veitransport,EP0467111,Anleggsdiesel,EnergibalansenGWh,Energibalansen (GWh),2013,2013,,-
EB120201,12.2.1 Veitransport,EP0467111,Anleggsdiesel,EnergibalansenGWh,Energibalansen (GWh),2014,2014,,-
EB120201,12.2.1 Veitransport,EP0467111,Anleggsdiesel,EnergibalansenGWh,Energibalansen (GWh),2015,2015,,-
EB120201,12.2.1 Veitransport,EP0467111,Anleggsdiesel,EnergibalansenGWh,Energibalansen (GWh),2016,2016,,-
EB120201,12.2.1 Veitransport,EP0467111,Anleggsdiesel,EnergibalansenGWh,Energibalansen (GWh),2017,2017,,.
EB120201,12.2.1 Veitransport,EP0467111,Anleggsdiesel,EnergibalansenGWh,Energibalansen (GWh),2018,2018,,.
EB120201,12.2.1 Veitransport,EP0467111,Anleggsdiesel,EnergibalansenGWh,Energibalansen (GWh),2019,2019,,.
EB120201,12.2.1 Veitransport,EP0467111,Anleggsdiesel,EnergibalansenGWh,Energibalansen (GWh),2020,2020,,.
EB120201,12.2.1 Veitransport,EP0467111,Anleggsdiesel,EnergibalansenGWh,Energibalansen (GWh),2021,2021,,.
EB120201,12.2.1 Veitransport,EP0467111,Anleggsdiesel,EnergibalansenGWh,Energibalansen (GWh),2022,2022,,.
EB120201,12.2.1 Veitransport,EP0467111,Anleggsdiesel,EnergibalansenGWh,Energibalansen (GWh),2023,2023,,.
EB120201,12.2.1 Veitransport,EP0467111,Anleggsdiesel,EnergibalansenGWh,Energibalansen (GWh),2024,2024,,.
EB120201,12.2.1 Veitransport,EP0467111,Anleggsdiesel,EnergibalansenGWh,Energibalansen (GWh),2025,2025,,.
EB120201,12.2.1 Veitransport,EP0467112IF,Autodiesel  (ekskl. bio),EnergibalansenPJ,Energibalansen (PJ),1990,1990,26.4,
EB120201,12.2.1 Veitransport,EP0467112IF,Autodiesel  (ekskl. bio),EnergibalansenPJ,Energibalansen (PJ),1991,1991,26.9,
EB120201,12.2.1 Veitransport,EP0467112IF,Autodiesel  (ekskl. bio),EnergibalansenPJ,Energibalansen (PJ),1992,1992,29.1,
EB120201,12.2.1 Veitransport,EP0467112IF,Autodiesel  (ekskl. bio),EnergibalansenPJ,Energibalansen (PJ),1993,1993,32.2,
EB120201,12.2.1 Veitransport,EP0467112IF,Autodiesel  (ekskl. bio),EnergibalansenPJ,Energibalansen (PJ),1994,1994,31.5,
EB120201,12.2.1 Veitransport,EP0467112IF,Autodiesel  (ekskl. bio),EnergibalansenPJ,Energibalansen (PJ),1995,1995,34.3,
EB120201,12.2.1 Veitransport,EP0467112IF,Autodiesel  (ekskl. bio),EnergibalansenPJ,Energibalansen (PJ),1996,1996,36.8,
EB120201,12.2.1 Veitransport,EP0467112IF,Autodiesel  (ekskl. bio),EnergibalansenPJ,Energibalansen (PJ),1997,1997,37.8,
EB120201,12.2.1 Veitransport,EP0467112IF,Autodiesel  (ekskl. bio),EnergibalansenPJ,Energibalansen (PJ),1998,1998,40.2,
EB120201,12.2.1 Veitransport,EP0467112IF,Autodiesel  (ekskl. bio),EnergibalansenPJ,Energibalansen (PJ),1999,1999,46.5,
EB120201,12.2.1 Veitransport,EP0467112IF,Autodiesel  (ekskl. bio),EnergibalansenPJ,Energibalansen (PJ),2000,2000,46.3,
EB120201,12.2.1 Veitransport,EP0467112IF,Autodiesel  (ekskl. bio),EnergibalansenPJ,Energibalansen (PJ),2001,2001,50.5,
EB120201,12.2.1 Veitransport,EP0467112IF,Autodiesel  (ekskl. bio),EnergibalansenPJ,Energibalansen (PJ),2002,2002,52.0,
EB120201,12.2.1 Veitransport,EP0467112IF,Autodiesel  (ekskl. bio),EnergibalansenPJ,Energibalansen (PJ),2003,2003,54.8,
EB120201,12.2.1 Veitransport,EP0467112IF,Autodiesel  (ekskl. bio),EnergibalansenPJ,Energibalansen (PJ),2004,2004,59.3,
EB120201,12.2.1 Veitransport,EP0467112IF,Autodiesel  (ekskl. bio),EnergibalansenPJ,Energibalansen (PJ),2005,2005,64.0,
EB120201,12.2.1 Veitransport,EP0467112IF,Autodiesel  (ekskl. bio),EnergibalansenPJ,Energibalansen (PJ),2006,2006,70.4,
EB120201,12.2.1 Veitransport,EP0467112IF,Autodiesel  (ekskl. bio),EnergibalansenPJ,Energibalansen (PJ),2007,2007,76.7,
EB120201,12.2.1 Veitransport,EP0467112IF,Autodiesel  (ekskl. bio),EnergibalansenPJ,Energibalansen (PJ),2008,2008,78.6,
EB120201,12.2.1 Veitransport,EP0467112IF,Autodiesel  (ekskl. bio),EnergibalansenPJ,Energibalansen (PJ),2009,2009,79.9,
EB120201,12.2.1 Veitransport,EP0467112IF,Autodiesel  (ekskl. bio),EnergibalansenPJ,Energibalansen (PJ),2010,2010,86.1,
EB120201,12.2.1 Veitransport,EP0467112IF,Autodiesel  (ekskl. bio),EnergibalansenPJ,Energibalansen (PJ),2011,2011,89.8,
EB120201,12.2.1 Veitransport,EP0467112IF,Autodiesel  (ekskl. bio),EnergibalansenPJ,Energibalansen (PJ),2012,2012,93.0,
EB120201,12.2.1 Veitransport,EP0467112IF,Autodiesel  (ekskl. bio),EnergibalansenPJ,Energibalansen (PJ),2013,2013,96.4,
EB120201,12.2.1 Veitransport,EP0467112IF,Autodiesel  (ekskl. bio),EnergibalansenPJ,Energibalansen (PJ),2014,2014,101.1,
EB120201,12.2.1 Veitransport,EP0467112IF,Autodiesel  (ekskl. bio),EnergibalansenPJ,Energibalansen (PJ),2015,2015,103.9,
EB120201,12.2.1 Veitransport,EP0467112IF,Autodiesel  (ekskl. bio),EnergibalansenPJ,Energibalansen (PJ),2016,2016,102.2,
EB120201,12.2.1 Veitransport,EP0467112IF,Autodiesel  (ekskl. bio),EnergibalansenPJ,Energibalansen (PJ),2017,2017,91.3,
EB120201,12.2.1 Veitransport,EP0467112IF,Autodiesel  (ekskl. bio),EnergibalansenPJ,Energibalansen (PJ),2018,2018,96.0,
EB120201,12.2.1 Veitransport,EP0467112IF,Autodiesel  (ekskl. bio),EnergibalansenPJ,Energibalansen (PJ),2019,2019,89.8,
EB120201,12.2.1 Veitransport,EP0467112IF,Autodiesel  (ekskl. bio),EnergibalansenPJ,Energibalansen (PJ),2020,2020,86.6,
EB120201,12.2.1 Veitransport,EP0467112IF,Autodiesel  (ekskl. bio),EnergibalansenPJ,Energibalansen (PJ),2021,2021,93.3,
EB120201,12.2.1 Veitransport,EP0467112IF,Autodiesel  (ekskl. bio),EnergibalansenPJ,Energibalansen (PJ),2022,2022,93.3,
EB120201,12.2.1 Veitransport,EP0467112IF,Autodiesel  (ekskl. bio),EnergibalansenPJ,Energibalansen (PJ),2023,2023,87.6,
EB120201,12.2.1 Veitransport,EP0467112IF,Autodiesel  (ekskl. bio),EnergibalansenPJ,Energibalansen (PJ),2024,2024,80.3,
EB120201,12.2.1 Veitransport,EP0467112IF,Autodiesel  (ekskl. bio),EnergibalansenPJ,Energibalansen (PJ),2025,2025,74.7,
EB120201,12.2.1 Veitransport,EP0467112IF,Autodiesel  (ekskl. bio),EnergibalansenGWh,Energibalansen (GWh),1990,1990,7333.0,
EB120201,12.2.1 Veitransport,EP0467112IF,Autodiesel  (ekskl. bio),EnergibalansenGWh,Energibalansen (GWh),1991,1991,7479.0,
EB120201,12.2.1 Veitransport,EP0467112IF,Autodiesel  (ekskl. bio),EnergibalansenGWh,Energibalansen (GWh),1992,1992,8072.0,
EB120201,12.2.1 Veitransport,EP0467112IF,Autodiesel  (ekskl. bio),EnergibalansenGWh,Energibalansen (GWh),1993,1993,8934.0,
EB120201,12.2.1 Veitransport,EP0467112IF,Autodiesel  (ekskl. bio),EnergibalansenGWh,Energibalansen (GWh),1994,1994,8741.0,
EB120201,12.2.1 Veitransport,EP0467112IF,Autodiesel  (ekskl. bio),EnergibalansenGWh,Energibalansen (GWh),1995,1995,9525.0,
EB120201,12.2.1 Veitransport,EP0467112IF,Autodiesel  (ekskl. bio),EnergibalansenGWh,Energibalansen (GWh),1996,1996,10221.0,
EB120201,12.2.1 Veitransport,EP0467112IF,Autodiesel  (ekskl. bio),EnergibalansenGWh,Energibalansen (GWh),1997,1997,10511.0,
EB120201,12.2.1 Veitransport,EP0467112IF,Autodiesel  (ekskl. bio),EnergibalansenGWh,Energibalansen (GWh),1998,1998,11175.0,
EB120201,12.2.1 Veitransport,EP0467112IF,Autodiesel  (ekskl. bio),EnergibalansenGWh,Energibalansen (GWh),1999,1999,12915.0,
EB120201,12.2.1 Veitransport,EP0467112IF,Autodiesel  (ekskl. bio),EnergibalansenGWh,Energibalansen (GWh),2000,2000,12872.0,
EB120201,12.2.1 Veitransport,EP0467112IF,Autodiesel  (ekskl. bio),EnergibalansenGWh,Energibalansen (GWh),2001,2001,14025.0,
EB120201,12.2.1 Veitransport,EP0467112IF,Autodiesel  (ekskl. bio),EnergibalansenGWh,Energibalansen (GWh),2002,2002,14457.0,
EB120201,12.2.1 Veitransport,EP0467112IF,Autodiesel  (ekskl. bio),EnergibalansenGWh,Energibalansen (GWh),2003,2003,15222.0,
EB120201,12.2.1 Veitransport,EP0467112IF,Autodiesel  (ekskl. bio),EnergibalansenGWh,Energibalansen (GWh),2004,2004,16469.0,
EB120201,12.2.1 Veitransport,EP0467112IF,Autodiesel  (ekskl. bio),EnergibalansenGWh,Energibalansen (GWh),2005,2005,17780.0,
EB120201,12.2.1 Veitransport,EP0467112IF,Autodiesel  (ekskl. bio),EnergibalansenGWh,Energibalansen (GWh),2006,2006,19560.0,
EB120201,12.2.1 Veitransport,EP0467112IF,Autodiesel  (ekskl. bio),EnergibalansenGWh,Energibalansen (GWh),2007,2007,21319.0,
EB120201,12.2.1 Veitransport,EP0467112IF,Autodiesel  (ekskl. bio),EnergibalansenGWh,Energibalansen (GWh),2008,2008,21831.0,
EB120201,12.2.1 Veitransport,EP0467112IF,Autodiesel  (ekskl. bio),EnergibalansenGWh,Energibalansen (GWh),2009,2009,22189.0,
EB120201,12.2.1 Veitransport,EP0467112IF,Autodiesel  (ekskl. bio),EnergibalansenGWh,Energibalansen (GWh),2010,2010,23906.0,
EB120201,12.2.1 Veitransport,EP0467112IF,Autodiesel  (ekskl. bio),EnergibalansenGWh,Energibalansen (GWh),2011,2011,24943.0,
EB120201,12.2.1 Veitransport,EP0467112IF,Autodiesel  (ekskl. bio),EnergibalansenGWh,Energibalansen (GWh),2012,2012,25826.0,
EB120201,12.2.1 Veitransport,EP0467112IF,Autodiesel  (ekskl. bio),EnergibalansenGWh,Energibalansen (GWh),2013,2013,26772.0,
EB120201,12.2.1 Veitransport,EP0467112IF,Autodiesel  (ekskl. bio),EnergibalansenGWh,Energibalansen (GWh),2014,2014,28077.0,
EB120201,12.2.1 Veitransport,EP0467112IF,Autodiesel  (ekskl. bio),EnergibalansenGWh,Energibalansen (GWh),2015,2015,28867.0,
EB120201,12.2.1 Veitransport,EP0467112IF,Autodiesel  (ekskl. bio),EnergibalansenGWh,Energibalansen (GWh),2016,2016,28383.0,
EB120201,12.2.1 Veitransport,EP0467112IF,Autodiesel  (ekskl. bio),EnergibalansenGWh,Energibalansen (GWh),2017,2017,25363.0,
EB120201,12.2.1 Veitransport,EP0467112IF,Autodiesel  (ekskl. bio),EnergibalansenGWh,Energibalansen (GWh),2018,2018,26661.0,
EB120201,12.2.1 Veitransport,EP0467112IF,Autodiesel  (ekskl. bio),EnergibalansenGWh,Energibalansen (GWh),2019,2019,24936.0,
EB120201,12.2.1 Veitransport,EP0467112IF,Autodiesel  (ekskl. bio),EnergibalansenGWh,Energibalansen (GWh),2020,2020,24042.0,
EB120201,12.2.1 Veitransport,EP0467112IF,Autodiesel  (ekskl. bio),EnergibalansenGWh,Energibalansen (GWh),2021,2021,25930.0,
EB120201,12.2.1 Veitransport,EP0467112IF,Autodiesel  (ekskl. bio),EnergibalansenGWh,Energibalansen (GWh),2022,2022,25911.0,
EB120201,12.2.1 Veitransport,EP0467112IF,Autodiesel  (ekskl. bio),EnergibalansenGWh,Energibalansen (GWh),2023,2023,24343.0,
EB120201,12.2.1 Veitransport,EP0467112IF,Autodiesel  (ekskl. bio),EnergibalansenGWh,Energibalansen (GWh),2024,2024,22303.0,
EB120201,12.2.1 Veitransport,EP0467112IF,Autodiesel  (ekskl. bio),EnergibalansenGWh,Energibalansen (GWh),2025,2025,20742.0,
EB120201,12.2.1 Veitransport,EP046712,Marine gassoljer,EnergibalansenPJ,Energibalansen (PJ),1990,1990,,.
EB120201,12.2.1 Veitransport,EP046712,Marine gassoljer,EnergibalansenPJ,Energibalansen (PJ),1991,1991,,.
EB120201,12.2.1 Veitransport,EP046712,Marine gassoljer,EnergibalansenPJ,Energibalansen (PJ),1992,1992,,.
EB120201,12.2.1 Veitransport,EP046712,Marine gassoljer,EnergibalansenPJ,Energibalansen (PJ),1993,1993,,.
EB120201,12.2.1 Veitransport,EP046712,Marine gassoljer,EnergibalansenPJ,Energibalansen (PJ),1994,1994,,.
EB120201,12.2.1 Veitransport,EP046712,Marine gassoljer,EnergibalansenPJ,Energibalansen (PJ),1995,1995,,.
EB120201,12.2.1 Veitransport,EP046712,Marine gassoljer,EnergibalansenPJ,Energibalansen (PJ),1996,1996,,.
EB120201,12.2.1 Veitransport,EP046712,Marine gassoljer,EnergibalansenPJ,Energibalansen (PJ),1997,1997,,.
EB120201,12.2.1 Veitransport,EP046712,Marine gassoljer,EnergibalansenPJ,Energibalansen (PJ),1998,1998,,.
EB120201,12.2.1 Veitransport,EP046712,Marine gassoljer,EnergibalansenPJ,Energibalansen (PJ),1999,1999,,.
EB120201,12.2.1 Veitransport,EP046712,Marine gassoljer,EnergibalansenPJ,Energibalansen (PJ),2000,2000,,.
EB120201,12.2.1 Veitransport,EP046712,Marine gassoljer,EnergibalansenPJ,Energibalansen (PJ),2001,2001,,.
EB120201,12.2.1 Veitransport,EP046712,Marine gassoljer,EnergibalansenPJ,Energibalansen (PJ),2002,2002,,.
EB120201,12.2.1 Veitransport,EP046712,Marine gassoljer,EnergibalansenPJ,Energibalansen (PJ),2003,2003,,.
EB120201,12.2.1 Veitransport,EP046712,Marine gassoljer,EnergibalansenPJ,Energibalansen (PJ),2004,2004,,.
EB120201,12.2.1 Veitransport,EP046712,Marine gassoljer,EnergibalansenPJ,Energibalansen (PJ),2005,2005,,.
EB120201,12.2.1 Veitransport,EP046712,Marine gassoljer,EnergibalansenPJ,Energibalansen (PJ),2006,2006,,.
EB120201,12.2.1 Veitransport,EP046712,Marine gassoljer,EnergibalansenPJ,Energibalansen (PJ),2007,2007,,.
EB120201,12.2.1 Veitransport,EP046712,Marine gassoljer,EnergibalansenPJ,Energibalansen (PJ),2008,2008,,.
EB120201,12.2.1 Veitransport,EP046712,Marine gassoljer,EnergibalansenPJ,Energibalansen (PJ),2009,2009,,.
EB120201,12.2.1 Veitransport,EP046712,Marine gassoljer,EnergibalansenPJ,Energibalansen (PJ),2010,2010,,-
EB120201,12.2.1 Veitransport,EP046712,Marine gassoljer,EnergibalansenPJ,Energibalansen (PJ),2011,2011,,-
EB120201,12.2.1 Veitransport,EP046712,Marine gassoljer,EnergibalansenPJ,Energibalansen (PJ),2012,2012,,-
EB120201,12.2.1 Veitransport,EP046712,Marine gassoljer,EnergibalansenPJ,Energibalansen (PJ),2013,2013,,-
EB120201,12.2.1 Veitransport,EP046712,Marine gassoljer,EnergibalansenPJ,Energibalansen (PJ),2014,2014,,-
EB120201,12.2.1 Veitransport,EP046712,Marine gassoljer,EnergibalansenPJ,Energibalansen (PJ),2015,2015,,-
EB120201,12.2.1 Veitransport,EP046712,Marine gassoljer,EnergibalansenPJ,Energibalansen (PJ),2016,2016,,-
EB120201,12.2.1 Veitransport,EP046712,Marine gassoljer,EnergibalansenPJ,Energibalansen (PJ),2017,2017,,.
EB120201,12.2.1 Veitransport,EP046712,Marine gassoljer,EnergibalansenPJ,Energibalansen (PJ),2018,2018,,.
EB120201,12.2.1 Veitransport,EP046712,Marine gassoljer,EnergibalansenPJ,Energibalansen (PJ),2019,2019,,.
EB120201,12.2.1 Veitransport,EP046712,Marine gassoljer,EnergibalansenPJ,Energibalansen (PJ),2020,2020,,.
EB120201,12.2.1 Veitransport,EP046712,Marine gassoljer,EnergibalansenPJ,Energibalansen (PJ),2021,2021,,.
EB120201,12.2.1 Veitransport,EP046712,Marine gassoljer,EnergibalansenPJ,Energibalansen (PJ),2022,2022,,.
EB120201,12.2.1 Veitransport,EP046712,Marine gassoljer,EnergibalansenPJ,Energibalansen (PJ),2023,2023,,.
EB120201,12.2.1 Veitransport,EP046712,Marine gassoljer,EnergibalansenPJ,Energibalansen (PJ),2024,2024,,.
EB120201,12.2.1 Veitransport,EP046712,Marine gassoljer,EnergibalansenPJ,Energibalansen (PJ),2025,2025,,.
EB120201,12.2.1 Veitransport,EP046712,Marine gassoljer,EnergibalansenGWh,Energibalansen (GWh),1990,1990,,.
EB120201,12.2.1 Veitransport,EP046712,Marine gassoljer,EnergibalansenGWh,Energibalansen (GWh),1991,1991,,.
EB120201,12.2.1 Veitransport,EP046712,Marine gassoljer,EnergibalansenGWh,Energibalansen (GWh),1992,1992,,.
EB120201,12.2.1 Veitransport,EP046712,Marine gassoljer,EnergibalansenGWh,Energibalansen (GWh),1993,1993,,.
EB120201,12.2.1 Veitransport,EP046712,Marine gassoljer,EnergibalansenGWh,Energibalansen (GWh),1994,1994,,.
EB120201,12.2.1 Veitransport,EP046712,Marine gassoljer,EnergibalansenGWh,Energibalansen (GWh),1995,1995,,.
EB120201,12.2.1 Veitransport,EP046712,Marine gassoljer,EnergibalansenGWh,Energibalansen (GWh),1996,1996,,.
EB120201,12.2.1 Veitransport,EP046712,Marine gassoljer,EnergibalansenGWh,Energibalansen (GWh),1997,1997,,.
EB120201,12.2.1 Veitransport,EP046712,Marine gassoljer,EnergibalansenGWh,Energibalansen (GWh),1998,1998,,.
EB120201,12.2.1 Veitransport,EP046712,Marine gassoljer,EnergibalansenGWh,Energibalansen (GWh),1999,1999,,.
EB120201,12.2.1 Veitransport,EP046712,Marine gassoljer,EnergibalansenGWh,Energibalansen (GWh),2000,2000,,.
EB120201,12.2.1 Veitransport,EP046712,Marine gassoljer,EnergibalansenGWh,Energibalansen (GWh),2001,2001,,.
EB120201,12.2.1 Veitransport,EP046712,Marine gassoljer,EnergibalansenGWh,Energibalansen (GWh),2002,2002,,.
EB120201,12.2.1 Veitransport,EP046712,Marine gassoljer,EnergibalansenGWh,Energibalansen (GWh),2003,2003,,.
EB120201,12.2.1 Veitransport,EP046712,Marine gassoljer,EnergibalansenGWh,Energibalansen (GWh),2004,2004,,.
EB120201,12.2.1 Veitransport,EP046712,Marine gassoljer,EnergibalansenGWh,Energibalansen (GWh),2005,2005,,.
EB120201,12.2.1 Veitransport,EP046712,Marine gassoljer,EnergibalansenGWh,Energibalansen (GWh),2006,2006,,.
EB120201,12.2.1 Veitransport,EP046712,Marine gassoljer,EnergibalansenGWh,Energibalansen (GWh),2007,2007,,.
EB120201,12.2.1 Veitransport,EP046712,Marine gassoljer,EnergibalansenGWh,Energibalansen (GWh),2008,2008,,.
EB120201,12.2.1 Veitransport,EP046712,Marine gassoljer,EnergibalansenGWh,Energibalansen (GWh),2009,2009,,.
EB120201,12.2.1 Veitransport,EP046712,Marine gassoljer,EnergibalansenGWh,Energibalansen (GWh),2010,2010,,-
EB120201,12.2.1 Veitransport,EP046712,Marine gassoljer,EnergibalansenGWh,Energibalansen (GWh),2011,2011,,-
EB120201,12.2.1 Veitransport,EP046712,Marine gassoljer,EnergibalansenGWh,Energibalansen (GWh),2012,2012,,-
EB120201,12.2.1 Veitransport,EP046712,Marine gassoljer,EnergibalansenGWh,Energibalansen (GWh),2013,2013,,-
EB120201,12.2.1 Veitransport,EP046712,Marine gassoljer,EnergibalansenGWh,Energibalansen (GWh),2014,2014,,-
EB120201,12.2.1 Veitransport,EP046712,Marine gassoljer,EnergibalansenGWh,Energibalansen (GWh),2015,2015,,-
EB120201,12.2.1 Veitransport,EP046712,Marine gassoljer,EnergibalansenGWh,Energibalansen (GWh),2016,2016,,-
EB120201,12.2.1 Veitransport,EP046712,Marine gassoljer,EnergibalansenGWh,Energibalansen (GWh),2017,2017,,.
EB120201,12.2.1 Veitransport,EP046712,Marine gassoljer,EnergibalansenGWh,Energibalansen (GWh),2018,2018,,.
EB120201,12.2.1 Veitransport,EP046712,Marine gassoljer,EnergibalansenGWh,Energibalansen (GWh),2019,2019,,.
EB120201,12.2.1 Veitransport,EP046712,Marine gassoljer,EnergibalansenGWh,Energibalansen (GWh),2020,2020,,.
EB120201,12.2.1 Veitransport,EP046712,Marine gassoljer,EnergibalansenGWh,Energibalansen (GWh),2021,2021,,.
EB120201,12.2.1 Veitransport,EP046712,Marine gassoljer,EnergibalansenGWh,Energibalansen (GWh),2022,2022,,.
EB120201,12.2.1 Veitransport,EP046712,Marine gassoljer,EnergibalansenGWh,Energibalansen (GWh),2023,2023,,.
EB120201,12.2.1 Veitransport,EP046712,Marine gassoljer,EnergibalansenGWh,Energibalansen (GWh),2024,2024,,.
EB120201,12.2.1 Veitransport,EP046712,Marine gassoljer,EnergibalansenGWh,Energibalansen (GWh),2025,2025,,.
EB120201,12.2.1 Veitransport,EP046713,Lett fyringsolje,EnergibalansenPJ,Energibalansen (PJ),1990,1990,,.
EB120201,12.2.1 Veitransport,EP046713,Lett fyringsolje,EnergibalansenPJ,Energibalansen (PJ),1991,1991,,.
EB120201,12.2.1 Veitransport,EP046713,Lett fyringsolje,EnergibalansenPJ,Energibalansen (PJ),1992,1992,,.
EB120201,12.2.1 Veitransport,EP046713,Lett fyringsolje,EnergibalansenPJ,Energibalansen (PJ),1993,1993,,.
EB120201,12.2.1 Veitransport,EP046713,Lett fyringsolje,EnergibalansenPJ,Energibalansen (PJ),1994,1994,,.
EB120201,12.2.1 Veitransport,EP046713,Lett fyringsolje,EnergibalansenPJ,Energibalansen (PJ),1995,1995,,.
EB120201,12.2.1 Veitransport,EP046713,Lett fyringsolje,EnergibalansenPJ,Energibalansen (PJ),1996,1996,,.
EB120201,12.2.1 Veitransport,EP046713,Lett fyringsolje,EnergibalansenPJ,Energibalansen (PJ),1997,1997,,.
EB120201,12.2.1 Veitransport,EP046713,Lett fyringsolje,EnergibalansenPJ,Energibalansen (PJ),1998,1998,,.
EB120201,12.2.1 Veitransport,EP046713,Lett fyringsolje,EnergibalansenPJ,Energibalansen (PJ),1999,1999,,.
EB120201,12.2.1 Veitransport,EP046713,Lett fyringsolje,EnergibalansenPJ,Energibalansen (PJ),2000,2000,,.
EB120201,12.2.1 Veitransport,EP046713,Lett fyringsolje,EnergibalansenPJ,Energibalansen (PJ),2001,2001,,.
EB120201,12.2.1 Veitransport,EP046713,Lett fyringsolje,EnergibalansenPJ,Energibalansen (PJ),2002,2002,,.
EB120201,12.2.1 Veitransport,EP046713,Lett fyringsolje,EnergibalansenPJ,Energibalansen (PJ),2003,2003,,.
EB120201,12.2.1 Veitransport,EP046713,Lett fyringsolje,EnergibalansenPJ,Energibalansen (PJ),2004,2004,,.
EB120201,12.2.1 Veitransport,EP046713,Lett fyringsolje,EnergibalansenPJ,Energibalansen (PJ),2005,2005,,.
EB120201,12.2.1 Veitransport,EP046713,Lett fyringsolje,EnergibalansenPJ,Energibalansen (PJ),2006,2006,,.
EB120201,12.2.1 Veitransport,EP046713,Lett fyringsolje,EnergibalansenPJ,Energibalansen (PJ),2007,2007,,.
EB120201,12.2.1 Veitransport,EP046713,Lett fyringsolje,EnergibalansenPJ,Energibalansen (PJ),2008,2008,,.
EB120201,12.2.1 Veitransport,EP046713,Lett fyringsolje,EnergibalansenPJ,Energibalansen (PJ),2009,2009,,.
EB120201,12.2.1 Veitransport,EP046713,Lett fyringsolje,EnergibalansenPJ,Energibalansen (PJ),2010,2010,,-
EB120201,12.2.1 Veitransport,EP046713,Lett fyringsolje,EnergibalansenPJ,Energibalansen (PJ),2011,2011,,-
EB120201,12.2.1 Veitransport,EP046713,Lett fyringsolje,EnergibalansenPJ,Energibalansen (PJ),2012,2012,,-
EB120201,12.2.1 Veitransport,EP046713,Lett fyringsolje,EnergibalansenPJ,Energibalansen (PJ),2013,2013,,-
EB120201,12.2.1 Veitransport,EP046713,Lett fyringsolje,EnergibalansenPJ,Energibalansen (PJ),2014,2014,,-
EB120201,12.2.1 Veitransport,EP046713,Lett fyringsolje,EnergibalansenPJ,Energibalansen (PJ),2015,2015,,-
EB120201,12.2.1 Veitransport,EP046713,Lett fyringsolje,EnergibalansenPJ,Energibalansen (PJ),2016,2016,,-
EB120201,12.2.1 Veitransport,EP046713,Lett fyringsolje,EnergibalansenPJ,Energibalansen (PJ),2017,2017,,.
EB120201,12.2.1 Veitransport,EP046713,Lett fyringsolje,EnergibalansenPJ,Energibalansen (PJ),2018,2018,,.
EB120201,12.2.1 Veitransport,EP046713,Lett fyringsolje,EnergibalansenPJ,Energibalansen (PJ),2019,2019,,.
EB120201,12.2.1 Veitransport,EP046713,Lett fyringsolje,EnergibalansenPJ,Energibalansen (PJ),2020,2020,,.
EB120201,12.2.1 Veitransport,EP046713,Lett fyringsolje,EnergibalansenPJ,Energibalansen (PJ),2021,2021,,.
EB120201,12.2.1 Veitransport,EP046713,Lett fyringsolje,EnergibalansenPJ,Energibalansen (PJ),2022,2022,,.
EB120201,12.2.1 Veitransport,EP046713,Lett fyringsolje,EnergibalansenPJ,Energibalansen (PJ),2023,2023,,.
EB120201,12.2.1 Veitransport,EP046713,Lett fyringsolje,EnergibalansenPJ,Energibalansen (PJ),2024,2024,,.
EB120201,12.2.1 Veitransport,EP046713,Lett fyringsolje,EnergibalansenPJ,Energibalansen (PJ),2025,2025,,.
EB120201,12.2.1 Veitransport,EP046713,Lett fyringsolje,EnergibalansenGWh,Energibalansen (GWh),1990,1990,,.
EB120201,12.2.1 Veitransport,EP046713,Lett fyringsolje,EnergibalansenGWh,Energibalansen (GWh),1991,1991,,.
EB120201,12.2.1 Veitransport,EP046713,Lett fyringsolje,EnergibalansenGWh,Energibalansen (GWh),1992,1992,,.
EB120201,12.2.1 Veitransport,EP046713,Lett fyringsolje,EnergibalansenGWh,Energibalansen (GWh),1993,1993,,.
EB120201,12.2.1 Veitransport,EP046713,Lett fyringsolje,EnergibalansenGWh,Energibalansen (GWh),1994,1994,,.
EB120201,12.2.1 Veitransport,EP046713,Lett fyringsolje,EnergibalansenGWh,Energibalansen (GWh),1995,1995,,.
EB120201,12.2.1 Veitransport,EP046713,Lett fyringsolje,EnergibalansenGWh,Energibalansen (GWh),1996,1996,,.
EB120201,12.2.1 Veitransport,EP046713,Lett fyringsolje,EnergibalansenGWh,Energibalansen (GWh),1997,1997,,.
EB120201,12.2.1 Veitransport,EP046713,Lett fyringsolje,EnergibalansenGWh,Energibalansen (GWh),1998,1998,,.
EB120201,12.2.1 Veitransport,EP046713,Lett fyringsolje,EnergibalansenGWh,Energibalansen (GWh),1999,1999,,.
EB120201,12.2.1 Veitransport,EP046713,Lett fyringsolje,EnergibalansenGWh,Energibalansen (GWh),2000,2000,,.
EB120201,12.2.1 Veitransport,EP046713,Lett fyringsolje,EnergibalansenGWh,Energibalansen (GWh),2001,2001,,.
EB120201,12.2.1 Veitransport,EP046713,Lett fyringsolje,EnergibalansenGWh,Energibalansen (GWh),2002,2002,,.
EB120201,12.2.1 Veitransport,EP046713,Lett fyringsolje,EnergibalansenGWh,Energibalansen (GWh),2003,2003,,.
EB120201,12.2.1 Veitransport,EP046713,Lett fyringsolje,EnergibalansenGWh,Energibalansen (GWh),2004,2004,,.
EB120201,12.2.1 Veitransport,EP046713,Lett fyringsolje,EnergibalansenGWh,Energibalansen (GWh),2005,2005,,.
EB120201,12.2.1 Veitransport,EP046713,Lett fyringsolje,EnergibalansenGWh,Energibalansen (GWh),2006,2006,,.
EB120201,12.2.1 Veitransport,EP046713,Lett fyringsolje,EnergibalansenGWh,Energibalansen (GWh),2007,2007,,.
EB120201,12.2.1 Veitransport,EP046713,Lett fyringsolje,EnergibalansenGWh,Energibalansen (GWh),2008,2008,,.
EB120201,12.2.1 Veitransport,EP046713,Lett fyringsolje,EnergibalansenGWh,Energibalansen (GWh),2009,2009,,.
EB120201,12.2.1 Veitransport,EP046713,Lett fyringsolje,EnergibalansenGWh,Energibalansen (GWh),2010,2010,,-
EB120201,12.2.1 Veitransport,EP046713,Lett fyringsolje,EnergibalansenGWh,Energibalansen (GWh),2011,2011,,-
EB120201,12.2.1 Veitransport,EP046713,Lett fyringsolje,EnergibalansenGWh,Energibalansen (GWh),2012,2012,,-
EB120201,12.2.1 Veitransport,EP046713,Lett fyringsolje,EnergibalansenGWh,Energibalansen (GWh),2013,2013,,-
EB120201,12.2.1 Veitransport,EP046713,Lett fyringsolje,EnergibalansenGWh,Energibalansen (GWh),2014,2014,,-
EB120201,12.2.1 Veitransport,EP046713,Lett fyringsolje,EnergibalansenGWh,Energibalansen (GWh),2015,2015,,-
EB120201,12.2.1 Veitransport,EP046713,Lett fyringsolje,EnergibalansenGWh,Energibalansen (GWh),2016,2016,,-
EB120201,12.2.1 Veitransport,EP046713,Lett fyringsolje,EnergibalansenGWh,Energibalansen (GWh),2017,2017,,.
EB120201,12.2.1 Veitransport,EP046713,Lett fyringsolje,EnergibalansenGWh,Energibalansen (GWh),2018,2018,,.
EB120201,12.2.1 Veitransport,EP046713,Lett fyringsolje,EnergibalansenGWh,Energibalansen (GWh),2019,2019,,.
EB120201,12.2.1 Veitransport,EP046713,Lett fyringsolje,EnergibalansenGWh,Energibalansen (GWh),2020,2020,,.
EB120201,12.2.1 Veitransport,EP046713,Lett fyringsolje,EnergibalansenGWh,Energibalansen (GWh),2021,2021,,.
EB120201,12.2.1 Veitransport,EP046713,Lett fyringsolje,EnergibalansenGWh,Energibalansen (GWh),2022,2022,,.
EB120201,12.2.1 Veitransport,EP046713,Lett fyringsolje,EnergibalansenGWh,Energibalansen (GWh),2023,2023,,.
EB120201,12.2.1 Veitransport,EP046713,Lett fyringsolje,EnergibalansenGWh,Energibalansen (GWh),2024,2024,,.
EB120201,12.2.1 Veitransport,EP046713,Lett fyringsolje,EnergibalansenGWh,Energibalansen (GWh),2025,2025,,.
EB120201,12.2.1 Veitransport,EP04672,Tungdestillater,EnergibalansenPJ,Energibalansen (PJ),1990,1990,,.
EB120201,12.2.1 Veitransport,EP04672,Tungdestillater,EnergibalansenPJ,Energibalansen (PJ),1991,1991,,.
EB120201,12.2.1 Veitransport,EP04672,Tungdestillater,EnergibalansenPJ,Energibalansen (PJ),1992,1992,,.
EB120201,12.2.1 Veitransport,EP04672,Tungdestillater,EnergibalansenPJ,Energibalansen (PJ),1993,1993,,.
EB120201,12.2.1 Veitransport,EP04672,Tungdestillater,EnergibalansenPJ,Energibalansen (PJ),1994,1994,,.
EB120201,12.2.1 Veitransport,EP04672,Tungdestillater,EnergibalansenPJ,Energibalansen (PJ),1995,1995,,.
EB120201,12.2.1 Veitransport,EP04672,Tungdestillater,EnergibalansenPJ,Energibalansen (PJ),1996,1996,,.
EB120201,12.2.1 Veitransport,EP04672,Tungdestillater,EnergibalansenPJ,Energibalansen (PJ),1997,1997,,.
EB120201,12.2.1 Veitransport,EP04672,Tungdestillater,EnergibalansenPJ,Energibalansen (PJ),1998,1998,,.
EB120201,12.2.1 Veitransport,EP04672,Tungdestillater,EnergibalansenPJ,Energibalansen (PJ),1999,1999,,.
EB120201,12.2.1 Veitransport,EP04672,Tungdestillater,EnergibalansenPJ,Energibalansen (PJ),2000,2000,,.
EB120201,12.2.1 Veitransport,EP04672,Tungdestillater,EnergibalansenPJ,Energibalansen (PJ),2001,2001,,.
EB120201,12.2.1 Veitransport,EP04672,Tungdestillater,EnergibalansenPJ,Energibalansen (PJ),2002,2002,,.
EB120201,12.2.1 Veitransport,EP04672,Tungdestillater,EnergibalansenPJ,Energibalansen (PJ),2003,2003,,.
EB120201,12.2.1 Veitransport,EP04672,Tungdestillater,EnergibalansenPJ,Energibalansen (PJ),2004,2004,,.
EB120201,12.2.1 Veitransport,EP04672,Tungdestillater,EnergibalansenPJ,Energibalansen (PJ),2005,2005,,.
EB120201,12.2.1 Veitransport,EP04672,Tungdestillater,EnergibalansenPJ,Energibalansen (PJ),2006,2006,,.
EB120201,12.2.1 Veitransport,EP04672,Tungdestillater,EnergibalansenPJ,Energibalansen (PJ),2007,2007,,.
EB120201,12.2.1 Veitransport,EP04672,Tungdestillater,EnergibalansenPJ,Energibalansen (PJ),2008,2008,,.
EB120201,12.2.1 Veitransport,EP04672,Tungdestillater,EnergibalansenPJ,Energibalansen (PJ),2009,2009,,.
EB120201,12.2.1 Veitransport,EP04672,Tungdestillater,EnergibalansenPJ,Energibalansen (PJ),2010,2010,,-
EB120201,12.2.1 Veitransport,EP04672,Tungdestillater,EnergibalansenPJ,Energibalansen (PJ),2011,2011,,-
EB120201,12.2.1 Veitransport,EP04672,Tungdestillater,EnergibalansenPJ,Energibalansen (PJ),2012,2012,,-
EB120201,12.2.1 Veitransport,EP04672,Tungdestillater,EnergibalansenPJ,Energibalansen (PJ),2013,2013,,-
EB120201,12.2.1 Veitransport,EP04672,Tungdestillater,EnergibalansenPJ,Energibalansen (PJ),2014,2014,,-
EB120201,12.2.1 Veitransport,EP04672,Tungdestillater,EnergibalansenPJ,Energibalansen (PJ),2015,2015,,-
EB120201,12.2.1 Veitransport,EP04672,Tungdestillater,EnergibalansenPJ,Energibalansen (PJ),2016,2016,,-
EB120201,12.2.1 Veitransport,EP04672,Tungdestillater,EnergibalansenPJ,Energibalansen (PJ),2017,2017,,.
EB120201,12.2.1 Veitransport,EP04672,Tungdestillater,EnergibalansenPJ,Energibalansen (PJ),2018,2018,,.
EB120201,12.2.1 Veitransport,EP04672,Tungdestillater,EnergibalansenPJ,Energibalansen (PJ),2019,2019,,.
EB120201,12.2.1 Veitransport,EP04672,Tungdestillater,EnergibalansenPJ,Energibalansen (PJ),2020,2020,,.
EB120201,12.2.1 Veitransport,EP04672,Tungdestillater,EnergibalansenPJ,Energibalansen (PJ),2021,2021,,.
EB120201,12.2.1 Veitransport,EP04672,Tungdestillater,EnergibalansenPJ,Energibalansen (PJ),2022,2022,,.
EB120201,12.2.1 Veitransport,EP04672,Tungdestillater,EnergibalansenPJ,Energibalansen (PJ),2023,2023,,.
EB120201,12.2.1 Veitransport,EP04672,Tungdestillater,EnergibalansenPJ,Energibalansen (PJ),2024,2024,,.
EB120201,12.2.1 Veitransport,EP04672,Tungdestillater,EnergibalansenPJ,Energibalansen (PJ),2025,2025,,.
EB120201,12.2.1 Veitransport,EP04672,Tungdestillater,EnergibalansenGWh,Energibalansen (GWh),1990,1990,,.
EB120201,12.2.1 Veitransport,EP04672,Tungdestillater,EnergibalansenGWh,Energibalansen (GWh),1991,1991,,.
EB120201,12.2.1 Veitransport,EP04672,Tungdestillater,EnergibalansenGWh,Energibalansen (GWh),1992,1992,,.
EB120201,12.2.1 Veitransport,EP04672,Tungdestillater,EnergibalansenGWh,Energibalansen (GWh),1993,1993,,.
EB120201,12.2.1 Veitransport,EP04672,Tungdestillater,EnergibalansenGWh,Energibalansen (GWh),1994,1994,,.
EB120201,12.2.1 Veitransport,EP04672,Tungdestillater,EnergibalansenGWh,Energibalansen (GWh),1995,1995,,.
EB120201,12.2.1 Veitransport,EP04672,Tungdestillater,EnergibalansenGWh,Energibalansen (GWh),1996,1996,,.
EB120201,12.2.1 Veitransport,EP04672,Tungdestillater,EnergibalansenGWh,Energibalansen (GWh),1997,1997,,.
EB120201,12.2.1 Veitransport,EP04672,Tungdestillater,EnergibalansenGWh,Energibalansen (GWh),1998,1998,,.
EB120201,12.2.1 Veitransport,EP04672,Tungdestillater,EnergibalansenGWh,Energibalansen (GWh),1999,1999,,.
EB120201,12.2.1 Veitransport,EP04672,Tungdestillater,EnergibalansenGWh,Energibalansen (GWh),2000,2000,,.
EB120201,12.2.1 Veitransport,EP04672,Tungdestillater,EnergibalansenGWh,Energibalansen (GWh),2001,2001,,.
EB120201,12.2.1 Veitransport,EP04672,Tungdestillater,EnergibalansenGWh,Energibalansen (GWh),2002,2002,,.
EB120201,12.2.1 Veitransport,EP04672,Tungdestillater,EnergibalansenGWh,Energibalansen (GWh),2003,2003,,.
EB120201,12.2.1 Veitransport,EP04672,Tungdestillater,EnergibalansenGWh,Energibalansen (GWh),2004,2004,,.
EB120201,12.2.1 Veitransport,EP04672,Tungdestillater,EnergibalansenGWh,Energibalansen (GWh),2005,2005,,.
EB120201,12.2.1 Veitransport,EP04672,Tungdestillater,EnergibalansenGWh,Energibalansen (GWh),2006,2006,,.
EB120201,12.2.1 Veitransport,EP04672,Tungdestillater,EnergibalansenGWh,Energibalansen (GWh),2007,2007,,.
EB120201,12.2.1 Veitransport,EP04672,Tungdestillater,EnergibalansenGWh,Energibalansen (GWh),2008,2008,,.
EB120201,12.2.1 Veitransport,EP04672,Tungdestillater,EnergibalansenGWh,Energibalansen (GWh),2009,2009,,.
EB120201,12.2.1 Veitransport,EP04672,Tungdestillater,EnergibalansenGWh,Energibalansen (GWh),2010,2010,,-
EB120201,12.2.1 Veitransport,EP04672,Tungdestillater,EnergibalansenGWh,Energibalansen (GWh),2011,2011,,-
EB120201,12.2.1 Veitransport,EP04672,Tungdestillater,EnergibalansenGWh,Energibalansen (GWh),2012,2012,,-
EB120201,12.2.1 Veitransport,EP04672,Tungdestillater,EnergibalansenGWh,Energibalansen (GWh),2013,2013,,-
EB120201,12.2.1 Veitransport,EP04672,Tungdestillater,EnergibalansenGWh,Energibalansen (GWh),2014,2014,,-
EB120201,12.2.1 Veitransport,EP04672,Tungdestillater,EnergibalansenGWh,Energibalansen (GWh),2015,2015,,-
EB120201,12.2.1 Veitransport,EP04672,Tungdestillater,EnergibalansenGWh,Energibalansen (GWh),2016,2016,,-
EB120201,12.2.1 Veitransport,EP04672,Tungdestillater,EnergibalansenGWh,Energibalansen (GWh),2017,2017,,.
EB120201,12.2.1 Veitransport,EP04672,Tungdestillater,EnergibalansenGWh,Energibalansen (GWh),2018,2018,,.
EB120201,12.2.1 Veitransport,EP04672,Tungdestillater,EnergibalansenGWh,Energibalansen (GWh),2019,2019,,.
EB120201,12.2.1 Veitransport,EP04672,Tungdestillater,EnergibalansenGWh,Energibalansen (GWh),2020,2020,,.
EB120201,12.2.1 Veitransport,EP04672,Tungdestillater,EnergibalansenGWh,Energibalansen (GWh),2021,2021,,.
EB120201,12.2.1 Veitransport,EP04672,Tungdestillater,EnergibalansenGWh,Energibalansen (GWh),2022,2022,,.
EB120201,12.2.1 Veitransport,EP04672,Tungdestillater,EnergibalansenGWh,Energibalansen (GWh),2023,2023,,.
EB120201,12.2.1 Veitransport,EP04672,Tungdestillater,EnergibalansenGWh,Energibalansen (GWh),2024,2024,,.
EB120201,12.2.1 Veitransport,EP04672,Tungdestillater,EnergibalansenGWh,Energibalansen (GWh),2025,2025,,.
EB120201,12.2.1 Veitransport,EP0468,Tungolje,EnergibalansenPJ,Energibalansen (PJ),1990,1990,,.
EB120201,12.2.1 Veitransport,EP0468,Tungolje,EnergibalansenPJ,Energibalansen (PJ),1991,1991,,.
EB120201,12.2.1 Veitransport,EP0468,Tungolje,EnergibalansenPJ,Energibalansen (PJ),1992,1992,,.
EB120201,12.2.1 Veitransport,EP0468,Tungolje,EnergibalansenPJ,Energibalansen (PJ),1993,1993,,.
EB120201,12.2.1 Veitransport,EP0468,Tungolje,EnergibalansenPJ,Energibalansen (PJ),1994,1994,,.
EB120201,12.2.1 Veitransport,EP0468,Tungolje,EnergibalansenPJ,Energibalansen (PJ),1995,1995,,.
EB120201,12.2.1 Veitransport,EP0468,Tungolje,EnergibalansenPJ,Energibalansen (PJ),1996,1996,,.
EB120201,12.2.1 Veitransport,EP0468,Tungolje,EnergibalansenPJ,Energibalansen (PJ),1997,1997,,.
EB120201,12.2.1 Veitransport,EP0468,Tungolje,EnergibalansenPJ,Energibalansen (PJ),1998,1998,,.
EB120201,12.2.1 Veitransport,EP0468,Tungolje,EnergibalansenPJ,Energibalansen (PJ),1999,1999,,.
EB120201,12.2.1 Veitransport,EP0468,Tungolje,EnergibalansenPJ,Energibalansen (PJ),2000,2000,,.
EB120201,12.2.1 Veitransport,EP0468,Tungolje,EnergibalansenPJ,Energibalansen (PJ),2001,2001,,.
EB120201,12.2.1 Veitransport,EP0468,Tungolje,EnergibalansenPJ,Energibalansen (PJ),2002,2002,,.
EB120201,12.2.1 Veitransport,EP0468,Tungolje,EnergibalansenPJ,Energibalansen (PJ),2003,2003,,.
EB120201,12.2.1 Veitransport,EP0468,Tungolje,EnergibalansenPJ,Energibalansen (PJ),2004,2004,,.
EB120201,12.2.1 Veitransport,EP0468,Tungolje,EnergibalansenPJ,Energibalansen (PJ),2005,2005,,.
EB120201,12.2.1 Veitransport,EP0468,Tungolje,EnergibalansenPJ,Energibalansen (PJ),2006,2006,,.
EB120201,12.2.1 Veitransport,EP0468,Tungolje,EnergibalansenPJ,Energibalansen (PJ),2007,2007,,.
EB120201,12.2.1 Veitransport,EP0468,Tungolje,EnergibalansenPJ,Energibalansen (PJ),2008,2008,,.
EB120201,12.2.1 Veitransport,EP0468,Tungolje,EnergibalansenPJ,Energibalansen (PJ),2009,2009,,.
EB120201,12.2.1 Veitransport,EP0468,Tungolje,EnergibalansenPJ,Energibalansen (PJ),2010,2010,,-
EB120201,12.2.1 Veitransport,EP0468,Tungolje,EnergibalansenPJ,Energibalansen (PJ),2011,2011,,-
EB120201,12.2.1 Veitransport,EP0468,Tungolje,EnergibalansenPJ,Energibalansen (PJ),2012,2012,,-
EB120201,12.2.1 Veitransport,EP0468,Tungolje,EnergibalansenPJ,Energibalansen (PJ),2013,2013,,-
EB120201,12.2.1 Veitransport,EP0468,Tungolje,EnergibalansenPJ,Energibalansen (PJ),2014,2014,,-
EB120201,12.2.1 Veitransport,EP0468,Tungolje,EnergibalansenPJ,Energibalansen (PJ),2015,2015,,-
EB120201,12.2.1 Veitransport,EP0468,Tungolje,EnergibalansenPJ,Energibalansen (PJ),2016,2016,,-
EB120201,12.2.1 Veitransport,EP0468,Tungolje,EnergibalansenPJ,Energibalansen (PJ),2017,2017,,.
EB120201,12.2.1 Veitransport,EP0468,Tungolje,EnergibalansenPJ,Energibalansen (PJ),2018,2018,,.
EB120201,12.2.1 Veitransport,EP0468,Tungolje,EnergibalansenPJ,Energibalansen (PJ),2019,2019,,.
EB120201,12.2.1 Veitransport,EP0468,Tungolje,EnergibalansenPJ,Energibalansen (PJ),2020,2020,,.
EB120201,12.2.1 Veitransport,EP0468,Tungolje,EnergibalansenPJ,Energibalansen (PJ),2021,2021,,.
EB120201,12.2.1 Veitransport,EP0468,Tungolje,EnergibalansenPJ,Energibalansen (PJ),2022,2022,,.
EB120201,12.2.1 Veitransport,EP0468,Tungolje,EnergibalansenPJ,Energibalansen (PJ),2023,2023,,.
EB120201,12.2.1 Veitransport,EP0468,Tungolje,EnergibalansenPJ,Energibalansen (PJ),2024,2024,,.
EB120201,12.2.1 Veitransport,EP0468,Tungolje,EnergibalansenPJ,Energibalansen (PJ),2025,2025,,.
EB120201,12.2.1 Veitransport,EP0468,Tungolje,EnergibalansenGWh,Energibalansen (GWh),1990,1990,,.
EB120201,12.2.1 Veitransport,EP0468,Tungolje,EnergibalansenGWh,Energibalansen (GWh),1991,1991,,.
EB120201,12.2.1 Veitransport,EP0468,Tungolje,EnergibalansenGWh,Energibalansen (GWh),1992,1992,,.
EB120201,12.2.1 Veitransport,EP0468,Tungolje,EnergibalansenGWh,Energibalansen (GWh),1993,1993,,.
EB120201,12.2.1 Veitransport,EP0468,Tungolje,EnergibalansenGWh,Energibalansen (GWh),1994,1994,,.
EB120201,12.2.1 Veitransport,EP0468,Tungolje,EnergibalansenGWh,Energibalansen (GWh),1995,1995,,.
EB120201,12.2.1 Veitransport,EP0468,Tungolje,EnergibalansenGWh,Energibalansen (GWh),1996,1996,,.
EB120201,12.2.1 Veitransport,EP0468,Tungolje,EnergibalansenGWh,Energibalansen (GWh),1997,1997,,.
EB120201,12.2.1 Veitransport,EP0468,Tungolje,EnergibalansenGWh,Energibalansen (GWh),1998,1998,,.
EB120201,12.2.1 Veitransport,EP0468,Tungolje,EnergibalansenGWh,Energibalansen (GWh),1999,1999,,.
EB120201,12.2.1 Veitransport,EP0468,Tungolje,EnergibalansenGWh,Energibalansen (GWh),2000,2000,,.
EB120201,12.2.1 Veitransport,EP0468,Tungolje,EnergibalansenGWh,Energibalansen (GWh),2001,2001,,.
EB120201,12.2.1 Veitransport,EP0468,Tungolje,EnergibalansenGWh,Energibalansen (GWh),2002,2002,,.
EB120201,12.2.1 Veitransport,EP0468,Tungolje,EnergibalansenGWh,Energibalansen (GWh),2003,2003,,.
EB120201,12.2.1 Veitransport,EP0468,Tungolje,EnergibalansenGWh,Energibalansen (GWh),2004,2004,,.
EB120201,12.2.1 Veitransport,EP0468,Tungolje,EnergibalansenGWh,Energibalansen (GWh),2005,2005,,.
EB120201,12.2.1 Veitransport,EP0468,Tungolje,EnergibalansenGWh,Energibalansen (GWh),2006,2006,,.
EB120201,12.2.1 Veitransport,EP0468,Tungolje,EnergibalansenGWh,Energibalansen (GWh),2007,2007,,.
EB120201,12.2.1 Veitransport,EP0468,Tungolje,EnergibalansenGWh,Energibalansen (GWh),2008,2008,,.
EB120201,12.2.1 Veitransport,EP0468,Tungolje,EnergibalansenGWh,Energibalansen (GWh),2009,2009,,.
EB120201,12.2.1 Veitransport,EP0468,Tungolje,EnergibalansenGWh,Energibalansen (GWh),2010,2010,,-
EB120201,12.2.1 Veitransport,EP0468,Tungolje,EnergibalansenGWh,Energibalansen (GWh),2011,2011,,-
EB120201,12.2.1 Veitransport,EP0468,Tungolje,EnergibalansenGWh,Energibalansen (GWh),2012,2012,,-
EB120201,12.2.1 Veitransport,EP0468,Tungolje,EnergibalansenGWh,Energibalansen (GWh),2013,2013,,-
EB120201,12.2.1 Veitransport,EP0468,Tungolje,EnergibalansenGWh,Energibalansen (GWh),2014,2014,,-
EB120201,12.2.1 Veitransport,EP0468,Tungolje,EnergibalansenGWh,Energibalansen (GWh),2015,2015,,-
EB120201,12.2.1 Veitransport,EP0468,Tungolje,EnergibalansenGWh,Energibalansen (GWh),2016,2016,,-
EB120201,12.2.1 Veitransport,EP0468,Tungolje,EnergibalansenGWh,Energibalansen (GWh),2017,2017,,.
EB120201,12.2.1 Veitransport,EP0468,Tungolje,EnergibalansenGWh,Energibalansen (GWh),2018,2018,,.
EB120201,12.2.1 Veitransport,EP0468,Tungolje,EnergibalansenGWh,Energibalansen (GWh),2019,2019,,.
EB120201,12.2.1 Veitransport,EP0468,Tungolje,EnergibalansenGWh,Energibalansen (GWh),2020,2020,,.
EB120201,12.2.1 Veitransport,EP0468,Tungolje,EnergibalansenGWh,Energibalansen (GWh),2021,2021,,.
EB120201,12.2.1 Veitransport,EP0468,Tungolje,EnergibalansenGWh,Energibalansen (GWh),2022,2022,,.
EB120201,12.2.1 Veitransport,EP0468,Tungolje,EnergibalansenGWh,Energibalansen (GWh),2023,2023,,.
EB120201,12.2.1 Veitransport,EP0468,Tungolje,EnergibalansenGWh,Energibalansen (GWh),2024,2024,,.
EB120201,12.2.1 Veitransport,EP0468,Tungolje,EnergibalansenGWh,Energibalansen (GWh),2025,2025,,.
EB120201,12.2.1 Veitransport,EP0469,Oljeprodukter ikke nevnt andre steder,EnergibalansenPJ,Energibalansen (PJ),1990,1990,,.
EB120201,12.2.1 Veitransport,EP0469,Oljeprodukter ikke nevnt andre steder,EnergibalansenPJ,Energibalansen (PJ),1991,1991,,.
EB120201,12.2.1 Veitransport,EP0469,Oljeprodukter ikke nevnt andre steder,EnergibalansenPJ,Energibalansen (PJ),1992,1992,,.
EB120201,12.2.1 Veitransport,EP0469,Oljeprodukter ikke nevnt andre steder,EnergibalansenPJ,Energibalansen (PJ),1993,1993,,.
EB120201,12.2.1 Veitransport,EP0469,Oljeprodukter ikke nevnt andre steder,EnergibalansenPJ,Energibalansen (PJ),1994,1994,,.
EB120201,12.2.1 Veitransport,EP0469,Oljeprodukter ikke nevnt andre steder,EnergibalansenPJ,Energibalansen (PJ),1995,1995,,.
EB120201,12.2.1 Veitransport,EP0469,Oljeprodukter ikke nevnt andre steder,EnergibalansenPJ,Energibalansen (PJ),1996,1996,,.
EB120201,12.2.1 Veitransport,EP0469,Oljeprodukter ikke nevnt andre steder,EnergibalansenPJ,Energibalansen (PJ),1997,1997,,.
EB120201,12.2.1 Veitransport,EP0469,Oljeprodukter ikke nevnt andre steder,EnergibalansenPJ,Energibalansen (PJ),1998,1998,,.
EB120201,12.2.1 Veitransport,EP0469,Oljeprodukter ikke nevnt andre steder,EnergibalansenPJ,Energibalansen (PJ),1999,1999,,.
EB120201,12.2.1 Veitransport,EP0469,Oljeprodukter ikke nevnt andre steder,EnergibalansenPJ,Energibalansen (PJ),2000,2000,,.
EB120201,12.2.1 Veitransport,EP0469,Oljeprodukter ikke nevnt andre steder,EnergibalansenPJ,Energibalansen (PJ),2001,2001,,.
EB120201,12.2.1 Veitransport,EP0469,Oljeprodukter ikke nevnt andre steder,EnergibalansenPJ,Energibalansen (PJ),2002,2002,,.
EB120201,12.2.1 Veitransport,EP0469,Oljeprodukter ikke nevnt andre steder,EnergibalansenPJ,Energibalansen (PJ),2003,2003,,.
EB120201,12.2.1 Veitransport,EP0469,Oljeprodukter ikke nevnt andre steder,EnergibalansenPJ,Energibalansen (PJ),2004,2004,,.
EB120201,12.2.1 Veitransport,EP0469,Oljeprodukter ikke nevnt andre steder,EnergibalansenPJ,Energibalansen (PJ),2005,2005,,.
EB120201,12.2.1 Veitransport,EP0469,Oljeprodukter ikke nevnt andre steder,EnergibalansenPJ,Energibalansen (PJ),2006,2006,,.
EB120201,12.2.1 Veitransport,EP0469,Oljeprodukter ikke nevnt andre steder,EnergibalansenPJ,Energibalansen (PJ),2007,2007,,.
EB120201,12.2.1 Veitransport,EP0469,Oljeprodukter ikke nevnt andre steder,EnergibalansenPJ,Energibalansen (PJ),2008,2008,,.
EB120201,12.2.1 Veitransport,EP0469,Oljeprodukter ikke nevnt andre steder,EnergibalansenPJ,Energibalansen (PJ),2009,2009,,.
EB120201,12.2.1 Veitransport,EP0469,Oljeprodukter ikke nevnt andre steder,EnergibalansenPJ,Energibalansen (PJ),2010,2010,,-
EB120201,12.2.1 Veitransport,EP0469,Oljeprodukter ikke nevnt andre steder,EnergibalansenPJ,Energibalansen (PJ),2011,2011,,-
EB120201,12.2.1 Veitransport,EP0469,Oljeprodukter ikke nevnt andre steder,EnergibalansenPJ,Energibalansen (PJ),2012,2012,,-
EB120201,12.2.1 Veitransport,EP0469,Oljeprodukter ikke nevnt andre steder,EnergibalansenPJ,Energibalansen (PJ),2013,2013,,-
EB120201,12.2.1 Veitransport,EP0469,Oljeprodukter ikke nevnt andre steder,EnergibalansenPJ,Energibalansen (PJ),2014,2014,,-
EB120201,12.2.1 Veitransport,EP0469,Oljeprodukter ikke nevnt andre steder,EnergibalansenPJ,Energibalansen (PJ),2015,2015,,-
EB120201,12.2.1 Veitransport,EP0469,Oljeprodukter ikke nevnt andre steder,EnergibalansenPJ,Energibalansen (PJ),2016,2016,,-
EB120201,12.2.1 Veitransport,EP0469,Oljeprodukter ikke nevnt andre steder,EnergibalansenPJ,Energibalansen (PJ),2017,2017,,.
EB120201,12.2.1 Veitransport,EP0469,Oljeprodukter ikke nevnt andre steder,EnergibalansenPJ,Energibalansen (PJ),2018,2018,,.
EB120201,12.2.1 Veitransport,EP0469,Oljeprodukter ikke nevnt andre steder,EnergibalansenPJ,Energibalansen (PJ),2019,2019,,.
EB120201,12.2.1 Veitransport,EP0469,Oljeprodukter ikke nevnt andre steder,EnergibalansenPJ,Energibalansen (PJ),2020,2020,,.
EB120201,12.2.1 Veitransport,EP0469,Oljeprodukter ikke nevnt andre steder,EnergibalansenPJ,Energibalansen (PJ),2021,2021,,.
EB120201,12.2.1 Veitransport,EP0469,Oljeprodukter ikke nevnt andre steder,EnergibalansenPJ,Energibalansen (PJ),2022,2022,,.
EB120201,12.2.1 Veitransport,EP0469,Oljeprodukter ikke nevnt andre steder,EnergibalansenPJ,Energibalansen (PJ),2023,2023,,.
EB120201,12.2.1 Veitransport,EP0469,Oljeprodukter ikke nevnt andre steder,EnergibalansenPJ,Energibalansen (PJ),2024,2024,,.
EB120201,12.2.1 Veitransport,EP0469,Oljeprodukter ikke nevnt andre steder,EnergibalansenPJ,Energibalansen (PJ),2025,2025,,.
EB120201,12.2.1 Veitransport,EP0469,Oljeprodukter ikke nevnt andre steder,EnergibalansenGWh,Energibalansen (GWh),1990,1990,,.
EB120201,12.2.1 Veitransport,EP0469,Oljeprodukter ikke nevnt andre steder,EnergibalansenGWh,Energibalansen (GWh),1991,1991,,.
EB120201,12.2.1 Veitransport,EP0469,Oljeprodukter ikke nevnt andre steder,EnergibalansenGWh,Energibalansen (GWh),1992,1992,,.
EB120201,12.2.1 Veitransport,EP0469,Oljeprodukter ikke nevnt andre steder,EnergibalansenGWh,Energibalansen (GWh),1993,1993,,.
EB120201,12.2.1 Veitransport,EP0469,Oljeprodukter ikke nevnt andre steder,EnergibalansenGWh,Energibalansen (GWh),1994,1994,,.
EB120201,12.2.1 Veitransport,EP0469,Oljeprodukter ikke nevnt andre steder,EnergibalansenGWh,Energibalansen (GWh),1995,1995,,.
EB120201,12.2.1 Veitransport,EP0469,Oljeprodukter ikke nevnt andre steder,EnergibalansenGWh,Energibalansen (GWh),1996,1996,,.
EB120201,12.2.1 Veitransport,EP0469,Oljeprodukter ikke nevnt andre steder,EnergibalansenGWh,Energibalansen (GWh),1997,1997,,.
EB120201,12.2.1 Veitransport,EP0469,Oljeprodukter ikke nevnt andre steder,EnergibalansenGWh,Energibalansen (GWh),1998,1998,,.
EB120201,12.2.1 Veitransport,EP0469,Oljeprodukter ikke nevnt andre steder,EnergibalansenGWh,Energibalansen (GWh),1999,1999,,.
EB120201,12.2.1 Veitransport,EP0469,Oljeprodukter ikke nevnt andre steder,EnergibalansenGWh,Energibalansen (GWh),2000,2000,,.
EB120201,12.2.1 Veitransport,EP0469,Oljeprodukter ikke nevnt andre steder,EnergibalansenGWh,Energibalansen (GWh),2001,2001,,.
EB120201,12.2.1 Veitransport,EP0469,Oljeprodukter ikke nevnt andre steder,EnergibalansenGWh,Energibalansen (GWh),2002,2002,,.
EB120201,12.2.1 Veitransport,EP0469,Oljeprodukter ikke nevnt andre steder,EnergibalansenGWh,Energibalansen (GWh),2003,2003,,.
EB120201,12.2.1 Veitransport,EP0469,Oljeprodukter ikke nevnt andre steder,EnergibalansenGWh,Energibalansen (GWh),2004,2004,,.
EB120201,12.2.1 Veitransport,EP0469,Oljeprodukter ikke nevnt andre steder,EnergibalansenGWh,Energibalansen (GWh),2005,2005,,.
EB120201,12.2.1 Veitransport,EP0469,Oljeprodukter ikke nevnt andre steder,EnergibalansenGWh,Energibalansen (GWh),2006,2006,,.
EB120201,12.2.1 Veitransport,EP0469,Oljeprodukter ikke nevnt andre steder,EnergibalansenGWh,Energibalansen (GWh),2007,2007,,.
EB120201,12.2.1 Veitransport,EP0469,Oljeprodukter ikke nevnt andre steder,EnergibalansenGWh,Energibalansen (GWh),2008,2008,,.
EB120201,12.2.1 Veitransport,EP0469,Oljeprodukter ikke nevnt andre steder,EnergibalansenGWh,Energibalansen (GWh),2009,2009,,.
EB120201,12.2.1 Veitransport,EP0469,Oljeprodukter ikke nevnt andre steder,EnergibalansenGWh,Energibalansen (GWh),2010,2010,,-
EB120201,12.2.1 Veitransport,EP0469,Oljeprodukter ikke nevnt andre steder,EnergibalansenGWh,Energibalansen (GWh),2011,2011,,-
EB120201,12.2.1 Veitransport,EP0469,Oljeprodukter ikke nevnt andre steder,EnergibalansenGWh,Energibalansen (GWh),2012,2012,,-
EB120201,12.2.1 Veitransport,EP0469,Oljeprodukter ikke nevnt andre steder,EnergibalansenGWh,Energibalansen (GWh),2013,2013,,-
EB120201,12.2.1 Veitransport,EP0469,Oljeprodukter ikke nevnt andre steder,EnergibalansenGWh,Energibalansen (GWh),2014,2014,,-
EB120201,12.2.1 Veitransport,EP0469,Oljeprodukter ikke nevnt andre steder,EnergibalansenGWh,Energibalansen (GWh),2015,2015,,-
EB120201,12.2.1 Veitransport,EP0469,Oljeprodukter ikke nevnt andre steder,EnergibalansenGWh,Energibalansen (GWh),2016,2016,,-
EB120201,12.2.1 Veitransport,EP0469,Oljeprodukter ikke nevnt andre steder,EnergibalansenGWh,Energibalansen (GWh),2017,2017,,.
EB120201,12.2.1 Veitransport,EP0469,Oljeprodukter ikke nevnt andre steder,EnergibalansenGWh,Energibalansen (GWh),2018,2018,,.
EB120201,12.2.1 Veitransport,EP0469,Oljeprodukter ikke nevnt andre steder,EnergibalansenGWh,Energibalansen (GWh),2019,2019,,.
EB120201,12.2.1 Veitransport,EP0469,Oljeprodukter ikke nevnt andre steder,EnergibalansenGWh,Energibalansen (GWh),2020,2020,,.
EB120201,12.2.1 Veitransport,EP0469,Oljeprodukter ikke nevnt andre steder,EnergibalansenGWh,Energibalansen (GWh),2021,2021,,.
EB120201,12.2.1 Veitransport,EP0469,Oljeprodukter ikke nevnt andre steder,EnergibalansenGWh,Energibalansen (GWh),2022,2022,,.
EB120201,12.2.1 Veitransport,EP0469,Oljeprodukter ikke nevnt andre steder,EnergibalansenGWh,Energibalansen (GWh),2023,2023,,.
EB120201,12.2.1 Veitransport,EP0469,Oljeprodukter ikke nevnt andre steder,EnergibalansenGWh,Energibalansen (GWh),2024,2024,,.
EB120201,12.2.1 Veitransport,EP0469,Oljeprodukter ikke nevnt andre steder,EnergibalansenGWh,Energibalansen (GWh),2025,2025,,.
EB120201,12.2.1 Veitransport,EP04IF,Olje og oljeprodukter (ekskl. bio),EnergibalansenPJ,Energibalansen (PJ),1990,1990,102.7,
EB120201,12.2.1 Veitransport,EP04IF,Olje og oljeprodukter (ekskl. bio),EnergibalansenPJ,Energibalansen (PJ),1991,1991,101.0,
EB120201,12.2.1 Veitransport,EP04IF,Olje og oljeprodukter (ekskl. bio),EnergibalansenPJ,Energibalansen (PJ),1992,1992,101.4,
EB120201,12.2.1 Veitransport,EP04IF,Olje og oljeprodukter (ekskl. bio),EnergibalansenPJ,Energibalansen (PJ),1993,1993,103.7,
EB120201,12.2.1 Veitransport,EP04IF,Olje og oljeprodukter (ekskl. bio),EnergibalansenPJ,Energibalansen (PJ),1994,1994,102.3,
EB120201,12.2.1 Veitransport,EP04IF,Olje og oljeprodukter (ekskl. bio),EnergibalansenPJ,Energibalansen (PJ),1995,1995,103.7,
EB120201,12.2.1 Veitransport,EP04IF,Olje og oljeprodukter (ekskl. bio),EnergibalansenPJ,Energibalansen (PJ),1996,1996,108.8,
EB120201,12.2.1 Veitransport,EP04IF,Olje og oljeprodukter (ekskl. bio),EnergibalansenPJ,Energibalansen (PJ),1997,1997,108.7,
EB120201,12.2.1 Veitransport,EP04IF,Olje og oljeprodukter (ekskl. bio),EnergibalansenPJ,Energibalansen (PJ),1998,1998,111.9,
EB120201,12.2.1 Veitransport,EP04IF,Olje og oljeprodukter (ekskl. bio),EnergibalansenPJ,Energibalansen (PJ),1999,1999,117.6,
EB120201,12.2.1 Veitransport,EP04IF,Olje og oljeprodukter (ekskl. bio),EnergibalansenPJ,Energibalansen (PJ),2000,2000,115.3,
EB120201,12.2.1 Veitransport,EP04IF,Olje og oljeprodukter (ekskl. bio),EnergibalansenPJ,Energibalansen (PJ),2001,2001,122.1,
EB120201,12.2.1 Veitransport,EP04IF,Olje og oljeprodukter (ekskl. bio),EnergibalansenPJ,Energibalansen (PJ),2002,2002,123.2,
EB120201,12.2.1 Veitransport,EP04IF,Olje og oljeprodukter (ekskl. bio),EnergibalansenPJ,Energibalansen (PJ),2003,2003,125.1,
EB120201,12.2.1 Veitransport,EP04IF,Olje og oljeprodukter (ekskl. bio),EnergibalansenPJ,Energibalansen (PJ),2004,2004,129.2,
EB120201,12.2.1 Veitransport,EP04IF,Olje og oljeprodukter (ekskl. bio),EnergibalansenPJ,Energibalansen (PJ),2005,2005,131.4,
EB120201,12.2.1 Veitransport,EP04IF,Olje og oljeprodukter (ekskl. bio),EnergibalansenPJ,Energibalansen (PJ),2006,2006,135.2,
EB120201,12.2.1 Veitransport,EP04IF,Olje og oljeprodukter (ekskl. bio),EnergibalansenPJ,Energibalansen (PJ),2007,2007,138.1,
EB120201,12.2.1 Veitransport,EP04IF,Olje og oljeprodukter (ekskl. bio),EnergibalansenPJ,Energibalansen (PJ),2008,2008,136.0,
EB120201,12.2.1 Veitransport,EP04IF,Olje og oljeprodukter (ekskl. bio),EnergibalansenPJ,Energibalansen (PJ),2009,2009,133.7,
EB120201,12.2.1 Veitransport,EP04IF,Olje og oljeprodukter (ekskl. bio),EnergibalansenPJ,Energibalansen (PJ),2010,2010,136.9,
EB120201,12.2.1 Veitransport,EP04IF,Olje og oljeprodukter (ekskl. bio),EnergibalansenPJ,Energibalansen (PJ),2011,2011,135.7,
EB120201,12.2.1 Veitransport,EP04IF,Olje og oljeprodukter (ekskl. bio),EnergibalansenPJ,Energibalansen (PJ),2012,2012,135.7,
EB120201,12.2.1 Veitransport,EP04IF,Olje og oljeprodukter (ekskl. bio),EnergibalansenPJ,Energibalansen (PJ),2013,2013,136.2,
EB120201,12.2.1 Veitransport,EP04IF,Olje og oljeprodukter (ekskl. bio),EnergibalansenPJ,Energibalansen (PJ),2014,2014,138.9,
EB120201,12.2.1 Veitransport,EP04IF,Olje og oljeprodukter (ekskl. bio),EnergibalansenPJ,Energibalansen (PJ),2015,2015,139.3,
EB120201,12.2.1 Veitransport,EP04IF,Olje og oljeprodukter (ekskl. bio),EnergibalansenPJ,Energibalansen (PJ),2016,2016,135.5,
EB120201,12.2.1 Veitransport,EP04IF,Olje og oljeprodukter (ekskl. bio),EnergibalansenPJ,Energibalansen (PJ),2017,2017,123.6,
EB120201,12.2.1 Veitransport,EP04IF,Olje og oljeprodukter (ekskl. bio),EnergibalansenPJ,Energibalansen (PJ),2018,2018,126.9,
EB120201,12.2.1 Veitransport,EP04IF,Olje og oljeprodukter (ekskl. bio),EnergibalansenPJ,Energibalansen (PJ),2019,2019,118.0,
EB120201,12.2.1 Veitransport,EP04IF,Olje og oljeprodukter (ekskl. bio),EnergibalansenPJ,Energibalansen (PJ),2020,2020,113.1,
EB120201,12.2.1 Veitransport,EP04IF,Olje og oljeprodukter (ekskl. bio),EnergibalansenPJ,Energibalansen (PJ),2021,2021,117.7,
EB120201,12.2.1 Veitransport,EP04IF,Olje og oljeprodukter (ekskl. bio),EnergibalansenPJ,Energibalansen (PJ),2022,2022,118.0,
EB120201,12.2.1 Veitransport,EP04IF,Olje og oljeprodukter (ekskl. bio),EnergibalansenPJ,Energibalansen (PJ),2023,2023,108.5,
EB120201,12.2.1 Veitransport,EP04IF,Olje og oljeprodukter (ekskl. bio),EnergibalansenPJ,Energibalansen (PJ),2024,2024,101.7,
EB120201,12.2.1 Veitransport,EP04IF,Olje og oljeprodukter (ekskl. bio),EnergibalansenPJ,Energibalansen (PJ),2025,2025,93.4,
EB120201,12.2.1 Veitransport,EP04IF,Olje og oljeprodukter (ekskl. bio),EnergibalansenGWh,Energibalansen (GWh),1990,1990,28524.0,
EB120201,12.2.1 Veitransport,EP04IF,Olje og oljeprodukter (ekskl. bio),EnergibalansenGWh,Energibalansen (GWh),1991,1991,28062.0,
EB120201,12.2.1 Veitransport,EP04IF,Olje og oljeprodukter (ekskl. bio),EnergibalansenGWh,Energibalansen (GWh),1992,1992,28163.0,
EB120201,12.2.1 Veitransport,EP04IF,Olje og oljeprodukter (ekskl. bio),EnergibalansenGWh,Energibalansen (GWh),1993,1993,28806.0,
EB120201,12.2.1 Veitransport,EP04IF,Olje og oljeprodukter (ekskl. bio),EnergibalansenGWh,Energibalansen (GWh),1994,1994,28410.0,
EB120201,12.2.1 Veitransport,EP04IF,Olje og oljeprodukter (ekskl. bio),EnergibalansenGWh,Energibalansen (GWh),1995,1995,28797.0,
EB120201,12.2.1 Veitransport,EP04IF,Olje og oljeprodukter (ekskl. bio),EnergibalansenGWh,Energibalansen (GWh),1996,1996,30234.0,
EB120201,12.2.1 Veitransport,EP04IF,Olje og oljeprodukter (ekskl. bio),EnergibalansenGWh,Energibalansen (GWh),1997,1997,30190.0,
EB120201,12.2.1 Veitransport,EP04IF,Olje og oljeprodukter (ekskl. bio),EnergibalansenGWh,Energibalansen (GWh),1998,1998,31070.0,
EB120201,12.2.1 Veitransport,EP04IF,Olje og oljeprodukter (ekskl. bio),EnergibalansenGWh,Energibalansen (GWh),1999,1999,32669.0,
EB120201,12.2.1 Veitransport,EP04IF,Olje og oljeprodukter (ekskl. bio),EnergibalansenGWh,Energibalansen (GWh),2000,2000,32033.0,
EB120201,12.2.1 Veitransport,EP04IF,Olje og oljeprodukter (ekskl. bio),EnergibalansenGWh,Energibalansen (GWh),2001,2001,33918.0,
EB120201,12.2.1 Veitransport,EP04IF,Olje og oljeprodukter (ekskl. bio),EnergibalansenGWh,Energibalansen (GWh),2002,2002,34217.0,
EB120201,12.2.1 Veitransport,EP04IF,Olje og oljeprodukter (ekskl. bio),EnergibalansenGWh,Energibalansen (GWh),2003,2003,34760.0,
EB120201,12.2.1 Veitransport,EP04IF,Olje og oljeprodukter (ekskl. bio),EnergibalansenGWh,Energibalansen (GWh),2004,2004,35899.0,
EB120201,12.2.1 Veitransport,EP04IF,Olje og oljeprodukter (ekskl. bio),EnergibalansenGWh,Energibalansen (GWh),2005,2005,36488.0,
EB120201,12.2.1 Veitransport,EP04IF,Olje og oljeprodukter (ekskl. bio),EnergibalansenGWh,Energibalansen (GWh),2006,2006,37549.0,
EB120201,12.2.1 Veitransport,EP04IF,Olje og oljeprodukter (ekskl. bio),EnergibalansenGWh,Energibalansen (GWh),2007,2007,38365.0,
EB120201,12.2.1 Veitransport,EP04IF,Olje og oljeprodukter (ekskl. bio),EnergibalansenGWh,Energibalansen (GWh),2008,2008,37773.0,
EB120201,12.2.1 Veitransport,EP04IF,Olje og oljeprodukter (ekskl. bio),EnergibalansenGWh,Energibalansen (GWh),2009,2009,37147.0,
EB120201,12.2.1 Veitransport,EP04IF,Olje og oljeprodukter (ekskl. bio),EnergibalansenGWh,Energibalansen (GWh),2010,2010,38022.0,
EB120201,12.2.1 Veitransport,EP04IF,Olje og oljeprodukter (ekskl. bio),EnergibalansenGWh,Energibalansen (GWh),2011,2011,37707.0,
EB120201,12.2.1 Veitransport,EP04IF,Olje og oljeprodukter (ekskl. bio),EnergibalansenGWh,Energibalansen (GWh),2012,2012,37689.0,
EB120201,12.2.1 Veitransport,EP04IF,Olje og oljeprodukter (ekskl. bio),EnergibalansenGWh,Energibalansen (GWh),2013,2013,37823.0,
EB120201,12.2.1 Veitransport,EP04IF,Olje og oljeprodukter (ekskl. bio),EnergibalansenGWh,Energibalansen (GWh),2014,2014,38576.0,
EB120201,12.2.1 Veitransport,EP04IF,Olje og oljeprodukter (ekskl. bio),EnergibalansenGWh,Energibalansen (GWh),2015,2015,38706.0,
EB120201,12.2.1 Veitransport,EP04IF,Olje og oljeprodukter (ekskl. bio),EnergibalansenGWh,Energibalansen (GWh),2016,2016,37648.0,
EB120201,12.2.1 Veitransport,EP04IF,Olje og oljeprodukter (ekskl. bio),EnergibalansenGWh,Energibalansen (GWh),2017,2017,34321.0,
EB120201,12.2.1 Veitransport,EP04IF,Olje og oljeprodukter (ekskl. bio),EnergibalansenGWh,Energibalansen (GWh),2018,2018,35248.0,
EB120201,12.2.1 Veitransport,EP04IF,Olje og oljeprodukter (ekskl. bio),EnergibalansenGWh,Energibalansen (GWh),2019,2019,32789.0,
EB120201,12.2.1 Veitransport,EP04IF,Olje og oljeprodukter (ekskl. bio),EnergibalansenGWh,Energibalansen (GWh),2020,2020,31426.0,
EB120201,12.2.1 Veitransport,EP04IF,Olje og oljeprodukter (ekskl. bio),EnergibalansenGWh,Energibalansen (GWh),2021,2021,32703.0,
EB120201,12.2.1 Veitransport,EP04IF,Olje og oljeprodukter (ekskl. bio),EnergibalansenGWh,Energibalansen (GWh),2022,2022,32786.0,
EB120201,12.2.1 Veitransport,EP04IF,Olje og oljeprodukter (ekskl. bio),EnergibalansenGWh,Energibalansen (GWh),2023,2023,30136.0,
EB120201,12.2.1 Veitransport,EP04IF,Olje og oljeprodukter (ekskl. bio),EnergibalansenGWh,Energibalansen (GWh),2024,2024,28255.0,
EB120201,12.2.1 Veitransport,EP04IF,Olje og oljeprodukter (ekskl. bio),EnergibalansenGWh,Energibalansen (GWh),2025,2025,25936.0,
EB120201,12.2.1 Veitransport,EP05,Biobrensler,EnergibalansenPJ,Energibalansen (PJ),1990,1990,,.
EB120201,12.2.1 Veitransport,EP05,Biobrensler,EnergibalansenPJ,Energibalansen (PJ),1991,1991,,.
EB120201,12.2.1 Veitransport,EP05,Biobrensler,EnergibalansenPJ,Energibalansen (PJ),1992,1992,,.
EB120201,12.2.1 Veitransport,EP05,Biobrensler,EnergibalansenPJ,Energibalansen (PJ),1993,1993,,.
EB120201,12.2.1 Veitransport,EP05,Biobrensler,EnergibalansenPJ,Energibalansen (PJ),1994,1994,,.
EB120201,12.2.1 Veitransport,EP05,Biobrensler,EnergibalansenPJ,Energibalansen (PJ),1995,1995,,.
EB120201,12.2.1 Veitransport,EP05,Biobrensler,EnergibalansenPJ,Energibalansen (PJ),1996,1996,,.
EB120201,12.2.1 Veitransport,EP05,Biobrensler,EnergibalansenPJ,Energibalansen (PJ),1997,1997,,.
EB120201,12.2.1 Veitransport,EP05,Biobrensler,EnergibalansenPJ,Energibalansen (PJ),1998,1998,,.
EB120201,12.2.1 Veitransport,EP05,Biobrensler,EnergibalansenPJ,Energibalansen (PJ),1999,1999,,.
EB120201,12.2.1 Veitransport,EP05,Biobrensler,EnergibalansenPJ,Energibalansen (PJ),2000,2000,,.
EB120201,12.2.1 Veitransport,EP05,Biobrensler,EnergibalansenPJ,Energibalansen (PJ),2001,2001,,.
EB120201,12.2.1 Veitransport,EP05,Biobrensler,EnergibalansenPJ,Energibalansen (PJ),2002,2002,,.
EB120201,12.2.1 Veitransport,EP05,Biobrensler,EnergibalansenPJ,Energibalansen (PJ),2003,2003,,.
EB120201,12.2.1 Veitransport,EP05,Biobrensler,EnergibalansenPJ,Energibalansen (PJ),2004,2004,0.1,
EB120201,12.2.1 Veitransport,EP05,Biobrensler,EnergibalansenPJ,Energibalansen (PJ),2005,2005,0.1,
EB120201,12.2.1 Veitransport,EP05,Biobrensler,EnergibalansenPJ,Energibalansen (PJ),2006,2006,0.2,
EB120201,12.2.1 Veitransport,EP05,Biobrensler,EnergibalansenPJ,Energibalansen (PJ),2007,2007,1.3,
EB120201,12.2.1 Veitransport,EP05,Biobrensler,EnergibalansenPJ,Energibalansen (PJ),2008,2008,3.4,
EB120201,12.2.1 Veitransport,EP05,Biobrensler,EnergibalansenPJ,Energibalansen (PJ),2009,2009,4.0,
EB120201,12.2.1 Veitransport,EP05,Biobrensler,EnergibalansenPJ,Energibalansen (PJ),2010,2010,4.9,
EB120201,12.2.1 Veitransport,EP05,Biobrensler,EnergibalansenPJ,Energibalansen (PJ),2011,2011,4.8,
EB120201,12.2.1 Veitransport,EP05,Biobrensler,EnergibalansenPJ,Energibalansen (PJ),2012,2012,5.6,
EB120201,12.2.1 Veitransport,EP05,Biobrensler,EnergibalansenPJ,Energibalansen (PJ),2013,2013,5.4,
EB120201,12.2.1 Veitransport,EP05,Biobrensler,EnergibalansenPJ,Energibalansen (PJ),2014,2014,5.4,
EB120201,12.2.1 Veitransport,EP05,Biobrensler,EnergibalansenPJ,Energibalansen (PJ),2015,2015,6.3,
EB120201,12.2.1 Veitransport,EP05,Biobrensler,EnergibalansenPJ,Energibalansen (PJ),2016,2016,13.9,
EB120201,12.2.1 Veitransport,EP05,Biobrensler,EnergibalansenPJ,Energibalansen (PJ),2017,2017,22.0,
EB120201,12.2.1 Veitransport,EP05,Biobrensler,EnergibalansenPJ,Energibalansen (PJ),2018,2018,16.6,
EB120201,12.2.1 Veitransport,EP05,Biobrensler,EnergibalansenPJ,Energibalansen (PJ),2019,2019,21.1,
EB120201,12.2.1 Veitransport,EP05,Biobrensler,EnergibalansenPJ,Energibalansen (PJ),2020,2020,17.9,
EB120201,12.2.1 Veitransport,EP05,Biobrensler,EnergibalansenPJ,Energibalansen (PJ),2021,2021,17.6,
EB120201,12.2.1 Veitransport,EP05,Biobrensler,EnergibalansenPJ,Energibalansen (PJ),2022,2022,16.7,
EB120201,12.2.1 Veitransport,EP05,Biobrensler,EnergibalansenPJ,Energibalansen (PJ),2023,2023,17.7,
EB120201,12.2.1 Veitransport,EP05,Biobrensler,EnergibalansenPJ,Energibalansen (PJ),2024,2024,18.1,
EB120201,12.2.1 Veitransport,EP05,Biobrensler,EnergibalansenPJ,Energibalansen (PJ),2025,2025,16.6,
EB120201,12.2.1 Veitransport,EP05,Biobrensler,EnergibalansenGWh,Energibalansen (GWh),1990,1990,,.
EB120201,12.2.1 Veitransport,EP05,Biobrensler,EnergibalansenGWh,Energibalansen (GWh),1991,1991,,.
EB120201,12.2.1 Veitransport,EP05,Biobrensler,EnergibalansenGWh,Energibalansen (GWh),1992,1992,,.
EB120201,12.2.1 Veitransport,EP05,Biobrensler,EnergibalansenGWh,Energibalansen (GWh),1993,1993,,.
EB120201,12.2.1 Veitransport,EP05,Biobrensler,EnergibalansenGWh,Energibalansen (GWh),1994,1994,,.
EB120201,12.2.1 Veitransport,EP05,Biobrensler,EnergibalansenGWh,Energibalansen (GWh),1995,1995,,.
EB120201,12.2.1 Veitransport,EP05,Biobrensler,EnergibalansenGWh,Energibalansen (GWh),1996,1996,,.
EB120201,12.2.1 Veitransport,EP05,Biobrensler,EnergibalansenGWh,Energibalansen (GWh),1997,1997,,.
EB120201,12.2.1 Veitransport,EP05,Biobrensler,EnergibalansenGWh,Energibalansen (GWh),1998,1998,,.
EB120201,12.2.1 Veitransport,EP05,Biobrensler,EnergibalansenGWh,Energibalansen (GWh),1999,1999,,.
EB120201,12.2.1 Veitransport,EP05,Biobrensler,EnergibalansenGWh,Energibalansen (GWh),2000,2000,,.
EB120201,12.2.1 Veitransport,EP05,Biobrensler,EnergibalansenGWh,Energibalansen (GWh),2001,2001,,.
EB120201,12.2.1 Veitransport,EP05,Biobrensler,EnergibalansenGWh,Energibalansen (GWh),2002,2002,,.
EB120201,12.2.1 Veitransport,EP05,Biobrensler,EnergibalansenGWh,Energibalansen (GWh),2003,2003,,.
EB120201,12.2.1 Veitransport,EP05,Biobrensler,EnergibalansenGWh,Energibalansen (GWh),2004,2004,16.0,
EB120201,12.2.1 Veitransport,EP05,Biobrensler,EnergibalansenGWh,Energibalansen (GWh),2005,2005,32.0,
EB120201,12.2.1 Veitransport,EP05,Biobrensler,EnergibalansenGWh,Energibalansen (GWh),2006,2006,64.0,
EB120201,12.2.1 Veitransport,EP05,Biobrensler,EnergibalansenGWh,Energibalansen (GWh),2007,2007,353.0,
EB120201,12.2.1 Veitransport,EP05,Biobrensler,EnergibalansenGWh,Energibalansen (GWh),2008,2008,939.0,
EB120201,12.2.1 Veitransport,EP05,Biobrensler,EnergibalansenGWh,Energibalansen (GWh),2009,2009,1108.0,
EB120201,12.2.1 Veitransport,EP05,Biobrensler,EnergibalansenGWh,Energibalansen (GWh),2010,2010,1351.0,
EB120201,12.2.1 Veitransport,EP05,Biobrensler,EnergibalansenGWh,Energibalansen (GWh),2011,2011,1344.0,
EB120201,12.2.1 Veitransport,EP05,Biobrensler,EnergibalansenGWh,Energibalansen (GWh),2012,2012,1549.0,
EB120201,12.2.1 Veitransport,EP05,Biobrensler,EnergibalansenGWh,Energibalansen (GWh),2013,2013,1495.0,
EB120201,12.2.1 Veitransport,EP05,Biobrensler,EnergibalansenGWh,Energibalansen (GWh),2014,2014,1490.0,
EB120201,12.2.1 Veitransport,EP05,Biobrensler,EnergibalansenGWh,Energibalansen (GWh),2015,2015,1758.0,
EB120201,12.2.1 Veitransport,EP05,Biobrensler,EnergibalansenGWh,Energibalansen (GWh),2016,2016,3848.0,
EB120201,12.2.1 Veitransport,EP05,Biobrensler,EnergibalansenGWh,Energibalansen (GWh),2017,2017,6116.0,
EB120201,12.2.1 Veitransport,EP05,Biobrensler,EnergibalansenGWh,Energibalansen (GWh),2018,2018,4606.0,
EB120201,12.2.1 Veitransport,EP05,Biobrensler,EnergibalansenGWh,Energibalansen (GWh),2019,2019,5862.0,
EB120201,12.2.1 Veitransport,EP05,Biobrensler,EnergibalansenGWh,Energibalansen (GWh),2020,2020,4982.0,
EB120201,12.2.1 Veitransport,EP05,Biobrensler,EnergibalansenGWh,Energibalansen (GWh),2021,2021,4877.0,
EB120201,12.2.1 Veitransport,EP05,Biobrensler,EnergibalansenGWh,Energibalansen (GWh),2022,2022,4629.0,
EB120201,12.2.1 Veitransport,EP05,Biobrensler,EnergibalansenGWh,Energibalansen (GWh),2023,2023,4929.0,
EB120201,12.2.1 Veitransport,EP05,Biobrensler,EnergibalansenGWh,Energibalansen (GWh),2024,2024,5036.0,
EB120201,12.2.1 Veitransport,EP05,Biobrensler,EnergibalansenGWh,Energibalansen (GWh),2025,2025,4612.0,
EB120201,12.2.1 Veitransport,EP051,Faste biobrensler,EnergibalansenPJ,Energibalansen (PJ),1990,1990,,.
EB120201,12.2.1 Veitransport,EP051,Faste biobrensler,EnergibalansenPJ,Energibalansen (PJ),1991,1991,,.
EB120201,12.2.1 Veitransport,EP051,Faste biobrensler,EnergibalansenPJ,Energibalansen (PJ),1992,1992,,.
EB120201,12.2.1 Veitransport,EP051,Faste biobrensler,EnergibalansenPJ,Energibalansen (PJ),1993,1993,,.
EB120201,12.2.1 Veitransport,EP051,Faste biobrensler,EnergibalansenPJ,Energibalansen (PJ),1994,1994,,.
EB120201,12.2.1 Veitransport,EP051,Faste biobrensler,EnergibalansenPJ,Energibalansen (PJ),1995,1995,,.
EB120201,12.2.1 Veitransport,EP051,Faste biobrensler,EnergibalansenPJ,Energibalansen (PJ),1996,1996,,.
EB120201,12.2.1 Veitransport,EP051,Faste biobrensler,EnergibalansenPJ,Energibalansen (PJ),1997,1997,,.
EB120201,12.2.1 Veitransport,EP051,Faste biobrensler,EnergibalansenPJ,Energibalansen (PJ),1998,1998,,.
EB120201,12.2.1 Veitransport,EP051,Faste biobrensler,EnergibalansenPJ,Energibalansen (PJ),1999,1999,,.
EB120201,12.2.1 Veitransport,EP051,Faste biobrensler,EnergibalansenPJ,Energibalansen (PJ),2000,2000,,.
EB120201,12.2.1 Veitransport,EP051,Faste biobrensler,EnergibalansenPJ,Energibalansen (PJ),2001,2001,,.
EB120201,12.2.1 Veitransport,EP051,Faste biobrensler,EnergibalansenPJ,Energibalansen (PJ),2002,2002,,.
EB120201,12.2.1 Veitransport,EP051,Faste biobrensler,EnergibalansenPJ,Energibalansen (PJ),2003,2003,,.
EB120201,12.2.1 Veitransport,EP051,Faste biobrensler,EnergibalansenPJ,Energibalansen (PJ),2004,2004,,.
EB120201,12.2.1 Veitransport,EP051,Faste biobrensler,EnergibalansenPJ,Energibalansen (PJ),2005,2005,,.
EB120201,12.2.1 Veitransport,EP051,Faste biobrensler,EnergibalansenPJ,Energibalansen (PJ),2006,2006,,.
EB120201,12.2.1 Veitransport,EP051,Faste biobrensler,EnergibalansenPJ,Energibalansen (PJ),2007,2007,,.
EB120201,12.2.1 Veitransport,EP051,Faste biobrensler,EnergibalansenPJ,Energibalansen (PJ),2008,2008,,.
EB120201,12.2.1 Veitransport,EP051,Faste biobrensler,EnergibalansenPJ,Energibalansen (PJ),2009,2009,,.
EB120201,12.2.1 Veitransport,EP051,Faste biobrensler,EnergibalansenPJ,Energibalansen (PJ),2010,2010,,-
EB120201,12.2.1 Veitransport,EP051,Faste biobrensler,EnergibalansenPJ,Energibalansen (PJ),2011,2011,,-
EB120201,12.2.1 Veitransport,EP051,Faste biobrensler,EnergibalansenPJ,Energibalansen (PJ),2012,2012,,-
EB120201,12.2.1 Veitransport,EP051,Faste biobrensler,EnergibalansenPJ,Energibalansen (PJ),2013,2013,,-
EB120201,12.2.1 Veitransport,EP051,Faste biobrensler,EnergibalansenPJ,Energibalansen (PJ),2014,2014,,-
EB120201,12.2.1 Veitransport,EP051,Faste biobrensler,EnergibalansenPJ,Energibalansen (PJ),2015,2015,,-
EB120201,12.2.1 Veitransport,EP051,Faste biobrensler,EnergibalansenPJ,Energibalansen (PJ),2016,2016,,-
EB120201,12.2.1 Veitransport,EP051,Faste biobrensler,EnergibalansenPJ,Energibalansen (PJ),2017,2017,,.
EB120201,12.2.1 Veitransport,EP051,Faste biobrensler,EnergibalansenPJ,Energibalansen (PJ),2018,2018,,.
EB120201,12.2.1 Veitransport,EP051,Faste biobrensler,EnergibalansenPJ,Energibalansen (PJ),2019,2019,,.
EB120201,12.2.1 Veitransport,EP051,Faste biobrensler,EnergibalansenPJ,Energibalansen (PJ),2020,2020,,.
EB120201,12.2.1 Veitransport,EP051,Faste biobrensler,EnergibalansenPJ,Energibalansen (PJ),2021,2021,,.
EB120201,12.2.1 Veitransport,EP051,Faste biobrensler,EnergibalansenPJ,Energibalansen (PJ),2022,2022,,.
EB120201,12.2.1 Veitransport,EP051,Faste biobrensler,EnergibalansenPJ,Energibalansen (PJ),2023,2023,,.
EB120201,12.2.1 Veitransport,EP051,Faste biobrensler,EnergibalansenPJ,Energibalansen (PJ),2024,2024,,.
EB120201,12.2.1 Veitransport,EP051,Faste biobrensler,EnergibalansenPJ,Energibalansen (PJ),2025,2025,,.
EB120201,12.2.1 Veitransport,EP051,Faste biobrensler,EnergibalansenGWh,Energibalansen (GWh),1990,1990,,.
EB120201,12.2.1 Veitransport,EP051,Faste biobrensler,EnergibalansenGWh,Energibalansen (GWh),1991,1991,,.
EB120201,12.2.1 Veitransport,EP051,Faste biobrensler,EnergibalansenGWh,Energibalansen (GWh),1992,1992,,.
EB120201,12.2.1 Veitransport,EP051,Faste biobrensler,EnergibalansenGWh,Energibalansen (GWh),1993,1993,,.
EB120201,12.2.1 Veitransport,EP051,Faste biobrensler,EnergibalansenGWh,Energibalansen (GWh),1994,1994,,.
EB120201,12.2.1 Veitransport,EP051,Faste biobrensler,EnergibalansenGWh,Energibalansen (GWh),1995,1995,,.
EB120201,12.2.1 Veitransport,EP051,Faste biobrensler,EnergibalansenGWh,Energibalansen (GWh),1996,1996,,.
EB120201,12.2.1 Veitransport,EP051,Faste biobrensler,EnergibalansenGWh,Energibalansen (GWh),1997,1997,,.
EB120201,12.2.1 Veitransport,EP051,Faste biobrensler,EnergibalansenGWh,Energibalansen (GWh),1998,1998,,.
EB120201,12.2.1 Veitransport,EP051,Faste biobrensler,EnergibalansenGWh,Energibalansen (GWh),1999,1999,,.
EB120201,12.2.1 Veitransport,EP051,Faste biobrensler,EnergibalansenGWh,Energibalansen (GWh),2000,2000,,.
EB120201,12.2.1 Veitransport,EP051,Faste biobrensler,EnergibalansenGWh,Energibalansen (GWh),2001,2001,,.
EB120201,12.2.1 Veitransport,EP051,Faste biobrensler,EnergibalansenGWh,Energibalansen (GWh),2002,2002,,.
EB120201,12.2.1 Veitransport,EP051,Faste biobrensler,EnergibalansenGWh,Energibalansen (GWh),2003,2003,,.
EB120201,12.2.1 Veitransport,EP051,Faste biobrensler,EnergibalansenGWh,Energibalansen (GWh),2004,2004,,.
EB120201,12.2.1 Veitransport,EP051,Faste biobrensler,EnergibalansenGWh,Energibalansen (GWh),2005,2005,,.
EB120201,12.2.1 Veitransport,EP051,Faste biobrensler,EnergibalansenGWh,Energibalansen (GWh),2006,2006,,.
EB120201,12.2.1 Veitransport,EP051,Faste biobrensler,EnergibalansenGWh,Energibalansen (GWh),2007,2007,,.
EB120201,12.2.1 Veitransport,EP051,Faste biobrensler,EnergibalansenGWh,Energibalansen (GWh),2008,2008,,.
EB120201,12.2.1 Veitransport,EP051,Faste biobrensler,EnergibalansenGWh,Energibalansen (GWh),2009,2009,,.
EB120201,12.2.1 Veitransport,EP051,Faste biobrensler,EnergibalansenGWh,Energibalansen (GWh),2010,2010,,-
EB120201,12.2.1 Veitransport,EP051,Faste biobrensler,EnergibalansenGWh,Energibalansen (GWh),2011,2011,,-
EB120201,12.2.1 Veitransport,EP051,Faste biobrensler,EnergibalansenGWh,Energibalansen (GWh),2012,2012,,-
EB120201,12.2.1 Veitransport,EP051,Faste biobrensler,EnergibalansenGWh,Energibalansen (GWh),2013,2013,,-
EB120201,12.2.1 Veitransport,EP051,Faste biobrensler,EnergibalansenGWh,Energibalansen (GWh),2014,2014,,-
EB120201,12.2.1 Veitransport,EP051,Faste biobrensler,EnergibalansenGWh,Energibalansen (GWh),2015,2015,,-
EB120201,12.2.1 Veitransport,EP051,Faste biobrensler,EnergibalansenGWh,Energibalansen (GWh),2016,2016,,-
EB120201,12.2.1 Veitransport,EP051,Faste biobrensler,EnergibalansenGWh,Energibalansen (GWh),2017,2017,,.
EB120201,12.2.1 Veitransport,EP051,Faste biobrensler,EnergibalansenGWh,Energibalansen (GWh),2018,2018,,.
EB120201,12.2.1 Veitransport,EP051,Faste biobrensler,EnergibalansenGWh,Energibalansen (GWh),2019,2019,,.
EB120201,12.2.1 Veitransport,EP051,Faste biobrensler,EnergibalansenGWh,Energibalansen (GWh),2020,2020,,.
EB120201,12.2.1 Veitransport,EP051,Faste biobrensler,EnergibalansenGWh,Energibalansen (GWh),2021,2021,,.
EB120201,12.2.1 Veitransport,EP051,Faste biobrensler,EnergibalansenGWh,Energibalansen (GWh),2022,2022,,.
EB120201,12.2.1 Veitransport,EP051,Faste biobrensler,EnergibalansenGWh,Energibalansen (GWh),2023,2023,,.
EB120201,12.2.1 Veitransport,EP051,Faste biobrensler,EnergibalansenGWh,Energibalansen (GWh),2024,2024,,.
EB120201,12.2.1 Veitransport,EP051,Faste biobrensler,EnergibalansenGWh,Energibalansen (GWh),2025,2025,,.
EB120201,12.2.1 Veitransport,EP052,Flytende biobrensler,EnergibalansenPJ,Energibalansen (PJ),1990,1990,,.
EB120201,12.2.1 Veitransport,EP052,Flytende biobrensler,EnergibalansenPJ,Energibalansen (PJ),1991,1991,,.
EB120201,12.2.1 Veitransport,EP052,Flytende biobrensler,EnergibalansenPJ,Energibalansen (PJ),1992,1992,,.
EB120201,12.2.1 Veitransport,EP052,Flytende biobrensler,EnergibalansenPJ,Energibalansen (PJ),1993,1993,,.
EB120201,12.2.1 Veitransport,EP052,Flytende biobrensler,EnergibalansenPJ,Energibalansen (PJ),1994,1994,,.
EB120201,12.2.1 Veitransport,EP052,Flytende biobrensler,EnergibalansenPJ,Energibalansen (PJ),1995,1995,,.
EB120201,12.2.1 Veitransport,EP052,Flytende biobrensler,EnergibalansenPJ,Energibalansen (PJ),1996,1996,,.
EB120201,12.2.1 Veitransport,EP052,Flytende biobrensler,EnergibalansenPJ,Energibalansen (PJ),1997,1997,,.
EB120201,12.2.1 Veitransport,EP052,Flytende biobrensler,EnergibalansenPJ,Energibalansen (PJ),1998,1998,,.
EB120201,12.2.1 Veitransport,EP052,Flytende biobrensler,EnergibalansenPJ,Energibalansen (PJ),1999,1999,,.
EB120201,12.2.1 Veitransport,EP052,Flytende biobrensler,EnergibalansenPJ,Energibalansen (PJ),2000,2000,,.
EB120201,12.2.1 Veitransport,EP052,Flytende biobrensler,EnergibalansenPJ,Energibalansen (PJ),2001,2001,,.
EB120201,12.2.1 Veitransport,EP052,Flytende biobrensler,EnergibalansenPJ,Energibalansen (PJ),2002,2002,,.
EB120201,12.2.1 Veitransport,EP052,Flytende biobrensler,EnergibalansenPJ,Energibalansen (PJ),2003,2003,,.
EB120201,12.2.1 Veitransport,EP052,Flytende biobrensler,EnergibalansenPJ,Energibalansen (PJ),2004,2004,0.1,
EB120201,12.2.1 Veitransport,EP052,Flytende biobrensler,EnergibalansenPJ,Energibalansen (PJ),2005,2005,0.1,
EB120201,12.2.1 Veitransport,EP052,Flytende biobrensler,EnergibalansenPJ,Energibalansen (PJ),2006,2006,0.2,
EB120201,12.2.1 Veitransport,EP052,Flytende biobrensler,EnergibalansenPJ,Energibalansen (PJ),2007,2007,1.3,
EB120201,12.2.1 Veitransport,EP052,Flytende biobrensler,EnergibalansenPJ,Energibalansen (PJ),2008,2008,3.4,
EB120201,12.2.1 Veitransport,EP052,Flytende biobrensler,EnergibalansenPJ,Energibalansen (PJ),2009,2009,4.0,
EB120201,12.2.1 Veitransport,EP052,Flytende biobrensler,EnergibalansenPJ,Energibalansen (PJ),2010,2010,4.9,
EB120201,12.2.1 Veitransport,EP052,Flytende biobrensler,EnergibalansenPJ,Energibalansen (PJ),2011,2011,4.8,
EB120201,12.2.1 Veitransport,EP052,Flytende biobrensler,EnergibalansenPJ,Energibalansen (PJ),2012,2012,5.5,
EB120201,12.2.1 Veitransport,EP052,Flytende biobrensler,EnergibalansenPJ,Energibalansen (PJ),2013,2013,5.3,
EB120201,12.2.1 Veitransport,EP052,Flytende biobrensler,EnergibalansenPJ,Energibalansen (PJ),2014,2014,5.3,
EB120201,12.2.1 Veitransport,EP052,Flytende biobrensler,EnergibalansenPJ,Energibalansen (PJ),2015,2015,5.9,
EB120201,12.2.1 Veitransport,EP052,Flytende biobrensler,EnergibalansenPJ,Energibalansen (PJ),2016,2016,13.4,
EB120201,12.2.1 Veitransport,EP052,Flytende biobrensler,EnergibalansenPJ,Energibalansen (PJ),2017,2017,21.6,
EB120201,12.2.1 Veitransport,EP052,Flytende biobrensler,EnergibalansenPJ,Energibalansen (PJ),2018,2018,15.8,
EB120201,12.2.1 Veitransport,EP052,Flytende biobrensler,EnergibalansenPJ,Energibalansen (PJ),2019,2019,20.1,
EB120201,12.2.1 Veitransport,EP052,Flytende biobrensler,EnergibalansenPJ,Energibalansen (PJ),2020,2020,16.9,
EB120201,12.2.1 Veitransport,EP052,Flytende biobrensler,EnergibalansenPJ,Energibalansen (PJ),2021,2021,16.3,
EB120201,12.2.1 Veitransport,EP052,Flytende biobrensler,EnergibalansenPJ,Energibalansen (PJ),2022,2022,15.4,
EB120201,12.2.1 Veitransport,EP052,Flytende biobrensler,EnergibalansenPJ,Energibalansen (PJ),2023,2023,16.3,
EB120201,12.2.1 Veitransport,EP052,Flytende biobrensler,EnergibalansenPJ,Energibalansen (PJ),2024,2024,16.5,
EB120201,12.2.1 Veitransport,EP052,Flytende biobrensler,EnergibalansenPJ,Energibalansen (PJ),2025,2025,14.9,
EB120201,12.2.1 Veitransport,EP052,Flytende biobrensler,EnergibalansenGWh,Energibalansen (GWh),1990,1990,,.
EB120201,12.2.1 Veitransport,EP052,Flytende biobrensler,EnergibalansenGWh,Energibalansen (GWh),1991,1991,,.
EB120201,12.2.1 Veitransport,EP052,Flytende biobrensler,EnergibalansenGWh,Energibalansen (GWh),1992,1992,,.
EB120201,12.2.1 Veitransport,EP052,Flytende biobrensler,EnergibalansenGWh,Energibalansen (GWh),1993,1993,,.
EB120201,12.2.1 Veitransport,EP052,Flytende biobrensler,EnergibalansenGWh,Energibalansen (GWh),1994,1994,,.
EB120201,12.2.1 Veitransport,EP052,Flytende biobrensler,EnergibalansenGWh,Energibalansen (GWh),1995,1995,,.
EB120201,12.2.1 Veitransport,EP052,Flytende biobrensler,EnergibalansenGWh,Energibalansen (GWh),1996,1996,,.
EB120201,12.2.1 Veitransport,EP052,Flytende biobrensler,EnergibalansenGWh,Energibalansen (GWh),1997,1997,,.
EB120201,12.2.1 Veitransport,EP052,Flytende biobrensler,EnergibalansenGWh,Energibalansen (GWh),1998,1998,,.
EB120201,12.2.1 Veitransport,EP052,Flytende biobrensler,EnergibalansenGWh,Energibalansen (GWh),1999,1999,,.
EB120201,12.2.1 Veitransport,EP052,Flytende biobrensler,EnergibalansenGWh,Energibalansen (GWh),2000,2000,,.
EB120201,12.2.1 Veitransport,EP052,Flytende biobrensler,EnergibalansenGWh,Energibalansen (GWh),2001,2001,,.
EB120201,12.2.1 Veitransport,EP052,Flytende biobrensler,EnergibalansenGWh,Energibalansen (GWh),2002,2002,,.
EB120201,12.2.1 Veitransport,EP052,Flytende biobrensler,EnergibalansenGWh,Energibalansen (GWh),2003,2003,,.
EB120201,12.2.1 Veitransport,EP052,Flytende biobrensler,EnergibalansenGWh,Energibalansen (GWh),2004,2004,16.0,
EB120201,12.2.1 Veitransport,EP052,Flytende biobrensler,EnergibalansenGWh,Energibalansen (GWh),2005,2005,32.0,
EB120201,12.2.1 Veitransport,EP052,Flytende biobrensler,EnergibalansenGWh,Energibalansen (GWh),2006,2006,64.0,
EB120201,12.2.1 Veitransport,EP052,Flytende biobrensler,EnergibalansenGWh,Energibalansen (GWh),2007,2007,353.0,
EB120201,12.2.1 Veitransport,EP052,Flytende biobrensler,EnergibalansenGWh,Energibalansen (GWh),2008,2008,939.0,
EB120201,12.2.1 Veitransport,EP052,Flytende biobrensler,EnergibalansenGWh,Energibalansen (GWh),2009,2009,1108.0,
EB120201,12.2.1 Veitransport,EP052,Flytende biobrensler,EnergibalansenGWh,Energibalansen (GWh),2010,2010,1350.0,
EB120201,12.2.1 Veitransport,EP052,Flytende biobrensler,EnergibalansenGWh,Energibalansen (GWh),2011,2011,1337.0,
EB120201,12.2.1 Veitransport,EP052,Flytende biobrensler,EnergibalansenGWh,Energibalansen (GWh),2012,2012,1537.0,
EB120201,12.2.1 Veitransport,EP052,Flytende biobrensler,EnergibalansenGWh,Energibalansen (GWh),2013,2013,1484.0,
EB120201,12.2.1 Veitransport,EP052,Flytende biobrensler,EnergibalansenGWh,Energibalansen (GWh),2014,2014,1483.0,
EB120201,12.2.1 Veitransport,EP052,Flytende biobrensler,EnergibalansenGWh,Energibalansen (GWh),2015,2015,1642.0,
EB120201,12.2.1 Veitransport,EP052,Flytende biobrensler,EnergibalansenGWh,Energibalansen (GWh),2016,2016,3723.0,
EB120201,12.2.1 Veitransport,EP052,Flytende biobrensler,EnergibalansenGWh,Energibalansen (GWh),2017,2017,5998.0,
EB120201,12.2.1 Veitransport,EP052,Flytende biobrensler,EnergibalansenGWh,Energibalansen (GWh),2018,2018,4387.0,
EB120201,12.2.1 Veitransport,EP052,Flytende biobrensler,EnergibalansenGWh,Energibalansen (GWh),2019,2019,5597.0,
EB120201,12.2.1 Veitransport,EP052,Flytende biobrensler,EnergibalansenGWh,Energibalansen (GWh),2020,2020,4697.0,
EB120201,12.2.1 Veitransport,EP052,Flytende biobrensler,EnergibalansenGWh,Energibalansen (GWh),2021,2021,4539.0,
EB120201,12.2.1 Veitransport,EP052,Flytende biobrensler,EnergibalansenGWh,Energibalansen (GWh),2022,2022,4267.0,
EB120201,12.2.1 Veitransport,EP052,Flytende biobrensler,EnergibalansenGWh,Energibalansen (GWh),2023,2023,4518.0,
EB120201,12.2.1 Veitransport,EP052,Flytende biobrensler,EnergibalansenGWh,Energibalansen (GWh),2024,2024,4573.0,
EB120201,12.2.1 Veitransport,EP052,Flytende biobrensler,EnergibalansenGWh,Energibalansen (GWh),2025,2025,4148.0,
EB120201,12.2.1 Veitransport,EP053,Biogass,EnergibalansenPJ,Energibalansen (PJ),1990,1990,,.
EB120201,12.2.1 Veitransport,EP053,Biogass,EnergibalansenPJ,Energibalansen (PJ),1991,1991,,.
EB120201,12.2.1 Veitransport,EP053,Biogass,EnergibalansenPJ,Energibalansen (PJ),1992,1992,,.
EB120201,12.2.1 Veitransport,EP053,Biogass,EnergibalansenPJ,Energibalansen (PJ),1993,1993,,.
EB120201,12.2.1 Veitransport,EP053,Biogass,EnergibalansenPJ,Energibalansen (PJ),1994,1994,,.
EB120201,12.2.1 Veitransport,EP053,Biogass,EnergibalansenPJ,Energibalansen (PJ),1995,1995,,.
EB120201,12.2.1 Veitransport,EP053,Biogass,EnergibalansenPJ,Energibalansen (PJ),1996,1996,,.
EB120201,12.2.1 Veitransport,EP053,Biogass,EnergibalansenPJ,Energibalansen (PJ),1997,1997,,.
EB120201,12.2.1 Veitransport,EP053,Biogass,EnergibalansenPJ,Energibalansen (PJ),1998,1998,,.
EB120201,12.2.1 Veitransport,EP053,Biogass,EnergibalansenPJ,Energibalansen (PJ),1999,1999,,.
EB120201,12.2.1 Veitransport,EP053,Biogass,EnergibalansenPJ,Energibalansen (PJ),2000,2000,,.
EB120201,12.2.1 Veitransport,EP053,Biogass,EnergibalansenPJ,Energibalansen (PJ),2001,2001,,.
EB120201,12.2.1 Veitransport,EP053,Biogass,EnergibalansenPJ,Energibalansen (PJ),2002,2002,,.
EB120201,12.2.1 Veitransport,EP053,Biogass,EnergibalansenPJ,Energibalansen (PJ),2003,2003,,.
EB120201,12.2.1 Veitransport,EP053,Biogass,EnergibalansenPJ,Energibalansen (PJ),2004,2004,,.
EB120201,12.2.1 Veitransport,EP053,Biogass,EnergibalansenPJ,Energibalansen (PJ),2005,2005,,.
EB120201,12.2.1 Veitransport,EP053,Biogass,EnergibalansenPJ,Energibalansen (PJ),2006,2006,,.
EB120201,12.2.1 Veitransport,EP053,Biogass,EnergibalansenPJ,Energibalansen (PJ),2007,2007,,.
EB120201,12.2.1 Veitransport,EP053,Biogass,EnergibalansenPJ,Energibalansen (PJ),2008,2008,,.
EB120201,12.2.1 Veitransport,EP053,Biogass,EnergibalansenPJ,Energibalansen (PJ),2009,2009,,.
EB120201,12.2.1 Veitransport,EP053,Biogass,EnergibalansenPJ,Energibalansen (PJ),2010,2010,0.0,
EB120201,12.2.1 Veitransport,EP053,Biogass,EnergibalansenPJ,Energibalansen (PJ),2011,2011,0.0,
EB120201,12.2.1 Veitransport,EP053,Biogass,EnergibalansenPJ,Energibalansen (PJ),2012,2012,0.0,
EB120201,12.2.1 Veitransport,EP053,Biogass,EnergibalansenPJ,Energibalansen (PJ),2013,2013,0.0,
EB120201,12.2.1 Veitransport,EP053,Biogass,EnergibalansenPJ,Energibalansen (PJ),2014,2014,0.0,
EB120201,12.2.1 Veitransport,EP053,Biogass,EnergibalansenPJ,Energibalansen (PJ),2015,2015,0.4,
EB120201,12.2.1 Veitransport,EP053,Biogass,EnergibalansenPJ,Energibalansen (PJ),2016,2016,0.4,
EB120201,12.2.1 Veitransport,EP053,Biogass,EnergibalansenPJ,Energibalansen (PJ),2017,2017,0.4,
EB120201,12.2.1 Veitransport,EP053,Biogass,EnergibalansenPJ,Energibalansen (PJ),2018,2018,0.8,
EB120201,12.2.1 Veitransport,EP053,Biogass,EnergibalansenPJ,Energibalansen (PJ),2019,2019,1.0,
EB120201,12.2.1 Veitransport,EP053,Biogass,EnergibalansenPJ,Energibalansen (PJ),2020,2020,1.0,
EB120201,12.2.1 Veitransport,EP053,Biogass,EnergibalansenPJ,Energibalansen (PJ),2021,2021,1.2,
EB120201,12.2.1 Veitransport,EP053,Biogass,EnergibalansenPJ,Energibalansen (PJ),2022,2022,1.3,
EB120201,12.2.1 Veitransport,EP053,Biogass,EnergibalansenPJ,Energibalansen (PJ),2023,2023,1.5,
EB120201,12.2.1 Veitransport,EP053,Biogass,EnergibalansenPJ,Energibalansen (PJ),2024,2024,1.7,
EB120201,12.2.1 Veitransport,EP053,Biogass,EnergibalansenPJ,Energibalansen (PJ),2025,2025,1.7,
EB120201,12.2.1 Veitransport,EP053,Biogass,EnergibalansenGWh,Energibalansen (GWh),1990,1990,,.
EB120201,12.2.1 Veitransport,EP053,Biogass,EnergibalansenGWh,Energibalansen (GWh),1991,1991,,.
EB120201,12.2.1 Veitransport,EP053,Biogass,EnergibalansenGWh,Energibalansen (GWh),1992,1992,,.
EB120201,12.2.1 Veitransport,EP053,Biogass,EnergibalansenGWh,Energibalansen (GWh),1993,1993,,.
EB120201,12.2.1 Veitransport,EP053,Biogass,EnergibalansenGWh,Energibalansen (GWh),1994,1994,,.
EB120201,12.2.1 Veitransport,EP053,Biogass,EnergibalansenGWh,Energibalansen (GWh),1995,1995,,.
EB120201,12.2.1 Veitransport,EP053,Biogass,EnergibalansenGWh,Energibalansen (GWh),1996,1996,,.
EB120201,12.2.1 Veitransport,EP053,Biogass,EnergibalansenGWh,Energibalansen (GWh),1997,1997,,.
EB120201,12.2.1 Veitransport,EP053,Biogass,EnergibalansenGWh,Energibalansen (GWh),1998,1998,,.
EB120201,12.2.1 Veitransport,EP053,Biogass,EnergibalansenGWh,Energibalansen (GWh),1999,1999,,.
EB120201,12.2.1 Veitransport,EP053,Biogass,EnergibalansenGWh,Energibalansen (GWh),2000,2000,,.
EB120201,12.2.1 Veitransport,EP053,Biogass,EnergibalansenGWh,Energibalansen (GWh),2001,2001,,.
EB120201,12.2.1 Veitransport,EP053,Biogass,EnergibalansenGWh,Energibalansen (GWh),2002,2002,,.
EB120201,12.2.1 Veitransport,EP053,Biogass,EnergibalansenGWh,Energibalansen (GWh),2003,2003,,.
EB120201,12.2.1 Veitransport,EP053,Biogass,EnergibalansenGWh,Energibalansen (GWh),2004,2004,,.
EB120201,12.2.1 Veitransport,EP053,Biogass,EnergibalansenGWh,Energibalansen (GWh),2005,2005,,.
EB120201,12.2.1 Veitransport,EP053,Biogass,EnergibalansenGWh,Energibalansen (GWh),2006,2006,,.
EB120201,12.2.1 Veitransport,EP053,Biogass,EnergibalansenGWh,Energibalansen (GWh),2007,2007,,.
EB120201,12.2.1 Veitransport,EP053,Biogass,EnergibalansenGWh,Energibalansen (GWh),2008,2008,,.
EB120201,12.2.1 Veitransport,EP053,Biogass,EnergibalansenGWh,Energibalansen (GWh),2009,2009,,.
EB120201,12.2.1 Veitransport,EP053,Biogass,EnergibalansenGWh,Energibalansen (GWh),2010,2010,1.0,
EB120201,12.2.1 Veitransport,EP053,Biogass,EnergibalansenGWh,Energibalansen (GWh),2011,2011,7.0,
EB120201,12.2.1 Veitransport,EP053,Biogass,EnergibalansenGWh,Energibalansen (GWh),2012,2012,12.0,
EB120201,12.2.1 Veitransport,EP053,Biogass,EnergibalansenGWh,Energibalansen (GWh),2013,2013,10.0,
EB120201,12.2.1 Veitransport,EP053,Biogass,EnergibalansenGWh,Energibalansen (GWh),2014,2014,7.0,
EB120201,12.2.1 Veitransport,EP053,Biogass,EnergibalansenGWh,Energibalansen (GWh),2015,2015,116.0,
EB120201,12.2.1 Veitransport,EP053,Biogass,EnergibalansenGWh,Energibalansen (GWh),2016,2016,125.0,
EB120201,12.2.1 Veitransport,EP053,Biogass,EnergibalansenGWh,Energibalansen (GWh),2017,2017,118.0,
EB120201,12.2.1 Veitransport,EP053,Biogass,EnergibalansenGWh,Energibalansen (GWh),2018,2018,219.0,
EB120201,12.2.1 Veitransport,EP053,Biogass,EnergibalansenGWh,Energibalansen (GWh),2019,2019,265.0,
EB120201,12.2.1 Veitransport,EP053,Biogass,EnergibalansenGWh,Energibalansen (GWh),2020,2020,285.0,
EB120201,12.2.1 Veitransport,EP053,Biogass,EnergibalansenGWh,Energibalansen (GWh),2021,2021,338.0,
EB120201,12.2.1 Veitransport,EP053,Biogass,EnergibalansenGWh,Energibalansen (GWh),2022,2022,362.0,
EB120201,12.2.1 Veitransport,EP053,Biogass,EnergibalansenGWh,Energibalansen (GWh),2023,2023,411.0,
EB120201,12.2.1 Veitransport,EP053,Biogass,EnergibalansenGWh,Energibalansen (GWh),2024,2024,463.0,
EB120201,12.2.1 Veitransport,EP053,Biogass,EnergibalansenGWh,Energibalansen (GWh),2025,2025,464.0,
EB120201,12.2.1 Veitransport,EP06,Avfall,EnergibalansenPJ,Energibalansen (PJ),1990,1990,,.
EB120201,12.2.1 Veitransport,EP06,Avfall,EnergibalansenPJ,Energibalansen (PJ),1991,1991,,.
EB120201,12.2.1 Veitransport,EP06,Avfall,EnergibalansenPJ,Energibalansen (PJ),1992,1992,,.
EB120201,12.2.1 Veitransport,EP06,Avfall,EnergibalansenPJ,Energibalansen (PJ),1993,1993,,.
EB120201,12.2.1 Veitransport,EP06,Avfall,EnergibalansenPJ,Energibalansen (PJ),1994,1994,,.
EB120201,12.2.1 Veitransport,EP06,Avfall,EnergibalansenPJ,Energibalansen (PJ),1995,1995,,.
EB120201,12.2.1 Veitransport,EP06,Avfall,EnergibalansenPJ,Energibalansen (PJ),1996,1996,,.
EB120201,12.2.1 Veitransport,EP06,Avfall,EnergibalansenPJ,Energibalansen (PJ),1997,1997,,.
EB120201,12.2.1 Veitransport,EP06,Avfall,EnergibalansenPJ,Energibalansen (PJ),1998,1998,,.
EB120201,12.2.1 Veitransport,EP06,Avfall,EnergibalansenPJ,Energibalansen (PJ),1999,1999,,.
EB120201,12.2.1 Veitransport,EP06,Avfall,EnergibalansenPJ,Energibalansen (PJ),2000,2000,,.
EB120201,12.2.1 Veitransport,EP06,Avfall,EnergibalansenPJ,Energibalansen (PJ),2001,2001,,.
EB120201,12.2.1 Veitransport,EP06,Avfall,EnergibalansenPJ,Energibalansen (PJ),2002,2002,,.
EB120201,12.2.1 Veitransport,EP06,Avfall,EnergibalansenPJ,Energibalansen (PJ),2003,2003,,.
EB120201,12.2.1 Veitransport,EP06,Avfall,EnergibalansenPJ,Energibalansen (PJ),2004,2004,,.
EB120201,12.2.1 Veitransport,EP06,Avfall,EnergibalansenPJ,Energibalansen (PJ),2005,2005,,.
EB120201,12.2.1 Veitransport,EP06,Avfall,EnergibalansenPJ,Energibalansen (PJ),2006,2006,,.
EB120201,12.2.1 Veitransport,EP06,Avfall,EnergibalansenPJ,Energibalansen (PJ),2007,2007,,.
EB120201,12.2.1 Veitransport,EP06,Avfall,EnergibalansenPJ,Energibalansen (PJ),2008,2008,,.
EB120201,12.2.1 Veitransport,EP06,Avfall,EnergibalansenPJ,Energibalansen (PJ),2009,2009,,.
EB120201,12.2.1 Veitransport,EP06,Avfall,EnergibalansenPJ,Energibalansen (PJ),2010,2010,,-
EB120201,12.2.1 Veitransport,EP06,Avfall,EnergibalansenPJ,Energibalansen (PJ),2011,2011,,-
EB120201,12.2.1 Veitransport,EP06,Avfall,EnergibalansenPJ,Energibalansen (PJ),2012,2012,,-
EB120201,12.2.1 Veitransport,EP06,Avfall,EnergibalansenPJ,Energibalansen (PJ),2013,2013,,-
EB120201,12.2.1 Veitransport,EP06,Avfall,EnergibalansenPJ,Energibalansen (PJ),2014,2014,,-
EB120201,12.2.1 Veitransport,EP06,Avfall,EnergibalansenPJ,Energibalansen (PJ),2015,2015,,-
EB120201,12.2.1 Veitransport,EP06,Avfall,EnergibalansenPJ,Energibalansen (PJ),2016,2016,,-
EB120201,12.2.1 Veitransport,EP06,Avfall,EnergibalansenPJ,Energibalansen (PJ),2017,2017,,.
EB120201,12.2.1 Veitransport,EP06,Avfall,EnergibalansenPJ,Energibalansen (PJ),2018,2018,,.
EB120201,12.2.1 Veitransport,EP06,Avfall,EnergibalansenPJ,Energibalansen (PJ),2019,2019,,.
EB120201,12.2.1 Veitransport,EP06,Avfall,EnergibalansenPJ,Energibalansen (PJ),2020,2020,,.
EB120201,12.2.1 Veitransport,EP06,Avfall,EnergibalansenPJ,Energibalansen (PJ),2021,2021,,.
EB120201,12.2.1 Veitransport,EP06,Avfall,EnergibalansenPJ,Energibalansen (PJ),2022,2022,,.
EB120201,12.2.1 Veitransport,EP06,Avfall,EnergibalansenPJ,Energibalansen (PJ),2023,2023,,.
EB120201,12.2.1 Veitransport,EP06,Avfall,EnergibalansenPJ,Energibalansen (PJ),2024,2024,,.
EB120201,12.2.1 Veitransport,EP06,Avfall,EnergibalansenPJ,Energibalansen (PJ),2025,2025,,.
EB120201,12.2.1 Veitransport,EP06,Avfall,EnergibalansenGWh,Energibalansen (GWh),1990,1990,,.
EB120201,12.2.1 Veitransport,EP06,Avfall,EnergibalansenGWh,Energibalansen (GWh),1991,1991,,.
EB120201,12.2.1 Veitransport,EP06,Avfall,EnergibalansenGWh,Energibalansen (GWh),1992,1992,,.
EB120201,12.2.1 Veitransport,EP06,Avfall,EnergibalansenGWh,Energibalansen (GWh),1993,1993,,.
EB120201,12.2.1 Veitransport,EP06,Avfall,EnergibalansenGWh,Energibalansen (GWh),1994,1994,,.
EB120201,12.2.1 Veitransport,EP06,Avfall,EnergibalansenGWh,Energibalansen (GWh),1995,1995,,.
EB120201,12.2.1 Veitransport,EP06,Avfall,EnergibalansenGWh,Energibalansen (GWh),1996,1996,,.
EB120201,12.2.1 Veitransport,EP06,Avfall,EnergibalansenGWh,Energibalansen (GWh),1997,1997,,.
EB120201,12.2.1 Veitransport,EP06,Avfall,EnergibalansenGWh,Energibalansen (GWh),1998,1998,,.
EB120201,12.2.1 Veitransport,EP06,Avfall,EnergibalansenGWh,Energibalansen (GWh),1999,1999,,.
EB120201,12.2.1 Veitransport,EP06,Avfall,EnergibalansenGWh,Energibalansen (GWh),2000,2000,,.
EB120201,12.2.1 Veitransport,EP06,Avfall,EnergibalansenGWh,Energibalansen (GWh),2001,2001,,.
EB120201,12.2.1 Veitransport,EP06,Avfall,EnergibalansenGWh,Energibalansen (GWh),2002,2002,,.
EB120201,12.2.1 Veitransport,EP06,Avfall,EnergibalansenGWh,Energibalansen (GWh),2003,2003,,.
EB120201,12.2.1 Veitransport,EP06,Avfall,EnergibalansenGWh,Energibalansen (GWh),2004,2004,,.
EB120201,12.2.1 Veitransport,EP06,Avfall,EnergibalansenGWh,Energibalansen (GWh),2005,2005,,.
EB120201,12.2.1 Veitransport,EP06,Avfall,EnergibalansenGWh,Energibalansen (GWh),2006,2006,,.
EB120201,12.2.1 Veitransport,EP06,Avfall,EnergibalansenGWh,Energibalansen (GWh),2007,2007,,.
EB120201,12.2.1 Veitransport,EP06,Avfall,EnergibalansenGWh,Energibalansen (GWh),2008,2008,,.
EB120201,12.2.1 Veitransport,EP06,Avfall,EnergibalansenGWh,Energibalansen (GWh),2009,2009,,.
EB120201,12.2.1 Veitransport,EP06,Avfall,EnergibalansenGWh,Energibalansen (GWh),2010,2010,,-
EB120201,12.2.1 Veitransport,EP06,Avfall,EnergibalansenGWh,Energibalansen (GWh),2011,2011,,-
EB120201,12.2.1 Veitransport,EP06,Avfall,EnergibalansenGWh,Energibalansen (GWh),2012,2012,,-
EB120201,12.2.1 Veitransport,EP06,Avfall,EnergibalansenGWh,Energibalansen (GWh),2013,2013,,-
EB120201,12.2.1 Veitransport,EP06,Avfall,EnergibalansenGWh,Energibalansen (GWh),2014,2014,,-
EB120201,12.2.1 Veitransport,EP06,Avfall,EnergibalansenGWh,Energibalansen (GWh),2015,2015,,-
EB120201,12.2.1 Veitransport,EP06,Avfall,EnergibalansenGWh,Energibalansen (GWh),2016,2016,,-
EB120201,12.2.1 Veitransport,EP06,Avfall,EnergibalansenGWh,Energibalansen (GWh),2017,2017,,.
EB120201,12.2.1 Veitransport,EP06,Avfall,EnergibalansenGWh,Energibalansen (GWh),2018,2018,,.
EB120201,12.2.1 Veitransport,EP06,Avfall,EnergibalansenGWh,Energibalansen (GWh),2019,2019,,.
EB120201,12.2.1 Veitransport,EP06,Avfall,EnergibalansenGWh,Energibalansen (GWh),2020,2020,,.
EB120201,12.2.1 Veitransport,EP06,Avfall,EnergibalansenGWh,Energibalansen (GWh),2021,2021,,.
EB120201,12.2.1 Veitransport,EP06,Avfall,EnergibalansenGWh,Energibalansen (GWh),2022,2022,,.
EB120201,12.2.1 Veitransport,EP06,Avfall,EnergibalansenGWh,Energibalansen (GWh),2023,2023,,.
EB120201,12.2.1 Veitransport,EP06,Avfall,EnergibalansenGWh,Energibalansen (GWh),2024,2024,,.
EB120201,12.2.1 Veitransport,EP06,Avfall,EnergibalansenGWh,Energibalansen (GWh),2025,2025,,.
EB120201,12.2.1 Veitransport,EP06FO,Fornybart avfall,EnergibalansenPJ,Energibalansen (PJ),1990,1990,,.
EB120201,12.2.1 Veitransport,EP06FO,Fornybart avfall,EnergibalansenPJ,Energibalansen (PJ),1991,1991,,.
EB120201,12.2.1 Veitransport,EP06FO,Fornybart avfall,EnergibalansenPJ,Energibalansen (PJ),1992,1992,,.
EB120201,12.2.1 Veitransport,EP06FO,Fornybart avfall,EnergibalansenPJ,Energibalansen (PJ),1993,1993,,.
EB120201,12.2.1 Veitransport,EP06FO,Fornybart avfall,EnergibalansenPJ,Energibalansen (PJ),1994,1994,,.
EB120201,12.2.1 Veitransport,EP06FO,Fornybart avfall,EnergibalansenPJ,Energibalansen (PJ),1995,1995,,.
EB120201,12.2.1 Veitransport,EP06FO,Fornybart avfall,EnergibalansenPJ,Energibalansen (PJ),1996,1996,,.
EB120201,12.2.1 Veitransport,EP06FO,Fornybart avfall,EnergibalansenPJ,Energibalansen (PJ),1997,1997,,.
EB120201,12.2.1 Veitransport,EP06FO,Fornybart avfall,EnergibalansenPJ,Energibalansen (PJ),1998,1998,,.
EB120201,12.2.1 Veitransport,EP06FO,Fornybart avfall,EnergibalansenPJ,Energibalansen (PJ),1999,1999,,.
EB120201,12.2.1 Veitransport,EP06FO,Fornybart avfall,EnergibalansenPJ,Energibalansen (PJ),2000,2000,,.
EB120201,12.2.1 Veitransport,EP06FO,Fornybart avfall,EnergibalansenPJ,Energibalansen (PJ),2001,2001,,.
EB120201,12.2.1 Veitransport,EP06FO,Fornybart avfall,EnergibalansenPJ,Energibalansen (PJ),2002,2002,,.
EB120201,12.2.1 Veitransport,EP06FO,Fornybart avfall,EnergibalansenPJ,Energibalansen (PJ),2003,2003,,.
EB120201,12.2.1 Veitransport,EP06FO,Fornybart avfall,EnergibalansenPJ,Energibalansen (PJ),2004,2004,,.
EB120201,12.2.1 Veitransport,EP06FO,Fornybart avfall,EnergibalansenPJ,Energibalansen (PJ),2005,2005,,.
EB120201,12.2.1 Veitransport,EP06FO,Fornybart avfall,EnergibalansenPJ,Energibalansen (PJ),2006,2006,,.
EB120201,12.2.1 Veitransport,EP06FO,Fornybart avfall,EnergibalansenPJ,Energibalansen (PJ),2007,2007,,.
EB120201,12.2.1 Veitransport,EP06FO,Fornybart avfall,EnergibalansenPJ,Energibalansen (PJ),2008,2008,,.
EB120201,12.2.1 Veitransport,EP06FO,Fornybart avfall,EnergibalansenPJ,Energibalansen (PJ),2009,2009,,.
EB120201,12.2.1 Veitransport,EP06FO,Fornybart avfall,EnergibalansenPJ,Energibalansen (PJ),2010,2010,,-
EB120201,12.2.1 Veitransport,EP06FO,Fornybart avfall,EnergibalansenPJ,Energibalansen (PJ),2011,2011,,-
EB120201,12.2.1 Veitransport,EP06FO,Fornybart avfall,EnergibalansenPJ,Energibalansen (PJ),2012,2012,,-
EB120201,12.2.1 Veitransport,EP06FO,Fornybart avfall,EnergibalansenPJ,Energibalansen (PJ),2013,2013,,-
EB120201,12.2.1 Veitransport,EP06FO,Fornybart avfall,EnergibalansenPJ,Energibalansen (PJ),2014,2014,,-
EB120201,12.2.1 Veitransport,EP06FO,Fornybart avfall,EnergibalansenPJ,Energibalansen (PJ),2015,2015,,-
EB120201,12.2.1 Veitransport,EP06FO,Fornybart avfall,EnergibalansenPJ,Energibalansen (PJ),2016,2016,,-
EB120201,12.2.1 Veitransport,EP06FO,Fornybart avfall,EnergibalansenPJ,Energibalansen (PJ),2017,2017,,.
EB120201,12.2.1 Veitransport,EP06FO,Fornybart avfall,EnergibalansenPJ,Energibalansen (PJ),2018,2018,,.
EB120201,12.2.1 Veitransport,EP06FO,Fornybart avfall,EnergibalansenPJ,Energibalansen (PJ),2019,2019,,.
EB120201,12.2.1 Veitransport,EP06FO,Fornybart avfall,EnergibalansenPJ,Energibalansen (PJ),2020,2020,,.
EB120201,12.2.1 Veitransport,EP06FO,Fornybart avfall,EnergibalansenPJ,Energibalansen (PJ),2021,2021,,.
EB120201,12.2.1 Veitransport,EP06FO,Fornybart avfall,EnergibalansenPJ,Energibalansen (PJ),2022,2022,,.
EB120201,12.2.1 Veitransport,EP06FO,Fornybart avfall,EnergibalansenPJ,Energibalansen (PJ),2023,2023,,.
EB120201,12.2.1 Veitransport,EP06FO,Fornybart avfall,EnergibalansenPJ,Energibalansen (PJ),2024,2024,,.
EB120201,12.2.1 Veitransport,EP06FO,Fornybart avfall,EnergibalansenPJ,Energibalansen (PJ),2025,2025,,.
EB120201,12.2.1 Veitransport,EP06FO,Fornybart avfall,EnergibalansenGWh,Energibalansen (GWh),1990,1990,,.
EB120201,12.2.1 Veitransport,EP06FO,Fornybart avfall,EnergibalansenGWh,Energibalansen (GWh),1991,1991,,.
EB120201,12.2.1 Veitransport,EP06FO,Fornybart avfall,EnergibalansenGWh,Energibalansen (GWh),1992,1992,,.
EB120201,12.2.1 Veitransport,EP06FO,Fornybart avfall,EnergibalansenGWh,Energibalansen (GWh),1993,1993,,.
EB120201,12.2.1 Veitransport,EP06FO,Fornybart avfall,EnergibalansenGWh,Energibalansen (GWh),1994,1994,,.
EB120201,12.2.1 Veitransport,EP06FO,Fornybart avfall,EnergibalansenGWh,Energibalansen (GWh),1995,1995,,.
EB120201,12.2.1 Veitransport,EP06FO,Fornybart avfall,EnergibalansenGWh,Energibalansen (GWh),1996,1996,,.
EB120201,12.2.1 Veitransport,EP06FO,Fornybart avfall,EnergibalansenGWh,Energibalansen (GWh),1997,1997,,.
EB120201,12.2.1 Veitransport,EP06FO,Fornybart avfall,EnergibalansenGWh,Energibalansen (GWh),1998,1998,,.
EB120201,12.2.1 Veitransport,EP06FO,Fornybart avfall,EnergibalansenGWh,Energibalansen (GWh),1999,1999,,.
EB120201,12.2.1 Veitransport,EP06FO,Fornybart avfall,EnergibalansenGWh,Energibalansen (GWh),2000,2000,,.
EB120201,12.2.1 Veitransport,EP06FO,Fornybart avfall,EnergibalansenGWh,Energibalansen (GWh),2001,2001,,.
EB120201,12.2.1 Veitransport,EP06FO,Fornybart avfall,EnergibalansenGWh,Energibalansen (GWh),2002,2002,,.
EB120201,12.2.1 Veitransport,EP06FO,Fornybart avfall,EnergibalansenGWh,Energibalansen (GWh),2003,2003,,.
EB120201,12.2.1 Veitransport,EP06FO,Fornybart avfall,EnergibalansenGWh,Energibalansen (GWh),2004,2004,,.
EB120201,12.2.1 Veitransport,EP06FO,Fornybart avfall,EnergibalansenGWh,Energibalansen (GWh),2005,2005,,.
EB120201,12.2.1 Veitransport,EP06FO,Fornybart avfall,EnergibalansenGWh,Energibalansen (GWh),2006,2006,,.
EB120201,12.2.1 Veitransport,EP06FO,Fornybart avfall,EnergibalansenGWh,Energibalansen (GWh),2007,2007,,.
EB120201,12.2.1 Veitransport,EP06FO,Fornybart avfall,EnergibalansenGWh,Energibalansen (GWh),2008,2008,,.
EB120201,12.2.1 Veitransport,EP06FO,Fornybart avfall,EnergibalansenGWh,Energibalansen (GWh),2009,2009,,.
EB120201,12.2.1 Veitransport,EP06FO,Fornybart avfall,EnergibalansenGWh,Energibalansen (GWh),2010,2010,,-
EB120201,12.2.1 Veitransport,EP06FO,Fornybart avfall,EnergibalansenGWh,Energibalansen (GWh),2011,2011,,-
EB120201,12.2.1 Veitransport,EP06FO,Fornybart avfall,EnergibalansenGWh,Energibalansen (GWh),2012,2012,,-
EB120201,12.2.1 Veitransport,EP06FO,Fornybart avfall,EnergibalansenGWh,Energibalansen (GWh),2013,2013,,-
EB120201,12.2.1 Veitransport,EP06FO,Fornybart avfall,EnergibalansenGWh,Energibalansen (GWh),2014,2014,,-
EB120201,12.2.1 Veitransport,EP06FO,Fornybart avfall,EnergibalansenGWh,Energibalansen (GWh),2015,2015,,-
EB120201,12.2.1 Veitransport,EP06FO,Fornybart avfall,EnergibalansenGWh,Energibalansen (GWh),2016,2016,,-
EB120201,12.2.1 Veitransport,EP06FO,Fornybart avfall,EnergibalansenGWh,Energibalansen (GWh),2017,2017,,.
EB120201,12.2.1 Veitransport,EP06FO,Fornybart avfall,EnergibalansenGWh,Energibalansen (GWh),2018,2018,,.
EB120201,12.2.1 Veitransport,EP06FO,Fornybart avfall,EnergibalansenGWh,Energibalansen (GWh),2019,2019,,.
EB120201,12.2.1 Veitransport,EP06FO,Fornybart avfall,EnergibalansenGWh,Energibalansen (GWh),2020,2020,,.
EB120201,12.2.1 Veitransport,EP06FO,Fornybart avfall,EnergibalansenGWh,Energibalansen (GWh),2021,2021,,.
EB120201,12.2.1 Veitransport,EP06FO,Fornybart avfall,EnergibalansenGWh,Energibalansen (GWh),2022,2022,,.
EB120201,12.2.1 Veitransport,EP06FO,Fornybart avfall,EnergibalansenGWh,Energibalansen (GWh),2023,2023,,.
EB120201,12.2.1 Veitransport,EP06FO,Fornybart avfall,EnergibalansenGWh,Energibalansen (GWh),2024,2024,,.
EB120201,12.2.1 Veitransport,EP06FO,Fornybart avfall,EnergibalansenGWh,Energibalansen (GWh),2025,2025,,.
EB120201,12.2.1 Veitransport,EP06IF,Ikke-fornybart avfall,EnergibalansenPJ,Energibalansen (PJ),1990,1990,,.
EB120201,12.2.1 Veitransport,EP06IF,Ikke-fornybart avfall,EnergibalansenPJ,Energibalansen (PJ),1991,1991,,.
EB120201,12.2.1 Veitransport,EP06IF,Ikke-fornybart avfall,EnergibalansenPJ,Energibalansen (PJ),1992,1992,,.
EB120201,12.2.1 Veitransport,EP06IF,Ikke-fornybart avfall,EnergibalansenPJ,Energibalansen (PJ),1993,1993,,.
EB120201,12.2.1 Veitransport,EP06IF,Ikke-fornybart avfall,EnergibalansenPJ,Energibalansen (PJ),1994,1994,,.
EB120201,12.2.1 Veitransport,EP06IF,Ikke-fornybart avfall,EnergibalansenPJ,Energibalansen (PJ),1995,1995,,.
EB120201,12.2.1 Veitransport,EP06IF,Ikke-fornybart avfall,EnergibalansenPJ,Energibalansen (PJ),1996,1996,,.
EB120201,12.2.1 Veitransport,EP06IF,Ikke-fornybart avfall,EnergibalansenPJ,Energibalansen (PJ),1997,1997,,.
EB120201,12.2.1 Veitransport,EP06IF,Ikke-fornybart avfall,EnergibalansenPJ,Energibalansen (PJ),1998,1998,,.
EB120201,12.2.1 Veitransport,EP06IF,Ikke-fornybart avfall,EnergibalansenPJ,Energibalansen (PJ),1999,1999,,.
EB120201,12.2.1 Veitransport,EP06IF,Ikke-fornybart avfall,EnergibalansenPJ,Energibalansen (PJ),2000,2000,,.
EB120201,12.2.1 Veitransport,EP06IF,Ikke-fornybart avfall,EnergibalansenPJ,Energibalansen (PJ),2001,2001,,.
EB120201,12.2.1 Veitransport,EP06IF,Ikke-fornybart avfall,EnergibalansenPJ,Energibalansen (PJ),2002,2002,,.
EB120201,12.2.1 Veitransport,EP06IF,Ikke-fornybart avfall,EnergibalansenPJ,Energibalansen (PJ),2003,2003,,.
EB120201,12.2.1 Veitransport,EP06IF,Ikke-fornybart avfall,EnergibalansenPJ,Energibalansen (PJ),2004,2004,,.
EB120201,12.2.1 Veitransport,EP06IF,Ikke-fornybart avfall,EnergibalansenPJ,Energibalansen (PJ),2005,2005,,.
EB120201,12.2.1 Veitransport,EP06IF,Ikke-fornybart avfall,EnergibalansenPJ,Energibalansen (PJ),2006,2006,,.
EB120201,12.2.1 Veitransport,EP06IF,Ikke-fornybart avfall,EnergibalansenPJ,Energibalansen (PJ),2007,2007,,.
EB120201,12.2.1 Veitransport,EP06IF,Ikke-fornybart avfall,EnergibalansenPJ,Energibalansen (PJ),2008,2008,,.
EB120201,12.2.1 Veitransport,EP06IF,Ikke-fornybart avfall,EnergibalansenPJ,Energibalansen (PJ),2009,2009,,.
EB120201,12.2.1 Veitransport,EP06IF,Ikke-fornybart avfall,EnergibalansenPJ,Energibalansen (PJ),2010,2010,,-
EB120201,12.2.1 Veitransport,EP06IF,Ikke-fornybart avfall,EnergibalansenPJ,Energibalansen (PJ),2011,2011,,-
EB120201,12.2.1 Veitransport,EP06IF,Ikke-fornybart avfall,EnergibalansenPJ,Energibalansen (PJ),2012,2012,,-
EB120201,12.2.1 Veitransport,EP06IF,Ikke-fornybart avfall,EnergibalansenPJ,Energibalansen (PJ),2013,2013,,-
EB120201,12.2.1 Veitransport,EP06IF,Ikke-fornybart avfall,EnergibalansenPJ,Energibalansen (PJ),2014,2014,,-
EB120201,12.2.1 Veitransport,EP06IF,Ikke-fornybart avfall,EnergibalansenPJ,Energibalansen (PJ),2015,2015,,-
EB120201,12.2.1 Veitransport,EP06IF,Ikke-fornybart avfall,EnergibalansenPJ,Energibalansen (PJ),2016,2016,,-
EB120201,12.2.1 Veitransport,EP06IF,Ikke-fornybart avfall,EnergibalansenPJ,Energibalansen (PJ),2017,2017,,.
EB120201,12.2.1 Veitransport,EP06IF,Ikke-fornybart avfall,EnergibalansenPJ,Energibalansen (PJ),2018,2018,,.
EB120201,12.2.1 Veitransport,EP06IF,Ikke-fornybart avfall,EnergibalansenPJ,Energibalansen (PJ),2019,2019,,.
EB120201,12.2.1 Veitransport,EP06IF,Ikke-fornybart avfall,EnergibalansenPJ,Energibalansen (PJ),2020,2020,,.
EB120201,12.2.1 Veitransport,EP06IF,Ikke-fornybart avfall,EnergibalansenPJ,Energibalansen (PJ),2021,2021,,.
EB120201,12.2.1 Veitransport,EP06IF,Ikke-fornybart avfall,EnergibalansenPJ,Energibalansen (PJ),2022,2022,,.
EB120201,12.2.1 Veitransport,EP06IF,Ikke-fornybart avfall,EnergibalansenPJ,Energibalansen (PJ),2023,2023,,.
EB120201,12.2.1 Veitransport,EP06IF,Ikke-fornybart avfall,EnergibalansenPJ,Energibalansen (PJ),2024,2024,,.
EB120201,12.2.1 Veitransport,EP06IF,Ikke-fornybart avfall,EnergibalansenPJ,Energibalansen (PJ),2025,2025,,.
EB120201,12.2.1 Veitransport,EP06IF,Ikke-fornybart avfall,EnergibalansenGWh,Energibalansen (GWh),1990,1990,,.
EB120201,12.2.1 Veitransport,EP06IF,Ikke-fornybart avfall,EnergibalansenGWh,Energibalansen (GWh),1991,1991,,.
EB120201,12.2.1 Veitransport,EP06IF,Ikke-fornybart avfall,EnergibalansenGWh,Energibalansen (GWh),1992,1992,,.
EB120201,12.2.1 Veitransport,EP06IF,Ikke-fornybart avfall,EnergibalansenGWh,Energibalansen (GWh),1993,1993,,.
EB120201,12.2.1 Veitransport,EP06IF,Ikke-fornybart avfall,EnergibalansenGWh,Energibalansen (GWh),1994,1994,,.
EB120201,12.2.1 Veitransport,EP06IF,Ikke-fornybart avfall,EnergibalansenGWh,Energibalansen (GWh),1995,1995,,.
EB120201,12.2.1 Veitransport,EP06IF,Ikke-fornybart avfall,EnergibalansenGWh,Energibalansen (GWh),1996,1996,,.
EB120201,12.2.1 Veitransport,EP06IF,Ikke-fornybart avfall,EnergibalansenGWh,Energibalansen (GWh),1997,1997,,.
EB120201,12.2.1 Veitransport,EP06IF,Ikke-fornybart avfall,EnergibalansenGWh,Energibalansen (GWh),1998,1998,,.
EB120201,12.2.1 Veitransport,EP06IF,Ikke-fornybart avfall,EnergibalansenGWh,Energibalansen (GWh),1999,1999,,.
EB120201,12.2.1 Veitransport,EP06IF,Ikke-fornybart avfall,EnergibalansenGWh,Energibalansen (GWh),2000,2000,,.
EB120201,12.2.1 Veitransport,EP06IF,Ikke-fornybart avfall,EnergibalansenGWh,Energibalansen (GWh),2001,2001,,.
EB120201,12.2.1 Veitransport,EP06IF,Ikke-fornybart avfall,EnergibalansenGWh,Energibalansen (GWh),2002,2002,,.
EB120201,12.2.1 Veitransport,EP06IF,Ikke-fornybart avfall,EnergibalansenGWh,Energibalansen (GWh),2003,2003,,.
EB120201,12.2.1 Veitransport,EP06IF,Ikke-fornybart avfall,EnergibalansenGWh,Energibalansen (GWh),2004,2004,,.
EB120201,12.2.1 Veitransport,EP06IF,Ikke-fornybart avfall,EnergibalansenGWh,Energibalansen (GWh),2005,2005,,.
EB120201,12.2.1 Veitransport,EP06IF,Ikke-fornybart avfall,EnergibalansenGWh,Energibalansen (GWh),2006,2006,,.
EB120201,12.2.1 Veitransport,EP06IF,Ikke-fornybart avfall,EnergibalansenGWh,Energibalansen (GWh),2007,2007,,.
EB120201,12.2.1 Veitransport,EP06IF,Ikke-fornybart avfall,EnergibalansenGWh,Energibalansen (GWh),2008,2008,,.
EB120201,12.2.1 Veitransport,EP06IF,Ikke-fornybart avfall,EnergibalansenGWh,Energibalansen (GWh),2009,2009,,.
EB120201,12.2.1 Veitransport,EP06IF,Ikke-fornybart avfall,EnergibalansenGWh,Energibalansen (GWh),2010,2010,,-
EB120201,12.2.1 Veitransport,EP06IF,Ikke-fornybart avfall,EnergibalansenGWh,Energibalansen (GWh),2011,2011,,-
EB120201,12.2.1 Veitransport,EP06IF,Ikke-fornybart avfall,EnergibalansenGWh,Energibalansen (GWh),2012,2012,,-
EB120201,12.2.1 Veitransport,EP06IF,Ikke-fornybart avfall,EnergibalansenGWh,Energibalansen (GWh),2013,2013,,-
EB120201,12.2.1 Veitransport,EP06IF,Ikke-fornybart avfall,EnergibalansenGWh,Energibalansen (GWh),2014,2014,,-
EB120201,12.2.1 Veitransport,EP06IF,Ikke-fornybart avfall,EnergibalansenGWh,Energibalansen (GWh),2015,2015,,-
EB120201,12.2.1 Veitransport,EP06IF,Ikke-fornybart avfall,EnergibalansenGWh,Energibalansen (GWh),2016,2016,,-
EB120201,12.2.1 Veitransport,EP06IF,Ikke-fornybart avfall,EnergibalansenGWh,Energibalansen (GWh),2017,2017,,.
EB120201,12.2.1 Veitransport,EP06IF,Ikke-fornybart avfall,EnergibalansenGWh,Energibalansen (GWh),2018,2018,,.
EB120201,12.2.1 Veitransport,EP06IF,Ikke-fornybart avfall,EnergibalansenGWh,Energibalansen (GWh),2019,2019,,.
EB120201,12.2.1 Veitransport,EP06IF,Ikke-fornybart avfall,EnergibalansenGWh,Energibalansen (GWh),2020,2020,,.
EB120201,12.2.1 Veitransport,EP06IF,Ikke-fornybart avfall,EnergibalansenGWh,Energibalansen (GWh),2021,2021,,.
EB120201,12.2.1 Veitransport,EP06IF,Ikke-fornybart avfall,EnergibalansenGWh,Energibalansen (GWh),2022,2022,,.
EB120201,12.2.1 Veitransport,EP06IF,Ikke-fornybart avfall,EnergibalansenGWh,Energibalansen (GWh),2023,2023,,.
EB120201,12.2.1 Veitransport,EP06IF,Ikke-fornybart avfall,EnergibalansenGWh,Energibalansen (GWh),2024,2024,,.
EB120201,12.2.1 Veitransport,EP06IF,Ikke-fornybart avfall,EnergibalansenGWh,Energibalansen (GWh),2025,2025,,.
EB120201,12.2.1 Veitransport,EP07,Elektrisitet,EnergibalansenPJ,Energibalansen (PJ),1990,1990,,.
EB120201,12.2.1 Veitransport,EP07,Elektrisitet,EnergibalansenPJ,Energibalansen (PJ),1991,1991,,.
EB120201,12.2.1 Veitransport,EP07,Elektrisitet,EnergibalansenPJ,Energibalansen (PJ),1992,1992,,.
EB120201,12.2.1 Veitransport,EP07,Elektrisitet,EnergibalansenPJ,Energibalansen (PJ),1993,1993,,.
EB120201,12.2.1 Veitransport,EP07,Elektrisitet,EnergibalansenPJ,Energibalansen (PJ),1994,1994,,.
EB120201,12.2.1 Veitransport,EP07,Elektrisitet,EnergibalansenPJ,Energibalansen (PJ),1995,1995,,.
EB120201,12.2.1 Veitransport,EP07,Elektrisitet,EnergibalansenPJ,Energibalansen (PJ),1996,1996,,.
EB120201,12.2.1 Veitransport,EP07,Elektrisitet,EnergibalansenPJ,Energibalansen (PJ),1997,1997,,.
EB120201,12.2.1 Veitransport,EP07,Elektrisitet,EnergibalansenPJ,Energibalansen (PJ),1998,1998,,.
EB120201,12.2.1 Veitransport,EP07,Elektrisitet,EnergibalansenPJ,Energibalansen (PJ),1999,1999,,.
EB120201,12.2.1 Veitransport,EP07,Elektrisitet,EnergibalansenPJ,Energibalansen (PJ),2000,2000,,.
EB120201,12.2.1 Veitransport,EP07,Elektrisitet,EnergibalansenPJ,Energibalansen (PJ),2001,2001,,.
EB120201,12.2.1 Veitransport,EP07,Elektrisitet,EnergibalansenPJ,Energibalansen (PJ),2002,2002,,.
EB120201,12.2.1 Veitransport,EP07,Elektrisitet,EnergibalansenPJ,Energibalansen (PJ),2003,2003,,.
EB120201,12.2.1 Veitransport,EP07,Elektrisitet,EnergibalansenPJ,Energibalansen (PJ),2004,2004,,.
EB120201,12.2.1 Veitransport,EP07,Elektrisitet,EnergibalansenPJ,Energibalansen (PJ),2005,2005,0.0,
EB120201,12.2.1 Veitransport,EP07,Elektrisitet,EnergibalansenPJ,Energibalansen (PJ),2006,2006,0.0,
EB120201,12.2.1 Veitransport,EP07,Elektrisitet,EnergibalansenPJ,Energibalansen (PJ),2007,2007,0.0,
EB120201,12.2.1 Veitransport,EP07,Elektrisitet,EnergibalansenPJ,Energibalansen (PJ),2008,2008,0.0,
EB120201,12.2.1 Veitransport,EP07,Elektrisitet,EnergibalansenPJ,Energibalansen (PJ),2009,2009,0.0,
EB120201,12.2.1 Veitransport,EP07,Elektrisitet,EnergibalansenPJ,Energibalansen (PJ),2010,2010,0.0,
EB120201,12.2.1 Veitransport,EP07,Elektrisitet,EnergibalansenPJ,Energibalansen (PJ),2011,2011,0.0,
EB120201,12.2.1 Veitransport,EP07,Elektrisitet,EnergibalansenPJ,Energibalansen (PJ),2012,2012,0.0,
EB120201,12.2.1 Veitransport,EP07,Elektrisitet,EnergibalansenPJ,Energibalansen (PJ),2013,2013,0.1,
EB120201,12.2.1 Veitransport,EP07,Elektrisitet,EnergibalansenPJ,Energibalansen (PJ),2014,2014,0.2,
EB120201,12.2.1 Veitransport,EP07,Elektrisitet,EnergibalansenPJ,Energibalansen (PJ),2015,2015,0.6,
EB120201,12.2.1 Veitransport,EP07,Elektrisitet,EnergibalansenPJ,Energibalansen (PJ),2016,2016,1.0,
EB120201,12.2.1 Veitransport,EP07,Elektrisitet,EnergibalansenPJ,Energibalansen (PJ),2017,2017,1.5,
EB120201,12.2.1 Veitransport,EP07,Elektrisitet,EnergibalansenPJ,Energibalansen (PJ),2018,2018,2.3,
EB120201,12.2.1 Veitransport,EP07,Elektrisitet,EnergibalansenPJ,Energibalansen (PJ),2019,2019,3.1,
EB120201,12.2.1 Veitransport,EP07,Elektrisitet,EnergibalansenPJ,Energibalansen (PJ),2020,2020,3.9,
EB120201,12.2.1 Veitransport,EP07,Elektrisitet,EnergibalansenPJ,Energibalansen (PJ),2021,2021,5.5,
EB120201,12.2.1 Veitransport,EP07,Elektrisitet,EnergibalansenPJ,Energibalansen (PJ),2022,2022,7.2,
EB120201,12.2.1 Veitransport,EP07,Elektrisitet,EnergibalansenPJ,Energibalansen (PJ),2023,2023,8.9,
EB120201,12.2.1 Veitransport,EP07,Elektrisitet,EnergibalansenPJ,Energibalansen (PJ),2024,2024,10.0,
EB120201,12.2.1 Veitransport,EP07,Elektrisitet,EnergibalansenPJ,Energibalansen (PJ),2025,2025,11.9,
EB120201,12.2.1 Veitransport,EP07,Elektrisitet,EnergibalansenGWh,Energibalansen (GWh),1990,1990,,.
EB120201,12.2.1 Veitransport,EP07,Elektrisitet,EnergibalansenGWh,Energibalansen (GWh),1991,1991,,.
EB120201,12.2.1 Veitransport,EP07,Elektrisitet,EnergibalansenGWh,Energibalansen (GWh),1992,1992,,.
EB120201,12.2.1 Veitransport,EP07,Elektrisitet,EnergibalansenGWh,Energibalansen (GWh),1993,1993,,.
EB120201,12.2.1 Veitransport,EP07,Elektrisitet,EnergibalansenGWh,Energibalansen (GWh),1994,1994,,.
EB120201,12.2.1 Veitransport,EP07,Elektrisitet,EnergibalansenGWh,Energibalansen (GWh),1995,1995,,.
EB120201,12.2.1 Veitransport,EP07,Elektrisitet,EnergibalansenGWh,Energibalansen (GWh),1996,1996,,.
EB120201,12.2.1 Veitransport,EP07,Elektrisitet,EnergibalansenGWh,Energibalansen (GWh),1997,1997,,.
EB120201,12.2.1 Veitransport,EP07,Elektrisitet,EnergibalansenGWh,Energibalansen (GWh),1998,1998,,.
EB120201,12.2.1 Veitransport,EP07,Elektrisitet,EnergibalansenGWh,Energibalansen (GWh),1999,1999,,.
EB120201,12.2.1 Veitransport,EP07,Elektrisitet,EnergibalansenGWh,Energibalansen (GWh),2000,2000,,.
EB120201,12.2.1 Veitransport,EP07,Elektrisitet,EnergibalansenGWh,Energibalansen (GWh),2001,2001,,.
EB120201,12.2.1 Veitransport,EP07,Elektrisitet,EnergibalansenGWh,Energibalansen (GWh),2002,2002,,.
EB120201,12.2.1 Veitransport,EP07,Elektrisitet,EnergibalansenGWh,Energibalansen (GWh),2003,2003,,.
EB120201,12.2.1 Veitransport,EP07,Elektrisitet,EnergibalansenGWh,Energibalansen (GWh),2004,2004,,.
EB120201,12.2.1 Veitransport,EP07,Elektrisitet,EnergibalansenGWh,Energibalansen (GWh),2005,2005,3.0,
EB120201,12.2.1 Veitransport,EP07,Elektrisitet,EnergibalansenGWh,Energibalansen (GWh),2006,2006,3.0,
EB120201,12.2.1 Veitransport,EP07,Elektrisitet,EnergibalansenGWh,Energibalansen (GWh),2007,2007,3.0,
EB120201,12.2.1 Veitransport,EP07,Elektrisitet,EnergibalansenGWh,Energibalansen (GWh),2008,2008,3.0,
EB120201,12.2.1 Veitransport,EP07,Elektrisitet,EnergibalansenGWh,Energibalansen (GWh),2009,2009,4.0,
EB120201,12.2.1 Veitransport,EP07,Elektrisitet,EnergibalansenGWh,Energibalansen (GWh),2010,2010,4.0,
EB120201,12.2.1 Veitransport,EP07,Elektrisitet,EnergibalansenGWh,Energibalansen (GWh),2011,2011,6.0,
EB120201,12.2.1 Veitransport,EP07,Elektrisitet,EnergibalansenGWh,Energibalansen (GWh),2012,2012,14.0,
EB120201,12.2.1 Veitransport,EP07,Elektrisitet,EnergibalansenGWh,Energibalansen (GWh),2013,2013,22.0,
EB120201,12.2.1 Veitransport,EP07,Elektrisitet,EnergibalansenGWh,Energibalansen (GWh),2014,2014,64.0,
EB120201,12.2.1 Veitransport,EP07,Elektrisitet,EnergibalansenGWh,Energibalansen (GWh),2015,2015,162.0,
EB120201,12.2.1 Veitransport,EP07,Elektrisitet,EnergibalansenGWh,Energibalansen (GWh),2016,2016,272.0,
EB120201,12.2.1 Veitransport,EP07,Elektrisitet,EnergibalansenGWh,Energibalansen (GWh),2017,2017,417.0,
EB120201,12.2.1 Veitransport,EP07,Elektrisitet,EnergibalansenGWh,Energibalansen (GWh),2018,2018,636.0,
EB120201,12.2.1 Veitransport,EP07,Elektrisitet,EnergibalansenGWh,Energibalansen (GWh),2019,2019,858.0,
EB120201,12.2.1 Veitransport,EP07,Elektrisitet,EnergibalansenGWh,Energibalansen (GWh),2020,2020,1089.0,
EB120201,12.2.1 Veitransport,EP07,Elektrisitet,EnergibalansenGWh,Energibalansen (GWh),2021,2021,1524.0,
EB120201,12.2.1 Veitransport,EP07,Elektrisitet,EnergibalansenGWh,Energibalansen (GWh),2022,2022,2002.0,
EB120201,12.2.1 Veitransport,EP07,Elektrisitet,EnergibalansenGWh,Energibalansen (GWh),2023,2023,2472.0,
EB120201,12.2.1 Veitransport,EP07,Elektrisitet,EnergibalansenGWh,Energibalansen (GWh),2024,2024,2783.0,
EB120201,12.2.1 Veitransport,EP07,Elektrisitet,EnergibalansenGWh,Energibalansen (GWh),2025,2025,3309.0,
EB120201,12.2.1 Veitransport,EP070,Elektrisitet,EnergibalansenPJ,Energibalansen (PJ),1990,1990,,.
EB120201,12.2.1 Veitransport,EP070,Elektrisitet,EnergibalansenPJ,Energibalansen (PJ),1991,1991,,.
EB120201,12.2.1 Veitransport,EP070,Elektrisitet,EnergibalansenPJ,Energibalansen (PJ),1992,1992,,.
EB120201,12.2.1 Veitransport,EP070,Elektrisitet,EnergibalansenPJ,Energibalansen (PJ),1993,1993,,.
EB120201,12.2.1 Veitransport,EP070,Elektrisitet,EnergibalansenPJ,Energibalansen (PJ),1994,1994,,.
EB120201,12.2.1 Veitransport,EP070,Elektrisitet,EnergibalansenPJ,Energibalansen (PJ),1995,1995,,.
EB120201,12.2.1 Veitransport,EP070,Elektrisitet,EnergibalansenPJ,Energibalansen (PJ),1996,1996,,.
EB120201,12.2.1 Veitransport,EP070,Elektrisitet,EnergibalansenPJ,Energibalansen (PJ),1997,1997,,.
EB120201,12.2.1 Veitransport,EP070,Elektrisitet,EnergibalansenPJ,Energibalansen (PJ),1998,1998,,.
EB120201,12.2.1 Veitransport,EP070,Elektrisitet,EnergibalansenPJ,Energibalansen (PJ),1999,1999,,.
EB120201,12.2.1 Veitransport,EP070,Elektrisitet,EnergibalansenPJ,Energibalansen (PJ),2000,2000,,.
EB120201,12.2.1 Veitransport,EP070,Elektrisitet,EnergibalansenPJ,Energibalansen (PJ),2001,2001,,.
EB120201,12.2.1 Veitransport,EP070,Elektrisitet,EnergibalansenPJ,Energibalansen (PJ),2002,2002,,.
EB120201,12.2.1 Veitransport,EP070,Elektrisitet,EnergibalansenPJ,Energibalansen (PJ),2003,2003,,.
EB120201,12.2.1 Veitransport,EP070,Elektrisitet,EnergibalansenPJ,Energibalansen (PJ),2004,2004,,.
EB120201,12.2.1 Veitransport,EP070,Elektrisitet,EnergibalansenPJ,Energibalansen (PJ),2005,2005,0.0,
EB120201,12.2.1 Veitransport,EP070,Elektrisitet,EnergibalansenPJ,Energibalansen (PJ),2006,2006,0.0,
EB120201,12.2.1 Veitransport,EP070,Elektrisitet,EnergibalansenPJ,Energibalansen (PJ),2007,2007,0.0,
EB120201,12.2.1 Veitransport,EP070,Elektrisitet,EnergibalansenPJ,Energibalansen (PJ),2008,2008,0.0,
EB120201,12.2.1 Veitransport,EP070,Elektrisitet,EnergibalansenPJ,Energibalansen (PJ),2009,2009,0.0,
EB120201,12.2.1 Veitransport,EP070,Elektrisitet,EnergibalansenPJ,Energibalansen (PJ),2010,2010,0.0,
EB120201,12.2.1 Veitransport,EP070,Elektrisitet,EnergibalansenPJ,Energibalansen (PJ),2011,2011,0.0,
EB120201,12.2.1 Veitransport,EP070,Elektrisitet,EnergibalansenPJ,Energibalansen (PJ),2012,2012,0.0,
EB120201,12.2.1 Veitransport,EP070,Elektrisitet,EnergibalansenPJ,Energibalansen (PJ),2013,2013,0.1,
EB120201,12.2.1 Veitransport,EP070,Elektrisitet,EnergibalansenPJ,Energibalansen (PJ),2014,2014,0.2,
EB120201,12.2.1 Veitransport,EP070,Elektrisitet,EnergibalansenPJ,Energibalansen (PJ),2015,2015,0.6,
EB120201,12.2.1 Veitransport,EP070,Elektrisitet,EnergibalansenPJ,Energibalansen (PJ),2016,2016,1.0,
EB120201,12.2.1 Veitransport,EP070,Elektrisitet,EnergibalansenPJ,Energibalansen (PJ),2017,2017,1.5,
EB120201,12.2.1 Veitransport,EP070,Elektrisitet,EnergibalansenPJ,Energibalansen (PJ),2018,2018,2.3,
EB120201,12.2.1 Veitransport,EP070,Elektrisitet,EnergibalansenPJ,Energibalansen (PJ),2019,2019,3.1,
EB120201,12.2.1 Veitransport,EP070,Elektrisitet,EnergibalansenPJ,Energibalansen (PJ),2020,2020,3.9,
EB120201,12.2.1 Veitransport,EP070,Elektrisitet,EnergibalansenPJ,Energibalansen (PJ),2021,2021,5.5,
EB120201,12.2.1 Veitransport,EP070,Elektrisitet,EnergibalansenPJ,Energibalansen (PJ),2022,2022,7.2,
EB120201,12.2.1 Veitransport,EP070,Elektrisitet,EnergibalansenPJ,Energibalansen (PJ),2023,2023,8.9,
EB120201,12.2.1 Veitransport,EP070,Elektrisitet,EnergibalansenPJ,Energibalansen (PJ),2024,2024,10.0,
EB120201,12.2.1 Veitransport,EP070,Elektrisitet,EnergibalansenPJ,Energibalansen (PJ),2025,2025,11.9,
EB120201,12.2.1 Veitransport,EP070,Elektrisitet,EnergibalansenGWh,Energibalansen (GWh),1990,1990,,.
EB120201,12.2.1 Veitransport,EP070,Elektrisitet,EnergibalansenGWh,Energibalansen (GWh),1991,1991,,.
EB120201,12.2.1 Veitransport,EP070,Elektrisitet,EnergibalansenGWh,Energibalansen (GWh),1992,1992,,.
EB120201,12.2.1 Veitransport,EP070,Elektrisitet,EnergibalansenGWh,Energibalansen (GWh),1993,1993,,.
EB120201,12.2.1 Veitransport,EP070,Elektrisitet,EnergibalansenGWh,Energibalansen (GWh),1994,1994,,.
EB120201,12.2.1 Veitransport,EP070,Elektrisitet,EnergibalansenGWh,Energibalansen (GWh),1995,1995,,.
EB120201,12.2.1 Veitransport,EP070,Elektrisitet,EnergibalansenGWh,Energibalansen (GWh),1996,1996,,.
EB120201,12.2.1 Veitransport,EP070,Elektrisitet,EnergibalansenGWh,Energibalansen (GWh),1997,1997,,.
EB120201,12.2.1 Veitransport,EP070,Elektrisitet,EnergibalansenGWh,Energibalansen (GWh),1998,1998,,.
EB120201,12.2.1 Veitransport,EP070,Elektrisitet,EnergibalansenGWh,Energibalansen (GWh),1999,1999,,.
EB120201,12.2.1 Veitransport,EP070,Elektrisitet,EnergibalansenGWh,Energibalansen (GWh),2000,2000,,.
EB120201,12.2.1 Veitransport,EP070,Elektrisitet,EnergibalansenGWh,Energibalansen (GWh),2001,2001,,.
EB120201,12.2.1 Veitransport,EP070,Elektrisitet,EnergibalansenGWh,Energibalansen (GWh),2002,2002,,.
EB120201,12.2.1 Veitransport,EP070,Elektrisitet,EnergibalansenGWh,Energibalansen (GWh),2003,2003,,.
EB120201,12.2.1 Veitransport,EP070,Elektrisitet,EnergibalansenGWh,Energibalansen (GWh),2004,2004,,.
EB120201,12.2.1 Veitransport,EP070,Elektrisitet,EnergibalansenGWh,Energibalansen (GWh),2005,2005,3.0,
EB120201,12.2.1 Veitransport,EP070,Elektrisitet,EnergibalansenGWh,Energibalansen (GWh),2006,2006,3.0,
EB120201,12.2.1 Veitransport,EP070,Elektrisitet,EnergibalansenGWh,Energibalansen (GWh),2007,2007,3.0,
EB120201,12.2.1 Veitransport,EP070,Elektrisitet,EnergibalansenGWh,Energibalansen (GWh),2008,2008,3.0,
EB120201,12.2.1 Veitransport,EP070,Elektrisitet,EnergibalansenGWh,Energibalansen (GWh),2009,2009,4.0,
EB120201,12.2.1 Veitransport,EP070,Elektrisitet,EnergibalansenGWh,Energibalansen (GWh),2010,2010,4.0,
EB120201,12.2.1 Veitransport,EP070,Elektrisitet,EnergibalansenGWh,Energibalansen (GWh),2011,2011,6.0,
EB120201,12.2.1 Veitransport,EP070,Elektrisitet,EnergibalansenGWh,Energibalansen (GWh),2012,2012,14.0,
EB120201,12.2.1 Veitransport,EP070,Elektrisitet,EnergibalansenGWh,Energibalansen (GWh),2013,2013,22.0,
EB120201,12.2.1 Veitransport,EP070,Elektrisitet,EnergibalansenGWh,Energibalansen (GWh),2014,2014,64.0,
EB120201,12.2.1 Veitransport,EP070,Elektrisitet,EnergibalansenGWh,Energibalansen (GWh),2015,2015,162.0,
EB120201,12.2.1 Veitransport,EP070,Elektrisitet,EnergibalansenGWh,Energibalansen (GWh),2016,2016,272.0,
EB120201,12.2.1 Veitransport,EP070,Elektrisitet,EnergibalansenGWh,Energibalansen (GWh),2017,2017,417.0,
EB120201,12.2.1 Veitransport,EP070,Elektrisitet,EnergibalansenGWh,Energibalansen (GWh),2018,2018,636.0,
EB120201,12.2.1 Veitransport,EP070,Elektrisitet,EnergibalansenGWh,Energibalansen (GWh),2019,2019,858.0,
EB120201,12.2.1 Veitransport,EP070,Elektrisitet,EnergibalansenGWh,Energibalansen (GWh),2020,2020,1089.0,
EB120201,12.2.1 Veitransport,EP070,Elektrisitet,EnergibalansenGWh,Energibalansen (GWh),2021,2021,1524.0,
EB120201,12.2.1 Veitransport,EP070,Elektrisitet,EnergibalansenGWh,Energibalansen (GWh),2022,2022,2002.0,
EB120201,12.2.1 Veitransport,EP070,Elektrisitet,EnergibalansenGWh,Energibalansen (GWh),2023,2023,2472.0,
EB120201,12.2.1 Veitransport,EP070,Elektrisitet,EnergibalansenGWh,Energibalansen (GWh),2024,2024,2783.0,
EB120201,12.2.1 Veitransport,EP070,Elektrisitet,EnergibalansenGWh,Energibalansen (GWh),2025,2025,3309.0,
EB120201,12.2.1 Veitransport,EP081_84,Fjernvarme,EnergibalansenPJ,Energibalansen (PJ),1990,1990,,.
EB120201,12.2.1 Veitransport,EP081_84,Fjernvarme,EnergibalansenPJ,Energibalansen (PJ),1991,1991,,.
EB120201,12.2.1 Veitransport,EP081_84,Fjernvarme,EnergibalansenPJ,Energibalansen (PJ),1992,1992,,.
EB120201,12.2.1 Veitransport,EP081_84,Fjernvarme,EnergibalansenPJ,Energibalansen (PJ),1993,1993,,.
EB120201,12.2.1 Veitransport,EP081_84,Fjernvarme,EnergibalansenPJ,Energibalansen (PJ),1994,1994,,.
EB120201,12.2.1 Veitransport,EP081_84,Fjernvarme,EnergibalansenPJ,Energibalansen (PJ),1995,1995,,.
EB120201,12.2.1 Veitransport,EP081_84,Fjernvarme,EnergibalansenPJ,Energibalansen (PJ),1996,1996,,.
EB120201,12.2.1 Veitransport,EP081_84,Fjernvarme,EnergibalansenPJ,Energibalansen (PJ),1997,1997,,.
EB120201,12.2.1 Veitransport,EP081_84,Fjernvarme,EnergibalansenPJ,Energibalansen (PJ),1998,1998,,.
EB120201,12.2.1 Veitransport,EP081_84,Fjernvarme,EnergibalansenPJ,Energibalansen (PJ),1999,1999,,.
EB120201,12.2.1 Veitransport,EP081_84,Fjernvarme,EnergibalansenPJ,Energibalansen (PJ),2000,2000,,.
EB120201,12.2.1 Veitransport,EP081_84,Fjernvarme,EnergibalansenPJ,Energibalansen (PJ),2001,2001,,.
EB120201,12.2.1 Veitransport,EP081_84,Fjernvarme,EnergibalansenPJ,Energibalansen (PJ),2002,2002,,.
EB120201,12.2.1 Veitransport,EP081_84,Fjernvarme,EnergibalansenPJ,Energibalansen (PJ),2003,2003,,.
EB120201,12.2.1 Veitransport,EP081_84,Fjernvarme,EnergibalansenPJ,Energibalansen (PJ),2004,2004,,.
EB120201,12.2.1 Veitransport,EP081_84,Fjernvarme,EnergibalansenPJ,Energibalansen (PJ),2005,2005,,.
EB120201,12.2.1 Veitransport,EP081_84,Fjernvarme,EnergibalansenPJ,Energibalansen (PJ),2006,2006,,.
EB120201,12.2.1 Veitransport,EP081_84,Fjernvarme,EnergibalansenPJ,Energibalansen (PJ),2007,2007,,.
EB120201,12.2.1 Veitransport,EP081_84,Fjernvarme,EnergibalansenPJ,Energibalansen (PJ),2008,2008,,.
EB120201,12.2.1 Veitransport,EP081_84,Fjernvarme,EnergibalansenPJ,Energibalansen (PJ),2009,2009,,.
EB120201,12.2.1 Veitransport,EP081_84,Fjernvarme,EnergibalansenPJ,Energibalansen (PJ),2010,2010,,-
EB120201,12.2.1 Veitransport,EP081_84,Fjernvarme,EnergibalansenPJ,Energibalansen (PJ),2011,2011,,-
EB120201,12.2.1 Veitransport,EP081_84,Fjernvarme,EnergibalansenPJ,Energibalansen (PJ),2012,2012,,-
EB120201,12.2.1 Veitransport,EP081_84,Fjernvarme,EnergibalansenPJ,Energibalansen (PJ),2013,2013,,-
EB120201,12.2.1 Veitransport,EP081_84,Fjernvarme,EnergibalansenPJ,Energibalansen (PJ),2014,2014,,-
EB120201,12.2.1 Veitransport,EP081_84,Fjernvarme,EnergibalansenPJ,Energibalansen (PJ),2015,2015,,-
EB120201,12.2.1 Veitransport,EP081_84,Fjernvarme,EnergibalansenPJ,Energibalansen (PJ),2016,2016,,-
EB120201,12.2.1 Veitransport,EP081_84,Fjernvarme,EnergibalansenPJ,Energibalansen (PJ),2017,2017,,.
EB120201,12.2.1 Veitransport,EP081_84,Fjernvarme,EnergibalansenPJ,Energibalansen (PJ),2018,2018,,.
EB120201,12.2.1 Veitransport,EP081_84,Fjernvarme,EnergibalansenPJ,Energibalansen (PJ),2019,2019,,.
EB120201,12.2.1 Veitransport,EP081_84,Fjernvarme,EnergibalansenPJ,Energibalansen (PJ),2020,2020,,.
EB120201,12.2.1 Veitransport,EP081_84,Fjernvarme,EnergibalansenPJ,Energibalansen (PJ),2021,2021,,.
EB120201,12.2.1 Veitransport,EP081_84,Fjernvarme,EnergibalansenPJ,Energibalansen (PJ),2022,2022,,.
EB120201,12.2.1 Veitransport,EP081_84,Fjernvarme,EnergibalansenPJ,Energibalansen (PJ),2023,2023,,.
EB120201,12.2.1 Veitransport,EP081_84,Fjernvarme,EnergibalansenPJ,Energibalansen (PJ),2024,2024,,.
EB120201,12.2.1 Veitransport,EP081_84,Fjernvarme,EnergibalansenPJ,Energibalansen (PJ),2025,2025,,.
EB120201,12.2.1 Veitransport,EP081_84,Fjernvarme,EnergibalansenGWh,Energibalansen (GWh),1990,1990,,.
EB120201,12.2.1 Veitransport,EP081_84,Fjernvarme,EnergibalansenGWh,Energibalansen (GWh),1991,1991,,.
EB120201,12.2.1 Veitransport,EP081_84,Fjernvarme,EnergibalansenGWh,Energibalansen (GWh),1992,1992,,.
EB120201,12.2.1 Veitransport,EP081_84,Fjernvarme,EnergibalansenGWh,Energibalansen (GWh),1993,1993,,.
EB120201,12.2.1 Veitransport,EP081_84,Fjernvarme,EnergibalansenGWh,Energibalansen (GWh),1994,1994,,.
EB120201,12.2.1 Veitransport,EP081_84,Fjernvarme,EnergibalansenGWh,Energibalansen (GWh),1995,1995,,.
EB120201,12.2.1 Veitransport,EP081_84,Fjernvarme,EnergibalansenGWh,Energibalansen (GWh),1996,1996,,.
EB120201,12.2.1 Veitransport,EP081_84,Fjernvarme,EnergibalansenGWh,Energibalansen (GWh),1997,1997,,.
EB120201,12.2.1 Veitransport,EP081_84,Fjernvarme,EnergibalansenGWh,Energibalansen (GWh),1998,1998,,.
EB120201,12.2.1 Veitransport,EP081_84,Fjernvarme,EnergibalansenGWh,Energibalansen (GWh),1999,1999,,.
EB120201,12.2.1 Veitransport,EP081_84,Fjernvarme,EnergibalansenGWh,Energibalansen (GWh),2000,2000,,.
EB120201,12.2.1 Veitransport,EP081_84,Fjernvarme,EnergibalansenGWh,Energibalansen (GWh),2001,2001,,.
EB120201,12.2.1 Veitransport,EP081_84,Fjernvarme,EnergibalansenGWh,Energibalansen (GWh),2002,2002,,.
EB120201,12.2.1 Veitransport,EP081_84,Fjernvarme,EnergibalansenGWh,Energibalansen (GWh),2003,2003,,.
EB120201,12.2.1 Veitransport,EP081_84,Fjernvarme,EnergibalansenGWh,Energibalansen (GWh),2004,2004,,.
EB120201,12.2.1 Veitransport,EP081_84,Fjernvarme,EnergibalansenGWh,Energibalansen (GWh),2005,2005,,.
EB120201,12.2.1 Veitransport,EP081_84,Fjernvarme,EnergibalansenGWh,Energibalansen (GWh),2006,2006,,.
EB120201,12.2.1 Veitransport,EP081_84,Fjernvarme,EnergibalansenGWh,Energibalansen (GWh),2007,2007,,.
EB120201,12.2.1 Veitransport,EP081_84,Fjernvarme,EnergibalansenGWh,Energibalansen (GWh),2008,2008,,.
EB120201,12.2.1 Veitransport,EP081_84,Fjernvarme,EnergibalansenGWh,Energibalansen (GWh),2009,2009,,.
EB120201,12.2.1 Veitransport,EP081_84,Fjernvarme,EnergibalansenGWh,Energibalansen (GWh),2010,2010,,-
EB120201,12.2.1 Veitransport,EP081_84,Fjernvarme,EnergibalansenGWh,Energibalansen (GWh),2011,2011,,-
EB120201,12.2.1 Veitransport,EP081_84,Fjernvarme,EnergibalansenGWh,Energibalansen (GWh),2012,2012,,-
EB120201,12.2.1 Veitransport,EP081_84,Fjernvarme,EnergibalansenGWh,Energibalansen (GWh),2013,2013,,-
EB120201,12.2.1 Veitransport,EP081_84,Fjernvarme,EnergibalansenGWh,Energibalansen (GWh),2014,2014,,-
EB120201,12.2.1 Veitransport,EP081_84,Fjernvarme,EnergibalansenGWh,Energibalansen (GWh),2015,2015,,-
EB120201,12.2.1 Veitransport,EP081_84,Fjernvarme,EnergibalansenGWh,Energibalansen (GWh),2016,2016,,-
EB120201,12.2.1 Veitransport,EP081_84,Fjernvarme,EnergibalansenGWh,Energibalansen (GWh),2017,2017,,.
EB120201,12.2.1 Veitransport,EP081_84,Fjernvarme,EnergibalansenGWh,Energibalansen (GWh),2018,2018,,.
EB120201,12.2.1 Veitransport,EP081_84,Fjernvarme,EnergibalansenGWh,Energibalansen (GWh),2019,2019,,.
EB120201,12.2.1 Veitransport,EP081_84,Fjernvarme,EnergibalansenGWh,Energibalansen (GWh),2020,2020,,.
EB120201,12.2.1 Veitransport,EP081_84,Fjernvarme,EnergibalansenGWh,Energibalansen (GWh),2021,2021,,.
EB120201,12.2.1 Veitransport,EP081_84,Fjernvarme,EnergibalansenGWh,Energibalansen (GWh),2022,2022,,.
EB120201,12.2.1 Veitransport,EP081_84,Fjernvarme,EnergibalansenGWh,Energibalansen (GWh),2023,2023,,.
EB120201,12.2.1 Veitransport,EP081_84,Fjernvarme,EnergibalansenGWh,Energibalansen (GWh),2024,2024,,.
EB120201,12.2.1 Veitransport,EP081_84,Fjernvarme,EnergibalansenGWh,Energibalansen (GWh),2025,2025,,.
EB120201,12.2.1 Veitransport,EP081_840,Fjernvarme,EnergibalansenPJ,Energibalansen (PJ),1990,1990,,.
EB120201,12.2.1 Veitransport,EP081_840,Fjernvarme,EnergibalansenPJ,Energibalansen (PJ),1991,1991,,.
EB120201,12.2.1 Veitransport,EP081_840,Fjernvarme,EnergibalansenPJ,Energibalansen (PJ),1992,1992,,.
EB120201,12.2.1 Veitransport,EP081_840,Fjernvarme,EnergibalansenPJ,Energibalansen (PJ),1993,1993,,.
EB120201,12.2.1 Veitransport,EP081_840,Fjernvarme,EnergibalansenPJ,Energibalansen (PJ),1994,1994,,.
EB120201,12.2.1 Veitransport,EP081_840,Fjernvarme,EnergibalansenPJ,Energibalansen (PJ),1995,1995,,.
EB120201,12.2.1 Veitransport,EP081_840,Fjernvarme,EnergibalansenPJ,Energibalansen (PJ),1996,1996,,.
EB120201,12.2.1 Veitransport,EP081_840,Fjernvarme,EnergibalansenPJ,Energibalansen (PJ),1997,1997,,.
EB120201,12.2.1 Veitransport,EP081_840,Fjernvarme,EnergibalansenPJ,Energibalansen (PJ),1998,1998,,.
EB120201,12.2.1 Veitransport,EP081_840,Fjernvarme,EnergibalansenPJ,Energibalansen (PJ),1999,1999,,.
EB120201,12.2.1 Veitransport,EP081_840,Fjernvarme,EnergibalansenPJ,Energibalansen (PJ),2000,2000,,.
EB120201,12.2.1 Veitransport,EP081_840,Fjernvarme,EnergibalansenPJ,Energibalansen (PJ),2001,2001,,.
EB120201,12.2.1 Veitransport,EP081_840,Fjernvarme,EnergibalansenPJ,Energibalansen (PJ),2002,2002,,.
EB120201,12.2.1 Veitransport,EP081_840,Fjernvarme,EnergibalansenPJ,Energibalansen (PJ),2003,2003,,.
EB120201,12.2.1 Veitransport,EP081_840,Fjernvarme,EnergibalansenPJ,Energibalansen (PJ),2004,2004,,.
EB120201,12.2.1 Veitransport,EP081_840,Fjernvarme,EnergibalansenPJ,Energibalansen (PJ),2005,2005,,.
EB120201,12.2.1 Veitransport,EP081_840,Fjernvarme,EnergibalansenPJ,Energibalansen (PJ),2006,2006,,.
EB120201,12.2.1 Veitransport,EP081_840,Fjernvarme,EnergibalansenPJ,Energibalansen (PJ),2007,2007,,.
EB120201,12.2.1 Veitransport,EP081_840,Fjernvarme,EnergibalansenPJ,Energibalansen (PJ),2008,2008,,.
EB120201,12.2.1 Veitransport,EP081_840,Fjernvarme,EnergibalansenPJ,Energibalansen (PJ),2009,2009,,.
EB120201,12.2.1 Veitransport,EP081_840,Fjernvarme,EnergibalansenPJ,Energibalansen (PJ),2010,2010,,-
EB120201,12.2.1 Veitransport,EP081_840,Fjernvarme,EnergibalansenPJ,Energibalansen (PJ),2011,2011,,-
EB120201,12.2.1 Veitransport,EP081_840,Fjernvarme,EnergibalansenPJ,Energibalansen (PJ),2012,2012,,-
EB120201,12.2.1 Veitransport,EP081_840,Fjernvarme,EnergibalansenPJ,Energibalansen (PJ),2013,2013,,-
EB120201,12.2.1 Veitransport,EP081_840,Fjernvarme,EnergibalansenPJ,Energibalansen (PJ),2014,2014,,-
EB120201,12.2.1 Veitransport,EP081_840,Fjernvarme,EnergibalansenPJ,Energibalansen (PJ),2015,2015,,-
EB120201,12.2.1 Veitransport,EP081_840,Fjernvarme,EnergibalansenPJ,Energibalansen (PJ),2016,2016,,-
EB120201,12.2.1 Veitransport,EP081_840,Fjernvarme,EnergibalansenPJ,Energibalansen (PJ),2017,2017,,.
EB120201,12.2.1 Veitransport,EP081_840,Fjernvarme,EnergibalansenPJ,Energibalansen (PJ),2018,2018,,.
EB120201,12.2.1 Veitransport,EP081_840,Fjernvarme,EnergibalansenPJ,Energibalansen (PJ),2019,2019,,.
EB120201,12.2.1 Veitransport,EP081_840,Fjernvarme,EnergibalansenPJ,Energibalansen (PJ),2020,2020,,.
EB120201,12.2.1 Veitransport,EP081_840,Fjernvarme,EnergibalansenPJ,Energibalansen (PJ),2021,2021,,.
EB120201,12.2.1 Veitransport,EP081_840,Fjernvarme,EnergibalansenPJ,Energibalansen (PJ),2022,2022,,.
EB120201,12.2.1 Veitransport,EP081_840,Fjernvarme,EnergibalansenPJ,Energibalansen (PJ),2023,2023,,.
EB120201,12.2.1 Veitransport,EP081_840,Fjernvarme,EnergibalansenPJ,Energibalansen (PJ),2024,2024,,.
EB120201,12.2.1 Veitransport,EP081_840,Fjernvarme,EnergibalansenPJ,Energibalansen (PJ),2025,2025,,.
EB120201,12.2.1 Veitransport,EP081_840,Fjernvarme,EnergibalansenGWh,Energibalansen (GWh),1990,1990,,.
EB120201,12.2.1 Veitransport,EP081_840,Fjernvarme,EnergibalansenGWh,Energibalansen (GWh),1991,1991,,.
EB120201,12.2.1 Veitransport,EP081_840,Fjernvarme,EnergibalansenGWh,Energibalansen (GWh),1992,1992,,.
EB120201,12.2.1 Veitransport,EP081_840,Fjernvarme,EnergibalansenGWh,Energibalansen (GWh),1993,1993,,.
EB120201,12.2.1 Veitransport,EP081_840,Fjernvarme,EnergibalansenGWh,Energibalansen (GWh),1994,1994,,.
EB120201,12.2.1 Veitransport,EP081_840,Fjernvarme,EnergibalansenGWh,Energibalansen (GWh),1995,1995,,.
EB120201,12.2.1 Veitransport,EP081_840,Fjernvarme,EnergibalansenGWh,Energibalansen (GWh),1996,1996,,.
EB120201,12.2.1 Veitransport,EP081_840,Fjernvarme,EnergibalansenGWh,Energibalansen (GWh),1997,1997,,.
EB120201,12.2.1 Veitransport,EP081_840,Fjernvarme,EnergibalansenGWh,Energibalansen (GWh),1998,1998,,.
EB120201,12.2.1 Veitransport,EP081_840,Fjernvarme,EnergibalansenGWh,Energibalansen (GWh),1999,1999,,.
EB120201,12.2.1 Veitransport,EP081_840,Fjernvarme,EnergibalansenGWh,Energibalansen (GWh),2000,2000,,.
EB120201,12.2.1 Veitransport,EP081_840,Fjernvarme,EnergibalansenGWh,Energibalansen (GWh),2001,2001,,.
EB120201,12.2.1 Veitransport,EP081_840,Fjernvarme,EnergibalansenGWh,Energibalansen (GWh),2002,2002,,.
EB120201,12.2.1 Veitransport,EP081_840,Fjernvarme,EnergibalansenGWh,Energibalansen (GWh),2003,2003,,.
EB120201,12.2.1 Veitransport,EP081_840,Fjernvarme,EnergibalansenGWh,Energibalansen (GWh),2004,2004,,.
EB120201,12.2.1 Veitransport,EP081_840,Fjernvarme,EnergibalansenGWh,Energibalansen (GWh),2005,2005,,.
EB120201,12.2.1 Veitransport,EP081_840,Fjernvarme,EnergibalansenGWh,Energibalansen (GWh),2006,2006,,.
EB120201,12.2.1 Veitransport,EP081_840,Fjernvarme,EnergibalansenGWh,Energibalansen (GWh),2007,2007,,.
EB120201,12.2.1 Veitransport,EP081_840,Fjernvarme,EnergibalansenGWh,Energibalansen (GWh),2008,2008,,.
EB120201,12.2.1 Veitransport,EP081_840,Fjernvarme,EnergibalansenGWh,Energibalansen (GWh),2009,2009,,.
EB120201,12.2.1 Veitransport,EP081_840,Fjernvarme,EnergibalansenGWh,Energibalansen (GWh),2010,2010,,-
EB120201,12.2.1 Veitransport,EP081_840,Fjernvarme,EnergibalansenGWh,Energibalansen (GWh),2011,2011,,-
EB120201,12.2.1 Veitransport,EP081_840,Fjernvarme,EnergibalansenGWh,Energibalansen (GWh),2012,2012,,-
EB120201,12.2.1 Veitransport,EP081_840,Fjernvarme,EnergibalansenGWh,Energibalansen (GWh),2013,2013,,-
EB120201,12.2.1 Veitransport,EP081_840,Fjernvarme,EnergibalansenGWh,Energibalansen (GWh),2014,2014,,-
EB120201,12.2.1 Veitransport,EP081_840,Fjernvarme,EnergibalansenGWh,Energibalansen (GWh),2015,2015,,-
EB120201,12.2.1 Veitransport,EP081_840,Fjernvarme,EnergibalansenGWh,Energibalansen (GWh),2016,2016,,-
EB120201,12.2.1 Veitransport,EP081_840,Fjernvarme,EnergibalansenGWh,Energibalansen (GWh),2017,2017,,.
EB120201,12.2.1 Veitransport,EP081_840,Fjernvarme,EnergibalansenGWh,Energibalansen (GWh),2018,2018,,.
EB120201,12.2.1 Veitransport,EP081_840,Fjernvarme,EnergibalansenGWh,Energibalansen (GWh),2019,2019,,.
EB120201,12.2.1 Veitransport,EP081_840,Fjernvarme,EnergibalansenGWh,Energibalansen (GWh),2020,2020,,.
EB120201,12.2.1 Veitransport,EP081_840,Fjernvarme,EnergibalansenGWh,Energibalansen (GWh),2021,2021,,.
EB120201,12.2.1 Veitransport,EP081_840,Fjernvarme,EnergibalansenGWh,Energibalansen (GWh),2022,2022,,.
EB120201,12.2.1 Veitransport,EP081_840,Fjernvarme,EnergibalansenGWh,Energibalansen (GWh),2023,2023,,.
EB120201,12.2.1 Veitransport,EP081_840,Fjernvarme,EnergibalansenGWh,Energibalansen (GWh),2024,2024,,.
EB120201,12.2.1 Veitransport,EP081_840,Fjernvarme,EnergibalansenGWh,Energibalansen (GWh),2025,2025,,.
EB120201,12.2.1 Veitransport,EP99,Andre energiprodukter,EnergibalansenPJ,Energibalansen (PJ),1990,1990,,.
EB120201,12.2.1 Veitransport,EP99,Andre energiprodukter,EnergibalansenPJ,Energibalansen (PJ),1991,1991,,.
EB120201,12.2.1 Veitransport,EP99,Andre energiprodukter,EnergibalansenPJ,Energibalansen (PJ),1992,1992,,.
EB120201,12.2.1 Veitransport,EP99,Andre energiprodukter,EnergibalansenPJ,Energibalansen (PJ),1993,1993,,.
EB120201,12.2.1 Veitransport,EP99,Andre energiprodukter,EnergibalansenPJ,Energibalansen (PJ),1994,1994,,.
EB120201,12.2.1 Veitransport,EP99,Andre energiprodukter,EnergibalansenPJ,Energibalansen (PJ),1995,1995,,.
EB120201,12.2.1 Veitransport,EP99,Andre energiprodukter,EnergibalansenPJ,Energibalansen (PJ),1996,1996,,.
EB120201,12.2.1 Veitransport,EP99,Andre energiprodukter,EnergibalansenPJ,Energibalansen (PJ),1997,1997,,.
EB120201,12.2.1 Veitransport,EP99,Andre energiprodukter,EnergibalansenPJ,Energibalansen (PJ),1998,1998,,.
EB120201,12.2.1 Veitransport,EP99,Andre energiprodukter,EnergibalansenPJ,Energibalansen (PJ),1999,1999,,.
EB120201,12.2.1 Veitransport,EP99,Andre energiprodukter,EnergibalansenPJ,Energibalansen (PJ),2000,2000,,.
EB120201,12.2.1 Veitransport,EP99,Andre energiprodukter,EnergibalansenPJ,Energibalansen (PJ),2001,2001,,.
EB120201,12.2.1 Veitransport,EP99,Andre energiprodukter,EnergibalansenPJ,Energibalansen (PJ),2002,2002,,.
EB120201,12.2.1 Veitransport,EP99,Andre energiprodukter,EnergibalansenPJ,Energibalansen (PJ),2003,2003,,.
EB120201,12.2.1 Veitransport,EP99,Andre energiprodukter,EnergibalansenPJ,Energibalansen (PJ),2004,2004,,.
EB120201,12.2.1 Veitransport,EP99,Andre energiprodukter,EnergibalansenPJ,Energibalansen (PJ),2005,2005,,.
EB120201,12.2.1 Veitransport,EP99,Andre energiprodukter,EnergibalansenPJ,Energibalansen (PJ),2006,2006,,.
EB120201,12.2.1 Veitransport,EP99,Andre energiprodukter,EnergibalansenPJ,Energibalansen (PJ),2007,2007,,.
EB120201,12.2.1 Veitransport,EP99,Andre energiprodukter,EnergibalansenPJ,Energibalansen (PJ),2008,2008,,.
EB120201,12.2.1 Veitransport,EP99,Andre energiprodukter,EnergibalansenPJ,Energibalansen (PJ),2009,2009,,.
EB120201,12.2.1 Veitransport,EP99,Andre energiprodukter,EnergibalansenPJ,Energibalansen (PJ),2010,2010,,-
EB120201,12.2.1 Veitransport,EP99,Andre energiprodukter,EnergibalansenPJ,Energibalansen (PJ),2011,2011,,-
EB120201,12.2.1 Veitransport,EP99,Andre energiprodukter,EnergibalansenPJ,Energibalansen (PJ),2012,2012,,-
EB120201,12.2.1 Veitransport,EP99,Andre energiprodukter,EnergibalansenPJ,Energibalansen (PJ),2013,2013,,-
EB120201,12.2.1 Veitransport,EP99,Andre energiprodukter,EnergibalansenPJ,Energibalansen (PJ),2014,2014,,-
EB120201,12.2.1 Veitransport,EP99,Andre energiprodukter,EnergibalansenPJ,Energibalansen (PJ),2015,2015,,-
EB120201,12.2.1 Veitransport,EP99,Andre energiprodukter,EnergibalansenPJ,Energibalansen (PJ),2016,2016,,-
EB120201,12.2.1 Veitransport,EP99,Andre energiprodukter,EnergibalansenPJ,Energibalansen (PJ),2017,2017,,.
EB120201,12.2.1 Veitransport,EP99,Andre energiprodukter,EnergibalansenPJ,Energibalansen (PJ),2018,2018,,.
EB120201,12.2.1 Veitransport,EP99,Andre energiprodukter,EnergibalansenPJ,Energibalansen (PJ),2019,2019,,.
EB120201,12.2.1 Veitransport,EP99,Andre energiprodukter,EnergibalansenPJ,Energibalansen (PJ),2020,2020,,.
EB120201,12.2.1 Veitransport,EP99,Andre energiprodukter,EnergibalansenPJ,Energibalansen (PJ),2021,2021,,.
EB120201,12.2.1 Veitransport,EP99,Andre energiprodukter,EnergibalansenPJ,Energibalansen (PJ),2022,2022,,.
EB120201,12.2.1 Veitransport,EP99,Andre energiprodukter,EnergibalansenPJ,Energibalansen (PJ),2023,2023,,.
EB120201,12.2.1 Veitransport,EP99,Andre energiprodukter,EnergibalansenPJ,Energibalansen (PJ),2024,2024,,.
EB120201,12.2.1 Veitransport,EP99,Andre energiprodukter,EnergibalansenPJ,Energibalansen (PJ),2025,2025,,.
EB120201,12.2.1 Veitransport,EP99,Andre energiprodukter,EnergibalansenGWh,Energibalansen (GWh),1990,1990,,.
EB120201,12.2.1 Veitransport,EP99,Andre energiprodukter,EnergibalansenGWh,Energibalansen (GWh),1991,1991,,.
EB120201,12.2.1 Veitransport,EP99,Andre energiprodukter,EnergibalansenGWh,Energibalansen (GWh),1992,1992,,.
EB120201,12.2.1 Veitransport,EP99,Andre energiprodukter,EnergibalansenGWh,Energibalansen (GWh),1993,1993,,.
EB120201,12.2.1 Veitransport,EP99,Andre energiprodukter,EnergibalansenGWh,Energibalansen (GWh),1994,1994,,.
EB120201,12.2.1 Veitransport,EP99,Andre energiprodukter,EnergibalansenGWh,Energibalansen (GWh),1995,1995,,.
EB120201,12.2.1 Veitransport,EP99,Andre energiprodukter,EnergibalansenGWh,Energibalansen (GWh),1996,1996,,.
EB120201,12.2.1 Veitransport,EP99,Andre energiprodukter,EnergibalansenGWh,Energibalansen (GWh),1997,1997,,.
EB120201,12.2.1 Veitransport,EP99,Andre energiprodukter,EnergibalansenGWh,Energibalansen (GWh),1998,1998,,.
EB120201,12.2.1 Veitransport,EP99,Andre energiprodukter,EnergibalansenGWh,Energibalansen (GWh),1999,1999,,.
EB120201,12.2.1 Veitransport,EP99,Andre energiprodukter,EnergibalansenGWh,Energibalansen (GWh),2000,2000,,.
EB120201,12.2.1 Veitransport,EP99,Andre energiprodukter,EnergibalansenGWh,Energibalansen (GWh),2001,2001,,.
EB120201,12.2.1 Veitransport,EP99,Andre energiprodukter,EnergibalansenGWh,Energibalansen (GWh),2002,2002,,.
EB120201,12.2.1 Veitransport,EP99,Andre energiprodukter,EnergibalansenGWh,Energibalansen (GWh),2003,2003,,.
EB120201,12.2.1 Veitransport,EP99,Andre energiprodukter,EnergibalansenGWh,Energibalansen (GWh),2004,2004,,.
EB120201,12.2.1 Veitransport,EP99,Andre energiprodukter,EnergibalansenGWh,Energibalansen (GWh),2005,2005,,.
EB120201,12.2.1 Veitransport,EP99,Andre energiprodukter,EnergibalansenGWh,Energibalansen (GWh),2006,2006,,.
EB120201,12.2.1 Veitransport,EP99,Andre energiprodukter,EnergibalansenGWh,Energibalansen (GWh),2007,2007,,.
EB120201,12.2.1 Veitransport,EP99,Andre energiprodukter,EnergibalansenGWh,Energibalansen (GWh),2008,2008,,.
EB120201,12.2.1 Veitransport,EP99,Andre energiprodukter,EnergibalansenGWh,Energibalansen (GWh),2009,2009,,.
EB120201,12.2.1 Veitransport,EP99,Andre energiprodukter,EnergibalansenGWh,Energibalansen (GWh),2010,2010,,-
EB120201,12.2.1 Veitransport,EP99,Andre energiprodukter,EnergibalansenGWh,Energibalansen (GWh),2011,2011,,-
EB120201,12.2.1 Veitransport,EP99,Andre energiprodukter,EnergibalansenGWh,Energibalansen (GWh),2012,2012,,-
EB120201,12.2.1 Veitransport,EP99,Andre energiprodukter,EnergibalansenGWh,Energibalansen (GWh),2013,2013,,-
EB120201,12.2.1 Veitransport,EP99,Andre energiprodukter,EnergibalansenGWh,Energibalansen (GWh),2014,2014,,-
EB120201,12.2.1 Veitransport,EP99,Andre energiprodukter,EnergibalansenGWh,Energibalansen (GWh),2015,2015,,-
EB120201,12.2.1 Veitransport,EP99,Andre energiprodukter,EnergibalansenGWh,Energibalansen (GWh),2016,2016,,-
EB120201,12.2.1 Veitransport,EP99,Andre energiprodukter,EnergibalansenGWh,Energibalansen (GWh),2017,2017,,.
EB120201,12.2.1 Veitransport,EP99,Andre energiprodukter,EnergibalansenGWh,Energibalansen (GWh),2018,2018,,.
EB120201,12.2.1 Veitransport,EP99,Andre energiprodukter,EnergibalansenGWh,Energibalansen (GWh),2019,2019,,.
EB120201,12.2.1 Veitransport,EP99,Andre energiprodukter,EnergibalansenGWh,Energibalansen (GWh),2020,2020,,.
EB120201,12.2.1 Veitransport,EP99,Andre energiprodukter,EnergibalansenGWh,Energibalansen (GWh),2021,2021,,.
EB120201,12.2.1 Veitransport,EP99,Andre energiprodukter,EnergibalansenGWh,Energibalansen (GWh),2022,2022,,.
EB120201,12.2.1 Veitransport,EP99,Andre energiprodukter,EnergibalansenGWh,Energibalansen (GWh),2023,2023,,.
EB120201,12.2.1 Veitransport,EP99,Andre energiprodukter,EnergibalansenGWh,Energibalansen (GWh),2024,2024,,.
EB120201,12.2.1 Veitransport,EP99,Andre energiprodukter,EnergibalansenGWh,Energibalansen (GWh),2025,2025,,.
EB120201,12.2.1 Veitransport,EP990,Energiprodukter ikke nevnt andre steder,EnergibalansenPJ,Energibalansen (PJ),1990,1990,,.
EB120201,12.2.1 Veitransport,EP990,Energiprodukter ikke nevnt andre steder,EnergibalansenPJ,Energibalansen (PJ),1991,1991,,.
EB120201,12.2.1 Veitransport,EP990,Energiprodukter ikke nevnt andre steder,EnergibalansenPJ,Energibalansen (PJ),1992,1992,,.
EB120201,12.2.1 Veitransport,EP990,Energiprodukter ikke nevnt andre steder,EnergibalansenPJ,Energibalansen (PJ),1993,1993,,.
EB120201,12.2.1 Veitransport,EP990,Energiprodukter ikke nevnt andre steder,EnergibalansenPJ,Energibalansen (PJ),1994,1994,,.
EB120201,12.2.1 Veitransport,EP990,Energiprodukter ikke nevnt andre steder,EnergibalansenPJ,Energibalansen (PJ),1995,1995,,.
EB120201,12.2.1 Veitransport,EP990,Energiprodukter ikke nevnt andre steder,EnergibalansenPJ,Energibalansen (PJ),1996,1996,,.
EB120201,12.2.1 Veitransport,EP990,Energiprodukter ikke nevnt andre steder,EnergibalansenPJ,Energibalansen (PJ),1997,1997,,.
EB120201,12.2.1 Veitransport,EP990,Energiprodukter ikke nevnt andre steder,EnergibalansenPJ,Energibalansen (PJ),1998,1998,,.
EB120201,12.2.1 Veitransport,EP990,Energiprodukter ikke nevnt andre steder,EnergibalansenPJ,Energibalansen (PJ),1999,1999,,.
EB120201,12.2.1 Veitransport,EP990,Energiprodukter ikke nevnt andre steder,EnergibalansenPJ,Energibalansen (PJ),2000,2000,,.
EB120201,12.2.1 Veitransport,EP990,Energiprodukter ikke nevnt andre steder,EnergibalansenPJ,Energibalansen (PJ),2001,2001,,.
EB120201,12.2.1 Veitransport,EP990,Energiprodukter ikke nevnt andre steder,EnergibalansenPJ,Energibalansen (PJ),2002,2002,,.
EB120201,12.2.1 Veitransport,EP990,Energiprodukter ikke nevnt andre steder,EnergibalansenPJ,Energibalansen (PJ),2003,2003,,.
EB120201,12.2.1 Veitransport,EP990,Energiprodukter ikke nevnt andre steder,EnergibalansenPJ,Energibalansen (PJ),2004,2004,,.
EB120201,12.2.1 Veitransport,EP990,Energiprodukter ikke nevnt andre steder,EnergibalansenPJ,Energibalansen (PJ),2005,2005,,.
EB120201,12.2.1 Veitransport,EP990,Energiprodukter ikke nevnt andre steder,EnergibalansenPJ,Energibalansen (PJ),2006,2006,,.
EB120201,12.2.1 Veitransport,EP990,Energiprodukter ikke nevnt andre steder,EnergibalansenPJ,Energibalansen (PJ),2007,2007,,.
EB120201,12.2.1 Veitransport,EP990,Energiprodukter ikke nevnt andre steder,EnergibalansenPJ,Energibalansen (PJ),2008,2008,,.
EB120201,12.2.1 Veitransport,EP990,Energiprodukter ikke nevnt andre steder,EnergibalansenPJ,Energibalansen (PJ),2009,2009,,.
EB120201,12.2.1 Veitransport,EP990,Energiprodukter ikke nevnt andre steder,EnergibalansenPJ,Energibalansen (PJ),2010,2010,,-
EB120201,12.2.1 Veitransport,EP990,Energiprodukter ikke nevnt andre steder,EnergibalansenPJ,Energibalansen (PJ),2011,2011,,-
EB120201,12.2.1 Veitransport,EP990,Energiprodukter ikke nevnt andre steder,EnergibalansenPJ,Energibalansen (PJ),2012,2012,,-
EB120201,12.2.1 Veitransport,EP990,Energiprodukter ikke nevnt andre steder,EnergibalansenPJ,Energibalansen (PJ),2013,2013,,-
EB120201,12.2.1 Veitransport,EP990,Energiprodukter ikke nevnt andre steder,EnergibalansenPJ,Energibalansen (PJ),2014,2014,,-
EB120201,12.2.1 Veitransport,EP990,Energiprodukter ikke nevnt andre steder,EnergibalansenPJ,Energibalansen (PJ),2015,2015,,-
EB120201,12.2.1 Veitransport,EP990,Energiprodukter ikke nevnt andre steder,EnergibalansenPJ,Energibalansen (PJ),2016,2016,,-
EB120201,12.2.1 Veitransport,EP990,Energiprodukter ikke nevnt andre steder,EnergibalansenPJ,Energibalansen (PJ),2017,2017,,.
EB120201,12.2.1 Veitransport,EP990,Energiprodukter ikke nevnt andre steder,EnergibalansenPJ,Energibalansen (PJ),2018,2018,,.
EB120201,12.2.1 Veitransport,EP990,Energiprodukter ikke nevnt andre steder,EnergibalansenPJ,Energibalansen (PJ),2019,2019,,.
EB120201,12.2.1 Veitransport,EP990,Energiprodukter ikke nevnt andre steder,EnergibalansenPJ,Energibalansen (PJ),2020,2020,,.
EB120201,12.2.1 Veitransport,EP990,Energiprodukter ikke nevnt andre steder,EnergibalansenPJ,Energibalansen (PJ),2021,2021,,.
EB120201,12.2.1 Veitransport,EP990,Energiprodukter ikke nevnt andre steder,EnergibalansenPJ,Energibalansen (PJ),2022,2022,,.
EB120201,12.2.1 Veitransport,EP990,Energiprodukter ikke nevnt andre steder,EnergibalansenPJ,Energibalansen (PJ),2023,2023,,.
EB120201,12.2.1 Veitransport,EP990,Energiprodukter ikke nevnt andre steder,EnergibalansenPJ,Energibalansen (PJ),2024,2024,,.
EB120201,12.2.1 Veitransport,EP990,Energiprodukter ikke nevnt andre steder,EnergibalansenPJ,Energibalansen (PJ),2025,2025,,.
EB120201,12.2.1 Veitransport,EP990,Energiprodukter ikke nevnt andre steder,EnergibalansenGWh,Energibalansen (GWh),1990,1990,,.
EB120201,12.2.1 Veitransport,EP990,Energiprodukter ikke nevnt andre steder,EnergibalansenGWh,Energibalansen (GWh),1991,1991,,.
EB120201,12.2.1 Veitransport,EP990,Energiprodukter ikke nevnt andre steder,EnergibalansenGWh,Energibalansen (GWh),1992,1992,,.
EB120201,12.2.1 Veitransport,EP990,Energiprodukter ikke nevnt andre steder,EnergibalansenGWh,Energibalansen (GWh),1993,1993,,.
EB120201,12.2.1 Veitransport,EP990,Energiprodukter ikke nevnt andre steder,EnergibalansenGWh,Energibalansen (GWh),1994,1994,,.
EB120201,12.2.1 Veitransport,EP990,Energiprodukter ikke nevnt andre steder,EnergibalansenGWh,Energibalansen (GWh),1995,1995,,.
EB120201,12.2.1 Veitransport,EP990,Energiprodukter ikke nevnt andre steder,EnergibalansenGWh,Energibalansen (GWh),1996,1996,,.
EB120201,12.2.1 Veitransport,EP990,Energiprodukter ikke nevnt andre steder,EnergibalansenGWh,Energibalansen (GWh),1997,1997,,.
EB120201,12.2.1 Veitransport,EP990,Energiprodukter ikke nevnt andre steder,EnergibalansenGWh,Energibalansen (GWh),1998,1998,,.
EB120201,12.2.1 Veitransport,EP990,Energiprodukter ikke nevnt andre steder,EnergibalansenGWh,Energibalansen (GWh),1999,1999,,.
EB120201,12.2.1 Veitransport,EP990,Energiprodukter ikke nevnt andre steder,EnergibalansenGWh,Energibalansen (GWh),2000,2000,,.
EB120201,12.2.1 Veitransport,EP990,Energiprodukter ikke nevnt andre steder,EnergibalansenGWh,Energibalansen (GWh),2001,2001,,.
EB120201,12.2.1 Veitransport,EP990,Energiprodukter ikke nevnt andre steder,EnergibalansenGWh,Energibalansen (GWh),2002,2002,,.
EB120201,12.2.1 Veitransport,EP990,Energiprodukter ikke nevnt andre steder,EnergibalansenGWh,Energibalansen (GWh),2003,2003,,.
EB120201,12.2.1 Veitransport,EP990,Energiprodukter ikke nevnt andre steder,EnergibalansenGWh,Energibalansen (GWh),2004,2004,,.
EB120201,12.2.1 Veitransport,EP990,Energiprodukter ikke nevnt andre steder,EnergibalansenGWh,Energibalansen (GWh),2005,2005,,.
EB120201,12.2.1 Veitransport,EP990,Energiprodukter ikke nevnt andre steder,EnergibalansenGWh,Energibalansen (GWh),2006,2006,,.
EB120201,12.2.1 Veitransport,EP990,Energiprodukter ikke nevnt andre steder,EnergibalansenGWh,Energibalansen (GWh),2007,2007,,.
EB120201,12.2.1 Veitransport,EP990,Energiprodukter ikke nevnt andre steder,EnergibalansenGWh,Energibalansen (GWh),2008,2008,,.
EB120201,12.2.1 Veitransport,EP990,Energiprodukter ikke nevnt andre steder,EnergibalansenGWh,Energibalansen (GWh),2009,2009,,.
EB120201,12.2.1 Veitransport,EP990,Energiprodukter ikke nevnt andre steder,EnergibalansenGWh,Energibalansen (GWh),2010,2010,,-
EB120201,12.2.1 Veitransport,EP990,Energiprodukter ikke nevnt andre steder,EnergibalansenGWh,Energibalansen (GWh),2011,2011,,-
EB120201,12.2.1 Veitransport,EP990,Energiprodukter ikke nevnt andre steder,EnergibalansenGWh,Energibalansen (GWh),2012,2012,,-
EB120201,12.2.1 Veitransport,EP990,Energiprodukter ikke nevnt andre steder,EnergibalansenGWh,Energibalansen (GWh),2013,2013,,-
EB120201,12.2.1 Veitransport,EP990,Energiprodukter ikke nevnt andre steder,EnergibalansenGWh,Energibalansen (GWh),2014,2014,,-
EB120201,12.2.1 Veitransport,EP990,Energiprodukter ikke nevnt andre steder,EnergibalansenGWh,Energibalansen (GWh),2015,2015,,-
EB120201,12.2.1 Veitransport,EP990,Energiprodukter ikke nevnt andre steder,EnergibalansenGWh,Energibalansen (GWh),2016,2016,,-
EB120201,12.2.1 Veitransport,EP990,Energiprodukter ikke nevnt andre steder,EnergibalansenGWh,Energibalansen (GWh),2017,2017,,.
EB120201,12.2.1 Veitransport,EP990,Energiprodukter ikke nevnt andre steder,EnergibalansenGWh,Energibalansen (GWh),2018,2018,,.
EB120201,12.2.1 Veitransport,EP990,Energiprodukter ikke nevnt andre steder,EnergibalansenGWh,Energibalansen (GWh),2019,2019,,.
EB120201,12.2.1 Veitransport,EP990,Energiprodukter ikke nevnt andre steder,EnergibalansenGWh,Energibalansen (GWh),2020,2020,,.
EB120201,12.2.1 Veitransport,EP990,Energiprodukter ikke nevnt andre steder,EnergibalansenGWh,Energibalansen (GWh),2021,2021,,.
EB120201,12.2.1 Veitransport,EP990,Energiprodukter ikke nevnt andre steder,EnergibalansenGWh,Energibalansen (GWh),2022,2022,,.
EB120201,12.2.1 Veitransport,EP990,Energiprodukter ikke nevnt andre steder,EnergibalansenGWh,Energibalansen (GWh),2023,2023,,.
EB120201,12.2.1 Veitransport,EP990,Energiprodukter ikke nevnt andre steder,EnergibalansenGWh,Energibalansen (GWh),2024,2024,,.
EB120201,12.2.1 Veitransport,EP990,Energiprodukter ikke nevnt andre steder,EnergibalansenGWh,Energibalansen (GWh),2025,2025,,.
