Kjoretoytype,Kjoretoytype_label,DrivstoffType,DrivstoffType_label,ContentsCode,ContentsCode_label,Tid,Tid_label,value,status
0,Kjøretøy i alt,0,Alle typer drivstoff,Kjorelengde,Kjørelengde (mill. km),2005,2005,37743.6,
0,Kjøretøy i alt,0,Alle typer drivstoff,Kjorelengde,Kjørelengde (mill. km),2006,2006,39342.7,
0,Kjøretøy i alt,0,Alle typer drivstoff,Kjorelengde,Kjørelengde (mill. km),2007,2007,42366.4,
0,Kjøretøy i alt,0,Alle typer drivstoff,Kjorelengde,Kjørelengde (mill. km),2008,2008,43034.2,
0,Kjøretøy i alt,0,Alle typer drivstoff,Kjorelengde,Kjørelengde (mill. km),2009,2009,42609.7,
0,Kjøretøy i alt,0,Alle typer drivstoff,Kjorelengde,Kjørelengde (mill. km),2010,2010,42561.1,
0,Kjøretøy i alt,0,Alle typer drivstoff,Kjorelengde,Kjørelengde (mill. km),2011,2011,42903.5,
0,Kjøretøy i alt,0,Alle typer drivstoff,Kjorelengde,Kjørelengde (mill. km),2012,2012,43952.0,
0,Kjøretøy i alt,0,Alle typer drivstoff,Kjorelengde,Kjørelengde (mill. km),2013,2013,43913.1,
0,Kjøretøy i alt,0,Alle typer drivstoff,Kjorelengde,Kjørelengde (mill. km),2014,2014,43738.2,
0,Kjøretøy i alt,0,Alle typer drivstoff,Kjorelengde,Kjørelengde (mill. km),2015,2015,44118.0,
0,Kjøretøy i alt,0,Alle typer drivstoff,Kjorelengde,Kjørelengde (mill. km),2016,2016,44625.1,
0,Kjøretøy i alt,0,Alle typer drivstoff,Kjorelengde,Kjørelengde (mill. km),2017,2017,45283.4,
0,Kjøretøy i alt,0,Alle typer drivstoff,Kjorelengde,Kjørelengde (mill. km),2018,2018,45999.1,
0,Kjøretøy i alt,0,Alle typer drivstoff,Kjorelengde,Kjørelengde (mill. km),2019,2019,45562.3,
0,Kjøretøy i alt,0,Alle typer drivstoff,Kjorelengde,Kjørelengde (mill. km),2020,2020,43624.2,
0,Kjøretøy i alt,0,Alle typer drivstoff,Kjorelengde,Kjørelengde (mill. km),2021,2021,45097.2,
0,Kjøretøy i alt,0,Alle typer drivstoff,Kjorelengde,Kjørelengde (mill. km),2022,2022,45403.6,
0,Kjøretøy i alt,0,Alle typer drivstoff,Kjorelengde,Kjørelengde (mill. km),2023,2023,45699.1,
0,Kjøretøy i alt,0,Alle typer drivstoff,Kjorelengde,Kjørelengde (mill. km),2024,2024,45599.4,
0,Kjøretøy i alt,0,Alle typer drivstoff,Kjorelengde,Kjørelengde (mill. km),2025,2025,46191.7,
0,Kjøretøy i alt,0,Alle typer drivstoff,GjsnittKjorelengde,Gjennomsnittlig kjørelengde per kjøretøy (km),2005,2005,14031.0,
0,Kjøretøy i alt,0,Alle typer drivstoff,GjsnittKjorelengde,Gjennomsnittlig kjørelengde per kjøretøy (km),2006,2006,14230.0,
0,Kjøretøy i alt,0,Alle typer drivstoff,GjsnittKjorelengde,Gjennomsnittlig kjørelengde per kjøretøy (km),2007,2007,14825.0,
0,Kjøretøy i alt,0,Alle typer drivstoff,GjsnittKjorelengde,Gjennomsnittlig kjørelengde per kjøretøy (km),2008,2008,14762.0,
0,Kjøretøy i alt,0,Alle typer drivstoff,GjsnittKjorelengde,Gjennomsnittlig kjørelengde per kjøretøy (km),2009,2009,14479.0,
0,Kjøretøy i alt,0,Alle typer drivstoff,GjsnittKjorelengde,Gjennomsnittlig kjørelengde per kjøretøy (km),2010,2010,14112.0,
0,Kjøretøy i alt,0,Alle typer drivstoff,GjsnittKjorelengde,Gjennomsnittlig kjørelengde per kjøretøy (km),2011,2011,13843.0,
0,Kjøretøy i alt,0,Alle typer drivstoff,GjsnittKjorelengde,Gjennomsnittlig kjørelengde per kjøretøy (km),2012,2012,13844.0,
0,Kjøretøy i alt,0,Alle typer drivstoff,GjsnittKjorelengde,Gjennomsnittlig kjørelengde per kjøretøy (km),2013,2013,13523.0,
0,Kjøretøy i alt,0,Alle typer drivstoff,GjsnittKjorelengde,Gjennomsnittlig kjørelengde per kjøretøy (km),2014,2014,13264.0,
0,Kjøretøy i alt,0,Alle typer drivstoff,GjsnittKjorelengde,Gjennomsnittlig kjørelengde per kjøretøy (km),2015,2015,13152.0,
0,Kjøretøy i alt,0,Alle typer drivstoff,GjsnittKjorelengde,Gjennomsnittlig kjørelengde per kjøretøy (km),2016,2016,12989.0,
0,Kjøretøy i alt,0,Alle typer drivstoff,GjsnittKjorelengde,Gjennomsnittlig kjørelengde per kjøretøy (km),2017,2017,12935.0,
0,Kjøretøy i alt,0,Alle typer drivstoff,GjsnittKjorelengde,Gjennomsnittlig kjørelengde per kjøretøy (km),2018,2018,12924.0,
0,Kjøretøy i alt,0,Alle typer drivstoff,GjsnittKjorelengde,Gjennomsnittlig kjørelengde per kjøretøy (km),2019,2019,12685.0,
0,Kjøretøy i alt,0,Alle typer drivstoff,GjsnittKjorelengde,Gjennomsnittlig kjørelengde per kjøretøy (km),2020,2020,11953.0,
0,Kjøretøy i alt,0,Alle typer drivstoff,GjsnittKjorelengde,Gjennomsnittlig kjørelengde per kjøretøy (km),2021,2021,12097.0,
0,Kjøretøy i alt,0,Alle typer drivstoff,GjsnittKjorelengde,Gjennomsnittlig kjørelengde per kjøretøy (km),2022,2022,11927.0,
0,Kjøretøy i alt,0,Alle typer drivstoff,GjsnittKjorelengde,Gjennomsnittlig kjørelengde per kjøretøy (km),2023,2023,12045.0,
0,Kjøretøy i alt,0,Alle typer drivstoff,GjsnittKjorelengde,Gjennomsnittlig kjørelengde per kjøretøy (km),2024,2024,12007.0,
0,Kjøretøy i alt,0,Alle typer drivstoff,GjsnittKjorelengde,Gjennomsnittlig kjørelengde per kjøretøy (km),2025,2025,12089.0,
0,Kjøretøy i alt,1,Bensin,Kjorelengde,Kjørelengde (mill. km),2005,2005,23913.9,
0,Kjøretøy i alt,1,Bensin,Kjorelengde,Kjørelengde (mill. km),2006,2006,23360.1,
0,Kjøretøy i alt,1,Bensin,Kjorelengde,Kjørelengde (mill. km),2007,2007,22849.6,
0,Kjøretøy i alt,1,Bensin,Kjorelengde,Kjørelengde (mill. km),2008,2008,21406.9,
0,Kjøretøy i alt,1,Bensin,Kjorelengde,Kjørelengde (mill. km),2009,2009,20005.7,
0,Kjøretøy i alt,1,Bensin,Kjorelengde,Kjørelengde (mill. km),2010,2010,18680.7,
0,Kjøretøy i alt,1,Bensin,Kjorelengde,Kjørelengde (mill. km),2011,2011,17423.8,
0,Kjøretøy i alt,1,Bensin,Kjorelengde,Kjørelengde (mill. km),2012,2012,16346.6,
0,Kjøretøy i alt,1,Bensin,Kjorelengde,Kjørelengde (mill. km),2013,2013,15380.8,
0,Kjøretøy i alt,1,Bensin,Kjorelengde,Kjørelengde (mill. km),2014,2014,14427.3,
0,Kjøretøy i alt,1,Bensin,Kjorelengde,Kjørelengde (mill. km),2015,2015,13735.7,
0,Kjøretøy i alt,1,Bensin,Kjorelengde,Kjørelengde (mill. km),2016,2016,12441.9,
0,Kjøretøy i alt,1,Bensin,Kjorelengde,Kjørelengde (mill. km),2017,2017,11730.3,
0,Kjøretøy i alt,1,Bensin,Kjorelengde,Kjørelengde (mill. km),2018,2018,10930.1,
0,Kjøretøy i alt,1,Bensin,Kjorelengde,Kjørelengde (mill. km),2019,2019,9994.5,
0,Kjøretøy i alt,1,Bensin,Kjorelengde,Kjørelengde (mill. km),2020,2020,8770.1,
0,Kjøretøy i alt,1,Bensin,Kjorelengde,Kjørelengde (mill. km),2021,2021,8152.2,
0,Kjøretøy i alt,1,Bensin,Kjorelengde,Kjørelengde (mill. km),2022,2022,7317.6,
0,Kjøretøy i alt,1,Bensin,Kjorelengde,Kjørelengde (mill. km),2023,2023,6607.3,
0,Kjøretøy i alt,1,Bensin,Kjorelengde,Kjørelengde (mill. km),2024,2024,6069.1,
0,Kjøretøy i alt,1,Bensin,Kjorelengde,Kjørelengde (mill. km),2025,2025,5575.9,
0,Kjøretøy i alt,1,Bensin,GjsnittKjorelengde,Gjennomsnittlig kjørelengde per kjøretøy (km),2005,2005,12216.0,
0,Kjøretøy i alt,1,Bensin,GjsnittKjorelengde,Gjennomsnittlig kjørelengde per kjøretøy (km),2006,2006,12132.0,
0,Kjøretøy i alt,1,Bensin,GjsnittKjorelengde,Gjennomsnittlig kjørelengde per kjøretøy (km),2007,2007,12265.0,
0,Kjøretøy i alt,1,Bensin,GjsnittKjorelengde,Gjennomsnittlig kjørelengde per kjøretøy (km),2008,2008,11885.0,
0,Kjøretøy i alt,1,Bensin,GjsnittKjorelengde,Gjennomsnittlig kjørelengde per kjøretøy (km),2009,2009,11514.0,
0,Kjøretøy i alt,1,Bensin,GjsnittKjorelengde,Gjennomsnittlig kjørelengde per kjøretøy (km),2010,2010,11092.0,
0,Kjøretøy i alt,1,Bensin,GjsnittKjorelengde,Gjennomsnittlig kjørelengde per kjøretøy (km),2011,2011,10708.0,
0,Kjøretøy i alt,1,Bensin,GjsnittKjorelengde,Gjennomsnittlig kjørelengde per kjøretøy (km),2012,2012,10339.0,
0,Kjøretøy i alt,1,Bensin,GjsnittKjorelengde,Gjennomsnittlig kjørelengde per kjøretøy (km),2013,2013,9959.0,
0,Kjøretøy i alt,1,Bensin,GjsnittKjorelengde,Gjennomsnittlig kjørelengde per kjøretøy (km),2014,2014,9659.0,
0,Kjøretøy i alt,1,Bensin,GjsnittKjorelengde,Gjennomsnittlig kjørelengde per kjøretøy (km),2015,2015,9463.0,
0,Kjøretøy i alt,1,Bensin,GjsnittKjorelengde,Gjennomsnittlig kjørelengde per kjøretøy (km),2016,2016,9267.0,
0,Kjøretøy i alt,1,Bensin,GjsnittKjorelengde,Gjennomsnittlig kjørelengde per kjøretøy (km),2017,2017,9161.0,
0,Kjøretøy i alt,1,Bensin,GjsnittKjorelengde,Gjennomsnittlig kjørelengde per kjøretøy (km),2018,2018,8995.0,
0,Kjøretøy i alt,1,Bensin,GjsnittKjorelengde,Gjennomsnittlig kjørelengde per kjøretøy (km),2019,2019,8776.0,
0,Kjøretøy i alt,1,Bensin,GjsnittKjorelengde,Gjennomsnittlig kjørelengde per kjøretøy (km),2020,2020,8127.0,
0,Kjøretøy i alt,1,Bensin,GjsnittKjorelengde,Gjennomsnittlig kjørelengde per kjøretøy (km),2021,2021,8092.0,
0,Kjøretøy i alt,1,Bensin,GjsnittKjorelengde,Gjennomsnittlig kjørelengde per kjøretøy (km),2022,2022,7743.0,
0,Kjøretøy i alt,1,Bensin,GjsnittKjorelengde,Gjennomsnittlig kjørelengde per kjøretøy (km),2023,2023,7546.0,
0,Kjøretøy i alt,1,Bensin,GjsnittKjorelengde,Gjennomsnittlig kjørelengde per kjøretøy (km),2024,2024,7401.0,
0,Kjøretøy i alt,1,Bensin,GjsnittKjorelengde,Gjennomsnittlig kjørelengde per kjøretøy (km),2025,2025,7613.0,
0,Kjøretøy i alt,2,Diesel,Kjorelengde,Kjørelengde (mill. km),2005,2005,13812.9,
0,Kjøretøy i alt,2,Diesel,Kjorelengde,Kjørelengde (mill. km),2006,2006,15962.2,
0,Kjøretøy i alt,2,Diesel,Kjorelengde,Kjørelengde (mill. km),2007,2007,19494.7,
0,Kjøretøy i alt,2,Diesel,Kjorelengde,Kjørelengde (mill. km),2008,2008,21601.9,
0,Kjøretøy i alt,2,Diesel,Kjorelengde,Kjørelengde (mill. km),2009,2009,22573.2,
0,Kjøretøy i alt,2,Diesel,Kjorelengde,Kjørelengde (mill. km),2010,2010,23847.2,
0,Kjøretøy i alt,2,Diesel,Kjorelengde,Kjørelengde (mill. km),2011,2011,25428.0,
0,Kjøretøy i alt,2,Diesel,Kjorelengde,Kjørelengde (mill. km),2012,2012,27505.6,
0,Kjøretøy i alt,2,Diesel,Kjorelengde,Kjørelengde (mill. km),2013,2013,28370.1,
0,Kjøretøy i alt,2,Diesel,Kjorelengde,Kjørelengde (mill. km),2014,2014,28942.3,
0,Kjøretøy i alt,2,Diesel,Kjorelengde,Kjørelengde (mill. km),2015,2015,29515.1,
0,Kjøretøy i alt,2,Diesel,Kjorelengde,Kjørelengde (mill. km),2016,2016,29858.8,
0,Kjøretøy i alt,2,Diesel,Kjorelengde,Kjørelengde (mill. km),2017,2017,29999.6,
0,Kjøretøy i alt,2,Diesel,Kjorelengde,Kjørelengde (mill. km),2018,2018,29817.8,
0,Kjøretøy i alt,2,Diesel,Kjorelengde,Kjørelengde (mill. km),2019,2019,28893.2,
0,Kjøretøy i alt,2,Diesel,Kjorelengde,Kjørelengde (mill. km),2020,2020,26800.1,
0,Kjøretøy i alt,2,Diesel,Kjorelengde,Kjørelengde (mill. km),2021,2021,26342.8,
0,Kjøretøy i alt,2,Diesel,Kjorelengde,Kjørelengde (mill. km),2022,2022,24925.1,
0,Kjøretøy i alt,2,Diesel,Kjorelengde,Kjørelengde (mill. km),2023,2023,23552.7,
0,Kjøretøy i alt,2,Diesel,Kjorelengde,Kjørelengde (mill. km),2024,2024,22522.2,
0,Kjøretøy i alt,2,Diesel,Kjorelengde,Kjørelengde (mill. km),2025,2025,21252.5,
0,Kjøretøy i alt,2,Diesel,GjsnittKjorelengde,Gjennomsnittlig kjørelengde per kjøretøy (km),2005,2005,18895.0,
0,Kjøretøy i alt,2,Diesel,GjsnittKjorelengde,Gjennomsnittlig kjørelengde per kjøretøy (km),2006,2006,19062.0,
0,Kjøretøy i alt,2,Diesel,GjsnittKjorelengde,Gjennomsnittlig kjørelengde per kjøretøy (km),2007,2007,19637.0,
0,Kjøretøy i alt,2,Diesel,GjsnittKjorelengde,Gjennomsnittlig kjørelengde per kjøretøy (km),2008,2008,19430.0,
0,Kjøretøy i alt,2,Diesel,GjsnittKjorelengde,Gjennomsnittlig kjørelengde per kjøretøy (km),2009,2009,18766.0,
0,Kjøretøy i alt,2,Diesel,GjsnittKjorelengde,Gjennomsnittlig kjørelengde per kjøretøy (km),2010,2010,17948.0,
0,Kjøretøy i alt,2,Diesel,GjsnittKjorelengde,Gjennomsnittlig kjørelengde per kjøretøy (km),2011,2011,17336.0,
0,Kjøretøy i alt,2,Diesel,GjsnittKjorelengde,Gjennomsnittlig kjørelengde per kjøretøy (km),2012,2012,17368.0,
0,Kjøretøy i alt,2,Diesel,GjsnittKjorelengde,Gjennomsnittlig kjørelengde per kjøretøy (km),2013,2013,16879.0,
0,Kjøretøy i alt,2,Diesel,GjsnittKjorelengde,Gjennomsnittlig kjørelengde per kjøretøy (km),2014,2014,16434.0,
0,Kjøretøy i alt,2,Diesel,GjsnittKjorelengde,Gjennomsnittlig kjørelengde per kjøretøy (km),2015,2015,16139.0,
0,Kjøretøy i alt,2,Diesel,GjsnittKjorelengde,Gjennomsnittlig kjørelengde per kjøretøy (km),2016,2016,15738.0,
0,Kjøretøy i alt,2,Diesel,GjsnittKjorelengde,Gjennomsnittlig kjørelengde per kjøretøy (km),2017,2017,15563.0,
0,Kjøretøy i alt,2,Diesel,GjsnittKjorelengde,Gjennomsnittlig kjørelengde per kjøretøy (km),2018,2018,15332.0,
0,Kjøretøy i alt,2,Diesel,GjsnittKjorelengde,Gjennomsnittlig kjørelengde per kjøretøy (km),2019,2019,14862.0,
0,Kjøretøy i alt,2,Diesel,GjsnittKjorelengde,Gjennomsnittlig kjørelengde per kjøretøy (km),2020,2020,13871.0,
0,Kjøretøy i alt,2,Diesel,GjsnittKjorelengde,Gjennomsnittlig kjørelengde per kjøretøy (km),2021,2021,13870.0,
0,Kjøretøy i alt,2,Diesel,GjsnittKjorelengde,Gjennomsnittlig kjørelengde per kjøretøy (km),2022,2022,13442.0,
0,Kjøretøy i alt,2,Diesel,GjsnittKjorelengde,Gjennomsnittlig kjørelengde per kjøretøy (km),2023,2023,13191.0,
0,Kjøretøy i alt,2,Diesel,GjsnittKjorelengde,Gjennomsnittlig kjørelengde per kjøretøy (km),2024,2024,13077.0,
0,Kjøretøy i alt,2,Diesel,GjsnittKjorelengde,Gjennomsnittlig kjørelengde per kjøretøy (km),2025,2025,12868.0,
0,Kjøretøy i alt,18,Elektrisitet,Kjorelengde,Kjørelengde (mill. km),2005,2005,10.5,
0,Kjøretøy i alt,18,Elektrisitet,Kjorelengde,Kjørelengde (mill. km),2006,2006,11.8,
0,Kjøretøy i alt,18,Elektrisitet,Kjorelengde,Kjørelengde (mill. km),2007,2007,12.0,
0,Kjøretøy i alt,18,Elektrisitet,Kjorelengde,Kjørelengde (mill. km),2008,2008,12.5,
0,Kjøretøy i alt,18,Elektrisitet,Kjorelengde,Kjørelengde (mill. km),2009,2009,15.9,
0,Kjøretøy i alt,18,Elektrisitet,Kjorelengde,Kjørelengde (mill. km),2010,2010,15.7,
0,Kjøretøy i alt,18,Elektrisitet,Kjorelengde,Kjørelengde (mill. km),2011,2011,27.2,
0,Kjøretøy i alt,18,Elektrisitet,Kjorelengde,Kjørelengde (mill. km),2012,2012,64.3,
0,Kjøretøy i alt,18,Elektrisitet,Kjorelengde,Kjørelengde (mill. km),2013,2013,106.6,
0,Kjøretøy i alt,18,Elektrisitet,Kjorelengde,Kjørelengde (mill. km),2014,2014,313.0,
0,Kjøretøy i alt,18,Elektrisitet,Kjorelengde,Kjørelengde (mill. km),2015,2015,804.2,
0,Kjøretøy i alt,18,Elektrisitet,Kjorelengde,Kjørelengde (mill. km),2016,2016,1182.9,
0,Kjøretøy i alt,18,Elektrisitet,Kjorelengde,Kjørelengde (mill. km),2017,2017,1682.0,
0,Kjøretøy i alt,18,Elektrisitet,Kjorelengde,Kjørelengde (mill. km),2018,2018,2449.8,
0,Kjøretøy i alt,18,Elektrisitet,Kjorelengde,Kjørelengde (mill. km),2019,2019,3399.8,
0,Kjøretøy i alt,18,Elektrisitet,Kjorelengde,Kjørelengde (mill. km),2020,2020,4306.0,
0,Kjøretøy i alt,18,Elektrisitet,Kjorelengde,Kjørelengde (mill. km),2021,2021,6128.0,
0,Kjøretøy i alt,18,Elektrisitet,Kjorelengde,Kjørelengde (mill. km),2022,2022,8242.3,
0,Kjøretøy i alt,18,Elektrisitet,Kjorelengde,Kjørelengde (mill. km),2023,2023,10304.3,
0,Kjøretøy i alt,18,Elektrisitet,Kjorelengde,Kjørelengde (mill. km),2024,2024,11607.8,
0,Kjøretøy i alt,18,Elektrisitet,Kjorelengde,Kjørelengde (mill. km),2025,2025,13943.1,
0,Kjøretøy i alt,18,Elektrisitet,GjsnittKjorelengde,Gjennomsnittlig kjørelengde per kjøretøy (km),2005,2005,7806.0,
0,Kjøretøy i alt,18,Elektrisitet,GjsnittKjorelengde,Gjennomsnittlig kjørelengde per kjøretøy (km),2006,2006,7649.0,
0,Kjøretøy i alt,18,Elektrisitet,GjsnittKjorelengde,Gjennomsnittlig kjørelengde per kjøretøy (km),2007,2007,7462.0,
0,Kjøretøy i alt,18,Elektrisitet,GjsnittKjorelengde,Gjennomsnittlig kjørelengde per kjøretøy (km),2008,2008,6824.0,
0,Kjøretøy i alt,18,Elektrisitet,GjsnittKjorelengde,Gjennomsnittlig kjørelengde per kjøretøy (km),2009,2009,8029.0,
0,Kjøretøy i alt,18,Elektrisitet,GjsnittKjorelengde,Gjennomsnittlig kjørelengde per kjøretøy (km),2010,2010,6911.0,
0,Kjøretøy i alt,18,Elektrisitet,GjsnittKjorelengde,Gjennomsnittlig kjørelengde per kjøretøy (km),2011,2011,6411.0,
0,Kjøretøy i alt,18,Elektrisitet,GjsnittKjorelengde,Gjennomsnittlig kjørelengde per kjøretøy (km),2012,2012,7645.0,
0,Kjøretøy i alt,18,Elektrisitet,GjsnittKjorelengde,Gjennomsnittlig kjørelengde per kjøretøy (km),2013,2013,5721.0,
0,Kjøretøy i alt,18,Elektrisitet,GjsnittKjorelengde,Gjennomsnittlig kjørelengde per kjøretøy (km),2014,2014,7800.0,
0,Kjøretøy i alt,18,Elektrisitet,GjsnittKjorelengde,Gjennomsnittlig kjørelengde per kjøretøy (km),2015,2015,11234.0,
0,Kjøretøy i alt,18,Elektrisitet,GjsnittKjorelengde,Gjennomsnittlig kjørelengde per kjøretøy (km),2016,2016,11678.0,
0,Kjøretøy i alt,18,Elektrisitet,GjsnittKjorelengde,Gjennomsnittlig kjørelengde per kjøretøy (km),2017,2017,11731.0,
0,Kjøretøy i alt,18,Elektrisitet,GjsnittKjorelengde,Gjennomsnittlig kjørelengde per kjøretøy (km),2018,2018,12077.0,
0,Kjøretøy i alt,18,Elektrisitet,GjsnittKjorelengde,Gjennomsnittlig kjørelengde per kjøretøy (km),2019,2019,12525.0,
0,Kjøretøy i alt,18,Elektrisitet,GjsnittKjorelengde,Gjennomsnittlig kjørelengde per kjøretøy (km),2020,2020,12111.0,
0,Kjøretøy i alt,18,Elektrisitet,GjsnittKjorelengde,Gjennomsnittlig kjørelengde per kjøretøy (km),2021,2021,12668.0,
0,Kjøretøy i alt,18,Elektrisitet,GjsnittKjorelengde,Gjennomsnittlig kjørelengde per kjøretøy (km),2022,2022,12862.0,
0,Kjøretøy i alt,18,Elektrisitet,GjsnittKjorelengde,Gjennomsnittlig kjørelengde per kjøretøy (km),2023,2023,13770.0,
0,Kjøretøy i alt,18,Elektrisitet,GjsnittKjorelengde,Gjennomsnittlig kjørelengde per kjøretøy (km),2024,2024,13478.0,
0,Kjøretøy i alt,18,Elektrisitet,GjsnittKjorelengde,Gjennomsnittlig kjørelengde per kjøretøy (km),2025,2025,13412.0,
0,Kjøretøy i alt,14,"Bensin hybrid, ladbar",Kjorelengde,Kjørelengde (mill. km),2005,2005,,.
0,Kjøretøy i alt,14,"Bensin hybrid, ladbar",Kjorelengde,Kjørelengde (mill. km),2006,2006,,.
0,Kjøretøy i alt,14,"Bensin hybrid, ladbar",Kjorelengde,Kjørelengde (mill. km),2007,2007,,.
0,Kjøretøy i alt,14,"Bensin hybrid, ladbar",Kjorelengde,Kjørelengde (mill. km),2008,2008,,.
0,Kjøretøy i alt,14,"Bensin hybrid, ladbar",Kjorelengde,Kjørelengde (mill. km),2009,2009,,.
0,Kjøretøy i alt,14,"Bensin hybrid, ladbar",Kjorelengde,Kjørelengde (mill. km),2010,2010,,.
0,Kjøretøy i alt,14,"Bensin hybrid, ladbar",Kjorelengde,Kjørelengde (mill. km),2011,2011,,.
0,Kjøretøy i alt,14,"Bensin hybrid, ladbar",Kjorelengde,Kjørelengde (mill. km),2012,2012,,.
0,Kjøretøy i alt,14,"Bensin hybrid, ladbar",Kjorelengde,Kjørelengde (mill. km),2013,2013,,.
0,Kjøretøy i alt,14,"Bensin hybrid, ladbar",Kjorelengde,Kjørelengde (mill. km),2014,2014,,.
0,Kjøretøy i alt,14,"Bensin hybrid, ladbar",Kjorelengde,Kjørelengde (mill. km),2015,2015,,.
0,Kjøretøy i alt,14,"Bensin hybrid, ladbar",Kjorelengde,Kjørelengde (mill. km),2016,2016,314.0,
0,Kjøretøy i alt,14,"Bensin hybrid, ladbar",Kjorelengde,Kjørelengde (mill. km),2017,2017,721.2,
0,Kjøretøy i alt,14,"Bensin hybrid, ladbar",Kjorelengde,Kjørelengde (mill. km),2018,2018,1312.6,
0,Kjøretøy i alt,14,"Bensin hybrid, ladbar",Kjorelengde,Kjørelengde (mill. km),2019,2019,1578.9,
0,Kjøretøy i alt,14,"Bensin hybrid, ladbar",Kjorelengde,Kjørelengde (mill. km),2020,2020,1890.8,
0,Kjøretøy i alt,14,"Bensin hybrid, ladbar",Kjorelengde,Kjørelengde (mill. km),2021,2021,2404.5,
0,Kjøretøy i alt,14,"Bensin hybrid, ladbar",Kjorelengde,Kjørelengde (mill. km),2022,2022,2711.0,
0,Kjøretøy i alt,14,"Bensin hybrid, ladbar",Kjorelengde,Kjørelengde (mill. km),2023,2023,2891.6,
0,Kjøretøy i alt,14,"Bensin hybrid, ladbar",Kjorelengde,Kjørelengde (mill. km),2024,2024,2986.1,
0,Kjøretøy i alt,14,"Bensin hybrid, ladbar",Kjorelengde,Kjørelengde (mill. km),2025,2025,2984.8,
0,Kjøretøy i alt,14,"Bensin hybrid, ladbar",GjsnittKjorelengde,Gjennomsnittlig kjørelengde per kjøretøy (km),2005,2005,,.
0,Kjøretøy i alt,14,"Bensin hybrid, ladbar",GjsnittKjorelengde,Gjennomsnittlig kjørelengde per kjøretøy (km),2006,2006,,.
0,Kjøretøy i alt,14,"Bensin hybrid, ladbar",GjsnittKjorelengde,Gjennomsnittlig kjørelengde per kjøretøy (km),2007,2007,,.
0,Kjøretøy i alt,14,"Bensin hybrid, ladbar",GjsnittKjorelengde,Gjennomsnittlig kjørelengde per kjøretøy (km),2008,2008,,.
0,Kjøretøy i alt,14,"Bensin hybrid, ladbar",GjsnittKjorelengde,Gjennomsnittlig kjørelengde per kjøretøy (km),2009,2009,,.
0,Kjøretøy i alt,14,"Bensin hybrid, ladbar",GjsnittKjorelengde,Gjennomsnittlig kjørelengde per kjøretøy (km),2010,2010,,.
0,Kjøretøy i alt,14,"Bensin hybrid, ladbar",GjsnittKjorelengde,Gjennomsnittlig kjørelengde per kjøretøy (km),2011,2011,,.
0,Kjøretøy i alt,14,"Bensin hybrid, ladbar",GjsnittKjorelengde,Gjennomsnittlig kjørelengde per kjøretøy (km),2012,2012,,.
0,Kjøretøy i alt,14,"Bensin hybrid, ladbar",GjsnittKjorelengde,Gjennomsnittlig kjørelengde per kjøretøy (km),2013,2013,,.
0,Kjøretøy i alt,14,"Bensin hybrid, ladbar",GjsnittKjorelengde,Gjennomsnittlig kjørelengde per kjøretøy (km),2014,2014,,.
0,Kjøretøy i alt,14,"Bensin hybrid, ladbar",GjsnittKjorelengde,Gjennomsnittlig kjørelengde per kjøretøy (km),2015,2015,,.
0,Kjøretøy i alt,14,"Bensin hybrid, ladbar",GjsnittKjorelengde,Gjennomsnittlig kjørelengde per kjøretøy (km),2016,2016,9652.0,
0,Kjøretøy i alt,14,"Bensin hybrid, ladbar",GjsnittKjorelengde,Gjennomsnittlig kjørelengde per kjøretøy (km),2017,2017,11376.0,
0,Kjøretøy i alt,14,"Bensin hybrid, ladbar",GjsnittKjorelengde,Gjennomsnittlig kjørelengde per kjøretøy (km),2018,2018,14352.0,
0,Kjøretøy i alt,14,"Bensin hybrid, ladbar",GjsnittKjorelengde,Gjennomsnittlig kjørelengde per kjøretøy (km),2019,2019,14075.0,
0,Kjøretøy i alt,14,"Bensin hybrid, ladbar",GjsnittKjorelengde,Gjennomsnittlig kjørelengde per kjøretøy (km),2020,2020,13402.0,
0,Kjøretøy i alt,14,"Bensin hybrid, ladbar",GjsnittKjorelengde,Gjennomsnittlig kjørelengde per kjøretøy (km),2021,2021,13371.0,
0,Kjøretøy i alt,14,"Bensin hybrid, ladbar",GjsnittKjorelengde,Gjennomsnittlig kjørelengde per kjøretøy (km),2022,2022,13864.0,
0,Kjøretøy i alt,14,"Bensin hybrid, ladbar",GjsnittKjorelengde,Gjennomsnittlig kjørelengde per kjøretøy (km),2023,2023,14119.0,
0,Kjøretøy i alt,14,"Bensin hybrid, ladbar",GjsnittKjorelengde,Gjennomsnittlig kjørelengde per kjøretøy (km),2024,2024,14388.0,
0,Kjøretøy i alt,14,"Bensin hybrid, ladbar",GjsnittKjorelengde,Gjennomsnittlig kjørelengde per kjøretøy (km),2025,2025,14272.0,
0,Kjøretøy i alt,15,"Bensin hybrid, ikke ladbar",Kjorelengde,Kjørelengde (mill. km),2005,2005,,.
0,Kjøretøy i alt,15,"Bensin hybrid, ikke ladbar",Kjorelengde,Kjørelengde (mill. km),2006,2006,,.
0,Kjøretøy i alt,15,"Bensin hybrid, ikke ladbar",Kjorelengde,Kjørelengde (mill. km),2007,2007,,.
0,Kjøretøy i alt,15,"Bensin hybrid, ikke ladbar",Kjorelengde,Kjørelengde (mill. km),2008,2008,,.
0,Kjøretøy i alt,15,"Bensin hybrid, ikke ladbar",Kjorelengde,Kjørelengde (mill. km),2009,2009,,.
0,Kjøretøy i alt,15,"Bensin hybrid, ikke ladbar",Kjorelengde,Kjørelengde (mill. km),2010,2010,,.
0,Kjøretøy i alt,15,"Bensin hybrid, ikke ladbar",Kjorelengde,Kjørelengde (mill. km),2011,2011,,.
0,Kjøretøy i alt,15,"Bensin hybrid, ikke ladbar",Kjorelengde,Kjørelengde (mill. km),2012,2012,,.
0,Kjøretøy i alt,15,"Bensin hybrid, ikke ladbar",Kjorelengde,Kjørelengde (mill. km),2013,2013,,.
0,Kjøretøy i alt,15,"Bensin hybrid, ikke ladbar",Kjorelengde,Kjørelengde (mill. km),2014,2014,,.
0,Kjøretøy i alt,15,"Bensin hybrid, ikke ladbar",Kjorelengde,Kjørelengde (mill. km),2015,2015,,.
0,Kjøretøy i alt,15,"Bensin hybrid, ikke ladbar",Kjorelengde,Kjørelengde (mill. km),2016,2016,718.2,
0,Kjøretøy i alt,15,"Bensin hybrid, ikke ladbar",Kjorelengde,Kjørelengde (mill. km),2017,2017,1000.4,
0,Kjøretøy i alt,15,"Bensin hybrid, ikke ladbar",Kjorelengde,Kjørelengde (mill. km),2018,2018,1284.5,
0,Kjøretøy i alt,15,"Bensin hybrid, ikke ladbar",Kjorelengde,Kjørelengde (mill. km),2019,2019,1459.6,
0,Kjøretøy i alt,15,"Bensin hybrid, ikke ladbar",Kjorelengde,Kjørelengde (mill. km),2020,2020,1588.7,
0,Kjøretøy i alt,15,"Bensin hybrid, ikke ladbar",Kjorelengde,Kjørelengde (mill. km),2021,2021,1750.5,
0,Kjøretøy i alt,15,"Bensin hybrid, ikke ladbar",Kjorelengde,Kjørelengde (mill. km),2022,2022,1849.0,
0,Kjøretøy i alt,15,"Bensin hybrid, ikke ladbar",Kjorelengde,Kjørelengde (mill. km),2023,2023,1948.7,
0,Kjøretøy i alt,15,"Bensin hybrid, ikke ladbar",Kjorelengde,Kjørelengde (mill. km),2024,2024,1973.7,
0,Kjøretøy i alt,15,"Bensin hybrid, ikke ladbar",Kjorelengde,Kjørelengde (mill. km),2025,2025,1946.7,
0,Kjøretøy i alt,15,"Bensin hybrid, ikke ladbar",GjsnittKjorelengde,Gjennomsnittlig kjørelengde per kjøretøy (km),2005,2005,,.
0,Kjøretøy i alt,15,"Bensin hybrid, ikke ladbar",GjsnittKjorelengde,Gjennomsnittlig kjørelengde per kjøretøy (km),2006,2006,,.
0,Kjøretøy i alt,15,"Bensin hybrid, ikke ladbar",GjsnittKjorelengde,Gjennomsnittlig kjørelengde per kjøretøy (km),2007,2007,,.
0,Kjøretøy i alt,15,"Bensin hybrid, ikke ladbar",GjsnittKjorelengde,Gjennomsnittlig kjørelengde per kjøretøy (km),2008,2008,,.
0,Kjøretøy i alt,15,"Bensin hybrid, ikke ladbar",GjsnittKjorelengde,Gjennomsnittlig kjørelengde per kjøretøy (km),2009,2009,,.
0,Kjøretøy i alt,15,"Bensin hybrid, ikke ladbar",GjsnittKjorelengde,Gjennomsnittlig kjørelengde per kjøretøy (km),2010,2010,,.
0,Kjøretøy i alt,15,"Bensin hybrid, ikke ladbar",GjsnittKjorelengde,Gjennomsnittlig kjørelengde per kjøretøy (km),2011,2011,,.
0,Kjøretøy i alt,15,"Bensin hybrid, ikke ladbar",GjsnittKjorelengde,Gjennomsnittlig kjørelengde per kjøretøy (km),2012,2012,,.
0,Kjøretøy i alt,15,"Bensin hybrid, ikke ladbar",GjsnittKjorelengde,Gjennomsnittlig kjørelengde per kjøretøy (km),2013,2013,,.
0,Kjøretøy i alt,15,"Bensin hybrid, ikke ladbar",GjsnittKjorelengde,Gjennomsnittlig kjørelengde per kjøretøy (km),2014,2014,,.
0,Kjøretøy i alt,15,"Bensin hybrid, ikke ladbar",GjsnittKjorelengde,Gjennomsnittlig kjørelengde per kjøretøy (km),2015,2015,,.
0,Kjøretøy i alt,15,"Bensin hybrid, ikke ladbar",GjsnittKjorelengde,Gjennomsnittlig kjørelengde per kjøretøy (km),2016,2016,12612.0,
0,Kjøretøy i alt,15,"Bensin hybrid, ikke ladbar",GjsnittKjorelengde,Gjennomsnittlig kjørelengde per kjøretøy (km),2017,2017,12834.0,
0,Kjøretøy i alt,15,"Bensin hybrid, ikke ladbar",GjsnittKjorelengde,Gjennomsnittlig kjørelengde per kjøretøy (km),2018,2018,13571.0,
0,Kjøretøy i alt,15,"Bensin hybrid, ikke ladbar",GjsnittKjorelengde,Gjennomsnittlig kjørelengde per kjøretøy (km),2019,2019,12892.0,
0,Kjøretøy i alt,15,"Bensin hybrid, ikke ladbar",GjsnittKjorelengde,Gjennomsnittlig kjørelengde per kjøretøy (km),2020,2020,12501.0,
0,Kjøretøy i alt,15,"Bensin hybrid, ikke ladbar",GjsnittKjorelengde,Gjennomsnittlig kjørelengde per kjøretøy (km),2021,2021,12480.0,
0,Kjøretøy i alt,15,"Bensin hybrid, ikke ladbar",GjsnittKjorelengde,Gjennomsnittlig kjørelengde per kjøretøy (km),2022,2022,12161.0,
0,Kjøretøy i alt,15,"Bensin hybrid, ikke ladbar",GjsnittKjorelengde,Gjennomsnittlig kjørelengde per kjøretøy (km),2023,2023,12267.0,
0,Kjøretøy i alt,15,"Bensin hybrid, ikke ladbar",GjsnittKjorelengde,Gjennomsnittlig kjørelengde per kjøretøy (km),2024,2024,11989.0,
0,Kjøretøy i alt,15,"Bensin hybrid, ikke ladbar",GjsnittKjorelengde,Gjennomsnittlig kjørelengde per kjøretøy (km),2025,2025,11805.0,
0,Kjøretøy i alt,16,"Diesel hybrid, ladbar",Kjorelengde,Kjørelengde (mill. km),2005,2005,,.
0,Kjøretøy i alt,16,"Diesel hybrid, ladbar",Kjorelengde,Kjørelengde (mill. km),2006,2006,,.
0,Kjøretøy i alt,16,"Diesel hybrid, ladbar",Kjorelengde,Kjørelengde (mill. km),2007,2007,,.
0,Kjøretøy i alt,16,"Diesel hybrid, ladbar",Kjorelengde,Kjørelengde (mill. km),2008,2008,,.
0,Kjøretøy i alt,16,"Diesel hybrid, ladbar",Kjorelengde,Kjørelengde (mill. km),2009,2009,,.
0,Kjøretøy i alt,16,"Diesel hybrid, ladbar",Kjorelengde,Kjørelengde (mill. km),2010,2010,,.
0,Kjøretøy i alt,16,"Diesel hybrid, ladbar",Kjorelengde,Kjørelengde (mill. km),2011,2011,,.
0,Kjøretøy i alt,16,"Diesel hybrid, ladbar",Kjorelengde,Kjørelengde (mill. km),2012,2012,,.
0,Kjøretøy i alt,16,"Diesel hybrid, ladbar",Kjorelengde,Kjørelengde (mill. km),2013,2013,,.
0,Kjøretøy i alt,16,"Diesel hybrid, ladbar",Kjorelengde,Kjørelengde (mill. km),2014,2014,,.
0,Kjøretøy i alt,16,"Diesel hybrid, ladbar",Kjorelengde,Kjørelengde (mill. km),2015,2015,,.
0,Kjøretøy i alt,16,"Diesel hybrid, ladbar",Kjorelengde,Kjørelengde (mill. km),2016,2016,30.9,
0,Kjøretøy i alt,16,"Diesel hybrid, ladbar",Kjorelengde,Kjørelengde (mill. km),2017,2017,63.8,
0,Kjøretøy i alt,16,"Diesel hybrid, ladbar",Kjorelengde,Kjørelengde (mill. km),2018,2018,103.1,
0,Kjøretøy i alt,16,"Diesel hybrid, ladbar",Kjorelengde,Kjørelengde (mill. km),2019,2019,126.7,
0,Kjøretøy i alt,16,"Diesel hybrid, ladbar",Kjorelengde,Kjørelengde (mill. km),2020,2020,148.7,
0,Kjøretøy i alt,16,"Diesel hybrid, ladbar",Kjorelengde,Kjørelengde (mill. km),2021,2021,178.6,
0,Kjøretøy i alt,16,"Diesel hybrid, ladbar",Kjorelengde,Kjørelengde (mill. km),2022,2022,197.4,
0,Kjøretøy i alt,16,"Diesel hybrid, ladbar",Kjorelengde,Kjørelengde (mill. km),2023,2023,204.9,
0,Kjøretøy i alt,16,"Diesel hybrid, ladbar",Kjorelengde,Kjørelengde (mill. km),2024,2024,201.8,
0,Kjøretøy i alt,16,"Diesel hybrid, ladbar",Kjorelengde,Kjørelengde (mill. km),2025,2025,196.4,
0,Kjøretøy i alt,16,"Diesel hybrid, ladbar",GjsnittKjorelengde,Gjennomsnittlig kjørelengde per kjøretøy (km),2005,2005,,.
0,Kjøretøy i alt,16,"Diesel hybrid, ladbar",GjsnittKjorelengde,Gjennomsnittlig kjørelengde per kjøretøy (km),2006,2006,,.
0,Kjøretøy i alt,16,"Diesel hybrid, ladbar",GjsnittKjorelengde,Gjennomsnittlig kjørelengde per kjøretøy (km),2007,2007,,.
0,Kjøretøy i alt,16,"Diesel hybrid, ladbar",GjsnittKjorelengde,Gjennomsnittlig kjørelengde per kjøretøy (km),2008,2008,,.
0,Kjøretøy i alt,16,"Diesel hybrid, ladbar",GjsnittKjorelengde,Gjennomsnittlig kjørelengde per kjøretøy (km),2009,2009,,.
0,Kjøretøy i alt,16,"Diesel hybrid, ladbar",GjsnittKjorelengde,Gjennomsnittlig kjørelengde per kjøretøy (km),2010,2010,,.
0,Kjøretøy i alt,16,"Diesel hybrid, ladbar",GjsnittKjorelengde,Gjennomsnittlig kjørelengde per kjøretøy (km),2011,2011,,.
0,Kjøretøy i alt,16,"Diesel hybrid, ladbar",GjsnittKjorelengde,Gjennomsnittlig kjørelengde per kjøretøy (km),2012,2012,,.
0,Kjøretøy i alt,16,"Diesel hybrid, ladbar",GjsnittKjorelengde,Gjennomsnittlig kjørelengde per kjøretøy (km),2013,2013,,.
0,Kjøretøy i alt,16,"Diesel hybrid, ladbar",GjsnittKjorelengde,Gjennomsnittlig kjørelengde per kjøretøy (km),2014,2014,,.
0,Kjøretøy i alt,16,"Diesel hybrid, ladbar",GjsnittKjorelengde,Gjennomsnittlig kjørelengde per kjøretøy (km),2015,2015,,.
0,Kjøretøy i alt,16,"Diesel hybrid, ladbar",GjsnittKjorelengde,Gjennomsnittlig kjørelengde per kjøretøy (km),2016,2016,13949.0,
0,Kjøretøy i alt,16,"Diesel hybrid, ladbar",GjsnittKjorelengde,Gjennomsnittlig kjørelengde per kjøretøy (km),2017,2017,13287.0,
0,Kjøretøy i alt,16,"Diesel hybrid, ladbar",GjsnittKjorelengde,Gjennomsnittlig kjørelengde per kjøretøy (km),2018,2018,15434.0,
0,Kjøretøy i alt,16,"Diesel hybrid, ladbar",GjsnittKjorelengde,Gjennomsnittlig kjørelengde per kjøretøy (km),2019,2019,16411.0,
0,Kjøretøy i alt,16,"Diesel hybrid, ladbar",GjsnittKjorelengde,Gjennomsnittlig kjørelengde per kjøretøy (km),2020,2020,16050.0,
0,Kjøretøy i alt,16,"Diesel hybrid, ladbar",GjsnittKjorelengde,Gjennomsnittlig kjørelengde per kjøretøy (km),2021,2021,16286.0,
0,Kjøretøy i alt,16,"Diesel hybrid, ladbar",GjsnittKjorelengde,Gjennomsnittlig kjørelengde per kjøretøy (km),2022,2022,17158.0,
0,Kjøretøy i alt,16,"Diesel hybrid, ladbar",GjsnittKjorelengde,Gjennomsnittlig kjørelengde per kjøretøy (km),2023,2023,17542.0,
0,Kjøretøy i alt,16,"Diesel hybrid, ladbar",GjsnittKjorelengde,Gjennomsnittlig kjørelengde per kjøretøy (km),2024,2024,17343.0,
0,Kjøretøy i alt,16,"Diesel hybrid, ladbar",GjsnittKjorelengde,Gjennomsnittlig kjørelengde per kjøretøy (km),2025,2025,16785.0,
0,Kjøretøy i alt,17,"Diesel hybrid, ikke ladbar",Kjorelengde,Kjørelengde (mill. km),2005,2005,,.
0,Kjøretøy i alt,17,"Diesel hybrid, ikke ladbar",Kjorelengde,Kjørelengde (mill. km),2006,2006,,.
0,Kjøretøy i alt,17,"Diesel hybrid, ikke ladbar",Kjorelengde,Kjørelengde (mill. km),2007,2007,,.
0,Kjøretøy i alt,17,"Diesel hybrid, ikke ladbar",Kjorelengde,Kjørelengde (mill. km),2008,2008,,.
0,Kjøretøy i alt,17,"Diesel hybrid, ikke ladbar",Kjorelengde,Kjørelengde (mill. km),2009,2009,,.
0,Kjøretøy i alt,17,"Diesel hybrid, ikke ladbar",Kjorelengde,Kjørelengde (mill. km),2010,2010,,.
0,Kjøretøy i alt,17,"Diesel hybrid, ikke ladbar",Kjorelengde,Kjørelengde (mill. km),2011,2011,,.
0,Kjøretøy i alt,17,"Diesel hybrid, ikke ladbar",Kjorelengde,Kjørelengde (mill. km),2012,2012,,.
0,Kjøretøy i alt,17,"Diesel hybrid, ikke ladbar",Kjorelengde,Kjørelengde (mill. km),2013,2013,,.
0,Kjøretøy i alt,17,"Diesel hybrid, ikke ladbar",Kjorelengde,Kjørelengde (mill. km),2014,2014,,.
0,Kjøretøy i alt,17,"Diesel hybrid, ikke ladbar",Kjorelengde,Kjørelengde (mill. km),2015,2015,,.
0,Kjøretøy i alt,17,"Diesel hybrid, ikke ladbar",Kjorelengde,Kjørelengde (mill. km),2016,2016,25.7,
0,Kjøretøy i alt,17,"Diesel hybrid, ikke ladbar",Kjorelengde,Kjørelengde (mill. km),2017,2017,26.5,
0,Kjøretøy i alt,17,"Diesel hybrid, ikke ladbar",Kjorelengde,Kjørelengde (mill. km),2018,2018,30.5,
0,Kjøretøy i alt,17,"Diesel hybrid, ikke ladbar",Kjorelengde,Kjørelengde (mill. km),2019,2019,37.2,
0,Kjøretøy i alt,17,"Diesel hybrid, ikke ladbar",Kjorelengde,Kjørelengde (mill. km),2020,2020,48.1,
0,Kjøretøy i alt,17,"Diesel hybrid, ikke ladbar",Kjorelengde,Kjørelengde (mill. km),2021,2021,65.6,
0,Kjøretøy i alt,17,"Diesel hybrid, ikke ladbar",Kjorelengde,Kjørelengde (mill. km),2022,2022,79.3,
0,Kjøretøy i alt,17,"Diesel hybrid, ikke ladbar",Kjorelengde,Kjørelengde (mill. km),2023,2023,89.1,
0,Kjøretøy i alt,17,"Diesel hybrid, ikke ladbar",Kjorelengde,Kjørelengde (mill. km),2024,2024,97.2,
0,Kjøretøy i alt,17,"Diesel hybrid, ikke ladbar",Kjorelengde,Kjørelengde (mill. km),2025,2025,110.6,
0,Kjøretøy i alt,17,"Diesel hybrid, ikke ladbar",GjsnittKjorelengde,Gjennomsnittlig kjørelengde per kjøretøy (km),2005,2005,,.
0,Kjøretøy i alt,17,"Diesel hybrid, ikke ladbar",GjsnittKjorelengde,Gjennomsnittlig kjørelengde per kjøretøy (km),2006,2006,,.
0,Kjøretøy i alt,17,"Diesel hybrid, ikke ladbar",GjsnittKjorelengde,Gjennomsnittlig kjørelengde per kjøretøy (km),2007,2007,,.
0,Kjøretøy i alt,17,"Diesel hybrid, ikke ladbar",GjsnittKjorelengde,Gjennomsnittlig kjørelengde per kjøretøy (km),2008,2008,,.
0,Kjøretøy i alt,17,"Diesel hybrid, ikke ladbar",GjsnittKjorelengde,Gjennomsnittlig kjørelengde per kjøretøy (km),2009,2009,,.
0,Kjøretøy i alt,17,"Diesel hybrid, ikke ladbar",GjsnittKjorelengde,Gjennomsnittlig kjørelengde per kjøretøy (km),2010,2010,,.
0,Kjøretøy i alt,17,"Diesel hybrid, ikke ladbar",GjsnittKjorelengde,Gjennomsnittlig kjørelengde per kjøretøy (km),2011,2011,,.
0,Kjøretøy i alt,17,"Diesel hybrid, ikke ladbar",GjsnittKjorelengde,Gjennomsnittlig kjørelengde per kjøretøy (km),2012,2012,,.
0,Kjøretøy i alt,17,"Diesel hybrid, ikke ladbar",GjsnittKjorelengde,Gjennomsnittlig kjørelengde per kjøretøy (km),2013,2013,,.
0,Kjøretøy i alt,17,"Diesel hybrid, ikke ladbar",GjsnittKjorelengde,Gjennomsnittlig kjørelengde per kjøretøy (km),2014,2014,,.
0,Kjøretøy i alt,17,"Diesel hybrid, ikke ladbar",GjsnittKjorelengde,Gjennomsnittlig kjørelengde per kjøretøy (km),2015,2015,,.
0,Kjøretøy i alt,17,"Diesel hybrid, ikke ladbar",GjsnittKjorelengde,Gjennomsnittlig kjørelengde per kjøretøy (km),2016,2016,22137.0,
0,Kjøretøy i alt,17,"Diesel hybrid, ikke ladbar",GjsnittKjorelengde,Gjennomsnittlig kjørelengde per kjøretøy (km),2017,2017,21556.0,
0,Kjøretøy i alt,17,"Diesel hybrid, ikke ladbar",GjsnittKjorelengde,Gjennomsnittlig kjørelengde per kjøretøy (km),2018,2018,21773.0,
0,Kjøretøy i alt,17,"Diesel hybrid, ikke ladbar",GjsnittKjorelengde,Gjennomsnittlig kjørelengde per kjøretøy (km),2019,2019,18650.0,
0,Kjøretøy i alt,17,"Diesel hybrid, ikke ladbar",GjsnittKjorelengde,Gjennomsnittlig kjørelengde per kjøretøy (km),2020,2020,16977.0,
0,Kjøretøy i alt,17,"Diesel hybrid, ikke ladbar",GjsnittKjorelengde,Gjennomsnittlig kjørelengde per kjøretøy (km),2021,2021,16883.0,
0,Kjøretøy i alt,17,"Diesel hybrid, ikke ladbar",GjsnittKjorelengde,Gjennomsnittlig kjørelengde per kjøretøy (km),2022,2022,16656.0,
0,Kjøretøy i alt,17,"Diesel hybrid, ikke ladbar",GjsnittKjorelengde,Gjennomsnittlig kjørelengde per kjøretøy (km),2023,2023,17331.0,
0,Kjøretøy i alt,17,"Diesel hybrid, ikke ladbar",GjsnittKjorelengde,Gjennomsnittlig kjørelengde per kjøretøy (km),2024,2024,17504.0,
0,Kjøretøy i alt,17,"Diesel hybrid, ikke ladbar",GjsnittKjorelengde,Gjennomsnittlig kjørelengde per kjøretøy (km),2025,2025,17306.0,
0,Kjøretøy i alt,3,Parafin,Kjorelengde,Kjørelengde (mill. km),2005,2005,,.
0,Kjøretøy i alt,3,Parafin,Kjorelengde,Kjørelengde (mill. km),2006,2006,,.
0,Kjøretøy i alt,3,Parafin,Kjorelengde,Kjørelengde (mill. km),2007,2007,,.
0,Kjøretøy i alt,3,Parafin,Kjorelengde,Kjørelengde (mill. km),2008,2008,,.
0,Kjøretøy i alt,3,Parafin,Kjorelengde,Kjørelengde (mill. km),2009,2009,,.
0,Kjøretøy i alt,3,Parafin,Kjorelengde,Kjørelengde (mill. km),2010,2010,,.
0,Kjøretøy i alt,3,Parafin,Kjorelengde,Kjørelengde (mill. km),2011,2011,,.
0,Kjøretøy i alt,3,Parafin,Kjorelengde,Kjørelengde (mill. km),2012,2012,,.
0,Kjøretøy i alt,3,Parafin,Kjorelengde,Kjørelengde (mill. km),2013,2013,,.
0,Kjøretøy i alt,3,Parafin,Kjorelengde,Kjørelengde (mill. km),2014,2014,,.
0,Kjøretøy i alt,3,Parafin,Kjorelengde,Kjørelengde (mill. km),2015,2015,,.
0,Kjøretøy i alt,3,Parafin,Kjorelengde,Kjørelengde (mill. km),2016,2016,0.5,
0,Kjøretøy i alt,3,Parafin,Kjorelengde,Kjørelengde (mill. km),2017,2017,0.5,
0,Kjøretøy i alt,3,Parafin,Kjorelengde,Kjørelengde (mill. km),2018,2018,0.5,
0,Kjøretøy i alt,3,Parafin,Kjorelengde,Kjørelengde (mill. km),2019,2019,0.6,
0,Kjøretøy i alt,3,Parafin,Kjorelengde,Kjørelengde (mill. km),2020,2020,0.7,
0,Kjøretøy i alt,3,Parafin,Kjorelengde,Kjørelengde (mill. km),2021,2021,0.6,
0,Kjøretøy i alt,3,Parafin,Kjorelengde,Kjørelengde (mill. km),2022,2022,0.5,
0,Kjøretøy i alt,3,Parafin,Kjorelengde,Kjørelengde (mill. km),2023,2023,0.2,
0,Kjøretøy i alt,3,Parafin,Kjorelengde,Kjørelengde (mill. km),2024,2024,0.2,
0,Kjøretøy i alt,3,Parafin,Kjorelengde,Kjørelengde (mill. km),2025,2025,0.1,
0,Kjøretøy i alt,3,Parafin,GjsnittKjorelengde,Gjennomsnittlig kjørelengde per kjøretøy (km),2005,2005,,.
0,Kjøretøy i alt,3,Parafin,GjsnittKjorelengde,Gjennomsnittlig kjørelengde per kjøretøy (km),2006,2006,,.
0,Kjøretøy i alt,3,Parafin,GjsnittKjorelengde,Gjennomsnittlig kjørelengde per kjøretøy (km),2007,2007,,.
0,Kjøretøy i alt,3,Parafin,GjsnittKjorelengde,Gjennomsnittlig kjørelengde per kjøretøy (km),2008,2008,,.
0,Kjøretøy i alt,3,Parafin,GjsnittKjorelengde,Gjennomsnittlig kjørelengde per kjøretøy (km),2009,2009,,.
0,Kjøretøy i alt,3,Parafin,GjsnittKjorelengde,Gjennomsnittlig kjørelengde per kjøretøy (km),2010,2010,,.
0,Kjøretøy i alt,3,Parafin,GjsnittKjorelengde,Gjennomsnittlig kjørelengde per kjøretøy (km),2011,2011,,.
0,Kjøretøy i alt,3,Parafin,GjsnittKjorelengde,Gjennomsnittlig kjørelengde per kjøretøy (km),2012,2012,,.
0,Kjøretøy i alt,3,Parafin,GjsnittKjorelengde,Gjennomsnittlig kjørelengde per kjøretøy (km),2013,2013,,.
0,Kjøretøy i alt,3,Parafin,GjsnittKjorelengde,Gjennomsnittlig kjørelengde per kjøretøy (km),2014,2014,,.
0,Kjøretøy i alt,3,Parafin,GjsnittKjorelengde,Gjennomsnittlig kjørelengde per kjøretøy (km),2015,2015,,.
0,Kjøretøy i alt,3,Parafin,GjsnittKjorelengde,Gjennomsnittlig kjørelengde per kjøretøy (km),2016,2016,13041.0,
0,Kjøretøy i alt,3,Parafin,GjsnittKjorelengde,Gjennomsnittlig kjørelengde per kjøretøy (km),2017,2017,14172.0,
0,Kjøretøy i alt,3,Parafin,GjsnittKjorelengde,Gjennomsnittlig kjørelengde per kjøretøy (km),2018,2018,12751.0,
0,Kjøretøy i alt,3,Parafin,GjsnittKjorelengde,Gjennomsnittlig kjørelengde per kjøretøy (km),2019,2019,14466.0,
0,Kjøretøy i alt,3,Parafin,GjsnittKjorelengde,Gjennomsnittlig kjørelengde per kjøretøy (km),2020,2020,15443.0,
0,Kjøretøy i alt,3,Parafin,GjsnittKjorelengde,Gjennomsnittlig kjørelengde per kjøretøy (km),2021,2021,14208.0,
0,Kjøretøy i alt,3,Parafin,GjsnittKjorelengde,Gjennomsnittlig kjørelengde per kjøretøy (km),2022,2022,12008.0,
0,Kjøretøy i alt,3,Parafin,GjsnittKjorelengde,Gjennomsnittlig kjørelengde per kjøretøy (km),2023,2023,9011.0,
0,Kjøretøy i alt,3,Parafin,GjsnittKjorelengde,Gjennomsnittlig kjørelengde per kjøretøy (km),2024,2024,6945.0,
0,Kjøretøy i alt,3,Parafin,GjsnittKjorelengde,Gjennomsnittlig kjørelengde per kjøretøy (km),2025,2025,10222.0,
0,Kjøretøy i alt,4,Gass,Kjorelengde,Kjørelengde (mill. km),2005,2005,,.
0,Kjøretøy i alt,4,Gass,Kjorelengde,Kjørelengde (mill. km),2006,2006,,.
0,Kjøretøy i alt,4,Gass,Kjorelengde,Kjørelengde (mill. km),2007,2007,,.
0,Kjøretøy i alt,4,Gass,Kjorelengde,Kjørelengde (mill. km),2008,2008,,.
0,Kjøretøy i alt,4,Gass,Kjorelengde,Kjørelengde (mill. km),2009,2009,,.
0,Kjøretøy i alt,4,Gass,Kjorelengde,Kjørelengde (mill. km),2010,2010,,.
0,Kjøretøy i alt,4,Gass,Kjorelengde,Kjørelengde (mill. km),2011,2011,,.
0,Kjøretøy i alt,4,Gass,Kjorelengde,Kjørelengde (mill. km),2012,2012,,.
0,Kjøretøy i alt,4,Gass,Kjorelengde,Kjørelengde (mill. km),2013,2013,,.
0,Kjøretøy i alt,4,Gass,Kjorelengde,Kjørelengde (mill. km),2014,2014,,.
0,Kjøretøy i alt,4,Gass,Kjorelengde,Kjørelengde (mill. km),2015,2015,,.
0,Kjøretøy i alt,4,Gass,Kjorelengde,Kjørelengde (mill. km),2016,2016,50.1,
0,Kjøretøy i alt,4,Gass,Kjorelengde,Kjørelengde (mill. km),2017,2017,56.4,
0,Kjøretøy i alt,4,Gass,Kjorelengde,Kjørelengde (mill. km),2018,2018,66.5,
0,Kjøretøy i alt,4,Gass,Kjorelengde,Kjørelengde (mill. km),2019,2019,67.6,
0,Kjøretøy i alt,4,Gass,Kjorelengde,Kjørelengde (mill. km),2020,2020,67.0,
0,Kjøretøy i alt,4,Gass,Kjorelengde,Kjørelengde (mill. km),2021,2021,70.4,
0,Kjøretøy i alt,4,Gass,Kjorelengde,Kjørelengde (mill. km),2022,2022,75.7,
0,Kjøretøy i alt,4,Gass,Kjorelengde,Kjørelengde (mill. km),2023,2023,91.9,
0,Kjøretøy i alt,4,Gass,Kjorelengde,Kjørelengde (mill. km),2024,2024,114.6,
0,Kjøretøy i alt,4,Gass,Kjorelengde,Kjørelengde (mill. km),2025,2025,144.7,
0,Kjøretøy i alt,4,Gass,GjsnittKjorelengde,Gjennomsnittlig kjørelengde per kjøretøy (km),2005,2005,,.
0,Kjøretøy i alt,4,Gass,GjsnittKjorelengde,Gjennomsnittlig kjørelengde per kjøretøy (km),2006,2006,,.
0,Kjøretøy i alt,4,Gass,GjsnittKjorelengde,Gjennomsnittlig kjørelengde per kjøretøy (km),2007,2007,,.
0,Kjøretøy i alt,4,Gass,GjsnittKjorelengde,Gjennomsnittlig kjørelengde per kjøretøy (km),2008,2008,,.
0,Kjøretøy i alt,4,Gass,GjsnittKjorelengde,Gjennomsnittlig kjørelengde per kjøretøy (km),2009,2009,,.
0,Kjøretøy i alt,4,Gass,GjsnittKjorelengde,Gjennomsnittlig kjørelengde per kjøretøy (km),2010,2010,,.
0,Kjøretøy i alt,4,Gass,GjsnittKjorelengde,Gjennomsnittlig kjørelengde per kjøretøy (km),2011,2011,,.
0,Kjøretøy i alt,4,Gass,GjsnittKjorelengde,Gjennomsnittlig kjørelengde per kjøretøy (km),2012,2012,,.
0,Kjøretøy i alt,4,Gass,GjsnittKjorelengde,Gjennomsnittlig kjørelengde per kjøretøy (km),2013,2013,,.
0,Kjøretøy i alt,4,Gass,GjsnittKjorelengde,Gjennomsnittlig kjørelengde per kjøretøy (km),2014,2014,,.
0,Kjøretøy i alt,4,Gass,GjsnittKjorelengde,Gjennomsnittlig kjørelengde per kjøretøy (km),2015,2015,,.
0,Kjøretøy i alt,4,Gass,GjsnittKjorelengde,Gjennomsnittlig kjørelengde per kjøretøy (km),2016,2016,32530.0,
0,Kjøretøy i alt,4,Gass,GjsnittKjorelengde,Gjennomsnittlig kjørelengde per kjøretøy (km),2017,2017,31651.0,
0,Kjøretøy i alt,4,Gass,GjsnittKjorelengde,Gjennomsnittlig kjørelengde per kjøretøy (km),2018,2018,35200.0,
0,Kjøretøy i alt,4,Gass,GjsnittKjorelengde,Gjennomsnittlig kjørelengde per kjøretøy (km),2019,2019,30698.0,
0,Kjøretøy i alt,4,Gass,GjsnittKjorelengde,Gjennomsnittlig kjørelengde per kjøretøy (km),2020,2020,29845.0,
0,Kjøretøy i alt,4,Gass,GjsnittKjorelengde,Gjennomsnittlig kjørelengde per kjøretøy (km),2021,2021,32272.0,
0,Kjøretøy i alt,4,Gass,GjsnittKjorelengde,Gjennomsnittlig kjørelengde per kjøretøy (km),2022,2022,31411.0,
0,Kjøretøy i alt,4,Gass,GjsnittKjorelengde,Gjennomsnittlig kjørelengde per kjøretøy (km),2023,2023,32572.0,
0,Kjøretøy i alt,4,Gass,GjsnittKjorelengde,Gjennomsnittlig kjørelengde per kjøretøy (km),2024,2024,35301.0,
0,Kjøretøy i alt,4,Gass,GjsnittKjorelengde,Gjennomsnittlig kjørelengde per kjøretøy (km),2025,2025,39513.0,
0,Kjøretøy i alt,13,Hydrogen,Kjorelengde,Kjørelengde (mill. km),2005,2005,,.
0,Kjøretøy i alt,13,Hydrogen,Kjorelengde,Kjørelengde (mill. km),2006,2006,,.
0,Kjøretøy i alt,13,Hydrogen,Kjorelengde,Kjørelengde (mill. km),2007,2007,,.
0,Kjøretøy i alt,13,Hydrogen,Kjorelengde,Kjørelengde (mill. km),2008,2008,,.
0,Kjøretøy i alt,13,Hydrogen,Kjorelengde,Kjørelengde (mill. km),2009,2009,,.
0,Kjøretøy i alt,13,Hydrogen,Kjorelengde,Kjørelengde (mill. km),2010,2010,,.
0,Kjøretøy i alt,13,Hydrogen,Kjorelengde,Kjørelengde (mill. km),2011,2011,,.
0,Kjøretøy i alt,13,Hydrogen,Kjorelengde,Kjørelengde (mill. km),2012,2012,,.
0,Kjøretøy i alt,13,Hydrogen,Kjorelengde,Kjørelengde (mill. km),2013,2013,,.
0,Kjøretøy i alt,13,Hydrogen,Kjorelengde,Kjørelengde (mill. km),2014,2014,,.
0,Kjøretøy i alt,13,Hydrogen,Kjorelengde,Kjørelengde (mill. km),2015,2015,,.
0,Kjøretøy i alt,13,Hydrogen,Kjorelengde,Kjørelengde (mill. km),2016,2016,0.5,
0,Kjøretøy i alt,13,Hydrogen,Kjorelengde,Kjørelengde (mill. km),2017,2017,1.2,
0,Kjøretøy i alt,13,Hydrogen,Kjorelengde,Kjørelengde (mill. km),2018,2018,2.2,
0,Kjøretøy i alt,13,Hydrogen,Kjorelengde,Kjørelengde (mill. km),2019,2019,2.7,
0,Kjøretøy i alt,13,Hydrogen,Kjorelengde,Kjørelengde (mill. km),2020,2020,1.7,
0,Kjøretøy i alt,13,Hydrogen,Kjorelengde,Kjørelengde (mill. km),2021,2021,1.8,
0,Kjøretøy i alt,13,Hydrogen,Kjorelengde,Kjørelengde (mill. km),2022,2022,3.8,
0,Kjøretøy i alt,13,Hydrogen,Kjorelengde,Kjørelengde (mill. km),2023,2023,4.1,
0,Kjøretøy i alt,13,Hydrogen,Kjorelengde,Kjørelengde (mill. km),2024,2024,2.8,
0,Kjøretøy i alt,13,Hydrogen,Kjorelengde,Kjørelengde (mill. km),2025,2025,2.2,
0,Kjøretøy i alt,13,Hydrogen,GjsnittKjorelengde,Gjennomsnittlig kjørelengde per kjøretøy (km),2005,2005,,.
0,Kjøretøy i alt,13,Hydrogen,GjsnittKjorelengde,Gjennomsnittlig kjørelengde per kjøretøy (km),2006,2006,,.
0,Kjøretøy i alt,13,Hydrogen,GjsnittKjorelengde,Gjennomsnittlig kjørelengde per kjøretøy (km),2007,2007,,.
0,Kjøretøy i alt,13,Hydrogen,GjsnittKjorelengde,Gjennomsnittlig kjørelengde per kjøretøy (km),2008,2008,,.
0,Kjøretøy i alt,13,Hydrogen,GjsnittKjorelengde,Gjennomsnittlig kjørelengde per kjøretøy (km),2009,2009,,.
0,Kjøretøy i alt,13,Hydrogen,GjsnittKjorelengde,Gjennomsnittlig kjørelengde per kjøretøy (km),2010,2010,,.
0,Kjøretøy i alt,13,Hydrogen,GjsnittKjorelengde,Gjennomsnittlig kjørelengde per kjøretøy (km),2011,2011,,.
0,Kjøretøy i alt,13,Hydrogen,GjsnittKjorelengde,Gjennomsnittlig kjørelengde per kjøretøy (km),2012,2012,,.
0,Kjøretøy i alt,13,Hydrogen,GjsnittKjorelengde,Gjennomsnittlig kjørelengde per kjøretøy (km),2013,2013,,.
0,Kjøretøy i alt,13,Hydrogen,GjsnittKjorelengde,Gjennomsnittlig kjørelengde per kjøretøy (km),2014,2014,,.
0,Kjøretøy i alt,13,Hydrogen,GjsnittKjorelengde,Gjennomsnittlig kjørelengde per kjøretøy (km),2015,2015,,.
0,Kjøretøy i alt,13,Hydrogen,GjsnittKjorelengde,Gjennomsnittlig kjørelengde per kjøretøy (km),2016,2016,10727.0,
0,Kjøretøy i alt,13,Hydrogen,GjsnittKjorelengde,Gjennomsnittlig kjørelengde per kjøretøy (km),2017,2017,11804.0,
0,Kjøretøy i alt,13,Hydrogen,GjsnittKjorelengde,Gjennomsnittlig kjørelengde per kjøretøy (km),2018,2018,14178.0,
0,Kjøretøy i alt,13,Hydrogen,GjsnittKjorelengde,Gjennomsnittlig kjørelengde per kjøretøy (km),2019,2019,14953.0,
0,Kjøretøy i alt,13,Hydrogen,GjsnittKjorelengde,Gjennomsnittlig kjørelengde per kjøretøy (km),2020,2020,8940.0,
0,Kjøretøy i alt,13,Hydrogen,GjsnittKjorelengde,Gjennomsnittlig kjørelengde per kjøretøy (km),2021,2021,8221.0,
0,Kjøretøy i alt,13,Hydrogen,GjsnittKjorelengde,Gjennomsnittlig kjørelengde per kjøretøy (km),2022,2022,13923.0,
0,Kjøretøy i alt,13,Hydrogen,GjsnittKjorelengde,Gjennomsnittlig kjørelengde per kjøretøy (km),2023,2023,15737.0,
0,Kjøretøy i alt,13,Hydrogen,GjsnittKjorelengde,Gjennomsnittlig kjørelengde per kjøretøy (km),2024,2024,13384.0,
0,Kjøretøy i alt,13,Hydrogen,GjsnittKjorelengde,Gjennomsnittlig kjørelengde per kjøretøy (km),2025,2025,10114.0,
0,Kjøretøy i alt,7,Andre drivstoff,Kjorelengde,Kjørelengde (mill. km),2005,2005,6.4,
0,Kjøretøy i alt,7,Andre drivstoff,Kjorelengde,Kjørelengde (mill. km),2006,2006,8.5,
0,Kjøretøy i alt,7,Andre drivstoff,Kjorelengde,Kjørelengde (mill. km),2007,2007,10.1,
0,Kjøretøy i alt,7,Andre drivstoff,Kjorelengde,Kjørelengde (mill. km),2008,2008,12.9,
0,Kjøretøy i alt,7,Andre drivstoff,Kjorelengde,Kjørelengde (mill. km),2009,2009,15.0,
0,Kjøretøy i alt,7,Andre drivstoff,Kjorelengde,Kjørelengde (mill. km),2010,2010,17.4,
0,Kjøretøy i alt,7,Andre drivstoff,Kjorelengde,Kjørelengde (mill. km),2011,2011,24.6,
0,Kjøretøy i alt,7,Andre drivstoff,Kjorelengde,Kjørelengde (mill. km),2012,2012,35.4,
0,Kjøretøy i alt,7,Andre drivstoff,Kjorelengde,Kjørelengde (mill. km),2013,2013,55.6,
0,Kjøretøy i alt,7,Andre drivstoff,Kjorelengde,Kjørelengde (mill. km),2014,2014,55.6,
0,Kjøretøy i alt,7,Andre drivstoff,Kjorelengde,Kjørelengde (mill. km),2015,2015,63.0,
0,Kjøretøy i alt,7,Andre drivstoff,Kjorelengde,Kjørelengde (mill. km),2016,2016,1.6,
0,Kjøretøy i alt,7,Andre drivstoff,Kjorelengde,Kjørelengde (mill. km),2017,2017,1.4,
0,Kjøretøy i alt,7,Andre drivstoff,Kjorelengde,Kjørelengde (mill. km),2018,2018,1.5,
0,Kjøretøy i alt,7,Andre drivstoff,Kjorelengde,Kjørelengde (mill. km),2019,2019,1.6,
0,Kjøretøy i alt,7,Andre drivstoff,Kjorelengde,Kjørelengde (mill. km),2020,2020,2.4,
0,Kjøretøy i alt,7,Andre drivstoff,Kjorelengde,Kjørelengde (mill. km),2021,2021,2.1,
0,Kjøretøy i alt,7,Andre drivstoff,Kjorelengde,Kjørelengde (mill. km),2022,2022,1.8,
0,Kjøretøy i alt,7,Andre drivstoff,Kjorelengde,Kjørelengde (mill. km),2023,2023,4.3,
0,Kjøretøy i alt,7,Andre drivstoff,Kjorelengde,Kjørelengde (mill. km),2024,2024,24.0,
0,Kjøretøy i alt,7,Andre drivstoff,Kjorelengde,Kjørelengde (mill. km),2025,2025,34.7,
0,Kjøretøy i alt,7,Andre drivstoff,GjsnittKjorelengde,Gjennomsnittlig kjørelengde per kjøretøy (km),2005,2005,34219.0,
0,Kjøretøy i alt,7,Andre drivstoff,GjsnittKjorelengde,Gjennomsnittlig kjørelengde per kjøretøy (km),2006,2006,32074.0,
0,Kjøretøy i alt,7,Andre drivstoff,GjsnittKjorelengde,Gjennomsnittlig kjørelengde per kjøretøy (km),2007,2007,29360.0,
0,Kjøretøy i alt,7,Andre drivstoff,GjsnittKjorelengde,Gjennomsnittlig kjørelengde per kjøretøy (km),2008,2008,26605.0,
0,Kjøretøy i alt,7,Andre drivstoff,GjsnittKjorelengde,Gjennomsnittlig kjørelengde per kjøretøy (km),2009,2009,26811.0,
0,Kjøretøy i alt,7,Andre drivstoff,GjsnittKjorelengde,Gjennomsnittlig kjørelengde per kjøretøy (km),2010,2010,22609.0,
0,Kjøretøy i alt,7,Andre drivstoff,GjsnittKjorelengde,Gjennomsnittlig kjørelengde per kjøretøy (km),2011,2011,22213.0,
0,Kjøretøy i alt,7,Andre drivstoff,GjsnittKjorelengde,Gjennomsnittlig kjørelengde per kjøretøy (km),2012,2012,24299.0,
0,Kjøretøy i alt,7,Andre drivstoff,GjsnittKjorelengde,Gjennomsnittlig kjørelengde per kjøretøy (km),2013,2013,16458.0,
0,Kjøretøy i alt,7,Andre drivstoff,GjsnittKjorelengde,Gjennomsnittlig kjørelengde per kjøretøy (km),2014,2014,22819.0,
0,Kjøretøy i alt,7,Andre drivstoff,GjsnittKjorelengde,Gjennomsnittlig kjørelengde per kjøretøy (km),2015,2015,24683.0,
0,Kjøretøy i alt,7,Andre drivstoff,GjsnittKjorelengde,Gjennomsnittlig kjørelengde per kjøretøy (km),2016,2016,15126.0,
0,Kjøretøy i alt,7,Andre drivstoff,GjsnittKjorelengde,Gjennomsnittlig kjørelengde per kjøretøy (km),2017,2017,16078.0,
0,Kjøretøy i alt,7,Andre drivstoff,GjsnittKjorelengde,Gjennomsnittlig kjørelengde per kjøretøy (km),2018,2018,17605.0,
0,Kjøretøy i alt,7,Andre drivstoff,GjsnittKjorelengde,Gjennomsnittlig kjørelengde per kjøretøy (km),2019,2019,14570.0,
0,Kjøretøy i alt,7,Andre drivstoff,GjsnittKjorelengde,Gjennomsnittlig kjørelengde per kjøretøy (km),2020,2020,17327.0,
0,Kjøretøy i alt,7,Andre drivstoff,GjsnittKjorelengde,Gjennomsnittlig kjørelengde per kjøretøy (km),2021,2021,15841.0,
0,Kjøretøy i alt,7,Andre drivstoff,GjsnittKjorelengde,Gjennomsnittlig kjørelengde per kjøretøy (km),2022,2022,23326.0,
0,Kjøretøy i alt,7,Andre drivstoff,GjsnittKjorelengde,Gjennomsnittlig kjørelengde per kjøretøy (km),2023,2023,3765.0,
0,Kjøretøy i alt,7,Andre drivstoff,GjsnittKjorelengde,Gjennomsnittlig kjørelengde per kjøretøy (km),2024,2024,17166.0,
0,Kjøretøy i alt,7,Andre drivstoff,GjsnittKjorelengde,Gjennomsnittlig kjørelengde per kjøretøy (km),2025,2025,24957.0,
15,Personbiler i alt,0,Alle typer drivstoff,Kjorelengde,Kjørelengde (mill. km),2005,2005,28708.4,
15,Personbiler i alt,0,Alle typer drivstoff,Kjorelengde,Kjørelengde (mill. km),2006,2006,29879.9,
15,Personbiler i alt,0,Alle typer drivstoff,Kjorelengde,Kjørelengde (mill. km),2007,2007,32247.2,
15,Personbiler i alt,0,Alle typer drivstoff,Kjorelengde,Kjørelengde (mill. km),2008,2008,32713.7,
15,Personbiler i alt,0,Alle typer drivstoff,Kjorelengde,Kjørelengde (mill. km),2009,2009,32631.1,
15,Personbiler i alt,0,Alle typer drivstoff,Kjorelengde,Kjørelengde (mill. km),2010,2010,32737.3,
15,Personbiler i alt,0,Alle typer drivstoff,Kjorelengde,Kjørelengde (mill. km),2011,2011,33032.0,
15,Personbiler i alt,0,Alle typer drivstoff,Kjorelengde,Kjørelengde (mill. km),2012,2012,33876.2,
15,Personbiler i alt,0,Alle typer drivstoff,Kjorelengde,Kjørelengde (mill. km),2013,2013,33930.5,
15,Personbiler i alt,0,Alle typer drivstoff,Kjorelengde,Kjørelengde (mill. km),2014,2014,33841.1,
15,Personbiler i alt,0,Alle typer drivstoff,Kjorelengde,Kjørelengde (mill. km),2015,2015,34324.1,
15,Personbiler i alt,0,Alle typer drivstoff,Kjorelengde,Kjørelengde (mill. km),2016,2016,34848.5,
15,Personbiler i alt,0,Alle typer drivstoff,Kjorelengde,Kjørelengde (mill. km),2017,2017,35406.6,
15,Personbiler i alt,0,Alle typer drivstoff,Kjorelengde,Kjørelengde (mill. km),2018,2018,35988.2,
15,Personbiler i alt,0,Alle typer drivstoff,Kjorelengde,Kjørelengde (mill. km),2019,2019,35504.3,
15,Personbiler i alt,0,Alle typer drivstoff,Kjorelengde,Kjørelengde (mill. km),2020,2020,33872.7,
15,Personbiler i alt,0,Alle typer drivstoff,Kjorelengde,Kjørelengde (mill. km),2021,2021,35097.6,
15,Personbiler i alt,0,Alle typer drivstoff,Kjorelengde,Kjørelengde (mill. km),2022,2022,35310.2,
15,Personbiler i alt,0,Alle typer drivstoff,Kjorelengde,Kjørelengde (mill. km),2023,2023,35675.7,
15,Personbiler i alt,0,Alle typer drivstoff,Kjorelengde,Kjørelengde (mill. km),2024,2024,35442.9,
15,Personbiler i alt,0,Alle typer drivstoff,Kjorelengde,Kjørelengde (mill. km),2025,2025,36091.1,
15,Personbiler i alt,0,Alle typer drivstoff,GjsnittKjorelengde,Gjennomsnittlig kjørelengde per kjøretøy (km),2005,2005,13108.0,
15,Personbiler i alt,0,Alle typer drivstoff,GjsnittKjorelengde,Gjennomsnittlig kjørelengde per kjøretøy (km),2006,2006,13306.0,
15,Personbiler i alt,0,Alle typer drivstoff,GjsnittKjorelengde,Gjennomsnittlig kjørelengde per kjøretøy (km),2007,2007,13916.0,
15,Personbiler i alt,0,Alle typer drivstoff,GjsnittKjorelengde,Gjennomsnittlig kjørelengde per kjøretøy (km),2008,2008,13835.0,
15,Personbiler i alt,0,Alle typer drivstoff,GjsnittKjorelengde,Gjennomsnittlig kjørelengde per kjøretøy (km),2009,2009,13606.0,
15,Personbiler i alt,0,Alle typer drivstoff,GjsnittKjorelengde,Gjennomsnittlig kjørelengde per kjøretøy (km),2010,2010,13257.0,
15,Personbiler i alt,0,Alle typer drivstoff,GjsnittKjorelengde,Gjennomsnittlig kjørelengde per kjøretøy (km),2011,2011,12985.0,
15,Personbiler i alt,0,Alle typer drivstoff,GjsnittKjorelengde,Gjennomsnittlig kjørelengde per kjøretøy (km),2012,2012,12969.0,
15,Personbiler i alt,0,Alle typer drivstoff,GjsnittKjorelengde,Gjennomsnittlig kjørelengde per kjøretøy (km),2013,2013,12670.0,
15,Personbiler i alt,0,Alle typer drivstoff,GjsnittKjorelengde,Gjennomsnittlig kjørelengde per kjøretøy (km),2014,2014,12411.0,
15,Personbiler i alt,0,Alle typer drivstoff,GjsnittKjorelengde,Gjennomsnittlig kjørelengde per kjøretøy (km),2015,2015,12347.0,
15,Personbiler i alt,0,Alle typer drivstoff,GjsnittKjorelengde,Gjennomsnittlig kjørelengde per kjøretøy (km),2016,2016,12204.0,
15,Personbiler i alt,0,Alle typer drivstoff,GjsnittKjorelengde,Gjennomsnittlig kjørelengde per kjøretøy (km),2017,2017,12148.0,
15,Personbiler i alt,0,Alle typer drivstoff,GjsnittKjorelengde,Gjennomsnittlig kjørelengde per kjøretøy (km),2018,2018,12139.0,
15,Personbiler i alt,0,Alle typer drivstoff,GjsnittKjorelengde,Gjennomsnittlig kjørelengde per kjøretøy (km),2019,2019,11883.0,
15,Personbiler i alt,0,Alle typer drivstoff,GjsnittKjorelengde,Gjennomsnittlig kjørelengde per kjøretøy (km),2020,2020,11152.0,
15,Personbiler i alt,0,Alle typer drivstoff,GjsnittKjorelengde,Gjennomsnittlig kjørelengde per kjøretøy (km),2021,2021,11288.0,
15,Personbiler i alt,0,Alle typer drivstoff,GjsnittKjorelengde,Gjennomsnittlig kjørelengde per kjøretøy (km),2022,2022,11097.0,
15,Personbiler i alt,0,Alle typer drivstoff,GjsnittKjorelengde,Gjennomsnittlig kjørelengde per kjøretøy (km),2023,2023,11274.0,
15,Personbiler i alt,0,Alle typer drivstoff,GjsnittKjorelengde,Gjennomsnittlig kjørelengde per kjøretøy (km),2024,2024,11215.0,
15,Personbiler i alt,0,Alle typer drivstoff,GjsnittKjorelengde,Gjennomsnittlig kjørelengde per kjøretøy (km),2025,2025,11350.0,
15,Personbiler i alt,1,Bensin,Kjorelengde,Kjørelengde (mill. km),2005,2005,22487.1,
15,Personbiler i alt,1,Bensin,Kjorelengde,Kjørelengde (mill. km),2006,2006,22051.5,
15,Personbiler i alt,1,Bensin,Kjorelengde,Kjørelengde (mill. km),2007,2007,21643.8,
15,Personbiler i alt,1,Bensin,Kjorelengde,Kjørelengde (mill. km),2008,2008,20355.3,
15,Personbiler i alt,1,Bensin,Kjorelengde,Kjørelengde (mill. km),2009,2009,19094.9,
15,Personbiler i alt,1,Bensin,Kjorelengde,Kjørelengde (mill. km),2010,2010,17906.9,
15,Personbiler i alt,1,Bensin,Kjorelengde,Kjørelengde (mill. km),2011,2011,16776.7,
15,Personbiler i alt,1,Bensin,Kjorelengde,Kjørelengde (mill. km),2012,2012,15799.0,
15,Personbiler i alt,1,Bensin,Kjorelengde,Kjørelengde (mill. km),2013,2013,14922.5,
15,Personbiler i alt,1,Bensin,Kjorelengde,Kjørelengde (mill. km),2014,2014,14048.1,
15,Personbiler i alt,1,Bensin,Kjorelengde,Kjørelengde (mill. km),2015,2015,13416.1,
15,Personbiler i alt,1,Bensin,Kjorelengde,Kjørelengde (mill. km),2016,2016,12172.2,
15,Personbiler i alt,1,Bensin,Kjorelengde,Kjørelengde (mill. km),2017,2017,11498.7,
15,Personbiler i alt,1,Bensin,Kjorelengde,Kjørelengde (mill. km),2018,2018,10721.0,
15,Personbiler i alt,1,Bensin,Kjorelengde,Kjørelengde (mill. km),2019,2019,9802.8,
15,Personbiler i alt,1,Bensin,Kjorelengde,Kjørelengde (mill. km),2020,2020,8605.5,
15,Personbiler i alt,1,Bensin,Kjorelengde,Kjørelengde (mill. km),2021,2021,7995.0,
15,Personbiler i alt,1,Bensin,Kjorelengde,Kjørelengde (mill. km),2022,2022,7174.3,
15,Personbiler i alt,1,Bensin,Kjorelengde,Kjørelengde (mill. km),2023,2023,6474.7,
15,Personbiler i alt,1,Bensin,Kjorelengde,Kjørelengde (mill. km),2024,2024,5943.4,
15,Personbiler i alt,1,Bensin,Kjorelengde,Kjørelengde (mill. km),2025,2025,5457.2,
15,Personbiler i alt,1,Bensin,GjsnittKjorelengde,Gjennomsnittlig kjørelengde per kjøretøy (km),2005,2005,12196.0,
15,Personbiler i alt,1,Bensin,GjsnittKjorelengde,Gjennomsnittlig kjørelengde per kjøretøy (km),2006,2006,12113.0,
15,Personbiler i alt,1,Bensin,GjsnittKjorelengde,Gjennomsnittlig kjørelengde per kjøretøy (km),2007,2007,12249.0,
15,Personbiler i alt,1,Bensin,GjsnittKjorelengde,Gjennomsnittlig kjørelengde per kjøretøy (km),2008,2008,11878.0,
15,Personbiler i alt,1,Bensin,GjsnittKjorelengde,Gjennomsnittlig kjørelengde per kjøretøy (km),2009,2009,11517.0,
15,Personbiler i alt,1,Bensin,GjsnittKjorelengde,Gjennomsnittlig kjørelengde per kjøretøy (km),2010,2010,11106.0,
15,Personbiler i alt,1,Bensin,GjsnittKjorelengde,Gjennomsnittlig kjørelengde per kjøretøy (km),2011,2011,10729.0,
15,Personbiler i alt,1,Bensin,GjsnittKjorelengde,Gjennomsnittlig kjørelengde per kjøretøy (km),2012,2012,10365.0,
15,Personbiler i alt,1,Bensin,GjsnittKjorelengde,Gjennomsnittlig kjørelengde per kjøretøy (km),2013,2013,9990.0,
15,Personbiler i alt,1,Bensin,GjsnittKjorelengde,Gjennomsnittlig kjørelengde per kjøretøy (km),2014,2014,9695.0,
15,Personbiler i alt,1,Bensin,GjsnittKjorelengde,Gjennomsnittlig kjørelengde per kjøretøy (km),2015,2015,9502.0,
15,Personbiler i alt,1,Bensin,GjsnittKjorelengde,Gjennomsnittlig kjørelengde per kjøretøy (km),2016,2016,9309.0,
15,Personbiler i alt,1,Bensin,GjsnittKjorelengde,Gjennomsnittlig kjørelengde per kjøretøy (km),2017,2017,9210.0,
15,Personbiler i alt,1,Bensin,GjsnittKjorelengde,Gjennomsnittlig kjørelengde per kjøretøy (km),2018,2018,9034.0,
15,Personbiler i alt,1,Bensin,GjsnittKjorelengde,Gjennomsnittlig kjørelengde per kjøretøy (km),2019,2019,8809.0,
15,Personbiler i alt,1,Bensin,GjsnittKjorelengde,Gjennomsnittlig kjørelengde per kjøretøy (km),2020,2020,8159.0,
15,Personbiler i alt,1,Bensin,GjsnittKjorelengde,Gjennomsnittlig kjørelengde per kjøretøy (km),2021,2021,8117.0,
15,Personbiler i alt,1,Bensin,GjsnittKjorelengde,Gjennomsnittlig kjørelengde per kjøretøy (km),2022,2022,7765.0,
15,Personbiler i alt,1,Bensin,GjsnittKjorelengde,Gjennomsnittlig kjørelengde per kjøretøy (km),2023,2023,7566.0,
15,Personbiler i alt,1,Bensin,GjsnittKjorelengde,Gjennomsnittlig kjørelengde per kjøretøy (km),2024,2024,7417.0,
15,Personbiler i alt,1,Bensin,GjsnittKjorelengde,Gjennomsnittlig kjørelengde per kjøretøy (km),2025,2025,7622.0,
15,Personbiler i alt,2,Diesel,Kjorelengde,Kjørelengde (mill. km),2005,2005,6211.1,
15,Personbiler i alt,2,Diesel,Kjorelengde,Kjørelengde (mill. km),2006,2006,7816.6,
15,Personbiler i alt,2,Diesel,Kjorelengde,Kjørelengde (mill. km),2007,2007,10591.0,
15,Personbiler i alt,2,Diesel,Kjorelengde,Kjørelengde (mill. km),2008,2008,12344.9,
15,Personbiler i alt,2,Diesel,Kjorelengde,Kjørelengde (mill. km),2009,2009,13518.7,
15,Personbiler i alt,2,Diesel,Kjorelengde,Kjørelengde (mill. km),2010,2010,14813.0,
15,Personbiler i alt,2,Diesel,Kjorelengde,Kjørelengde (mill. km),2011,2011,16225.5,
15,Personbiler i alt,2,Diesel,Kjorelengde,Kjørelengde (mill. km),2012,2012,18009.8,
15,Personbiler i alt,2,Diesel,Kjorelengde,Kjørelengde (mill. km),2013,2013,18889.2,
15,Personbiler i alt,2,Diesel,Kjorelengde,Kjørelengde (mill. km),2014,2014,19478.4,
15,Personbiler i alt,2,Diesel,Kjorelengde,Kjørelengde (mill. km),2015,2015,20097.3,
15,Personbiler i alt,2,Diesel,Kjorelengde,Kjørelengde (mill. km),2016,2016,20424.7,
15,Personbiler i alt,2,Diesel,Kjorelengde,Kjørelengde (mill. km),2017,2017,20443.8,
15,Personbiler i alt,2,Diesel,Kjorelengde,Kjørelengde (mill. km),2018,2018,20136.7,
15,Personbiler i alt,2,Diesel,Kjorelengde,Kjørelengde (mill. km),2019,2019,19175.2,
15,Personbiler i alt,2,Diesel,Kjorelengde,Kjørelengde (mill. km),2020,2020,17393.8,
15,Personbiler i alt,2,Diesel,Kjorelengde,Kjørelengde (mill. km),2021,2021,16744.3,
15,Personbiler i alt,2,Diesel,Kjorelengde,Kjørelengde (mill. km),2022,2022,15324.7,
15,Personbiler i alt,2,Diesel,Kjorelengde,Kjørelengde (mill. km),2023,2023,14147.2,
15,Personbiler i alt,2,Diesel,Kjorelengde,Kjørelengde (mill. km),2024,2024,13202.9,
15,Personbiler i alt,2,Diesel,Kjorelengde,Kjørelengde (mill. km),2025,2025,12216.6,
15,Personbiler i alt,2,Diesel,GjsnittKjorelengde,Gjennomsnittlig kjørelengde per kjøretøy (km),2005,2005,18004.0,
15,Personbiler i alt,2,Diesel,GjsnittKjorelengde,Gjennomsnittlig kjørelengde per kjøretøy (km),2006,2006,18449.0,
15,Personbiler i alt,2,Diesel,GjsnittKjorelengde,Gjennomsnittlig kjørelengde per kjøretøy (km),2007,2007,19309.0,
15,Personbiler i alt,2,Diesel,GjsnittKjorelengde,Gjennomsnittlig kjørelengde per kjøretøy (km),2008,2008,19024.0,
15,Personbiler i alt,2,Diesel,GjsnittKjorelengde,Gjennomsnittlig kjørelengde per kjøretøy (km),2009,2009,18312.0,
15,Personbiler i alt,2,Diesel,GjsnittKjorelengde,Gjennomsnittlig kjørelengde per kjøretøy (km),2010,2010,17335.0,
15,Personbiler i alt,2,Diesel,GjsnittKjorelengde,Gjennomsnittlig kjørelengde per kjøretøy (km),2011,2011,16626.0,
15,Personbiler i alt,2,Diesel,GjsnittKjorelengde,Gjennomsnittlig kjørelengde per kjøretøy (km),2012,2012,16691.0,
15,Personbiler i alt,2,Diesel,GjsnittKjorelengde,Gjennomsnittlig kjørelengde per kjøretøy (km),2013,2013,16229.0,
15,Personbiler i alt,2,Diesel,GjsnittKjorelengde,Gjennomsnittlig kjørelengde per kjøretøy (km),2014,2014,15741.0,
15,Personbiler i alt,2,Diesel,GjsnittKjorelengde,Gjennomsnittlig kjørelengde per kjøretøy (km),2015,2015,15494.0,
15,Personbiler i alt,2,Diesel,GjsnittKjorelengde,Gjennomsnittlig kjørelengde per kjøretøy (km),2016,2016,15059.0,
15,Personbiler i alt,2,Diesel,GjsnittKjorelengde,Gjennomsnittlig kjørelengde per kjøretøy (km),2017,2017,14829.0,
15,Personbiler i alt,2,Diesel,GjsnittKjorelengde,Gjennomsnittlig kjørelengde per kjøretøy (km),2018,2018,14527.0,
15,Personbiler i alt,2,Diesel,GjsnittKjorelengde,Gjennomsnittlig kjørelengde per kjøretøy (km),2019,2019,13936.0,
15,Personbiler i alt,2,Diesel,GjsnittKjorelengde,Gjennomsnittlig kjørelengde per kjøretøy (km),2020,2020,12816.0,
15,Personbiler i alt,2,Diesel,GjsnittKjorelengde,Gjennomsnittlig kjørelengde per kjøretøy (km),2021,2021,12665.0,
15,Personbiler i alt,2,Diesel,GjsnittKjorelengde,Gjennomsnittlig kjørelengde per kjøretøy (km),2022,2022,11995.0,
15,Personbiler i alt,2,Diesel,GjsnittKjorelengde,Gjennomsnittlig kjørelengde per kjøretøy (km),2023,2023,11651.0,
15,Personbiler i alt,2,Diesel,GjsnittKjorelengde,Gjennomsnittlig kjørelengde per kjøretøy (km),2024,2024,11460.0,
15,Personbiler i alt,2,Diesel,GjsnittKjorelengde,Gjennomsnittlig kjørelengde per kjøretøy (km),2025,2025,11196.0,
15,Personbiler i alt,18,Elektrisitet,Kjorelengde,Kjørelengde (mill. km),2005,2005,9.5,
15,Personbiler i alt,18,Elektrisitet,Kjorelengde,Kjørelengde (mill. km),2006,2006,10.8,
15,Personbiler i alt,18,Elektrisitet,Kjorelengde,Kjørelengde (mill. km),2007,2007,11.0,
15,Personbiler i alt,18,Elektrisitet,Kjorelengde,Kjørelengde (mill. km),2008,2008,11.6,
15,Personbiler i alt,18,Elektrisitet,Kjorelengde,Kjørelengde (mill. km),2009,2009,15.0,
15,Personbiler i alt,18,Elektrisitet,Kjorelengde,Kjørelengde (mill. km),2010,2010,14.9,
15,Personbiler i alt,18,Elektrisitet,Kjorelengde,Kjørelengde (mill. km),2011,2011,26.5,
15,Personbiler i alt,18,Elektrisitet,Kjorelengde,Kjørelengde (mill. km),2012,2012,62.7,
15,Personbiler i alt,18,Elektrisitet,Kjorelengde,Kjørelengde (mill. km),2013,2013,103.0,
15,Personbiler i alt,18,Elektrisitet,Kjorelengde,Kjørelengde (mill. km),2014,2014,301.7,
15,Personbiler i alt,18,Elektrisitet,Kjorelengde,Kjørelengde (mill. km),2015,2015,793.6,
15,Personbiler i alt,18,Elektrisitet,Kjorelengde,Kjørelengde (mill. km),2016,2016,1163.2,
15,Personbiler i alt,18,Elektrisitet,Kjorelengde,Kjørelengde (mill. km),2017,2017,1652.4,
15,Personbiler i alt,18,Elektrisitet,Kjorelengde,Kjørelengde (mill. km),2018,2018,2401.9,
15,Personbiler i alt,18,Elektrisitet,Kjorelengde,Kjørelengde (mill. km),2019,2019,3331.3,
15,Personbiler i alt,18,Elektrisitet,Kjorelengde,Kjørelengde (mill. km),2020,2020,4206.7,
15,Personbiler i alt,18,Elektrisitet,Kjorelengde,Kjørelengde (mill. km),2021,2021,5972.6,
15,Personbiler i alt,18,Elektrisitet,Kjorelengde,Kjørelengde (mill. km),2022,2022,7994.8,
15,Personbiler i alt,18,Elektrisitet,Kjorelengde,Kjørelengde (mill. km),2023,2023,9947.9,
15,Personbiler i alt,18,Elektrisitet,Kjorelengde,Kjørelengde (mill. km),2024,2024,11074.7,
15,Personbiler i alt,18,Elektrisitet,Kjorelengde,Kjørelengde (mill. km),2025,2025,13227.0,
15,Personbiler i alt,18,Elektrisitet,GjsnittKjorelengde,Gjennomsnittlig kjørelengde per kjøretøy (km),2005,2005,7566.0,
15,Personbiler i alt,18,Elektrisitet,GjsnittKjorelengde,Gjennomsnittlig kjørelengde per kjøretøy (km),2006,2006,7407.0,
15,Personbiler i alt,18,Elektrisitet,GjsnittKjorelengde,Gjennomsnittlig kjørelengde per kjøretøy (km),2007,2007,7248.0,
15,Personbiler i alt,18,Elektrisitet,GjsnittKjorelengde,Gjennomsnittlig kjørelengde per kjøretøy (km),2008,2008,6635.0,
15,Personbiler i alt,18,Elektrisitet,GjsnittKjorelengde,Gjennomsnittlig kjørelengde per kjøretøy (km),2009,2009,7926.0,
15,Personbiler i alt,18,Elektrisitet,GjsnittKjorelengde,Gjennomsnittlig kjørelengde per kjøretøy (km),2010,2010,6806.0,
15,Personbiler i alt,18,Elektrisitet,GjsnittKjorelengde,Gjennomsnittlig kjørelengde per kjøretøy (km),2011,2011,6427.0,
15,Personbiler i alt,18,Elektrisitet,GjsnittKjorelengde,Gjennomsnittlig kjørelengde per kjøretøy (km),2012,2012,7612.0,
15,Personbiler i alt,18,Elektrisitet,GjsnittKjorelengde,Gjennomsnittlig kjørelengde per kjøretøy (km),2013,2013,5692.0,
15,Personbiler i alt,18,Elektrisitet,GjsnittKjorelengde,Gjennomsnittlig kjørelengde per kjøretøy (km),2014,2014,7729.0,
15,Personbiler i alt,18,Elektrisitet,GjsnittKjorelengde,Gjennomsnittlig kjørelengde per kjøretøy (km),2015,2015,11380.0,
15,Personbiler i alt,18,Elektrisitet,GjsnittKjorelengde,Gjennomsnittlig kjørelengde per kjøretøy (km),2016,2016,11788.0,
15,Personbiler i alt,18,Elektrisitet,GjsnittKjorelengde,Gjennomsnittlig kjørelengde per kjøretøy (km),2017,2017,11818.0,
15,Personbiler i alt,18,Elektrisitet,GjsnittKjorelengde,Gjennomsnittlig kjørelengde per kjøretøy (km),2018,2018,12171.0,
15,Personbiler i alt,18,Elektrisitet,GjsnittKjorelengde,Gjennomsnittlig kjørelengde per kjøretøy (km),2019,2019,12631.0,
15,Personbiler i alt,18,Elektrisitet,GjsnittKjorelengde,Gjennomsnittlig kjørelengde per kjøretøy (km),2020,2020,12193.0,
15,Personbiler i alt,18,Elektrisitet,GjsnittKjorelengde,Gjennomsnittlig kjørelengde per kjøretøy (km),2021,2021,12772.0,
15,Personbiler i alt,18,Elektrisitet,GjsnittKjorelengde,Gjennomsnittlig kjørelengde per kjøretøy (km),2022,2022,12953.0,
15,Personbiler i alt,18,Elektrisitet,GjsnittKjorelengde,Gjennomsnittlig kjørelengde per kjøretøy (km),2023,2023,13913.0,
15,Personbiler i alt,18,Elektrisitet,GjsnittKjorelengde,Gjennomsnittlig kjørelengde per kjøretøy (km),2024,2024,13521.0,
15,Personbiler i alt,18,Elektrisitet,GjsnittKjorelengde,Gjennomsnittlig kjørelengde per kjøretøy (km),2025,2025,13453.0,
15,Personbiler i alt,14,"Bensin hybrid, ladbar",Kjorelengde,Kjørelengde (mill. km),2005,2005,,.
15,Personbiler i alt,14,"Bensin hybrid, ladbar",Kjorelengde,Kjørelengde (mill. km),2006,2006,,.
15,Personbiler i alt,14,"Bensin hybrid, ladbar",Kjorelengde,Kjørelengde (mill. km),2007,2007,,.
15,Personbiler i alt,14,"Bensin hybrid, ladbar",Kjorelengde,Kjørelengde (mill. km),2008,2008,,.
15,Personbiler i alt,14,"Bensin hybrid, ladbar",Kjorelengde,Kjørelengde (mill. km),2009,2009,,.
15,Personbiler i alt,14,"Bensin hybrid, ladbar",Kjorelengde,Kjørelengde (mill. km),2010,2010,,.
15,Personbiler i alt,14,"Bensin hybrid, ladbar",Kjorelengde,Kjørelengde (mill. km),2011,2011,,.
15,Personbiler i alt,14,"Bensin hybrid, ladbar",Kjorelengde,Kjørelengde (mill. km),2012,2012,,.
15,Personbiler i alt,14,"Bensin hybrid, ladbar",Kjorelengde,Kjørelengde (mill. km),2013,2013,,.
15,Personbiler i alt,14,"Bensin hybrid, ladbar",Kjorelengde,Kjørelengde (mill. km),2014,2014,,.
15,Personbiler i alt,14,"Bensin hybrid, ladbar",Kjorelengde,Kjørelengde (mill. km),2015,2015,,.
15,Personbiler i alt,14,"Bensin hybrid, ladbar",Kjorelengde,Kjørelengde (mill. km),2016,2016,314.0,
15,Personbiler i alt,14,"Bensin hybrid, ladbar",Kjorelengde,Kjørelengde (mill. km),2017,2017,721.0,
15,Personbiler i alt,14,"Bensin hybrid, ladbar",Kjorelengde,Kjørelengde (mill. km),2018,2018,1312.2,
15,Personbiler i alt,14,"Bensin hybrid, ladbar",Kjorelengde,Kjørelengde (mill. km),2019,2019,1578.3,
15,Personbiler i alt,14,"Bensin hybrid, ladbar",Kjorelengde,Kjørelengde (mill. km),2020,2020,1890.2,
15,Personbiler i alt,14,"Bensin hybrid, ladbar",Kjorelengde,Kjørelengde (mill. km),2021,2021,2401.6,
15,Personbiler i alt,14,"Bensin hybrid, ladbar",Kjorelengde,Kjørelengde (mill. km),2022,2022,2704.0,
15,Personbiler i alt,14,"Bensin hybrid, ladbar",Kjorelengde,Kjørelengde (mill. km),2023,2023,2880.6,
15,Personbiler i alt,14,"Bensin hybrid, ladbar",Kjorelengde,Kjørelengde (mill. km),2024,2024,2971.0,
15,Personbiler i alt,14,"Bensin hybrid, ladbar",Kjorelengde,Kjørelengde (mill. km),2025,2025,2968.7,
15,Personbiler i alt,14,"Bensin hybrid, ladbar",GjsnittKjorelengde,Gjennomsnittlig kjørelengde per kjøretøy (km),2005,2005,,.
15,Personbiler i alt,14,"Bensin hybrid, ladbar",GjsnittKjorelengde,Gjennomsnittlig kjørelengde per kjøretøy (km),2006,2006,,.
15,Personbiler i alt,14,"Bensin hybrid, ladbar",GjsnittKjorelengde,Gjennomsnittlig kjørelengde per kjøretøy (km),2007,2007,,.
15,Personbiler i alt,14,"Bensin hybrid, ladbar",GjsnittKjorelengde,Gjennomsnittlig kjørelengde per kjøretøy (km),2008,2008,,.
15,Personbiler i alt,14,"Bensin hybrid, ladbar",GjsnittKjorelengde,Gjennomsnittlig kjørelengde per kjøretøy (km),2009,2009,,.
15,Personbiler i alt,14,"Bensin hybrid, ladbar",GjsnittKjorelengde,Gjennomsnittlig kjørelengde per kjøretøy (km),2010,2010,,.
15,Personbiler i alt,14,"Bensin hybrid, ladbar",GjsnittKjorelengde,Gjennomsnittlig kjørelengde per kjøretøy (km),2011,2011,,.
15,Personbiler i alt,14,"Bensin hybrid, ladbar",GjsnittKjorelengde,Gjennomsnittlig kjørelengde per kjøretøy (km),2012,2012,,.
15,Personbiler i alt,14,"Bensin hybrid, ladbar",GjsnittKjorelengde,Gjennomsnittlig kjørelengde per kjøretøy (km),2013,2013,,.
15,Personbiler i alt,14,"Bensin hybrid, ladbar",GjsnittKjorelengde,Gjennomsnittlig kjørelengde per kjøretøy (km),2014,2014,,.
15,Personbiler i alt,14,"Bensin hybrid, ladbar",GjsnittKjorelengde,Gjennomsnittlig kjørelengde per kjøretøy (km),2015,2015,,.
15,Personbiler i alt,14,"Bensin hybrid, ladbar",GjsnittKjorelengde,Gjennomsnittlig kjørelengde per kjøretøy (km),2016,2016,9652.0,
15,Personbiler i alt,14,"Bensin hybrid, ladbar",GjsnittKjorelengde,Gjennomsnittlig kjørelengde per kjøretøy (km),2017,2017,11375.0,
15,Personbiler i alt,14,"Bensin hybrid, ladbar",GjsnittKjorelengde,Gjennomsnittlig kjørelengde per kjøretøy (km),2018,2018,14353.0,
15,Personbiler i alt,14,"Bensin hybrid, ladbar",GjsnittKjorelengde,Gjennomsnittlig kjørelengde per kjøretøy (km),2019,2019,14074.0,
15,Personbiler i alt,14,"Bensin hybrid, ladbar",GjsnittKjorelengde,Gjennomsnittlig kjørelengde per kjøretøy (km),2020,2020,13403.0,
15,Personbiler i alt,14,"Bensin hybrid, ladbar",GjsnittKjorelengde,Gjennomsnittlig kjørelengde per kjøretøy (km),2021,2021,13378.0,
15,Personbiler i alt,14,"Bensin hybrid, ladbar",GjsnittKjorelengde,Gjennomsnittlig kjørelengde per kjøretøy (km),2022,2022,13866.0,
15,Personbiler i alt,14,"Bensin hybrid, ladbar",GjsnittKjorelengde,Gjennomsnittlig kjørelengde per kjøretøy (km),2023,2023,14111.0,
15,Personbiler i alt,14,"Bensin hybrid, ladbar",GjsnittKjorelengde,Gjennomsnittlig kjørelengde per kjøretøy (km),2024,2024,14367.0,
15,Personbiler i alt,14,"Bensin hybrid, ladbar",GjsnittKjorelengde,Gjennomsnittlig kjørelengde per kjøretøy (km),2025,2025,14267.0,
15,Personbiler i alt,15,"Bensin hybrid, ikke ladbar",Kjorelengde,Kjørelengde (mill. km),2005,2005,,.
15,Personbiler i alt,15,"Bensin hybrid, ikke ladbar",Kjorelengde,Kjørelengde (mill. km),2006,2006,,.
15,Personbiler i alt,15,"Bensin hybrid, ikke ladbar",Kjorelengde,Kjørelengde (mill. km),2007,2007,,.
15,Personbiler i alt,15,"Bensin hybrid, ikke ladbar",Kjorelengde,Kjørelengde (mill. km),2008,2008,,.
15,Personbiler i alt,15,"Bensin hybrid, ikke ladbar",Kjorelengde,Kjørelengde (mill. km),2009,2009,,.
15,Personbiler i alt,15,"Bensin hybrid, ikke ladbar",Kjorelengde,Kjørelengde (mill. km),2010,2010,,.
15,Personbiler i alt,15,"Bensin hybrid, ikke ladbar",Kjorelengde,Kjørelengde (mill. km),2011,2011,,.
15,Personbiler i alt,15,"Bensin hybrid, ikke ladbar",Kjorelengde,Kjørelengde (mill. km),2012,2012,,.
15,Personbiler i alt,15,"Bensin hybrid, ikke ladbar",Kjorelengde,Kjørelengde (mill. km),2013,2013,,.
15,Personbiler i alt,15,"Bensin hybrid, ikke ladbar",Kjorelengde,Kjørelengde (mill. km),2014,2014,,.
15,Personbiler i alt,15,"Bensin hybrid, ikke ladbar",Kjorelengde,Kjørelengde (mill. km),2015,2015,,.
15,Personbiler i alt,15,"Bensin hybrid, ikke ladbar",Kjorelengde,Kjørelengde (mill. km),2016,2016,717.5,
15,Personbiler i alt,15,"Bensin hybrid, ikke ladbar",Kjorelengde,Kjørelengde (mill. km),2017,2017,999.7,
15,Personbiler i alt,15,"Bensin hybrid, ikke ladbar",Kjorelengde,Kjørelengde (mill. km),2018,2018,1283.7,
15,Personbiler i alt,15,"Bensin hybrid, ikke ladbar",Kjorelengde,Kjørelengde (mill. km),2019,2019,1458.9,
15,Personbiler i alt,15,"Bensin hybrid, ikke ladbar",Kjorelengde,Kjørelengde (mill. km),2020,2020,1588.6,
15,Personbiler i alt,15,"Bensin hybrid, ikke ladbar",Kjorelengde,Kjørelengde (mill. km),2021,2021,1750.2,
15,Personbiler i alt,15,"Bensin hybrid, ikke ladbar",Kjorelengde,Kjørelengde (mill. km),2022,2022,1848.4,
15,Personbiler i alt,15,"Bensin hybrid, ikke ladbar",Kjorelengde,Kjørelengde (mill. km),2023,2023,1947.7,
15,Personbiler i alt,15,"Bensin hybrid, ikke ladbar",Kjorelengde,Kjørelengde (mill. km),2024,2024,1972.5,
15,Personbiler i alt,15,"Bensin hybrid, ikke ladbar",Kjorelengde,Kjørelengde (mill. km),2025,2025,1944.9,
15,Personbiler i alt,15,"Bensin hybrid, ikke ladbar",GjsnittKjorelengde,Gjennomsnittlig kjørelengde per kjøretøy (km),2005,2005,,.
15,Personbiler i alt,15,"Bensin hybrid, ikke ladbar",GjsnittKjorelengde,Gjennomsnittlig kjørelengde per kjøretøy (km),2006,2006,,.
15,Personbiler i alt,15,"Bensin hybrid, ikke ladbar",GjsnittKjorelengde,Gjennomsnittlig kjørelengde per kjøretøy (km),2007,2007,,.
15,Personbiler i alt,15,"Bensin hybrid, ikke ladbar",GjsnittKjorelengde,Gjennomsnittlig kjørelengde per kjøretøy (km),2008,2008,,.
15,Personbiler i alt,15,"Bensin hybrid, ikke ladbar",GjsnittKjorelengde,Gjennomsnittlig kjørelengde per kjøretøy (km),2009,2009,,.
15,Personbiler i alt,15,"Bensin hybrid, ikke ladbar",GjsnittKjorelengde,Gjennomsnittlig kjørelengde per kjøretøy (km),2010,2010,,.
15,Personbiler i alt,15,"Bensin hybrid, ikke ladbar",GjsnittKjorelengde,Gjennomsnittlig kjørelengde per kjøretøy (km),2011,2011,,.
15,Personbiler i alt,15,"Bensin hybrid, ikke ladbar",GjsnittKjorelengde,Gjennomsnittlig kjørelengde per kjøretøy (km),2012,2012,,.
15,Personbiler i alt,15,"Bensin hybrid, ikke ladbar",GjsnittKjorelengde,Gjennomsnittlig kjørelengde per kjøretøy (km),2013,2013,,.
15,Personbiler i alt,15,"Bensin hybrid, ikke ladbar",GjsnittKjorelengde,Gjennomsnittlig kjørelengde per kjøretøy (km),2014,2014,,.
15,Personbiler i alt,15,"Bensin hybrid, ikke ladbar",GjsnittKjorelengde,Gjennomsnittlig kjørelengde per kjøretøy (km),2015,2015,,.
15,Personbiler i alt,15,"Bensin hybrid, ikke ladbar",GjsnittKjorelengde,Gjennomsnittlig kjørelengde per kjøretøy (km),2016,2016,12614.0,
15,Personbiler i alt,15,"Bensin hybrid, ikke ladbar",GjsnittKjorelengde,Gjennomsnittlig kjørelengde per kjøretøy (km),2017,2017,12835.0,
15,Personbiler i alt,15,"Bensin hybrid, ikke ladbar",GjsnittKjorelengde,Gjennomsnittlig kjørelengde per kjøretøy (km),2018,2018,13572.0,
15,Personbiler i alt,15,"Bensin hybrid, ikke ladbar",GjsnittKjorelengde,Gjennomsnittlig kjørelengde per kjøretøy (km),2019,2019,12893.0,
15,Personbiler i alt,15,"Bensin hybrid, ikke ladbar",GjsnittKjorelengde,Gjennomsnittlig kjørelengde per kjøretøy (km),2020,2020,12501.0,
15,Personbiler i alt,15,"Bensin hybrid, ikke ladbar",GjsnittKjorelengde,Gjennomsnittlig kjørelengde per kjøretøy (km),2021,2021,12481.0,
15,Personbiler i alt,15,"Bensin hybrid, ikke ladbar",GjsnittKjorelengde,Gjennomsnittlig kjørelengde per kjøretøy (km),2022,2022,12161.0,
15,Personbiler i alt,15,"Bensin hybrid, ikke ladbar",GjsnittKjorelengde,Gjennomsnittlig kjørelengde per kjøretøy (km),2023,2023,12266.0,
15,Personbiler i alt,15,"Bensin hybrid, ikke ladbar",GjsnittKjorelengde,Gjennomsnittlig kjørelengde per kjøretøy (km),2024,2024,11989.0,
15,Personbiler i alt,15,"Bensin hybrid, ikke ladbar",GjsnittKjorelengde,Gjennomsnittlig kjørelengde per kjøretøy (km),2025,2025,11805.0,
15,Personbiler i alt,16,"Diesel hybrid, ladbar",Kjorelengde,Kjørelengde (mill. km),2005,2005,,.
15,Personbiler i alt,16,"Diesel hybrid, ladbar",Kjorelengde,Kjørelengde (mill. km),2006,2006,,.
15,Personbiler i alt,16,"Diesel hybrid, ladbar",Kjorelengde,Kjørelengde (mill. km),2007,2007,,.
15,Personbiler i alt,16,"Diesel hybrid, ladbar",Kjorelengde,Kjørelengde (mill. km),2008,2008,,.
15,Personbiler i alt,16,"Diesel hybrid, ladbar",Kjorelengde,Kjørelengde (mill. km),2009,2009,,.
15,Personbiler i alt,16,"Diesel hybrid, ladbar",Kjorelengde,Kjørelengde (mill. km),2010,2010,,.
15,Personbiler i alt,16,"Diesel hybrid, ladbar",Kjorelengde,Kjørelengde (mill. km),2011,2011,,.
15,Personbiler i alt,16,"Diesel hybrid, ladbar",Kjorelengde,Kjørelengde (mill. km),2012,2012,,.
15,Personbiler i alt,16,"Diesel hybrid, ladbar",Kjorelengde,Kjørelengde (mill. km),2013,2013,,.
15,Personbiler i alt,16,"Diesel hybrid, ladbar",Kjorelengde,Kjørelengde (mill. km),2014,2014,,.
15,Personbiler i alt,16,"Diesel hybrid, ladbar",Kjorelengde,Kjørelengde (mill. km),2015,2015,,.
15,Personbiler i alt,16,"Diesel hybrid, ladbar",Kjorelengde,Kjørelengde (mill. km),2016,2016,30.9,
15,Personbiler i alt,16,"Diesel hybrid, ladbar",Kjorelengde,Kjørelengde (mill. km),2017,2017,63.8,
15,Personbiler i alt,16,"Diesel hybrid, ladbar",Kjorelengde,Kjørelengde (mill. km),2018,2018,103.1,
15,Personbiler i alt,16,"Diesel hybrid, ladbar",Kjorelengde,Kjørelengde (mill. km),2019,2019,125.4,
15,Personbiler i alt,16,"Diesel hybrid, ladbar",Kjorelengde,Kjørelengde (mill. km),2020,2020,145.2,
15,Personbiler i alt,16,"Diesel hybrid, ladbar",Kjorelengde,Kjørelengde (mill. km),2021,2021,175.2,
15,Personbiler i alt,16,"Diesel hybrid, ladbar",Kjorelengde,Kjørelengde (mill. km),2022,2022,194.2,
15,Personbiler i alt,16,"Diesel hybrid, ladbar",Kjorelengde,Kjørelengde (mill. km),2023,2023,201.6,
15,Personbiler i alt,16,"Diesel hybrid, ladbar",Kjorelengde,Kjørelengde (mill. km),2024,2024,198.4,
15,Personbiler i alt,16,"Diesel hybrid, ladbar",Kjorelengde,Kjørelengde (mill. km),2025,2025,192.9,
15,Personbiler i alt,16,"Diesel hybrid, ladbar",GjsnittKjorelengde,Gjennomsnittlig kjørelengde per kjøretøy (km),2005,2005,,.
15,Personbiler i alt,16,"Diesel hybrid, ladbar",GjsnittKjorelengde,Gjennomsnittlig kjørelengde per kjøretøy (km),2006,2006,,.
15,Personbiler i alt,16,"Diesel hybrid, ladbar",GjsnittKjorelengde,Gjennomsnittlig kjørelengde per kjøretøy (km),2007,2007,,.
15,Personbiler i alt,16,"Diesel hybrid, ladbar",GjsnittKjorelengde,Gjennomsnittlig kjørelengde per kjøretøy (km),2008,2008,,.
15,Personbiler i alt,16,"Diesel hybrid, ladbar",GjsnittKjorelengde,Gjennomsnittlig kjørelengde per kjøretøy (km),2009,2009,,.
15,Personbiler i alt,16,"Diesel hybrid, ladbar",GjsnittKjorelengde,Gjennomsnittlig kjørelengde per kjøretøy (km),2010,2010,,.
15,Personbiler i alt,16,"Diesel hybrid, ladbar",GjsnittKjorelengde,Gjennomsnittlig kjørelengde per kjøretøy (km),2011,2011,,.
15,Personbiler i alt,16,"Diesel hybrid, ladbar",GjsnittKjorelengde,Gjennomsnittlig kjørelengde per kjøretøy (km),2012,2012,,.
15,Personbiler i alt,16,"Diesel hybrid, ladbar",GjsnittKjorelengde,Gjennomsnittlig kjørelengde per kjøretøy (km),2013,2013,,.
15,Personbiler i alt,16,"Diesel hybrid, ladbar",GjsnittKjorelengde,Gjennomsnittlig kjørelengde per kjøretøy (km),2014,2014,,.
15,Personbiler i alt,16,"Diesel hybrid, ladbar",GjsnittKjorelengde,Gjennomsnittlig kjørelengde per kjøretøy (km),2015,2015,,.
15,Personbiler i alt,16,"Diesel hybrid, ladbar",GjsnittKjorelengde,Gjennomsnittlig kjørelengde per kjøretøy (km),2016,2016,13953.0,
15,Personbiler i alt,16,"Diesel hybrid, ladbar",GjsnittKjorelengde,Gjennomsnittlig kjørelengde per kjøretøy (km),2017,2017,13286.0,
15,Personbiler i alt,16,"Diesel hybrid, ladbar",GjsnittKjorelengde,Gjennomsnittlig kjørelengde per kjøretøy (km),2018,2018,15438.0,
15,Personbiler i alt,16,"Diesel hybrid, ladbar",GjsnittKjorelengde,Gjennomsnittlig kjørelengde per kjøretøy (km),2019,2019,16379.0,
15,Personbiler i alt,16,"Diesel hybrid, ladbar",GjsnittKjorelengde,Gjennomsnittlig kjørelengde per kjøretøy (km),2020,2020,15771.0,
15,Personbiler i alt,16,"Diesel hybrid, ladbar",GjsnittKjorelengde,Gjennomsnittlig kjørelengde per kjøretøy (km),2021,2021,16064.0,
15,Personbiler i alt,16,"Diesel hybrid, ladbar",GjsnittKjorelengde,Gjennomsnittlig kjørelengde per kjøretøy (km),2022,2022,16964.0,
15,Personbiler i alt,16,"Diesel hybrid, ladbar",GjsnittKjorelengde,Gjennomsnittlig kjørelengde per kjøretøy (km),2023,2023,17354.0,
15,Personbiler i alt,16,"Diesel hybrid, ladbar",GjsnittKjorelengde,Gjennomsnittlig kjørelengde per kjøretøy (km),2024,2024,17149.0,
15,Personbiler i alt,16,"Diesel hybrid, ladbar",GjsnittKjorelengde,Gjennomsnittlig kjørelengde per kjøretøy (km),2025,2025,16580.0,
15,Personbiler i alt,17,"Diesel hybrid, ikke ladbar",Kjorelengde,Kjørelengde (mill. km),2005,2005,,.
15,Personbiler i alt,17,"Diesel hybrid, ikke ladbar",Kjorelengde,Kjørelengde (mill. km),2006,2006,,.
15,Personbiler i alt,17,"Diesel hybrid, ikke ladbar",Kjorelengde,Kjørelengde (mill. km),2007,2007,,.
15,Personbiler i alt,17,"Diesel hybrid, ikke ladbar",Kjorelengde,Kjørelengde (mill. km),2008,2008,,.
15,Personbiler i alt,17,"Diesel hybrid, ikke ladbar",Kjorelengde,Kjørelengde (mill. km),2009,2009,,.
15,Personbiler i alt,17,"Diesel hybrid, ikke ladbar",Kjorelengde,Kjørelengde (mill. km),2010,2010,,.
15,Personbiler i alt,17,"Diesel hybrid, ikke ladbar",Kjorelengde,Kjørelengde (mill. km),2011,2011,,.
15,Personbiler i alt,17,"Diesel hybrid, ikke ladbar",Kjorelengde,Kjørelengde (mill. km),2012,2012,,.
15,Personbiler i alt,17,"Diesel hybrid, ikke ladbar",Kjorelengde,Kjørelengde (mill. km),2013,2013,,.
15,Personbiler i alt,17,"Diesel hybrid, ikke ladbar",Kjorelengde,Kjørelengde (mill. km),2014,2014,,.
15,Personbiler i alt,17,"Diesel hybrid, ikke ladbar",Kjorelengde,Kjørelengde (mill. km),2015,2015,,.
15,Personbiler i alt,17,"Diesel hybrid, ikke ladbar",Kjorelengde,Kjørelengde (mill. km),2016,2016,22.5,
15,Personbiler i alt,17,"Diesel hybrid, ikke ladbar",Kjorelengde,Kjørelengde (mill. km),2017,2017,22.6,
15,Personbiler i alt,17,"Diesel hybrid, ikke ladbar",Kjorelengde,Kjørelengde (mill. km),2018,2018,23.0,
15,Personbiler i alt,17,"Diesel hybrid, ikke ladbar",Kjorelengde,Kjørelengde (mill. km),2019,2019,25.2,
15,Personbiler i alt,17,"Diesel hybrid, ikke ladbar",Kjorelengde,Kjørelengde (mill. km),2020,2020,37.2,
15,Personbiler i alt,17,"Diesel hybrid, ikke ladbar",Kjorelengde,Kjørelengde (mill. km),2021,2021,53.2,
15,Personbiler i alt,17,"Diesel hybrid, ikke ladbar",Kjorelengde,Kjørelengde (mill. km),2022,2022,62.9,
15,Personbiler i alt,17,"Diesel hybrid, ikke ladbar",Kjorelengde,Kjørelengde (mill. km),2023,2023,69.5,
15,Personbiler i alt,17,"Diesel hybrid, ikke ladbar",Kjorelengde,Kjørelengde (mill. km),2024,2024,75.1,
15,Personbiler i alt,17,"Diesel hybrid, ikke ladbar",Kjorelengde,Kjørelengde (mill. km),2025,2025,79.9,
15,Personbiler i alt,17,"Diesel hybrid, ikke ladbar",GjsnittKjorelengde,Gjennomsnittlig kjørelengde per kjøretøy (km),2005,2005,,.
15,Personbiler i alt,17,"Diesel hybrid, ikke ladbar",GjsnittKjorelengde,Gjennomsnittlig kjørelengde per kjøretøy (km),2006,2006,,.
15,Personbiler i alt,17,"Diesel hybrid, ikke ladbar",GjsnittKjorelengde,Gjennomsnittlig kjørelengde per kjøretøy (km),2007,2007,,.
15,Personbiler i alt,17,"Diesel hybrid, ikke ladbar",GjsnittKjorelengde,Gjennomsnittlig kjørelengde per kjøretøy (km),2008,2008,,.
15,Personbiler i alt,17,"Diesel hybrid, ikke ladbar",GjsnittKjorelengde,Gjennomsnittlig kjørelengde per kjøretøy (km),2009,2009,,.
15,Personbiler i alt,17,"Diesel hybrid, ikke ladbar",GjsnittKjorelengde,Gjennomsnittlig kjørelengde per kjøretøy (km),2010,2010,,.
15,Personbiler i alt,17,"Diesel hybrid, ikke ladbar",GjsnittKjorelengde,Gjennomsnittlig kjørelengde per kjøretøy (km),2011,2011,,.
15,Personbiler i alt,17,"Diesel hybrid, ikke ladbar",GjsnittKjorelengde,Gjennomsnittlig kjørelengde per kjøretøy (km),2012,2012,,.
15,Personbiler i alt,17,"Diesel hybrid, ikke ladbar",GjsnittKjorelengde,Gjennomsnittlig kjørelengde per kjøretøy (km),2013,2013,,.
15,Personbiler i alt,17,"Diesel hybrid, ikke ladbar",GjsnittKjorelengde,Gjennomsnittlig kjørelengde per kjøretøy (km),2014,2014,,.
15,Personbiler i alt,17,"Diesel hybrid, ikke ladbar",GjsnittKjorelengde,Gjennomsnittlig kjørelengde per kjøretøy (km),2015,2015,,.
15,Personbiler i alt,17,"Diesel hybrid, ikke ladbar",GjsnittKjorelengde,Gjennomsnittlig kjørelengde per kjøretøy (km),2016,2016,20606.0,
15,Personbiler i alt,17,"Diesel hybrid, ikke ladbar",GjsnittKjorelengde,Gjennomsnittlig kjørelengde per kjøretøy (km),2017,2017,19734.0,
15,Personbiler i alt,17,"Diesel hybrid, ikke ladbar",GjsnittKjorelengde,Gjennomsnittlig kjørelengde per kjøretøy (km),2018,2018,18664.0,
15,Personbiler i alt,17,"Diesel hybrid, ikke ladbar",GjsnittKjorelengde,Gjennomsnittlig kjørelengde per kjøretøy (km),2019,2019,14079.0,
15,Personbiler i alt,17,"Diesel hybrid, ikke ladbar",GjsnittKjorelengde,Gjennomsnittlig kjørelengde per kjøretøy (km),2020,2020,14372.0,
15,Personbiler i alt,17,"Diesel hybrid, ikke ladbar",GjsnittKjorelengde,Gjennomsnittlig kjørelengde per kjøretøy (km),2021,2021,15423.0,
15,Personbiler i alt,17,"Diesel hybrid, ikke ladbar",GjsnittKjorelengde,Gjennomsnittlig kjørelengde per kjøretøy (km),2022,2022,15342.0,
15,Personbiler i alt,17,"Diesel hybrid, ikke ladbar",GjsnittKjorelengde,Gjennomsnittlig kjørelengde per kjøretøy (km),2023,2023,15970.0,
15,Personbiler i alt,17,"Diesel hybrid, ikke ladbar",GjsnittKjorelengde,Gjennomsnittlig kjørelengde per kjøretøy (km),2024,2024,16696.0,
15,Personbiler i alt,17,"Diesel hybrid, ikke ladbar",GjsnittKjorelengde,Gjennomsnittlig kjørelengde per kjøretøy (km),2025,2025,17344.0,
15,Personbiler i alt,3,Parafin,Kjorelengde,Kjørelengde (mill. km),2005,2005,,.
15,Personbiler i alt,3,Parafin,Kjorelengde,Kjørelengde (mill. km),2006,2006,,.
15,Personbiler i alt,3,Parafin,Kjorelengde,Kjørelengde (mill. km),2007,2007,,.
15,Personbiler i alt,3,Parafin,Kjorelengde,Kjørelengde (mill. km),2008,2008,,.
15,Personbiler i alt,3,Parafin,Kjorelengde,Kjørelengde (mill. km),2009,2009,,.
15,Personbiler i alt,3,Parafin,Kjorelengde,Kjørelengde (mill. km),2010,2010,,.
15,Personbiler i alt,3,Parafin,Kjorelengde,Kjørelengde (mill. km),2011,2011,,.
15,Personbiler i alt,3,Parafin,Kjorelengde,Kjørelengde (mill. km),2012,2012,,.
15,Personbiler i alt,3,Parafin,Kjorelengde,Kjørelengde (mill. km),2013,2013,,.
15,Personbiler i alt,3,Parafin,Kjorelengde,Kjørelengde (mill. km),2014,2014,,.
15,Personbiler i alt,3,Parafin,Kjorelengde,Kjørelengde (mill. km),2015,2015,,.
15,Personbiler i alt,3,Parafin,Kjorelengde,Kjørelengde (mill. km),2016,2016,0.2,
15,Personbiler i alt,3,Parafin,Kjorelengde,Kjørelengde (mill. km),2017,2017,0.1,
15,Personbiler i alt,3,Parafin,Kjorelengde,Kjørelengde (mill. km),2018,2018,0.1,
15,Personbiler i alt,3,Parafin,Kjorelengde,Kjørelengde (mill. km),2019,2019,,:
15,Personbiler i alt,3,Parafin,Kjorelengde,Kjørelengde (mill. km),2020,2020,0.1,
15,Personbiler i alt,3,Parafin,Kjorelengde,Kjørelengde (mill. km),2021,2021,0.1,
15,Personbiler i alt,3,Parafin,Kjorelengde,Kjørelengde (mill. km),2022,2022,0.1,
15,Personbiler i alt,3,Parafin,Kjorelengde,Kjørelengde (mill. km),2023,2023,0.0,
15,Personbiler i alt,3,Parafin,Kjorelengde,Kjørelengde (mill. km),2024,2024,0.0,
15,Personbiler i alt,3,Parafin,Kjorelengde,Kjørelengde (mill. km),2025,2025,0.0,
15,Personbiler i alt,3,Parafin,GjsnittKjorelengde,Gjennomsnittlig kjørelengde per kjøretøy (km),2005,2005,,.
15,Personbiler i alt,3,Parafin,GjsnittKjorelengde,Gjennomsnittlig kjørelengde per kjøretøy (km),2006,2006,,.
15,Personbiler i alt,3,Parafin,GjsnittKjorelengde,Gjennomsnittlig kjørelengde per kjøretøy (km),2007,2007,,.
15,Personbiler i alt,3,Parafin,GjsnittKjorelengde,Gjennomsnittlig kjørelengde per kjøretøy (km),2008,2008,,.
15,Personbiler i alt,3,Parafin,GjsnittKjorelengde,Gjennomsnittlig kjørelengde per kjøretøy (km),2009,2009,,.
15,Personbiler i alt,3,Parafin,GjsnittKjorelengde,Gjennomsnittlig kjørelengde per kjøretøy (km),2010,2010,,.
15,Personbiler i alt,3,Parafin,GjsnittKjorelengde,Gjennomsnittlig kjørelengde per kjøretøy (km),2011,2011,,.
15,Personbiler i alt,3,Parafin,GjsnittKjorelengde,Gjennomsnittlig kjørelengde per kjøretøy (km),2012,2012,,.
15,Personbiler i alt,3,Parafin,GjsnittKjorelengde,Gjennomsnittlig kjørelengde per kjøretøy (km),2013,2013,,.
15,Personbiler i alt,3,Parafin,GjsnittKjorelengde,Gjennomsnittlig kjørelengde per kjøretøy (km),2014,2014,,.
15,Personbiler i alt,3,Parafin,GjsnittKjorelengde,Gjennomsnittlig kjørelengde per kjøretøy (km),2015,2015,,.
15,Personbiler i alt,3,Parafin,GjsnittKjorelengde,Gjennomsnittlig kjørelengde per kjøretøy (km),2016,2016,11337.0,
15,Personbiler i alt,3,Parafin,GjsnittKjorelengde,Gjennomsnittlig kjørelengde per kjøretøy (km),2017,2017,10787.0,
15,Personbiler i alt,3,Parafin,GjsnittKjorelengde,Gjennomsnittlig kjørelengde per kjøretøy (km),2018,2018,8543.0,
15,Personbiler i alt,3,Parafin,GjsnittKjorelengde,Gjennomsnittlig kjørelengde per kjøretøy (km),2019,2019,,:
15,Personbiler i alt,3,Parafin,GjsnittKjorelengde,Gjennomsnittlig kjørelengde per kjøretøy (km),2020,2020,5571.0,
15,Personbiler i alt,3,Parafin,GjsnittKjorelengde,Gjennomsnittlig kjørelengde per kjøretøy (km),2021,2021,6185.0,
15,Personbiler i alt,3,Parafin,GjsnittKjorelengde,Gjennomsnittlig kjørelengde per kjøretøy (km),2022,2022,6039.0,
15,Personbiler i alt,3,Parafin,GjsnittKjorelengde,Gjennomsnittlig kjørelengde per kjøretøy (km),2023,2023,4630.0,
15,Personbiler i alt,3,Parafin,GjsnittKjorelengde,Gjennomsnittlig kjørelengde per kjøretøy (km),2024,2024,3622.0,
15,Personbiler i alt,3,Parafin,GjsnittKjorelengde,Gjennomsnittlig kjørelengde per kjøretøy (km),2025,2025,4241.0,
15,Personbiler i alt,4,Gass,Kjorelengde,Kjørelengde (mill. km),2005,2005,,.
15,Personbiler i alt,4,Gass,Kjorelengde,Kjørelengde (mill. km),2006,2006,,.
15,Personbiler i alt,4,Gass,Kjorelengde,Kjørelengde (mill. km),2007,2007,,.
15,Personbiler i alt,4,Gass,Kjorelengde,Kjørelengde (mill. km),2008,2008,,.
15,Personbiler i alt,4,Gass,Kjorelengde,Kjørelengde (mill. km),2009,2009,,.
15,Personbiler i alt,4,Gass,Kjorelengde,Kjørelengde (mill. km),2010,2010,,.
15,Personbiler i alt,4,Gass,Kjorelengde,Kjørelengde (mill. km),2011,2011,,.
15,Personbiler i alt,4,Gass,Kjorelengde,Kjørelengde (mill. km),2012,2012,,.
15,Personbiler i alt,4,Gass,Kjorelengde,Kjørelengde (mill. km),2013,2013,,.
15,Personbiler i alt,4,Gass,Kjorelengde,Kjørelengde (mill. km),2014,2014,,.
15,Personbiler i alt,4,Gass,Kjorelengde,Kjørelengde (mill. km),2015,2015,,.
15,Personbiler i alt,4,Gass,Kjorelengde,Kjørelengde (mill. km),2016,2016,2.8,
15,Personbiler i alt,4,Gass,Kjorelengde,Kjørelengde (mill. km),2017,2017,3.2,
15,Personbiler i alt,4,Gass,Kjorelengde,Kjørelengde (mill. km),2018,2018,4.3,
15,Personbiler i alt,4,Gass,Kjorelengde,Kjørelengde (mill. km),2019,2019,4.4,
15,Personbiler i alt,4,Gass,Kjorelengde,Kjørelengde (mill. km),2020,2020,3.6,
15,Personbiler i alt,4,Gass,Kjorelengde,Kjørelengde (mill. km),2021,2021,3.5,
15,Personbiler i alt,4,Gass,Kjorelengde,Kjørelengde (mill. km),2022,2022,3.1,
15,Personbiler i alt,4,Gass,Kjorelengde,Kjørelengde (mill. km),2023,2023,2.5,
15,Personbiler i alt,4,Gass,Kjorelengde,Kjørelengde (mill. km),2024,2024,1.9,
15,Personbiler i alt,4,Gass,Kjorelengde,Kjørelengde (mill. km),2025,2025,1.7,
15,Personbiler i alt,4,Gass,GjsnittKjorelengde,Gjennomsnittlig kjørelengde per kjøretøy (km),2005,2005,,.
15,Personbiler i alt,4,Gass,GjsnittKjorelengde,Gjennomsnittlig kjørelengde per kjøretøy (km),2006,2006,,.
15,Personbiler i alt,4,Gass,GjsnittKjorelengde,Gjennomsnittlig kjørelengde per kjøretøy (km),2007,2007,,.
15,Personbiler i alt,4,Gass,GjsnittKjorelengde,Gjennomsnittlig kjørelengde per kjøretøy (km),2008,2008,,.
15,Personbiler i alt,4,Gass,GjsnittKjorelengde,Gjennomsnittlig kjørelengde per kjøretøy (km),2009,2009,,.
15,Personbiler i alt,4,Gass,GjsnittKjorelengde,Gjennomsnittlig kjørelengde per kjøretøy (km),2010,2010,,.
15,Personbiler i alt,4,Gass,GjsnittKjorelengde,Gjennomsnittlig kjørelengde per kjøretøy (km),2011,2011,,.
15,Personbiler i alt,4,Gass,GjsnittKjorelengde,Gjennomsnittlig kjørelengde per kjøretøy (km),2012,2012,,.
15,Personbiler i alt,4,Gass,GjsnittKjorelengde,Gjennomsnittlig kjørelengde per kjøretøy (km),2013,2013,,.
15,Personbiler i alt,4,Gass,GjsnittKjorelengde,Gjennomsnittlig kjørelengde per kjøretøy (km),2014,2014,,.
15,Personbiler i alt,4,Gass,GjsnittKjorelengde,Gjennomsnittlig kjørelengde per kjøretøy (km),2015,2015,,.
15,Personbiler i alt,4,Gass,GjsnittKjorelengde,Gjennomsnittlig kjørelengde per kjøretøy (km),2016,2016,20273.0,
15,Personbiler i alt,4,Gass,GjsnittKjorelengde,Gjennomsnittlig kjørelengde per kjøretøy (km),2017,2017,16783.0,
15,Personbiler i alt,4,Gass,GjsnittKjorelengde,Gjennomsnittlig kjørelengde per kjøretøy (km),2018,2018,17116.0,
15,Personbiler i alt,4,Gass,GjsnittKjorelengde,Gjennomsnittlig kjørelengde per kjøretøy (km),2019,2019,16757.0,
15,Personbiler i alt,4,Gass,GjsnittKjorelengde,Gjennomsnittlig kjørelengde per kjøretøy (km),2020,2020,13407.0,
15,Personbiler i alt,4,Gass,GjsnittKjorelengde,Gjennomsnittlig kjørelengde per kjøretøy (km),2021,2021,13495.0,
15,Personbiler i alt,4,Gass,GjsnittKjorelengde,Gjennomsnittlig kjørelengde per kjøretøy (km),2022,2022,12618.0,
15,Personbiler i alt,4,Gass,GjsnittKjorelengde,Gjennomsnittlig kjørelengde per kjøretøy (km),2023,2023,10912.0,
15,Personbiler i alt,4,Gass,GjsnittKjorelengde,Gjennomsnittlig kjørelengde per kjøretøy (km),2024,2024,9657.0,
15,Personbiler i alt,4,Gass,GjsnittKjorelengde,Gjennomsnittlig kjørelengde per kjøretøy (km),2025,2025,9128.0,
15,Personbiler i alt,13,Hydrogen,Kjorelengde,Kjørelengde (mill. km),2005,2005,,.
15,Personbiler i alt,13,Hydrogen,Kjorelengde,Kjørelengde (mill. km),2006,2006,,.
15,Personbiler i alt,13,Hydrogen,Kjorelengde,Kjørelengde (mill. km),2007,2007,,.
15,Personbiler i alt,13,Hydrogen,Kjorelengde,Kjørelengde (mill. km),2008,2008,,.
15,Personbiler i alt,13,Hydrogen,Kjorelengde,Kjørelengde (mill. km),2009,2009,,.
15,Personbiler i alt,13,Hydrogen,Kjorelengde,Kjørelengde (mill. km),2010,2010,,.
15,Personbiler i alt,13,Hydrogen,Kjorelengde,Kjørelengde (mill. km),2011,2011,,.
15,Personbiler i alt,13,Hydrogen,Kjorelengde,Kjørelengde (mill. km),2012,2012,,.
15,Personbiler i alt,13,Hydrogen,Kjorelengde,Kjørelengde (mill. km),2013,2013,,.
15,Personbiler i alt,13,Hydrogen,Kjorelengde,Kjørelengde (mill. km),2014,2014,,.
15,Personbiler i alt,13,Hydrogen,Kjorelengde,Kjørelengde (mill. km),2015,2015,,.
15,Personbiler i alt,13,Hydrogen,Kjorelengde,Kjørelengde (mill. km),2016,2016,0.4,
15,Personbiler i alt,13,Hydrogen,Kjorelengde,Kjørelengde (mill. km),2017,2017,1.1,
15,Personbiler i alt,13,Hydrogen,Kjorelengde,Kjørelengde (mill. km),2018,2018,2.0,
15,Personbiler i alt,13,Hydrogen,Kjorelengde,Kjørelengde (mill. km),2019,2019,2.6,
15,Personbiler i alt,13,Hydrogen,Kjorelengde,Kjørelengde (mill. km),2020,2020,1.6,
15,Personbiler i alt,13,Hydrogen,Kjorelengde,Kjørelengde (mill. km),2021,2021,1.6,
15,Personbiler i alt,13,Hydrogen,Kjorelengde,Kjørelengde (mill. km),2022,2022,3.7,
15,Personbiler i alt,13,Hydrogen,Kjorelengde,Kjørelengde (mill. km),2023,2023,4.0,
15,Personbiler i alt,13,Hydrogen,Kjorelengde,Kjørelengde (mill. km),2024,2024,2.8,
15,Personbiler i alt,13,Hydrogen,Kjorelengde,Kjørelengde (mill. km),2025,2025,2.1,
15,Personbiler i alt,13,Hydrogen,GjsnittKjorelengde,Gjennomsnittlig kjørelengde per kjøretøy (km),2005,2005,,.
15,Personbiler i alt,13,Hydrogen,GjsnittKjorelengde,Gjennomsnittlig kjørelengde per kjøretøy (km),2006,2006,,.
15,Personbiler i alt,13,Hydrogen,GjsnittKjorelengde,Gjennomsnittlig kjørelengde per kjøretøy (km),2007,2007,,.
15,Personbiler i alt,13,Hydrogen,GjsnittKjorelengde,Gjennomsnittlig kjørelengde per kjøretøy (km),2008,2008,,.
15,Personbiler i alt,13,Hydrogen,GjsnittKjorelengde,Gjennomsnittlig kjørelengde per kjøretøy (km),2009,2009,,.
15,Personbiler i alt,13,Hydrogen,GjsnittKjorelengde,Gjennomsnittlig kjørelengde per kjøretøy (km),2010,2010,,.
15,Personbiler i alt,13,Hydrogen,GjsnittKjorelengde,Gjennomsnittlig kjørelengde per kjøretøy (km),2011,2011,,.
15,Personbiler i alt,13,Hydrogen,GjsnittKjorelengde,Gjennomsnittlig kjørelengde per kjøretøy (km),2012,2012,,.
15,Personbiler i alt,13,Hydrogen,GjsnittKjorelengde,Gjennomsnittlig kjørelengde per kjøretøy (km),2013,2013,,.
15,Personbiler i alt,13,Hydrogen,GjsnittKjorelengde,Gjennomsnittlig kjørelengde per kjøretøy (km),2014,2014,,.
15,Personbiler i alt,13,Hydrogen,GjsnittKjorelengde,Gjennomsnittlig kjørelengde per kjøretøy (km),2015,2015,,.
15,Personbiler i alt,13,Hydrogen,GjsnittKjorelengde,Gjennomsnittlig kjørelengde per kjøretøy (km),2016,2016,9806.0,
15,Personbiler i alt,13,Hydrogen,GjsnittKjorelengde,Gjennomsnittlig kjørelengde per kjøretøy (km),2017,2017,11251.0,
15,Personbiler i alt,13,Hydrogen,GjsnittKjorelengde,Gjennomsnittlig kjørelengde per kjøretøy (km),2018,2018,13798.0,
15,Personbiler i alt,13,Hydrogen,GjsnittKjorelengde,Gjennomsnittlig kjørelengde per kjøretøy (km),2019,2019,14801.0,
15,Personbiler i alt,13,Hydrogen,GjsnittKjorelengde,Gjennomsnittlig kjørelengde per kjøretøy (km),2020,2020,8738.0,
15,Personbiler i alt,13,Hydrogen,GjsnittKjorelengde,Gjennomsnittlig kjørelengde per kjøretøy (km),2021,2021,7710.0,
15,Personbiler i alt,13,Hydrogen,GjsnittKjorelengde,Gjennomsnittlig kjørelengde per kjøretøy (km),2022,2022,13711.0,
15,Personbiler i alt,13,Hydrogen,GjsnittKjorelengde,Gjennomsnittlig kjørelengde per kjøretøy (km),2023,2023,15807.0,
15,Personbiler i alt,13,Hydrogen,GjsnittKjorelengde,Gjennomsnittlig kjørelengde per kjøretøy (km),2024,2024,13428.0,
15,Personbiler i alt,13,Hydrogen,GjsnittKjorelengde,Gjennomsnittlig kjørelengde per kjøretøy (km),2025,2025,9888.0,
15,Personbiler i alt,7,Andre drivstoff,Kjorelengde,Kjørelengde (mill. km),2005,2005,0.7,
15,Personbiler i alt,7,Andre drivstoff,Kjorelengde,Kjørelengde (mill. km),2006,2006,1.0,
15,Personbiler i alt,7,Andre drivstoff,Kjorelengde,Kjørelengde (mill. km),2007,2007,1.3,
15,Personbiler i alt,7,Andre drivstoff,Kjorelengde,Kjørelengde (mill. km),2008,2008,1.9,
15,Personbiler i alt,7,Andre drivstoff,Kjorelengde,Kjørelengde (mill. km),2009,2009,2.4,
15,Personbiler i alt,7,Andre drivstoff,Kjorelengde,Kjørelengde (mill. km),2010,2010,2.4,
15,Personbiler i alt,7,Andre drivstoff,Kjorelengde,Kjørelengde (mill. km),2011,2011,3.3,
15,Personbiler i alt,7,Andre drivstoff,Kjorelengde,Kjørelengde (mill. km),2012,2012,4.7,
15,Personbiler i alt,7,Andre drivstoff,Kjorelengde,Kjørelengde (mill. km),2013,2013,15.8,
15,Personbiler i alt,7,Andre drivstoff,Kjorelengde,Kjørelengde (mill. km),2014,2014,12.9,
15,Personbiler i alt,7,Andre drivstoff,Kjorelengde,Kjørelengde (mill. km),2015,2015,17.2,
15,Personbiler i alt,7,Andre drivstoff,Kjorelengde,Kjørelengde (mill. km),2016,2016,0.2,
15,Personbiler i alt,7,Andre drivstoff,Kjorelengde,Kjørelengde (mill. km),2017,2017,0.2,
15,Personbiler i alt,7,Andre drivstoff,Kjorelengde,Kjørelengde (mill. km),2018,2018,0.2,
15,Personbiler i alt,7,Andre drivstoff,Kjorelengde,Kjørelengde (mill. km),2019,2019,,:
15,Personbiler i alt,7,Andre drivstoff,Kjorelengde,Kjørelengde (mill. km),2020,2020,0.2,
15,Personbiler i alt,7,Andre drivstoff,Kjorelengde,Kjørelengde (mill. km),2021,2021,0.1,
15,Personbiler i alt,7,Andre drivstoff,Kjorelengde,Kjørelengde (mill. km),2022,2022,0.1,
15,Personbiler i alt,7,Andre drivstoff,Kjorelengde,Kjørelengde (mill. km),2023,2023,0.1,
15,Personbiler i alt,7,Andre drivstoff,Kjorelengde,Kjørelengde (mill. km),2024,2024,0.1,
15,Personbiler i alt,7,Andre drivstoff,Kjorelengde,Kjørelengde (mill. km),2025,2025,0.1,
15,Personbiler i alt,7,Andre drivstoff,GjsnittKjorelengde,Gjennomsnittlig kjørelengde per kjøretøy (km),2005,2005,16598.0,
15,Personbiler i alt,7,Andre drivstoff,GjsnittKjorelengde,Gjennomsnittlig kjørelengde per kjøretøy (km),2006,2006,13746.0,
15,Personbiler i alt,7,Andre drivstoff,GjsnittKjorelengde,Gjennomsnittlig kjørelengde per kjøretøy (km),2007,2007,11077.0,
15,Personbiler i alt,7,Andre drivstoff,GjsnittKjorelengde,Gjennomsnittlig kjørelengde per kjøretøy (km),2008,2008,10746.0,
15,Personbiler i alt,7,Andre drivstoff,GjsnittKjorelengde,Gjennomsnittlig kjørelengde per kjøretøy (km),2009,2009,13123.0,
15,Personbiler i alt,7,Andre drivstoff,GjsnittKjorelengde,Gjennomsnittlig kjørelengde per kjøretøy (km),2010,2010,11549.0,
15,Personbiler i alt,7,Andre drivstoff,GjsnittKjorelengde,Gjennomsnittlig kjørelengde per kjøretøy (km),2011,2011,13479.0,
15,Personbiler i alt,7,Andre drivstoff,GjsnittKjorelengde,Gjennomsnittlig kjørelengde per kjøretøy (km),2012,2012,10328.0,
15,Personbiler i alt,7,Andre drivstoff,GjsnittKjorelengde,Gjennomsnittlig kjørelengde per kjøretøy (km),2013,2013,7117.0,
15,Personbiler i alt,7,Andre drivstoff,GjsnittKjorelengde,Gjennomsnittlig kjørelengde per kjøretøy (km),2014,2014,10804.0,
15,Personbiler i alt,7,Andre drivstoff,GjsnittKjorelengde,Gjennomsnittlig kjørelengde per kjøretøy (km),2015,2015,14561.0,
15,Personbiler i alt,7,Andre drivstoff,GjsnittKjorelengde,Gjennomsnittlig kjørelengde per kjøretøy (km),2016,2016,4498.0,
15,Personbiler i alt,7,Andre drivstoff,GjsnittKjorelengde,Gjennomsnittlig kjørelengde per kjøretøy (km),2017,2017,4442.0,
15,Personbiler i alt,7,Andre drivstoff,GjsnittKjorelengde,Gjennomsnittlig kjørelengde per kjøretøy (km),2018,2018,4696.0,
15,Personbiler i alt,7,Andre drivstoff,GjsnittKjorelengde,Gjennomsnittlig kjørelengde per kjøretøy (km),2019,2019,,:
15,Personbiler i alt,7,Andre drivstoff,GjsnittKjorelengde,Gjennomsnittlig kjørelengde per kjøretøy (km),2020,2020,3751.0,
15,Personbiler i alt,7,Andre drivstoff,GjsnittKjorelengde,Gjennomsnittlig kjørelengde per kjøretøy (km),2021,2021,1936.0,
15,Personbiler i alt,7,Andre drivstoff,GjsnittKjorelengde,Gjennomsnittlig kjørelengde per kjøretøy (km),2022,2022,5771.0,
15,Personbiler i alt,7,Andre drivstoff,GjsnittKjorelengde,Gjennomsnittlig kjørelengde per kjøretøy (km),2023,2023,3697.0,
15,Personbiler i alt,7,Andre drivstoff,GjsnittKjorelengde,Gjennomsnittlig kjørelengde per kjøretøy (km),2024,2024,3227.0,
15,Personbiler i alt,7,Andre drivstoff,GjsnittKjorelengde,Gjennomsnittlig kjørelengde per kjøretøy (km),2025,2025,4753.0,
20,Personbiler,0,Alle typer drivstoff,Kjorelengde,Kjørelengde (mill. km),2005,2005,27972.4,
20,Personbiler,0,Alle typer drivstoff,Kjorelengde,Kjørelengde (mill. km),2006,2006,29067.0,
20,Personbiler,0,Alle typer drivstoff,Kjorelengde,Kjørelengde (mill. km),2007,2007,31360.6,
20,Personbiler,0,Alle typer drivstoff,Kjorelengde,Kjørelengde (mill. km),2008,2008,31781.0,
20,Personbiler,0,Alle typer drivstoff,Kjorelengde,Kjørelengde (mill. km),2009,2009,31740.1,
20,Personbiler,0,Alle typer drivstoff,Kjorelengde,Kjørelengde (mill. km),2010,2010,31941.4,
20,Personbiler,0,Alle typer drivstoff,Kjorelengde,Kjørelengde (mill. km),2011,2011,32252.8,
20,Personbiler,0,Alle typer drivstoff,Kjorelengde,Kjørelengde (mill. km),2012,2012,33129.0,
20,Personbiler,0,Alle typer drivstoff,Kjorelengde,Kjørelengde (mill. km),2013,2013,33204.2,
20,Personbiler,0,Alle typer drivstoff,Kjorelengde,Kjørelengde (mill. km),2014,2014,33133.9,
20,Personbiler,0,Alle typer drivstoff,Kjorelengde,Kjørelengde (mill. km),2015,2015,33636.2,
20,Personbiler,0,Alle typer drivstoff,Kjorelengde,Kjørelengde (mill. km),2016,2016,34012.1,
20,Personbiler,0,Alle typer drivstoff,Kjorelengde,Kjørelengde (mill. km),2017,2017,34565.2,
20,Personbiler,0,Alle typer drivstoff,Kjorelengde,Kjørelengde (mill. km),2018,2018,35136.8,
20,Personbiler,0,Alle typer drivstoff,Kjorelengde,Kjørelengde (mill. km),2019,2019,34615.0,
20,Personbiler,0,Alle typer drivstoff,Kjorelengde,Kjørelengde (mill. km),2020,2020,33091.7,
20,Personbiler,0,Alle typer drivstoff,Kjorelengde,Kjørelengde (mill. km),2021,2021,34303.0,
20,Personbiler,0,Alle typer drivstoff,Kjorelengde,Kjørelengde (mill. km),2022,2022,34401.3,
20,Personbiler,0,Alle typer drivstoff,Kjorelengde,Kjørelengde (mill. km),2023,2023,34735.2,
20,Personbiler,0,Alle typer drivstoff,Kjorelengde,Kjørelengde (mill. km),2024,2024,34495.2,
20,Personbiler,0,Alle typer drivstoff,Kjorelengde,Kjørelengde (mill. km),2025,2025,35071.0,
20,Personbiler,0,Alle typer drivstoff,GjsnittKjorelengde,Gjennomsnittlig kjørelengde per kjøretøy (km),2005,2005,12939.0,
20,Personbiler,0,Alle typer drivstoff,GjsnittKjorelengde,Gjennomsnittlig kjørelengde per kjøretøy (km),2006,2006,13130.0,
20,Personbiler,0,Alle typer drivstoff,GjsnittKjorelengde,Gjennomsnittlig kjørelengde per kjøretøy (km),2007,2007,13736.0,
20,Personbiler,0,Alle typer drivstoff,GjsnittKjorelengde,Gjennomsnittlig kjørelengde per kjøretøy (km),2008,2008,13653.0,
20,Personbiler,0,Alle typer drivstoff,GjsnittKjorelengde,Gjennomsnittlig kjørelengde per kjøretøy (km),2009,2009,13439.0,
20,Personbiler,0,Alle typer drivstoff,GjsnittKjorelengde,Gjennomsnittlig kjørelengde per kjøretøy (km),2010,2010,13126.0,
20,Personbiler,0,Alle typer drivstoff,GjsnittKjorelengde,Gjennomsnittlig kjørelengde per kjøretøy (km),2011,2011,12858.0,
20,Personbiler,0,Alle typer drivstoff,GjsnittKjorelengde,Gjennomsnittlig kjørelengde per kjøretøy (km),2012,2012,12856.0,
20,Personbiler,0,Alle typer drivstoff,GjsnittKjorelengde,Gjennomsnittlig kjørelengde per kjøretøy (km),2013,2013,12560.0,
20,Personbiler,0,Alle typer drivstoff,GjsnittKjorelengde,Gjennomsnittlig kjørelengde per kjøretøy (km),2014,2014,12305.0,
20,Personbiler,0,Alle typer drivstoff,GjsnittKjorelengde,Gjennomsnittlig kjørelengde per kjøretøy (km),2015,2015,12248.0,
20,Personbiler,0,Alle typer drivstoff,GjsnittKjorelengde,Gjennomsnittlig kjørelengde per kjøretøy (km),2016,2016,12153.0,
20,Personbiler,0,Alle typer drivstoff,GjsnittKjorelengde,Gjennomsnittlig kjørelengde per kjøretøy (km),2017,2017,12110.0,
20,Personbiler,0,Alle typer drivstoff,GjsnittKjorelengde,Gjennomsnittlig kjørelengde per kjøretøy (km),2018,2018,12115.0,
20,Personbiler,0,Alle typer drivstoff,GjsnittKjorelengde,Gjennomsnittlig kjørelengde per kjøretøy (km),2019,2019,11853.0,
20,Personbiler,0,Alle typer drivstoff,GjsnittKjorelengde,Gjennomsnittlig kjørelengde per kjøretøy (km),2020,2020,11153.0,
20,Personbiler,0,Alle typer drivstoff,GjsnittKjorelengde,Gjennomsnittlig kjørelengde per kjøretøy (km),2021,2021,11305.0,
20,Personbiler,0,Alle typer drivstoff,GjsnittKjorelengde,Gjennomsnittlig kjørelengde per kjøretøy (km),2022,2022,11085.0,
20,Personbiler,0,Alle typer drivstoff,GjsnittKjorelengde,Gjennomsnittlig kjørelengde per kjøretøy (km),2023,2023,11261.0,
20,Personbiler,0,Alle typer drivstoff,GjsnittKjorelengde,Gjennomsnittlig kjørelengde per kjøretøy (km),2024,2024,11205.0,
20,Personbiler,0,Alle typer drivstoff,GjsnittKjorelengde,Gjennomsnittlig kjørelengde per kjøretøy (km),2025,2025,11325.0,
20,Personbiler,1,Bensin,Kjorelengde,Kjørelengde (mill. km),2005,2005,22401.9,
20,Personbiler,1,Bensin,Kjorelengde,Kjørelengde (mill. km),2006,2006,21976.1,
20,Personbiler,1,Bensin,Kjorelengde,Kjørelengde (mill. km),2007,2007,21576.6,
20,Personbiler,1,Bensin,Kjorelengde,Kjørelengde (mill. km),2008,2008,20298.5,
20,Personbiler,1,Bensin,Kjorelengde,Kjørelengde (mill. km),2009,2009,19039.6,
20,Personbiler,1,Bensin,Kjorelengde,Kjørelengde (mill. km),2010,2010,17853.4,
20,Personbiler,1,Bensin,Kjorelengde,Kjørelengde (mill. km),2011,2011,16715.7,
20,Personbiler,1,Bensin,Kjorelengde,Kjørelengde (mill. km),2012,2012,15738.0,
20,Personbiler,1,Bensin,Kjorelengde,Kjørelengde (mill. km),2013,2013,14848.2,
20,Personbiler,1,Bensin,Kjorelengde,Kjørelengde (mill. km),2014,2014,13958.5,
20,Personbiler,1,Bensin,Kjorelengde,Kjørelengde (mill. km),2015,2015,13314.3,
20,Personbiler,1,Bensin,Kjorelengde,Kjørelengde (mill. km),2016,2016,12155.1,
20,Personbiler,1,Bensin,Kjorelengde,Kjørelengde (mill. km),2017,2017,11483.3,
20,Personbiler,1,Bensin,Kjorelengde,Kjørelengde (mill. km),2018,2018,10705.9,
20,Personbiler,1,Bensin,Kjorelengde,Kjørelengde (mill. km),2019,2019,9788.3,
20,Personbiler,1,Bensin,Kjorelengde,Kjørelengde (mill. km),2020,2020,8593.7,
20,Personbiler,1,Bensin,Kjorelengde,Kjørelengde (mill. km),2021,2021,7984.6,
20,Personbiler,1,Bensin,Kjorelengde,Kjørelengde (mill. km),2022,2022,7163.8,
20,Personbiler,1,Bensin,Kjorelengde,Kjørelengde (mill. km),2023,2023,6466.1,
20,Personbiler,1,Bensin,Kjorelengde,Kjørelengde (mill. km),2024,2024,5937.4,
20,Personbiler,1,Bensin,Kjorelengde,Kjørelengde (mill. km),2025,2025,5452.7,
20,Personbiler,1,Bensin,GjsnittKjorelengde,Gjennomsnittlig kjørelengde per kjøretøy (km),2005,2005,12177.0,
20,Personbiler,1,Bensin,GjsnittKjorelengde,Gjennomsnittlig kjørelengde per kjøretøy (km),2006,2006,12098.0,
20,Personbiler,1,Bensin,GjsnittKjorelengde,Gjennomsnittlig kjørelengde per kjøretøy (km),2007,2007,12235.0,
20,Personbiler,1,Bensin,GjsnittKjorelengde,Gjennomsnittlig kjørelengde per kjøretøy (km),2008,2008,11868.0,
20,Personbiler,1,Bensin,GjsnittKjorelengde,Gjennomsnittlig kjørelengde per kjøretøy (km),2009,2009,11506.0,
20,Personbiler,1,Bensin,GjsnittKjorelengde,Gjennomsnittlig kjørelengde per kjøretøy (km),2010,2010,11094.0,
20,Personbiler,1,Bensin,GjsnittKjorelengde,Gjennomsnittlig kjørelengde per kjøretøy (km),2011,2011,10711.0,
20,Personbiler,1,Bensin,GjsnittKjorelengde,Gjennomsnittlig kjørelengde per kjøretøy (km),2012,2012,10345.0,
20,Personbiler,1,Bensin,GjsnittKjorelengde,Gjennomsnittlig kjørelengde per kjøretøy (km),2013,2013,9960.0,
20,Personbiler,1,Bensin,GjsnittKjorelengde,Gjennomsnittlig kjørelengde per kjøretøy (km),2014,2014,9655.0,
20,Personbiler,1,Bensin,GjsnittKjorelengde,Gjennomsnittlig kjørelengde per kjøretøy (km),2015,2015,9452.0,
20,Personbiler,1,Bensin,GjsnittKjorelengde,Gjennomsnittlig kjørelengde per kjøretøy (km),2016,2016,9310.0,
20,Personbiler,1,Bensin,GjsnittKjorelengde,Gjennomsnittlig kjørelengde per kjøretøy (km),2017,2017,9211.0,
20,Personbiler,1,Bensin,GjsnittKjorelengde,Gjennomsnittlig kjørelengde per kjøretøy (km),2018,2018,9035.0,
20,Personbiler,1,Bensin,GjsnittKjorelengde,Gjennomsnittlig kjørelengde per kjøretøy (km),2019,2019,8809.0,
20,Personbiler,1,Bensin,GjsnittKjorelengde,Gjennomsnittlig kjørelengde per kjøretøy (km),2020,2020,8160.0,
20,Personbiler,1,Bensin,GjsnittKjorelengde,Gjennomsnittlig kjørelengde per kjøretøy (km),2021,2021,8120.0,
20,Personbiler,1,Bensin,GjsnittKjorelengde,Gjennomsnittlig kjørelengde per kjøretøy (km),2022,2022,7767.0,
20,Personbiler,1,Bensin,GjsnittKjorelengde,Gjennomsnittlig kjørelengde per kjøretøy (km),2023,2023,7568.0,
20,Personbiler,1,Bensin,GjsnittKjorelengde,Gjennomsnittlig kjørelengde per kjøretøy (km),2024,2024,7422.0,
20,Personbiler,1,Bensin,GjsnittKjorelengde,Gjennomsnittlig kjørelengde per kjøretøy (km),2025,2025,7628.0,
20,Personbiler,2,Diesel,Kjorelengde,Kjørelengde (mill. km),2005,2005,5560.4,
20,Personbiler,2,Diesel,Kjorelengde,Kjørelengde (mill. km),2006,2006,7079.3,
20,Personbiler,2,Diesel,Kjorelengde,Kjørelengde (mill. km),2007,2007,9772.0,
20,Personbiler,2,Diesel,Kjorelengde,Kjørelengde (mill. km),2008,2008,11469.2,
20,Personbiler,2,Diesel,Kjorelengde,Kjørelengde (mill. km),2009,2009,12683.4,
20,Personbiler,2,Diesel,Kjorelengde,Kjørelengde (mill. km),2010,2010,14071.0,
20,Personbiler,2,Diesel,Kjorelengde,Kjørelengde (mill. km),2011,2011,15508.3,
20,Personbiler,2,Diesel,Kjorelengde,Kjørelengde (mill. km),2012,2012,17324.5,
20,Personbiler,2,Diesel,Kjorelengde,Kjørelengde (mill. km),2013,2013,18238.5,
20,Personbiler,2,Diesel,Kjorelengde,Kjørelengde (mill. km),2014,2014,18862.3,
20,Personbiler,2,Diesel,Kjorelengde,Kjørelengde (mill. km),2015,2015,19513.5,
20,Personbiler,2,Diesel,Kjorelengde,Kjørelengde (mill. km),2016,2016,19700.0,
20,Personbiler,2,Diesel,Kjorelengde,Kjørelengde (mill. km),2017,2017,19724.1,
20,Personbiler,2,Diesel,Kjorelengde,Kjørelengde (mill. km),2018,2018,19422.3,
20,Personbiler,2,Diesel,Kjorelengde,Kjørelengde (mill. km),2019,2019,18448.0,
20,Personbiler,2,Diesel,Kjorelengde,Kjørelengde (mill. km),2020,2020,16761.8,
20,Personbiler,2,Diesel,Kjorelengde,Kjørelengde (mill. km),2021,2021,16141.3,
20,Personbiler,2,Diesel,Kjorelengde,Kjørelengde (mill. km),2022,2022,14738.5,
20,Personbiler,2,Diesel,Kjorelengde,Kjørelengde (mill. km),2023,2023,13598.6,
20,Personbiler,2,Diesel,Kjorelengde,Kjørelengde (mill. km),2024,2024,12676.9,
20,Personbiler,2,Diesel,Kjorelengde,Kjørelengde (mill. km),2025,2025,11709.6,
20,Personbiler,2,Diesel,GjsnittKjorelengde,Gjennomsnittlig kjørelengde per kjøretøy (km),2005,2005,17321.0,
20,Personbiler,2,Diesel,GjsnittKjorelengde,Gjennomsnittlig kjørelengde per kjøretøy (km),2006,2006,17894.0,
20,Personbiler,2,Diesel,GjsnittKjorelengde,Gjennomsnittlig kjørelengde per kjøretøy (km),2007,2007,18871.0,
20,Personbiler,2,Diesel,GjsnittKjorelengde,Gjennomsnittlig kjørelengde per kjøretøy (km),2008,2008,18632.0,
20,Personbiler,2,Diesel,GjsnittKjorelengde,Gjennomsnittlig kjørelengde per kjøretøy (km),2009,2009,17994.0,
20,Personbiler,2,Diesel,GjsnittKjorelengde,Gjennomsnittlig kjørelengde per kjøretøy (km),2010,2010,17125.0,
20,Personbiler,2,Diesel,GjsnittKjorelengde,Gjennomsnittlig kjørelengde per kjøretøy (km),2011,2011,16438.0,
20,Personbiler,2,Diesel,GjsnittKjorelengde,Gjennomsnittlig kjørelengde per kjøretøy (km),2012,2012,16547.0,
20,Personbiler,2,Diesel,GjsnittKjorelengde,Gjennomsnittlig kjørelengde per kjøretøy (km),2013,2013,16103.0,
20,Personbiler,2,Diesel,GjsnittKjorelengde,Gjennomsnittlig kjørelengde per kjøretøy (km),2014,2014,15632.0,
20,Personbiler,2,Diesel,GjsnittKjorelengde,Gjennomsnittlig kjørelengde per kjøretøy (km),2015,2015,15404.0,
20,Personbiler,2,Diesel,GjsnittKjorelengde,Gjennomsnittlig kjørelengde per kjøretøy (km),2016,2016,15118.0,
20,Personbiler,2,Diesel,GjsnittKjorelengde,Gjennomsnittlig kjørelengde per kjøretøy (km),2017,2017,14920.0,
20,Personbiler,2,Diesel,GjsnittKjorelengde,Gjennomsnittlig kjørelengde per kjøretøy (km),2018,2018,14650.0,
20,Personbiler,2,Diesel,GjsnittKjorelengde,Gjennomsnittlig kjørelengde per kjøretøy (km),2019,2019,14053.0,
20,Personbiler,2,Diesel,GjsnittKjorelengde,Gjennomsnittlig kjørelengde per kjøretøy (km),2020,2020,12980.0,
20,Personbiler,2,Diesel,GjsnittKjorelengde,Gjennomsnittlig kjørelengde per kjøretøy (km),2021,2021,12878.0,
20,Personbiler,2,Diesel,GjsnittKjorelengde,Gjennomsnittlig kjørelengde per kjøretøy (km),2022,2022,12206.0,
20,Personbiler,2,Diesel,GjsnittKjorelengde,Gjennomsnittlig kjørelengde per kjøretøy (km),2023,2023,11888.0,
20,Personbiler,2,Diesel,GjsnittKjorelengde,Gjennomsnittlig kjørelengde per kjøretøy (km),2024,2024,11729.0,
20,Personbiler,2,Diesel,GjsnittKjorelengde,Gjennomsnittlig kjørelengde per kjøretøy (km),2025,2025,11490.0,
20,Personbiler,18,Elektrisitet,Kjorelengde,Kjørelengde (mill. km),2005,2005,9.5,
20,Personbiler,18,Elektrisitet,Kjorelengde,Kjørelengde (mill. km),2006,2006,10.8,
20,Personbiler,18,Elektrisitet,Kjorelengde,Kjørelengde (mill. km),2007,2007,11.0,
20,Personbiler,18,Elektrisitet,Kjorelengde,Kjørelengde (mill. km),2008,2008,11.6,
20,Personbiler,18,Elektrisitet,Kjorelengde,Kjørelengde (mill. km),2009,2009,15.0,
20,Personbiler,18,Elektrisitet,Kjorelengde,Kjørelengde (mill. km),2010,2010,14.9,
20,Personbiler,18,Elektrisitet,Kjorelengde,Kjørelengde (mill. km),2011,2011,26.4,
20,Personbiler,18,Elektrisitet,Kjorelengde,Kjørelengde (mill. km),2012,2012,62.5,
20,Personbiler,18,Elektrisitet,Kjorelengde,Kjørelengde (mill. km),2013,2013,102.6,
20,Personbiler,18,Elektrisitet,Kjorelengde,Kjørelengde (mill. km),2014,2014,300.9,
20,Personbiler,18,Elektrisitet,Kjorelengde,Kjørelengde (mill. km),2015,2015,792.4,
20,Personbiler,18,Elektrisitet,Kjorelengde,Kjørelengde (mill. km),2016,2016,1161.8,
20,Personbiler,18,Elektrisitet,Kjorelengde,Kjørelengde (mill. km),2017,2017,1650.4,
20,Personbiler,18,Elektrisitet,Kjorelengde,Kjørelengde (mill. km),2018,2018,2397.9,
20,Personbiler,18,Elektrisitet,Kjorelengde,Kjørelengde (mill. km),2019,2019,3325.0,
20,Personbiler,18,Elektrisitet,Kjorelengde,Kjørelengde (mill. km),2020,2020,4196.2,
20,Personbiler,18,Elektrisitet,Kjorelengde,Kjørelengde (mill. km),2021,2021,5935.2,
20,Personbiler,18,Elektrisitet,Kjorelengde,Kjørelengde (mill. km),2022,2022,7890.1,
20,Personbiler,18,Elektrisitet,Kjorelengde,Kjørelengde (mill. km),2023,2023,9764.5,
20,Personbiler,18,Elektrisitet,Kjorelengde,Kjørelengde (mill. km),2024,2024,10784.2,
20,Personbiler,18,Elektrisitet,Kjorelengde,Kjørelengde (mill. km),2025,2025,12791.4,
20,Personbiler,18,Elektrisitet,GjsnittKjorelengde,Gjennomsnittlig kjørelengde per kjøretøy (km),2005,2005,7566.0,
20,Personbiler,18,Elektrisitet,GjsnittKjorelengde,Gjennomsnittlig kjørelengde per kjøretøy (km),2006,2006,7407.0,
20,Personbiler,18,Elektrisitet,GjsnittKjorelengde,Gjennomsnittlig kjørelengde per kjøretøy (km),2007,2007,7248.0,
20,Personbiler,18,Elektrisitet,GjsnittKjorelengde,Gjennomsnittlig kjørelengde per kjøretøy (km),2008,2008,6635.0,
20,Personbiler,18,Elektrisitet,GjsnittKjorelengde,Gjennomsnittlig kjørelengde per kjøretøy (km),2009,2009,7926.0,
20,Personbiler,18,Elektrisitet,GjsnittKjorelengde,Gjennomsnittlig kjørelengde per kjøretøy (km),2010,2010,6806.0,
20,Personbiler,18,Elektrisitet,GjsnittKjorelengde,Gjennomsnittlig kjørelengde per kjøretøy (km),2011,2011,6425.0,
20,Personbiler,18,Elektrisitet,GjsnittKjorelengde,Gjennomsnittlig kjørelengde per kjøretøy (km),2012,2012,7594.0,
20,Personbiler,18,Elektrisitet,GjsnittKjorelengde,Gjennomsnittlig kjørelengde per kjøretøy (km),2013,2013,5672.0,
20,Personbiler,18,Elektrisitet,GjsnittKjorelengde,Gjennomsnittlig kjørelengde per kjøretøy (km),2014,2014,7714.0,
20,Personbiler,18,Elektrisitet,GjsnittKjorelengde,Gjennomsnittlig kjørelengde per kjøretøy (km),2015,2015,11367.0,
20,Personbiler,18,Elektrisitet,GjsnittKjorelengde,Gjennomsnittlig kjørelengde per kjøretøy (km),2016,2016,11777.0,
20,Personbiler,18,Elektrisitet,GjsnittKjorelengde,Gjennomsnittlig kjørelengde per kjøretøy (km),2017,2017,11808.0,
20,Personbiler,18,Elektrisitet,GjsnittKjorelengde,Gjennomsnittlig kjørelengde per kjøretøy (km),2018,2018,12157.0,
20,Personbiler,18,Elektrisitet,GjsnittKjorelengde,Gjennomsnittlig kjørelengde per kjøretøy (km),2019,2019,12616.0,
20,Personbiler,18,Elektrisitet,GjsnittKjorelengde,Gjennomsnittlig kjørelengde per kjøretøy (km),2020,2020,12176.0,
20,Personbiler,18,Elektrisitet,GjsnittKjorelengde,Gjennomsnittlig kjørelengde per kjøretøy (km),2021,2021,12725.0,
20,Personbiler,18,Elektrisitet,GjsnittKjorelengde,Gjennomsnittlig kjørelengde per kjøretøy (km),2022,2022,12841.0,
20,Personbiler,18,Elektrisitet,GjsnittKjorelengde,Gjennomsnittlig kjørelengde per kjøretøy (km),2023,2023,13740.0,
20,Personbiler,18,Elektrisitet,GjsnittKjorelengde,Gjennomsnittlig kjørelengde per kjøretøy (km),2024,2024,13275.0,
20,Personbiler,18,Elektrisitet,GjsnittKjorelengde,Gjennomsnittlig kjørelengde per kjøretøy (km),2025,2025,13123.0,
20,Personbiler,14,"Bensin hybrid, ladbar",Kjorelengde,Kjørelengde (mill. km),2005,2005,,.
20,Personbiler,14,"Bensin hybrid, ladbar",Kjorelengde,Kjørelengde (mill. km),2006,2006,,.
20,Personbiler,14,"Bensin hybrid, ladbar",Kjorelengde,Kjørelengde (mill. km),2007,2007,,.
20,Personbiler,14,"Bensin hybrid, ladbar",Kjorelengde,Kjørelengde (mill. km),2008,2008,,.
20,Personbiler,14,"Bensin hybrid, ladbar",Kjorelengde,Kjørelengde (mill. km),2009,2009,,.
20,Personbiler,14,"Bensin hybrid, ladbar",Kjorelengde,Kjørelengde (mill. km),2010,2010,,.
20,Personbiler,14,"Bensin hybrid, ladbar",Kjorelengde,Kjørelengde (mill. km),2011,2011,,.
20,Personbiler,14,"Bensin hybrid, ladbar",Kjorelengde,Kjørelengde (mill. km),2012,2012,,.
20,Personbiler,14,"Bensin hybrid, ladbar",Kjorelengde,Kjørelengde (mill. km),2013,2013,,.
20,Personbiler,14,"Bensin hybrid, ladbar",Kjorelengde,Kjørelengde (mill. km),2014,2014,,.
20,Personbiler,14,"Bensin hybrid, ladbar",Kjorelengde,Kjørelengde (mill. km),2015,2015,,.
20,Personbiler,14,"Bensin hybrid, ladbar",Kjorelengde,Kjørelengde (mill. km),2016,2016,312.8,
20,Personbiler,14,"Bensin hybrid, ladbar",Kjorelengde,Kjørelengde (mill. km),2017,2017,719.6,
20,Personbiler,14,"Bensin hybrid, ladbar",Kjorelengde,Kjørelengde (mill. km),2018,2018,1310.2,
20,Personbiler,14,"Bensin hybrid, ladbar",Kjorelengde,Kjørelengde (mill. km),2019,2019,1574.4,
20,Personbiler,14,"Bensin hybrid, ladbar",Kjorelengde,Kjørelengde (mill. km),2020,2020,1885.0,
20,Personbiler,14,"Bensin hybrid, ladbar",Kjorelengde,Kjørelengde (mill. km),2021,2021,2389.4,
20,Personbiler,14,"Bensin hybrid, ladbar",Kjorelengde,Kjørelengde (mill. km),2022,2022,2678.5,
20,Personbiler,14,"Bensin hybrid, ladbar",Kjorelengde,Kjørelengde (mill. km),2023,2023,2848.7,
20,Personbiler,14,"Bensin hybrid, ladbar",Kjorelengde,Kjørelengde (mill. km),2024,2024,2944.7,
20,Personbiler,14,"Bensin hybrid, ladbar",Kjorelengde,Kjørelengde (mill. km),2025,2025,2949.5,
20,Personbiler,14,"Bensin hybrid, ladbar",GjsnittKjorelengde,Gjennomsnittlig kjørelengde per kjøretøy (km),2005,2005,,.
20,Personbiler,14,"Bensin hybrid, ladbar",GjsnittKjorelengde,Gjennomsnittlig kjørelengde per kjøretøy (km),2006,2006,,.
20,Personbiler,14,"Bensin hybrid, ladbar",GjsnittKjorelengde,Gjennomsnittlig kjørelengde per kjøretøy (km),2007,2007,,.
20,Personbiler,14,"Bensin hybrid, ladbar",GjsnittKjorelengde,Gjennomsnittlig kjørelengde per kjøretøy (km),2008,2008,,.
20,Personbiler,14,"Bensin hybrid, ladbar",GjsnittKjorelengde,Gjennomsnittlig kjørelengde per kjøretøy (km),2009,2009,,.
20,Personbiler,14,"Bensin hybrid, ladbar",GjsnittKjorelengde,Gjennomsnittlig kjørelengde per kjøretøy (km),2010,2010,,.
20,Personbiler,14,"Bensin hybrid, ladbar",GjsnittKjorelengde,Gjennomsnittlig kjørelengde per kjøretøy (km),2011,2011,,.
20,Personbiler,14,"Bensin hybrid, ladbar",GjsnittKjorelengde,Gjennomsnittlig kjørelengde per kjøretøy (km),2012,2012,,.
20,Personbiler,14,"Bensin hybrid, ladbar",GjsnittKjorelengde,Gjennomsnittlig kjørelengde per kjøretøy (km),2013,2013,,.
20,Personbiler,14,"Bensin hybrid, ladbar",GjsnittKjorelengde,Gjennomsnittlig kjørelengde per kjøretøy (km),2014,2014,,.
20,Personbiler,14,"Bensin hybrid, ladbar",GjsnittKjorelengde,Gjennomsnittlig kjørelengde per kjøretøy (km),2015,2015,,.
20,Personbiler,14,"Bensin hybrid, ladbar",GjsnittKjorelengde,Gjennomsnittlig kjørelengde per kjøretøy (km),2016,2016,9621.0,
20,Personbiler,14,"Bensin hybrid, ladbar",GjsnittKjorelengde,Gjennomsnittlig kjørelengde per kjøretøy (km),2017,2017,11359.0,
20,Personbiler,14,"Bensin hybrid, ladbar",GjsnittKjorelengde,Gjennomsnittlig kjørelengde per kjøretøy (km),2018,2018,14339.0,
20,Personbiler,14,"Bensin hybrid, ladbar",GjsnittKjorelengde,Gjennomsnittlig kjørelengde per kjøretøy (km),2019,2019,14049.0,
20,Personbiler,14,"Bensin hybrid, ladbar",GjsnittKjorelengde,Gjennomsnittlig kjørelengde per kjøretøy (km),2020,2020,13378.0,
20,Personbiler,14,"Bensin hybrid, ladbar",GjsnittKjorelengde,Gjennomsnittlig kjørelengde per kjøretøy (km),2021,2021,13337.0,
20,Personbiler,14,"Bensin hybrid, ladbar",GjsnittKjorelengde,Gjennomsnittlig kjørelengde per kjøretøy (km),2022,2022,13772.0,
20,Personbiler,14,"Bensin hybrid, ladbar",GjsnittKjorelengde,Gjennomsnittlig kjørelengde per kjøretøy (km),2023,2023,13994.0,
20,Personbiler,14,"Bensin hybrid, ladbar",GjsnittKjorelengde,Gjennomsnittlig kjørelengde per kjøretøy (km),2024,2024,14272.0,
20,Personbiler,14,"Bensin hybrid, ladbar",GjsnittKjorelengde,Gjennomsnittlig kjørelengde per kjøretøy (km),2025,2025,14198.0,
20,Personbiler,15,"Bensin hybrid, ikke ladbar",Kjorelengde,Kjørelengde (mill. km),2005,2005,,.
20,Personbiler,15,"Bensin hybrid, ikke ladbar",Kjorelengde,Kjørelengde (mill. km),2006,2006,,.
20,Personbiler,15,"Bensin hybrid, ikke ladbar",Kjorelengde,Kjørelengde (mill. km),2007,2007,,.
20,Personbiler,15,"Bensin hybrid, ikke ladbar",Kjorelengde,Kjørelengde (mill. km),2008,2008,,.
20,Personbiler,15,"Bensin hybrid, ikke ladbar",Kjorelengde,Kjørelengde (mill. km),2009,2009,,.
20,Personbiler,15,"Bensin hybrid, ikke ladbar",Kjorelengde,Kjørelengde (mill. km),2010,2010,,.
20,Personbiler,15,"Bensin hybrid, ikke ladbar",Kjorelengde,Kjørelengde (mill. km),2011,2011,,.
20,Personbiler,15,"Bensin hybrid, ikke ladbar",Kjorelengde,Kjørelengde (mill. km),2012,2012,,.
20,Personbiler,15,"Bensin hybrid, ikke ladbar",Kjorelengde,Kjørelengde (mill. km),2013,2013,,.
20,Personbiler,15,"Bensin hybrid, ikke ladbar",Kjorelengde,Kjørelengde (mill. km),2014,2014,,.
20,Personbiler,15,"Bensin hybrid, ikke ladbar",Kjorelengde,Kjørelengde (mill. km),2015,2015,,.
20,Personbiler,15,"Bensin hybrid, ikke ladbar",Kjorelengde,Kjørelengde (mill. km),2016,2016,628.5,
20,Personbiler,15,"Bensin hybrid, ikke ladbar",Kjorelengde,Kjørelengde (mill. km),2017,2017,900.3,
20,Personbiler,15,"Bensin hybrid, ikke ladbar",Kjorelengde,Kjørelengde (mill. km),2018,2018,1171.6,
20,Personbiler,15,"Bensin hybrid, ikke ladbar",Kjorelengde,Kjørelengde (mill. km),2019,2019,1325.1,
20,Personbiler,15,"Bensin hybrid, ikke ladbar",Kjorelengde,Kjørelengde (mill. km),2020,2020,1475.1,
20,Personbiler,15,"Bensin hybrid, ikke ladbar",Kjorelengde,Kjørelengde (mill. km),2021,2021,1632.9,
20,Personbiler,15,"Bensin hybrid, ikke ladbar",Kjorelengde,Kjørelengde (mill. km),2022,2022,1691.4,
20,Personbiler,15,"Bensin hybrid, ikke ladbar",Kjorelengde,Kjørelengde (mill. km),2023,2023,1803.7,
20,Personbiler,15,"Bensin hybrid, ikke ladbar",Kjorelengde,Kjørelengde (mill. km),2024,2024,1887.9,
20,Personbiler,15,"Bensin hybrid, ikke ladbar",Kjorelengde,Kjørelengde (mill. km),2025,2025,1900.6,
20,Personbiler,15,"Bensin hybrid, ikke ladbar",GjsnittKjorelengde,Gjennomsnittlig kjørelengde per kjøretøy (km),2005,2005,,.
20,Personbiler,15,"Bensin hybrid, ikke ladbar",GjsnittKjorelengde,Gjennomsnittlig kjørelengde per kjøretøy (km),2006,2006,,.
20,Personbiler,15,"Bensin hybrid, ikke ladbar",GjsnittKjorelengde,Gjennomsnittlig kjørelengde per kjøretøy (km),2007,2007,,.
20,Personbiler,15,"Bensin hybrid, ikke ladbar",GjsnittKjorelengde,Gjennomsnittlig kjørelengde per kjøretøy (km),2008,2008,,.
20,Personbiler,15,"Bensin hybrid, ikke ladbar",GjsnittKjorelengde,Gjennomsnittlig kjørelengde per kjøretøy (km),2009,2009,,.
20,Personbiler,15,"Bensin hybrid, ikke ladbar",GjsnittKjorelengde,Gjennomsnittlig kjørelengde per kjøretøy (km),2010,2010,,.
20,Personbiler,15,"Bensin hybrid, ikke ladbar",GjsnittKjorelengde,Gjennomsnittlig kjørelengde per kjøretøy (km),2011,2011,,.
20,Personbiler,15,"Bensin hybrid, ikke ladbar",GjsnittKjorelengde,Gjennomsnittlig kjørelengde per kjøretøy (km),2012,2012,,.
20,Personbiler,15,"Bensin hybrid, ikke ladbar",GjsnittKjorelengde,Gjennomsnittlig kjørelengde per kjøretøy (km),2013,2013,,.
20,Personbiler,15,"Bensin hybrid, ikke ladbar",GjsnittKjorelengde,Gjennomsnittlig kjørelengde per kjøretøy (km),2014,2014,,.
20,Personbiler,15,"Bensin hybrid, ikke ladbar",GjsnittKjorelengde,Gjennomsnittlig kjørelengde per kjøretøy (km),2015,2015,,.
20,Personbiler,15,"Bensin hybrid, ikke ladbar",GjsnittKjorelengde,Gjennomsnittlig kjørelengde per kjøretøy (km),2016,2016,11344.0,
20,Personbiler,15,"Bensin hybrid, ikke ladbar",GjsnittKjorelengde,Gjennomsnittlig kjørelengde per kjøretøy (km),2017,2017,11816.0,
20,Personbiler,15,"Bensin hybrid, ikke ladbar",GjsnittKjorelengde,Gjennomsnittlig kjørelengde per kjøretøy (km),2018,2018,12646.0,
20,Personbiler,15,"Bensin hybrid, ikke ladbar",GjsnittKjorelengde,Gjennomsnittlig kjørelengde per kjøretøy (km),2019,2019,11934.0,
20,Personbiler,15,"Bensin hybrid, ikke ladbar",GjsnittKjorelengde,Gjennomsnittlig kjørelengde per kjøretøy (km),2020,2020,11816.0,
20,Personbiler,15,"Bensin hybrid, ikke ladbar",GjsnittKjorelengde,Gjennomsnittlig kjørelengde per kjøretøy (km),2021,2021,11875.0,
20,Personbiler,15,"Bensin hybrid, ikke ladbar",GjsnittKjorelengde,Gjennomsnittlig kjørelengde per kjøretøy (km),2022,2022,11361.0,
20,Personbiler,15,"Bensin hybrid, ikke ladbar",GjsnittKjorelengde,Gjennomsnittlig kjørelengde per kjøretøy (km),2023,2023,11569.0,
20,Personbiler,15,"Bensin hybrid, ikke ladbar",GjsnittKjorelengde,Gjennomsnittlig kjørelengde per kjøretøy (km),2024,2024,11604.0,
20,Personbiler,15,"Bensin hybrid, ikke ladbar",GjsnittKjorelengde,Gjennomsnittlig kjørelengde per kjøretøy (km),2025,2025,11602.0,
20,Personbiler,16,"Diesel hybrid, ladbar",Kjorelengde,Kjørelengde (mill. km),2005,2005,,.
20,Personbiler,16,"Diesel hybrid, ladbar",Kjorelengde,Kjørelengde (mill. km),2006,2006,,.
20,Personbiler,16,"Diesel hybrid, ladbar",Kjorelengde,Kjørelengde (mill. km),2007,2007,,.
20,Personbiler,16,"Diesel hybrid, ladbar",Kjorelengde,Kjørelengde (mill. km),2008,2008,,.
20,Personbiler,16,"Diesel hybrid, ladbar",Kjorelengde,Kjørelengde (mill. km),2009,2009,,.
20,Personbiler,16,"Diesel hybrid, ladbar",Kjorelengde,Kjørelengde (mill. km),2010,2010,,.
20,Personbiler,16,"Diesel hybrid, ladbar",Kjorelengde,Kjørelengde (mill. km),2011,2011,,.
20,Personbiler,16,"Diesel hybrid, ladbar",Kjorelengde,Kjørelengde (mill. km),2012,2012,,.
20,Personbiler,16,"Diesel hybrid, ladbar",Kjorelengde,Kjørelengde (mill. km),2013,2013,,.
20,Personbiler,16,"Diesel hybrid, ladbar",Kjorelengde,Kjørelengde (mill. km),2014,2014,,.
20,Personbiler,16,"Diesel hybrid, ladbar",Kjorelengde,Kjørelengde (mill. km),2015,2015,,.
20,Personbiler,16,"Diesel hybrid, ladbar",Kjorelengde,Kjørelengde (mill. km),2016,2016,30.9,
20,Personbiler,16,"Diesel hybrid, ladbar",Kjorelengde,Kjørelengde (mill. km),2017,2017,63.6,
20,Personbiler,16,"Diesel hybrid, ladbar",Kjorelengde,Kjørelengde (mill. km),2018,2018,102.9,
20,Personbiler,16,"Diesel hybrid, ladbar",Kjorelengde,Kjørelengde (mill. km),2019,2019,124.0,
20,Personbiler,16,"Diesel hybrid, ladbar",Kjorelengde,Kjørelengde (mill. km),2020,2020,139.3,
20,Personbiler,16,"Diesel hybrid, ladbar",Kjorelengde,Kjørelengde (mill. km),2021,2021,165.2,
20,Personbiler,16,"Diesel hybrid, ladbar",Kjorelengde,Kjørelengde (mill. km),2022,2022,177.4,
20,Personbiler,16,"Diesel hybrid, ladbar",Kjorelengde,Kjørelengde (mill. km),2023,2023,186.2,
20,Personbiler,16,"Diesel hybrid, ladbar",Kjorelengde,Kjørelengde (mill. km),2024,2024,190.2,
20,Personbiler,16,"Diesel hybrid, ladbar",Kjorelengde,Kjørelengde (mill. km),2025,2025,188.3,
20,Personbiler,16,"Diesel hybrid, ladbar",GjsnittKjorelengde,Gjennomsnittlig kjørelengde per kjøretøy (km),2005,2005,,.
20,Personbiler,16,"Diesel hybrid, ladbar",GjsnittKjorelengde,Gjennomsnittlig kjørelengde per kjøretøy (km),2006,2006,,.
20,Personbiler,16,"Diesel hybrid, ladbar",GjsnittKjorelengde,Gjennomsnittlig kjørelengde per kjøretøy (km),2007,2007,,.
20,Personbiler,16,"Diesel hybrid, ladbar",GjsnittKjorelengde,Gjennomsnittlig kjørelengde per kjøretøy (km),2008,2008,,.
20,Personbiler,16,"Diesel hybrid, ladbar",GjsnittKjorelengde,Gjennomsnittlig kjørelengde per kjøretøy (km),2009,2009,,.
20,Personbiler,16,"Diesel hybrid, ladbar",GjsnittKjorelengde,Gjennomsnittlig kjørelengde per kjøretøy (km),2010,2010,,.
20,Personbiler,16,"Diesel hybrid, ladbar",GjsnittKjorelengde,Gjennomsnittlig kjørelengde per kjøretøy (km),2011,2011,,.
20,Personbiler,16,"Diesel hybrid, ladbar",GjsnittKjorelengde,Gjennomsnittlig kjørelengde per kjøretøy (km),2012,2012,,.
20,Personbiler,16,"Diesel hybrid, ladbar",GjsnittKjorelengde,Gjennomsnittlig kjørelengde per kjøretøy (km),2013,2013,,.
20,Personbiler,16,"Diesel hybrid, ladbar",GjsnittKjorelengde,Gjennomsnittlig kjørelengde per kjøretøy (km),2014,2014,,.
20,Personbiler,16,"Diesel hybrid, ladbar",GjsnittKjorelengde,Gjennomsnittlig kjørelengde per kjøretøy (km),2015,2015,,.
20,Personbiler,16,"Diesel hybrid, ladbar",GjsnittKjorelengde,Gjennomsnittlig kjørelengde per kjøretøy (km),2016,2016,13957.0,
20,Personbiler,16,"Diesel hybrid, ladbar",GjsnittKjorelengde,Gjennomsnittlig kjørelengde per kjøretøy (km),2017,2017,13260.0,
20,Personbiler,16,"Diesel hybrid, ladbar",GjsnittKjorelengde,Gjennomsnittlig kjørelengde per kjøretøy (km),2018,2018,15411.0,
20,Personbiler,16,"Diesel hybrid, ladbar",GjsnittKjorelengde,Gjennomsnittlig kjørelengde per kjøretøy (km),2019,2019,16328.0,
20,Personbiler,16,"Diesel hybrid, ladbar",GjsnittKjorelengde,Gjennomsnittlig kjørelengde per kjøretøy (km),2020,2020,15331.0,
20,Personbiler,16,"Diesel hybrid, ladbar",GjsnittKjorelengde,Gjennomsnittlig kjørelengde per kjøretøy (km),2021,2021,15445.0,
20,Personbiler,16,"Diesel hybrid, ladbar",GjsnittKjorelengde,Gjennomsnittlig kjørelengde per kjøretøy (km),2022,2022,15859.0,
20,Personbiler,16,"Diesel hybrid, ladbar",GjsnittKjorelengde,Gjennomsnittlig kjørelengde per kjøretøy (km),2023,2023,16343.0,
20,Personbiler,16,"Diesel hybrid, ladbar",GjsnittKjorelengde,Gjennomsnittlig kjørelengde per kjøretøy (km),2024,2024,16636.0,
20,Personbiler,16,"Diesel hybrid, ladbar",GjsnittKjorelengde,Gjennomsnittlig kjørelengde per kjøretøy (km),2025,2025,16303.0,
20,Personbiler,17,"Diesel hybrid, ikke ladbar",Kjorelengde,Kjørelengde (mill. km),2005,2005,,.
20,Personbiler,17,"Diesel hybrid, ikke ladbar",Kjorelengde,Kjørelengde (mill. km),2006,2006,,.
20,Personbiler,17,"Diesel hybrid, ikke ladbar",Kjorelengde,Kjørelengde (mill. km),2007,2007,,.
20,Personbiler,17,"Diesel hybrid, ikke ladbar",Kjorelengde,Kjørelengde (mill. km),2008,2008,,.
20,Personbiler,17,"Diesel hybrid, ikke ladbar",Kjorelengde,Kjørelengde (mill. km),2009,2009,,.
20,Personbiler,17,"Diesel hybrid, ikke ladbar",Kjorelengde,Kjørelengde (mill. km),2010,2010,,.
20,Personbiler,17,"Diesel hybrid, ikke ladbar",Kjorelengde,Kjørelengde (mill. km),2011,2011,,.
20,Personbiler,17,"Diesel hybrid, ikke ladbar",Kjorelengde,Kjørelengde (mill. km),2012,2012,,.
20,Personbiler,17,"Diesel hybrid, ikke ladbar",Kjorelengde,Kjørelengde (mill. km),2013,2013,,.
20,Personbiler,17,"Diesel hybrid, ikke ladbar",Kjorelengde,Kjørelengde (mill. km),2014,2014,,.
20,Personbiler,17,"Diesel hybrid, ikke ladbar",Kjorelengde,Kjørelengde (mill. km),2015,2015,,.
20,Personbiler,17,"Diesel hybrid, ikke ladbar",Kjorelengde,Kjørelengde (mill. km),2016,2016,20.3,
20,Personbiler,17,"Diesel hybrid, ikke ladbar",Kjorelengde,Kjørelengde (mill. km),2017,2017,20.8,
20,Personbiler,17,"Diesel hybrid, ikke ladbar",Kjorelengde,Kjørelengde (mill. km),2018,2018,21.8,
20,Personbiler,17,"Diesel hybrid, ikke ladbar",Kjorelengde,Kjørelengde (mill. km),2019,2019,24.5,
20,Personbiler,17,"Diesel hybrid, ikke ladbar",Kjorelengde,Kjørelengde (mill. km),2020,2020,36.1,
20,Personbiler,17,"Diesel hybrid, ikke ladbar",Kjorelengde,Kjørelengde (mill. km),2021,2021,50.1,
20,Personbiler,17,"Diesel hybrid, ikke ladbar",Kjorelengde,Kjørelengde (mill. km),2022,2022,57.4,
20,Personbiler,17,"Diesel hybrid, ikke ladbar",Kjorelengde,Kjørelengde (mill. km),2023,2023,63.1,
20,Personbiler,17,"Diesel hybrid, ikke ladbar",Kjorelengde,Kjørelengde (mill. km),2024,2024,69.6,
20,Personbiler,17,"Diesel hybrid, ikke ladbar",Kjorelengde,Kjørelengde (mill. km),2025,2025,75.5,
20,Personbiler,17,"Diesel hybrid, ikke ladbar",GjsnittKjorelengde,Gjennomsnittlig kjørelengde per kjøretøy (km),2005,2005,,.
20,Personbiler,17,"Diesel hybrid, ikke ladbar",GjsnittKjorelengde,Gjennomsnittlig kjørelengde per kjøretøy (km),2006,2006,,.
20,Personbiler,17,"Diesel hybrid, ikke ladbar",GjsnittKjorelengde,Gjennomsnittlig kjørelengde per kjøretøy (km),2007,2007,,.
20,Personbiler,17,"Diesel hybrid, ikke ladbar",GjsnittKjorelengde,Gjennomsnittlig kjørelengde per kjøretøy (km),2008,2008,,.
20,Personbiler,17,"Diesel hybrid, ikke ladbar",GjsnittKjorelengde,Gjennomsnittlig kjørelengde per kjøretøy (km),2009,2009,,.
20,Personbiler,17,"Diesel hybrid, ikke ladbar",GjsnittKjorelengde,Gjennomsnittlig kjørelengde per kjøretøy (km),2010,2010,,.
20,Personbiler,17,"Diesel hybrid, ikke ladbar",GjsnittKjorelengde,Gjennomsnittlig kjørelengde per kjøretøy (km),2011,2011,,.
20,Personbiler,17,"Diesel hybrid, ikke ladbar",GjsnittKjorelengde,Gjennomsnittlig kjørelengde per kjøretøy (km),2012,2012,,.
20,Personbiler,17,"Diesel hybrid, ikke ladbar",GjsnittKjorelengde,Gjennomsnittlig kjørelengde per kjøretøy (km),2013,2013,,.
20,Personbiler,17,"Diesel hybrid, ikke ladbar",GjsnittKjorelengde,Gjennomsnittlig kjørelengde per kjøretøy (km),2014,2014,,.
20,Personbiler,17,"Diesel hybrid, ikke ladbar",GjsnittKjorelengde,Gjennomsnittlig kjørelengde per kjøretøy (km),2015,2015,,.
20,Personbiler,17,"Diesel hybrid, ikke ladbar",GjsnittKjorelengde,Gjennomsnittlig kjørelengde per kjøretøy (km),2016,2016,19390.0,
20,Personbiler,17,"Diesel hybrid, ikke ladbar",GjsnittKjorelengde,Gjennomsnittlig kjørelengde per kjøretøy (km),2017,2017,18712.0,
20,Personbiler,17,"Diesel hybrid, ikke ladbar",GjsnittKjorelengde,Gjennomsnittlig kjørelengde per kjøretøy (km),2018,2018,18023.0,
20,Personbiler,17,"Diesel hybrid, ikke ladbar",GjsnittKjorelengde,Gjennomsnittlig kjørelengde per kjøretøy (km),2019,2019,13819.0,
20,Personbiler,17,"Diesel hybrid, ikke ladbar",GjsnittKjorelengde,Gjennomsnittlig kjørelengde per kjøretøy (km),2020,2020,14136.0,
20,Personbiler,17,"Diesel hybrid, ikke ladbar",GjsnittKjorelengde,Gjennomsnittlig kjørelengde per kjøretøy (km),2021,2021,14805.0,
20,Personbiler,17,"Diesel hybrid, ikke ladbar",GjsnittKjorelengde,Gjennomsnittlig kjørelengde per kjøretøy (km),2022,2022,14303.0,
20,Personbiler,17,"Diesel hybrid, ikke ladbar",GjsnittKjorelengde,Gjennomsnittlig kjørelengde per kjøretøy (km),2023,2023,14830.0,
20,Personbiler,17,"Diesel hybrid, ikke ladbar",GjsnittKjorelengde,Gjennomsnittlig kjørelengde per kjøretøy (km),2024,2024,15798.0,
20,Personbiler,17,"Diesel hybrid, ikke ladbar",GjsnittKjorelengde,Gjennomsnittlig kjørelengde per kjøretøy (km),2025,2025,16658.0,
20,Personbiler,3,Parafin,Kjorelengde,Kjørelengde (mill. km),2005,2005,,.
20,Personbiler,3,Parafin,Kjorelengde,Kjørelengde (mill. km),2006,2006,,.
20,Personbiler,3,Parafin,Kjorelengde,Kjørelengde (mill. km),2007,2007,,.
20,Personbiler,3,Parafin,Kjorelengde,Kjørelengde (mill. km),2008,2008,,.
20,Personbiler,3,Parafin,Kjorelengde,Kjørelengde (mill. km),2009,2009,,.
20,Personbiler,3,Parafin,Kjorelengde,Kjørelengde (mill. km),2010,2010,,.
20,Personbiler,3,Parafin,Kjorelengde,Kjørelengde (mill. km),2011,2011,,.
20,Personbiler,3,Parafin,Kjorelengde,Kjørelengde (mill. km),2012,2012,,.
20,Personbiler,3,Parafin,Kjorelengde,Kjørelengde (mill. km),2013,2013,,.
20,Personbiler,3,Parafin,Kjorelengde,Kjørelengde (mill. km),2014,2014,,.
20,Personbiler,3,Parafin,Kjorelengde,Kjørelengde (mill. km),2015,2015,,.
20,Personbiler,3,Parafin,Kjorelengde,Kjørelengde (mill. km),2016,2016,0.1,
20,Personbiler,3,Parafin,Kjorelengde,Kjørelengde (mill. km),2017,2017,0.1,
20,Personbiler,3,Parafin,Kjorelengde,Kjørelengde (mill. km),2018,2018,0.1,
20,Personbiler,3,Parafin,Kjorelengde,Kjørelengde (mill. km),2019,2019,0.1,
20,Personbiler,3,Parafin,Kjorelengde,Kjørelengde (mill. km),2020,2020,0.0,
20,Personbiler,3,Parafin,Kjorelengde,Kjørelengde (mill. km),2021,2021,0.1,
20,Personbiler,3,Parafin,Kjorelengde,Kjørelengde (mill. km),2022,2022,0.0,
20,Personbiler,3,Parafin,Kjorelengde,Kjørelengde (mill. km),2023,2023,0.0,
20,Personbiler,3,Parafin,Kjorelengde,Kjørelengde (mill. km),2024,2024,0.0,
20,Personbiler,3,Parafin,Kjorelengde,Kjørelengde (mill. km),2025,2025,0.0,
20,Personbiler,3,Parafin,GjsnittKjorelengde,Gjennomsnittlig kjørelengde per kjøretøy (km),2005,2005,,.
20,Personbiler,3,Parafin,GjsnittKjorelengde,Gjennomsnittlig kjørelengde per kjøretøy (km),2006,2006,,.
20,Personbiler,3,Parafin,GjsnittKjorelengde,Gjennomsnittlig kjørelengde per kjøretøy (km),2007,2007,,.
20,Personbiler,3,Parafin,GjsnittKjorelengde,Gjennomsnittlig kjørelengde per kjøretøy (km),2008,2008,,.
20,Personbiler,3,Parafin,GjsnittKjorelengde,Gjennomsnittlig kjørelengde per kjøretøy (km),2009,2009,,.
20,Personbiler,3,Parafin,GjsnittKjorelengde,Gjennomsnittlig kjørelengde per kjøretøy (km),2010,2010,,.
20,Personbiler,3,Parafin,GjsnittKjorelengde,Gjennomsnittlig kjørelengde per kjøretøy (km),2011,2011,,.
20,Personbiler,3,Parafin,GjsnittKjorelengde,Gjennomsnittlig kjørelengde per kjøretøy (km),2012,2012,,.
20,Personbiler,3,Parafin,GjsnittKjorelengde,Gjennomsnittlig kjørelengde per kjøretøy (km),2013,2013,,.
20,Personbiler,3,Parafin,GjsnittKjorelengde,Gjennomsnittlig kjørelengde per kjøretøy (km),2014,2014,,.
20,Personbiler,3,Parafin,GjsnittKjorelengde,Gjennomsnittlig kjørelengde per kjøretøy (km),2015,2015,,.
20,Personbiler,3,Parafin,GjsnittKjorelengde,Gjennomsnittlig kjørelengde per kjøretøy (km),2016,2016,12488.0,
20,Personbiler,3,Parafin,GjsnittKjorelengde,Gjennomsnittlig kjørelengde per kjøretøy (km),2017,2017,12303.0,
20,Personbiler,3,Parafin,GjsnittKjorelengde,Gjennomsnittlig kjørelengde per kjøretøy (km),2018,2018,10093.0,
20,Personbiler,3,Parafin,GjsnittKjorelengde,Gjennomsnittlig kjørelengde per kjøretøy (km),2019,2019,10067.0,
20,Personbiler,3,Parafin,GjsnittKjorelengde,Gjennomsnittlig kjørelengde per kjøretøy (km),2020,2020,5909.0,
20,Personbiler,3,Parafin,GjsnittKjorelengde,Gjennomsnittlig kjørelengde per kjøretøy (km),2021,2021,6790.0,
20,Personbiler,3,Parafin,GjsnittKjorelengde,Gjennomsnittlig kjørelengde per kjøretøy (km),2022,2022,6194.0,
20,Personbiler,3,Parafin,GjsnittKjorelengde,Gjennomsnittlig kjørelengde per kjøretøy (km),2023,2023,5042.0,
20,Personbiler,3,Parafin,GjsnittKjorelengde,Gjennomsnittlig kjørelengde per kjøretøy (km),2024,2024,3624.0,
20,Personbiler,3,Parafin,GjsnittKjorelengde,Gjennomsnittlig kjørelengde per kjøretøy (km),2025,2025,4900.0,
20,Personbiler,4,Gass,Kjorelengde,Kjørelengde (mill. km),2005,2005,,.
20,Personbiler,4,Gass,Kjorelengde,Kjørelengde (mill. km),2006,2006,,.
20,Personbiler,4,Gass,Kjorelengde,Kjørelengde (mill. km),2007,2007,,.
20,Personbiler,4,Gass,Kjorelengde,Kjørelengde (mill. km),2008,2008,,.
20,Personbiler,4,Gass,Kjorelengde,Kjørelengde (mill. km),2009,2009,,.
20,Personbiler,4,Gass,Kjorelengde,Kjørelengde (mill. km),2010,2010,,.
20,Personbiler,4,Gass,Kjorelengde,Kjørelengde (mill. km),2011,2011,,.
20,Personbiler,4,Gass,Kjorelengde,Kjørelengde (mill. km),2012,2012,,.
20,Personbiler,4,Gass,Kjorelengde,Kjørelengde (mill. km),2013,2013,,.
20,Personbiler,4,Gass,Kjorelengde,Kjørelengde (mill. km),2014,2014,,.
20,Personbiler,4,Gass,Kjorelengde,Kjørelengde (mill. km),2015,2015,,.
20,Personbiler,4,Gass,Kjorelengde,Kjørelengde (mill. km),2016,2016,2.0,
20,Personbiler,4,Gass,Kjorelengde,Kjørelengde (mill. km),2017,2017,2.0,
20,Personbiler,4,Gass,Kjorelengde,Kjørelengde (mill. km),2018,2018,2.3,
20,Personbiler,4,Gass,Kjorelengde,Kjørelengde (mill. km),2019,2019,3.3,
20,Personbiler,4,Gass,Kjorelengde,Kjørelengde (mill. km),2020,2020,2.6,
20,Personbiler,4,Gass,Kjorelengde,Kjørelengde (mill. km),2021,2021,2.7,
20,Personbiler,4,Gass,Kjorelengde,Kjørelengde (mill. km),2022,2022,2.2,
20,Personbiler,4,Gass,Kjorelengde,Kjørelengde (mill. km),2023,2023,2.0,
20,Personbiler,4,Gass,Kjorelengde,Kjørelengde (mill. km),2024,2024,1.7,
20,Personbiler,4,Gass,Kjorelengde,Kjørelengde (mill. km),2025,2025,1.6,
20,Personbiler,4,Gass,GjsnittKjorelengde,Gjennomsnittlig kjørelengde per kjøretøy (km),2005,2005,,.
20,Personbiler,4,Gass,GjsnittKjorelengde,Gjennomsnittlig kjørelengde per kjøretøy (km),2006,2006,,.
20,Personbiler,4,Gass,GjsnittKjorelengde,Gjennomsnittlig kjørelengde per kjøretøy (km),2007,2007,,.
20,Personbiler,4,Gass,GjsnittKjorelengde,Gjennomsnittlig kjørelengde per kjøretøy (km),2008,2008,,.
20,Personbiler,4,Gass,GjsnittKjorelengde,Gjennomsnittlig kjørelengde per kjøretøy (km),2009,2009,,.
20,Personbiler,4,Gass,GjsnittKjorelengde,Gjennomsnittlig kjørelengde per kjøretøy (km),2010,2010,,.
20,Personbiler,4,Gass,GjsnittKjorelengde,Gjennomsnittlig kjørelengde per kjøretøy (km),2011,2011,,.
20,Personbiler,4,Gass,GjsnittKjorelengde,Gjennomsnittlig kjørelengde per kjøretøy (km),2012,2012,,.
20,Personbiler,4,Gass,GjsnittKjorelengde,Gjennomsnittlig kjørelengde per kjøretøy (km),2013,2013,,.
20,Personbiler,4,Gass,GjsnittKjorelengde,Gjennomsnittlig kjørelengde per kjøretøy (km),2014,2014,,.
20,Personbiler,4,Gass,GjsnittKjorelengde,Gjennomsnittlig kjørelengde per kjøretøy (km),2015,2015,,.
20,Personbiler,4,Gass,GjsnittKjorelengde,Gjennomsnittlig kjørelengde per kjøretøy (km),2016,2016,15877.0,
20,Personbiler,4,Gass,GjsnittKjorelengde,Gjennomsnittlig kjørelengde per kjøretøy (km),2017,2017,12192.0,
20,Personbiler,4,Gass,GjsnittKjorelengde,Gjennomsnittlig kjørelengde per kjøretøy (km),2018,2018,10506.0,
20,Personbiler,4,Gass,GjsnittKjorelengde,Gjennomsnittlig kjørelengde per kjøretøy (km),2019,2019,14122.0,
20,Personbiler,4,Gass,GjsnittKjorelengde,Gjennomsnittlig kjørelengde per kjøretøy (km),2020,2020,10829.0,
20,Personbiler,4,Gass,GjsnittKjorelengde,Gjennomsnittlig kjørelengde per kjøretøy (km),2021,2021,11759.0,
20,Personbiler,4,Gass,GjsnittKjorelengde,Gjennomsnittlig kjørelengde per kjøretøy (km),2022,2022,9984.0,
20,Personbiler,4,Gass,GjsnittKjorelengde,Gjennomsnittlig kjørelengde per kjøretøy (km),2023,2023,9490.0,
20,Personbiler,4,Gass,GjsnittKjorelengde,Gjennomsnittlig kjørelengde per kjøretøy (km),2024,2024,9020.0,
20,Personbiler,4,Gass,GjsnittKjorelengde,Gjennomsnittlig kjørelengde per kjøretøy (km),2025,2025,8851.0,
20,Personbiler,13,Hydrogen,Kjorelengde,Kjørelengde (mill. km),2005,2005,,.
20,Personbiler,13,Hydrogen,Kjorelengde,Kjørelengde (mill. km),2006,2006,,.
20,Personbiler,13,Hydrogen,Kjorelengde,Kjørelengde (mill. km),2007,2007,,.
20,Personbiler,13,Hydrogen,Kjorelengde,Kjørelengde (mill. km),2008,2008,,.
20,Personbiler,13,Hydrogen,Kjorelengde,Kjørelengde (mill. km),2009,2009,,.
20,Personbiler,13,Hydrogen,Kjorelengde,Kjørelengde (mill. km),2010,2010,,.
20,Personbiler,13,Hydrogen,Kjorelengde,Kjørelengde (mill. km),2011,2011,,.
20,Personbiler,13,Hydrogen,Kjorelengde,Kjørelengde (mill. km),2012,2012,,.
20,Personbiler,13,Hydrogen,Kjorelengde,Kjørelengde (mill. km),2013,2013,,.
20,Personbiler,13,Hydrogen,Kjorelengde,Kjørelengde (mill. km),2014,2014,,.
20,Personbiler,13,Hydrogen,Kjorelengde,Kjørelengde (mill. km),2015,2015,,.
20,Personbiler,13,Hydrogen,Kjorelengde,Kjørelengde (mill. km),2016,2016,0.4,
20,Personbiler,13,Hydrogen,Kjorelengde,Kjørelengde (mill. km),2017,2017,0.9,
20,Personbiler,13,Hydrogen,Kjorelengde,Kjørelengde (mill. km),2018,2018,1.7,
20,Personbiler,13,Hydrogen,Kjorelengde,Kjørelengde (mill. km),2019,2019,2.2,
20,Personbiler,13,Hydrogen,Kjorelengde,Kjørelengde (mill. km),2020,2020,1.5,
20,Personbiler,13,Hydrogen,Kjorelengde,Kjørelengde (mill. km),2021,2021,1.4,
20,Personbiler,13,Hydrogen,Kjorelengde,Kjørelengde (mill. km),2022,2022,1.9,
20,Personbiler,13,Hydrogen,Kjorelengde,Kjørelengde (mill. km),2023,2023,2.2,
20,Personbiler,13,Hydrogen,Kjorelengde,Kjørelengde (mill. km),2024,2024,2.5,
20,Personbiler,13,Hydrogen,Kjorelengde,Kjørelengde (mill. km),2025,2025,1.7,
20,Personbiler,13,Hydrogen,GjsnittKjorelengde,Gjennomsnittlig kjørelengde per kjøretøy (km),2005,2005,,.
20,Personbiler,13,Hydrogen,GjsnittKjorelengde,Gjennomsnittlig kjørelengde per kjøretøy (km),2006,2006,,.
20,Personbiler,13,Hydrogen,GjsnittKjorelengde,Gjennomsnittlig kjørelengde per kjøretøy (km),2007,2007,,.
20,Personbiler,13,Hydrogen,GjsnittKjorelengde,Gjennomsnittlig kjørelengde per kjøretøy (km),2008,2008,,.
20,Personbiler,13,Hydrogen,GjsnittKjorelengde,Gjennomsnittlig kjørelengde per kjøretøy (km),2009,2009,,.
20,Personbiler,13,Hydrogen,GjsnittKjorelengde,Gjennomsnittlig kjørelengde per kjøretøy (km),2010,2010,,.
20,Personbiler,13,Hydrogen,GjsnittKjorelengde,Gjennomsnittlig kjørelengde per kjøretøy (km),2011,2011,,.
20,Personbiler,13,Hydrogen,GjsnittKjorelengde,Gjennomsnittlig kjørelengde per kjøretøy (km),2012,2012,,.
20,Personbiler,13,Hydrogen,GjsnittKjorelengde,Gjennomsnittlig kjørelengde per kjøretøy (km),2013,2013,,.
20,Personbiler,13,Hydrogen,GjsnittKjorelengde,Gjennomsnittlig kjørelengde per kjøretøy (km),2014,2014,,.
20,Personbiler,13,Hydrogen,GjsnittKjorelengde,Gjennomsnittlig kjørelengde per kjøretøy (km),2015,2015,,.
20,Personbiler,13,Hydrogen,GjsnittKjorelengde,Gjennomsnittlig kjørelengde per kjøretøy (km),2016,2016,9806.0,
20,Personbiler,13,Hydrogen,GjsnittKjorelengde,Gjennomsnittlig kjørelengde per kjøretøy (km),2017,2017,9924.0,
20,Personbiler,13,Hydrogen,GjsnittKjorelengde,Gjennomsnittlig kjørelengde per kjøretøy (km),2018,2018,12096.0,
20,Personbiler,13,Hydrogen,GjsnittKjorelengde,Gjennomsnittlig kjørelengde per kjøretøy (km),2019,2019,12912.0,
20,Personbiler,13,Hydrogen,GjsnittKjorelengde,Gjennomsnittlig kjørelengde per kjøretøy (km),2020,2020,8487.0,
20,Personbiler,13,Hydrogen,GjsnittKjorelengde,Gjennomsnittlig kjørelengde per kjøretøy (km),2021,2021,7386.0,
20,Personbiler,13,Hydrogen,GjsnittKjorelengde,Gjennomsnittlig kjørelengde per kjøretøy (km),2022,2022,8053.0,
20,Personbiler,13,Hydrogen,GjsnittKjorelengde,Gjennomsnittlig kjørelengde per kjøretøy (km),2023,2023,10283.0,
20,Personbiler,13,Hydrogen,GjsnittKjorelengde,Gjennomsnittlig kjørelengde per kjøretøy (km),2024,2024,12726.0,
20,Personbiler,13,Hydrogen,GjsnittKjorelengde,Gjennomsnittlig kjørelengde per kjøretøy (km),2025,2025,8800.0,
20,Personbiler,7,Andre drivstoff,Kjorelengde,Kjørelengde (mill. km),2005,2005,0.6,
20,Personbiler,7,Andre drivstoff,Kjorelengde,Kjørelengde (mill. km),2006,2006,0.7,
20,Personbiler,7,Andre drivstoff,Kjorelengde,Kjørelengde (mill. km),2007,2007,1.0,
20,Personbiler,7,Andre drivstoff,Kjorelengde,Kjørelengde (mill. km),2008,2008,1.6,
20,Personbiler,7,Andre drivstoff,Kjorelengde,Kjørelengde (mill. km),2009,2009,2.2,
20,Personbiler,7,Andre drivstoff,Kjorelengde,Kjørelengde (mill. km),2010,2010,2.0,
20,Personbiler,7,Andre drivstoff,Kjorelengde,Kjørelengde (mill. km),2011,2011,2.4,
20,Personbiler,7,Andre drivstoff,Kjorelengde,Kjørelengde (mill. km),2012,2012,4.0,
20,Personbiler,7,Andre drivstoff,Kjorelengde,Kjørelengde (mill. km),2013,2013,15.0,
20,Personbiler,7,Andre drivstoff,Kjorelengde,Kjørelengde (mill. km),2014,2014,12.1,
20,Personbiler,7,Andre drivstoff,Kjorelengde,Kjørelengde (mill. km),2015,2015,15.9,
20,Personbiler,7,Andre drivstoff,Kjorelengde,Kjørelengde (mill. km),2016,2016,0.2,
20,Personbiler,7,Andre drivstoff,Kjorelengde,Kjørelengde (mill. km),2017,2017,0.2,
20,Personbiler,7,Andre drivstoff,Kjorelengde,Kjørelengde (mill. km),2018,2018,0.2,
20,Personbiler,7,Andre drivstoff,Kjorelengde,Kjørelengde (mill. km),2019,2019,0.1,
20,Personbiler,7,Andre drivstoff,Kjorelengde,Kjørelengde (mill. km),2020,2020,0.2,
20,Personbiler,7,Andre drivstoff,Kjorelengde,Kjørelengde (mill. km),2021,2021,0.1,
20,Personbiler,7,Andre drivstoff,Kjorelengde,Kjørelengde (mill. km),2022,2022,0.1,
20,Personbiler,7,Andre drivstoff,Kjorelengde,Kjørelengde (mill. km),2023,2023,0.1,
20,Personbiler,7,Andre drivstoff,Kjorelengde,Kjørelengde (mill. km),2024,2024,0.1,
20,Personbiler,7,Andre drivstoff,Kjorelengde,Kjørelengde (mill. km),2025,2025,0.1,
20,Personbiler,7,Andre drivstoff,GjsnittKjorelengde,Gjennomsnittlig kjørelengde per kjøretøy (km),2005,2005,15035.0,
20,Personbiler,7,Andre drivstoff,GjsnittKjorelengde,Gjennomsnittlig kjørelengde per kjøretøy (km),2006,2006,11705.0,
20,Personbiler,7,Andre drivstoff,GjsnittKjorelengde,Gjennomsnittlig kjørelengde per kjøretøy (km),2007,2007,8811.0,
20,Personbiler,7,Andre drivstoff,GjsnittKjorelengde,Gjennomsnittlig kjørelengde per kjøretøy (km),2008,2008,9621.0,
20,Personbiler,7,Andre drivstoff,GjsnittKjorelengde,Gjennomsnittlig kjørelengde per kjøretøy (km),2009,2009,12325.0,
20,Personbiler,7,Andre drivstoff,GjsnittKjorelengde,Gjennomsnittlig kjørelengde per kjøretøy (km),2010,2010,10346.0,
20,Personbiler,7,Andre drivstoff,GjsnittKjorelengde,Gjennomsnittlig kjørelengde per kjøretøy (km),2011,2011,10556.0,
20,Personbiler,7,Andre drivstoff,GjsnittKjorelengde,Gjennomsnittlig kjørelengde per kjøretøy (km),2012,2012,9204.0,
20,Personbiler,7,Andre drivstoff,GjsnittKjorelengde,Gjennomsnittlig kjørelengde per kjøretøy (km),2013,2013,6794.0,
20,Personbiler,7,Andre drivstoff,GjsnittKjorelengde,Gjennomsnittlig kjørelengde per kjøretøy (km),2014,2014,10359.0,
20,Personbiler,7,Andre drivstoff,GjsnittKjorelengde,Gjennomsnittlig kjørelengde per kjøretøy (km),2015,2015,13728.0,
20,Personbiler,7,Andre drivstoff,GjsnittKjorelengde,Gjennomsnittlig kjørelengde per kjøretøy (km),2016,2016,4498.0,
20,Personbiler,7,Andre drivstoff,GjsnittKjorelengde,Gjennomsnittlig kjørelengde per kjøretøy (km),2017,2017,4442.0,
20,Personbiler,7,Andre drivstoff,GjsnittKjorelengde,Gjennomsnittlig kjørelengde per kjøretøy (km),2018,2018,4696.0,
20,Personbiler,7,Andre drivstoff,GjsnittKjorelengde,Gjennomsnittlig kjørelengde per kjøretøy (km),2019,2019,2550.0,
20,Personbiler,7,Andre drivstoff,GjsnittKjorelengde,Gjennomsnittlig kjørelengde per kjøretøy (km),2020,2020,3751.0,
20,Personbiler,7,Andre drivstoff,GjsnittKjorelengde,Gjennomsnittlig kjørelengde per kjøretøy (km),2021,2021,1932.0,
20,Personbiler,7,Andre drivstoff,GjsnittKjorelengde,Gjennomsnittlig kjørelengde per kjøretøy (km),2022,2022,5771.0,
20,Personbiler,7,Andre drivstoff,GjsnittKjorelengde,Gjennomsnittlig kjørelengde per kjøretøy (km),2023,2023,3697.0,
20,Personbiler,7,Andre drivstoff,GjsnittKjorelengde,Gjennomsnittlig kjørelengde per kjøretøy (km),2024,2024,3227.0,
20,Personbiler,7,Andre drivstoff,GjsnittKjorelengde,Gjennomsnittlig kjørelengde per kjøretøy (km),2025,2025,4753.0,
29,Små varebiler,0,Alle typer drivstoff,Kjorelengde,Kjørelengde (mill. km),2005,2005,3744.9,
29,Små varebiler,0,Alle typer drivstoff,Kjorelengde,Kjørelengde (mill. km),2006,2006,4174.6,
29,Små varebiler,0,Alle typer drivstoff,Kjorelengde,Kjørelengde (mill. km),2007,2007,4745.6,
29,Små varebiler,0,Alle typer drivstoff,Kjorelengde,Kjørelengde (mill. km),2008,2008,5072.9,
29,Små varebiler,0,Alle typer drivstoff,Kjorelengde,Kjørelengde (mill. km),2009,2009,5090.4,
29,Små varebiler,0,Alle typer drivstoff,Kjorelengde,Kjørelengde (mill. km),2010,2010,5084.4,
29,Små varebiler,0,Alle typer drivstoff,Kjorelengde,Kjørelengde (mill. km),2011,2011,5130.4,
29,Små varebiler,0,Alle typer drivstoff,Kjorelengde,Kjørelengde (mill. km),2012,2012,5230.1,
29,Små varebiler,0,Alle typer drivstoff,Kjorelengde,Kjørelengde (mill. km),2013,2013,5205.8,
29,Små varebiler,0,Alle typer drivstoff,Kjorelengde,Kjørelengde (mill. km),2014,2014,5172.1,
29,Små varebiler,0,Alle typer drivstoff,Kjorelengde,Kjørelengde (mill. km),2015,2015,5133.0,
29,Små varebiler,0,Alle typer drivstoff,Kjorelengde,Kjørelengde (mill. km),2016,2016,5126.5,
29,Små varebiler,0,Alle typer drivstoff,Kjorelengde,Kjørelengde (mill. km),2017,2017,5152.9,
29,Små varebiler,0,Alle typer drivstoff,Kjorelengde,Kjørelengde (mill. km),2018,2018,5161.9,
29,Små varebiler,0,Alle typer drivstoff,Kjorelengde,Kjørelengde (mill. km),2019,2019,5132.4,
29,Små varebiler,0,Alle typer drivstoff,Kjorelengde,Kjørelengde (mill. km),2020,2020,4916.3,
29,Små varebiler,0,Alle typer drivstoff,Kjorelengde,Kjørelengde (mill. km),2021,2021,5362.8,
29,Små varebiler,0,Alle typer drivstoff,Kjorelengde,Kjørelengde (mill. km),2022,2022,5377.6,
29,Små varebiler,0,Alle typer drivstoff,Kjorelengde,Kjørelengde (mill. km),2023,2023,5423.9,
29,Små varebiler,0,Alle typer drivstoff,Kjorelengde,Kjørelengde (mill. km),2024,2024,5590.1,
29,Små varebiler,0,Alle typer drivstoff,Kjorelengde,Kjørelengde (mill. km),2025,2025,5632.4,
29,Små varebiler,0,Alle typer drivstoff,GjsnittKjorelengde,Gjennomsnittlig kjørelengde per kjøretøy (km),2005,2005,15306.0,
29,Små varebiler,0,Alle typer drivstoff,GjsnittKjorelengde,Gjennomsnittlig kjørelengde per kjøretøy (km),2006,2006,15573.0,
29,Små varebiler,0,Alle typer drivstoff,GjsnittKjorelengde,Gjennomsnittlig kjørelengde per kjøretøy (km),2007,2007,16184.0,
29,Små varebiler,0,Alle typer drivstoff,GjsnittKjorelengde,Gjennomsnittlig kjørelengde per kjøretøy (km),2008,2008,16424.0,
29,Små varebiler,0,Alle typer drivstoff,GjsnittKjorelengde,Gjennomsnittlig kjørelengde per kjøretøy (km),2009,2009,16218.0,
29,Små varebiler,0,Alle typer drivstoff,GjsnittKjorelengde,Gjennomsnittlig kjørelengde per kjøretøy (km),2010,2010,15794.0,
29,Små varebiler,0,Alle typer drivstoff,GjsnittKjorelengde,Gjennomsnittlig kjørelengde per kjøretøy (km),2011,2011,15568.0,
29,Små varebiler,0,Alle typer drivstoff,GjsnittKjorelengde,Gjennomsnittlig kjørelengde per kjøretøy (km),2012,2012,15485.0,
29,Små varebiler,0,Alle typer drivstoff,GjsnittKjorelengde,Gjennomsnittlig kjørelengde per kjøretøy (km),2013,2013,15091.0,
29,Små varebiler,0,Alle typer drivstoff,GjsnittKjorelengde,Gjennomsnittlig kjørelengde per kjøretøy (km),2014,2014,14837.0,
29,Små varebiler,0,Alle typer drivstoff,GjsnittKjorelengde,Gjennomsnittlig kjørelengde per kjøretøy (km),2015,2015,14489.0,
29,Små varebiler,0,Alle typer drivstoff,GjsnittKjorelengde,Gjennomsnittlig kjørelengde per kjøretøy (km),2016,2016,14229.0,
29,Små varebiler,0,Alle typer drivstoff,GjsnittKjorelengde,Gjennomsnittlig kjørelengde per kjøretøy (km),2017,2017,14166.0,
29,Små varebiler,0,Alle typer drivstoff,GjsnittKjorelengde,Gjennomsnittlig kjørelengde per kjøretøy (km),2018,2018,14027.0,
29,Små varebiler,0,Alle typer drivstoff,GjsnittKjorelengde,Gjennomsnittlig kjørelengde per kjøretøy (km),2019,2019,13812.0,
29,Små varebiler,0,Alle typer drivstoff,GjsnittKjorelengde,Gjennomsnittlig kjørelengde per kjøretøy (km),2020,2020,13142.0,
29,Små varebiler,0,Alle typer drivstoff,GjsnittKjorelengde,Gjennomsnittlig kjørelengde per kjøretøy (km),2021,2021,13536.0,
29,Små varebiler,0,Alle typer drivstoff,GjsnittKjorelengde,Gjennomsnittlig kjørelengde per kjøretøy (km),2022,2022,13326.0,
29,Små varebiler,0,Alle typer drivstoff,GjsnittKjorelengde,Gjennomsnittlig kjørelengde per kjøretøy (km),2023,2023,13177.0,
29,Små varebiler,0,Alle typer drivstoff,GjsnittKjorelengde,Gjennomsnittlig kjørelengde per kjøretøy (km),2024,2024,13337.0,
29,Små varebiler,0,Alle typer drivstoff,GjsnittKjorelengde,Gjennomsnittlig kjørelengde per kjøretøy (km),2025,2025,13131.0,
29,Små varebiler,1,Bensin,Kjorelengde,Kjørelengde (mill. km),2005,2005,964.5,
29,Små varebiler,1,Bensin,Kjorelengde,Kjørelengde (mill. km),2006,2006,907.2,
29,Små varebiler,1,Bensin,Kjorelengde,Kjørelengde (mill. km),2007,2007,860.7,
29,Små varebiler,1,Bensin,Kjorelengde,Kjørelengde (mill. km),2008,2008,768.9,
29,Små varebiler,1,Bensin,Kjorelengde,Kjørelengde (mill. km),2009,2009,676.0,
29,Små varebiler,1,Bensin,Kjorelengde,Kjørelengde (mill. km),2010,2010,579.0,
29,Små varebiler,1,Bensin,Kjorelengde,Kjørelengde (mill. km),2011,2011,488.0,
29,Små varebiler,1,Bensin,Kjorelengde,Kjørelengde (mill. km),2012,2012,421.7,
29,Små varebiler,1,Bensin,Kjorelengde,Kjørelengde (mill. km),2013,2013,358.7,
29,Små varebiler,1,Bensin,Kjorelengde,Kjørelengde (mill. km),2014,2014,304.6,
29,Små varebiler,1,Bensin,Kjorelengde,Kjørelengde (mill. km),2015,2015,260.1,
29,Små varebiler,1,Bensin,Kjorelengde,Kjørelengde (mill. km),2016,2016,229.8,
29,Små varebiler,1,Bensin,Kjorelengde,Kjørelengde (mill. km),2017,2017,200.9,
29,Små varebiler,1,Bensin,Kjorelengde,Kjørelengde (mill. km),2018,2018,185.2,
29,Små varebiler,1,Bensin,Kjorelengde,Kjørelengde (mill. km),2019,2019,173.0,
29,Små varebiler,1,Bensin,Kjorelengde,Kjørelengde (mill. km),2020,2020,148.3,
29,Små varebiler,1,Bensin,Kjorelengde,Kjørelengde (mill. km),2021,2021,143.5,
29,Små varebiler,1,Bensin,Kjorelengde,Kjørelengde (mill. km),2022,2022,131.3,
29,Små varebiler,1,Bensin,Kjorelengde,Kjørelengde (mill. km),2023,2023,122.7,
29,Små varebiler,1,Bensin,Kjorelengde,Kjørelengde (mill. km),2024,2024,116.7,
29,Små varebiler,1,Bensin,Kjorelengde,Kjørelengde (mill. km),2025,2025,110.7,
29,Små varebiler,1,Bensin,GjsnittKjorelengde,Gjennomsnittlig kjørelengde per kjøretøy (km),2005,2005,12800.0,
29,Små varebiler,1,Bensin,GjsnittKjorelengde,Gjennomsnittlig kjørelengde per kjøretøy (km),2006,2006,12756.0,
29,Små varebiler,1,Bensin,GjsnittKjorelengde,Gjennomsnittlig kjørelengde per kjøretøy (km),2007,2007,12918.0,
29,Små varebiler,1,Bensin,GjsnittKjorelengde,Gjennomsnittlig kjørelengde per kjøretøy (km),2008,2008,12369.0,
29,Små varebiler,1,Bensin,GjsnittKjorelengde,Gjennomsnittlig kjørelengde per kjøretøy (km),2009,2009,11794.0,
29,Små varebiler,1,Bensin,GjsnittKjorelengde,Gjennomsnittlig kjørelengde per kjøretøy (km),2010,2010,11099.0,
29,Små varebiler,1,Bensin,GjsnittKjorelengde,Gjennomsnittlig kjørelengde per kjøretøy (km),2011,2011,10486.0,
29,Små varebiler,1,Bensin,GjsnittKjorelengde,Gjennomsnittlig kjørelengde per kjøretøy (km),2012,2012,9998.0,
29,Små varebiler,1,Bensin,GjsnittKjorelengde,Gjennomsnittlig kjørelengde per kjøretøy (km),2013,2013,9410.0,
29,Små varebiler,1,Bensin,GjsnittKjorelengde,Gjennomsnittlig kjørelengde per kjøretøy (km),2014,2014,8904.0,
29,Små varebiler,1,Bensin,GjsnittKjorelengde,Gjennomsnittlig kjørelengde per kjøretøy (km),2015,2015,8473.0,
29,Små varebiler,1,Bensin,GjsnittKjorelengde,Gjennomsnittlig kjørelengde per kjøretøy (km),2016,2016,8271.0,
29,Små varebiler,1,Bensin,GjsnittKjorelengde,Gjennomsnittlig kjørelengde per kjøretøy (km),2017,2017,7851.0,
29,Små varebiler,1,Bensin,GjsnittKjorelengde,Gjennomsnittlig kjørelengde per kjøretøy (km),2018,2018,7976.0,
29,Små varebiler,1,Bensin,GjsnittKjorelengde,Gjennomsnittlig kjørelengde per kjøretøy (km),2019,2019,8098.0,
29,Små varebiler,1,Bensin,GjsnittKjorelengde,Gjennomsnittlig kjørelengde per kjøretøy (km),2020,2020,7423.0,
29,Små varebiler,1,Bensin,GjsnittKjorelengde,Gjennomsnittlig kjørelengde per kjøretøy (km),2021,2021,7756.0,
29,Små varebiler,1,Bensin,GjsnittKjorelengde,Gjennomsnittlig kjørelengde per kjøretøy (km),2022,2022,7563.0,
29,Små varebiler,1,Bensin,GjsnittKjorelengde,Gjennomsnittlig kjørelengde per kjøretøy (km),2023,2023,7491.0,
29,Små varebiler,1,Bensin,GjsnittKjorelengde,Gjennomsnittlig kjørelengde per kjøretøy (km),2024,2024,7501.0,
29,Små varebiler,1,Bensin,GjsnittKjorelengde,Gjennomsnittlig kjørelengde per kjøretøy (km),2025,2025,7924.0,
29,Små varebiler,2,Diesel,Kjorelengde,Kjørelengde (mill. km),2005,2005,2779.9,
29,Små varebiler,2,Diesel,Kjorelengde,Kjørelengde (mill. km),2006,2006,3266.7,
29,Små varebiler,2,Diesel,Kjorelengde,Kjørelengde (mill. km),2007,2007,3883.7,
29,Små varebiler,2,Diesel,Kjorelengde,Kjørelengde (mill. km),2008,2008,4302.3,
29,Små varebiler,2,Diesel,Kjorelengde,Kjørelengde (mill. km),2009,2009,4412.1,
29,Små varebiler,2,Diesel,Kjorelengde,Kjørelengde (mill. km),2010,2010,4502.6,
29,Små varebiler,2,Diesel,Kjorelengde,Kjørelengde (mill. km),2011,2011,4638.9,
29,Små varebiler,2,Diesel,Kjorelengde,Kjørelengde (mill. km),2012,2012,4803.4,
29,Små varebiler,2,Diesel,Kjorelengde,Kjørelengde (mill. km),2013,2013,4839.2,
29,Små varebiler,2,Diesel,Kjorelengde,Kjørelengde (mill. km),2014,2014,4850.5,
29,Små varebiler,2,Diesel,Kjorelengde,Kjørelengde (mill. km),2015,2015,4858.2,
29,Små varebiler,2,Diesel,Kjorelengde,Kjørelengde (mill. km),2016,2016,4872.5,
29,Små varebiler,2,Diesel,Kjorelengde,Kjørelengde (mill. km),2017,2017,4916.5,
29,Små varebiler,2,Diesel,Kjorelengde,Kjørelengde (mill. km),2018,2018,4923.7,
29,Små varebiler,2,Diesel,Kjorelengde,Kjørelengde (mill. km),2019,2019,4888.8,
29,Små varebiler,2,Diesel,Kjorelengde,Kjørelengde (mill. km),2020,2020,4678.8,
29,Små varebiler,2,Diesel,Kjorelengde,Kjørelengde (mill. km),2021,2021,5080.2,
29,Små varebiler,2,Diesel,Kjorelengde,Kjørelengde (mill. km),2022,2022,5025.6,
29,Små varebiler,2,Diesel,Kjorelengde,Kjørelengde (mill. km),2023,2023,4995.9,
29,Små varebiler,2,Diesel,Kjorelengde,Kjørelengde (mill. km),2024,2024,5000.6,
29,Små varebiler,2,Diesel,Kjorelengde,Kjørelengde (mill. km),2025,2025,4892.0,
29,Små varebiler,2,Diesel,GjsnittKjorelengde,Gjennomsnittlig kjørelengde per kjøretøy (km),2005,2005,16427.0,
29,Små varebiler,2,Diesel,GjsnittKjorelengde,Gjennomsnittlig kjørelengde per kjøretøy (km),2006,2006,16594.0,
29,Små varebiler,2,Diesel,GjsnittKjorelengde,Gjennomsnittlig kjørelengde per kjøretøy (km),2007,2007,17148.0,
29,Små varebiler,2,Diesel,GjsnittKjorelengde,Gjennomsnittlig kjørelengde per kjøretøy (km),2008,2008,17448.0,
29,Små varebiler,2,Diesel,GjsnittKjorelengde,Gjennomsnittlig kjørelengde per kjøretøy (km),2009,2009,17210.0,
29,Små varebiler,2,Diesel,GjsnittKjorelengde,Gjennomsnittlig kjørelengde per kjøretøy (km),2010,2010,16707.0,
29,Små varebiler,2,Diesel,GjsnittKjorelengde,Gjennomsnittlig kjørelengde per kjøretøy (km),2011,2011,16411.0,
29,Små varebiler,2,Diesel,GjsnittKjorelengde,Gjennomsnittlig kjørelengde per kjøretøy (km),2012,2012,16278.0,
29,Små varebiler,2,Diesel,GjsnittKjorelengde,Gjennomsnittlig kjørelengde per kjøretøy (km),2013,2013,15817.0,
29,Små varebiler,2,Diesel,GjsnittKjorelengde,Gjennomsnittlig kjørelengde per kjøretøy (km),2014,2014,15502.0,
29,Små varebiler,2,Diesel,GjsnittKjorelengde,Gjennomsnittlig kjørelengde per kjøretøy (km),2015,2015,15119.0,
29,Små varebiler,2,Diesel,GjsnittKjorelengde,Gjennomsnittlig kjørelengde per kjøretøy (km),2016,2016,14791.0,
29,Små varebiler,2,Diesel,GjsnittKjorelengde,Gjennomsnittlig kjørelengde per kjøretøy (km),2017,2017,14715.0,
29,Små varebiler,2,Diesel,GjsnittKjorelengde,Gjennomsnittlig kjørelengde per kjøretøy (km),2018,2018,14534.0,
29,Små varebiler,2,Diesel,GjsnittKjorelengde,Gjennomsnittlig kjørelengde per kjøretøy (km),2019,2019,14285.0,
29,Små varebiler,2,Diesel,GjsnittKjorelengde,Gjennomsnittlig kjørelengde per kjøretøy (km),2020,2020,13616.0,
29,Små varebiler,2,Diesel,GjsnittKjorelengde,Gjennomsnittlig kjørelengde per kjøretøy (km),2021,2021,14063.0,
29,Små varebiler,2,Diesel,GjsnittKjorelengde,Gjennomsnittlig kjørelengde per kjøretøy (km),2022,2022,13861.0,
29,Små varebiler,2,Diesel,GjsnittKjorelengde,Gjennomsnittlig kjørelengde per kjøretøy (km),2023,2023,13806.0,
29,Små varebiler,2,Diesel,GjsnittKjorelengde,Gjennomsnittlig kjørelengde per kjøretøy (km),2024,2024,13820.0,
29,Små varebiler,2,Diesel,GjsnittKjorelengde,Gjennomsnittlig kjørelengde per kjøretøy (km),2025,2025,13607.0,
29,Små varebiler,18,Elektrisitet,Kjorelengde,Kjørelengde (mill. km),2005,2005,0.6,
29,Små varebiler,18,Elektrisitet,Kjorelengde,Kjørelengde (mill. km),2006,2006,0.5,
29,Små varebiler,18,Elektrisitet,Kjorelengde,Kjørelengde (mill. km),2007,2007,0.5,
29,Små varebiler,18,Elektrisitet,Kjorelengde,Kjørelengde (mill. km),2008,2008,0.5,
29,Små varebiler,18,Elektrisitet,Kjorelengde,Kjørelengde (mill. km),2009,2009,0.5,
29,Små varebiler,18,Elektrisitet,Kjorelengde,Kjørelengde (mill. km),2010,2010,0.5,
29,Små varebiler,18,Elektrisitet,Kjorelengde,Kjørelengde (mill. km),2011,2011,0.5,
29,Små varebiler,18,Elektrisitet,Kjorelengde,Kjørelengde (mill. km),2012,2012,1.3,
29,Små varebiler,18,Elektrisitet,Kjorelengde,Kjørelengde (mill. km),2013,2013,3.2,
29,Små varebiler,18,Elektrisitet,Kjorelengde,Kjørelengde (mill. km),2014,2014,11.1,
29,Små varebiler,18,Elektrisitet,Kjorelengde,Kjørelengde (mill. km),2015,2015,10.4,
29,Små varebiler,18,Elektrisitet,Kjorelengde,Kjørelengde (mill. km),2016,2016,19.4,
29,Små varebiler,18,Elektrisitet,Kjorelengde,Kjørelengde (mill. km),2017,2017,28.7,
29,Små varebiler,18,Elektrisitet,Kjorelengde,Kjørelengde (mill. km),2018,2018,46.0,
29,Små varebiler,18,Elektrisitet,Kjorelengde,Kjørelengde (mill. km),2019,2019,63.7,
29,Små varebiler,18,Elektrisitet,Kjorelengde,Kjørelengde (mill. km),2020,2020,82.8,
29,Små varebiler,18,Elektrisitet,Kjorelengde,Kjørelengde (mill. km),2021,2021,128.8,
29,Små varebiler,18,Elektrisitet,Kjorelengde,Kjørelengde (mill. km),2022,2022,203.1,
29,Små varebiler,18,Elektrisitet,Kjorelengde,Kjørelengde (mill. km),2023,2023,276.4,
29,Små varebiler,18,Elektrisitet,Kjorelengde,Kjørelengde (mill. km),2024,2024,418.8,
29,Små varebiler,18,Elektrisitet,Kjorelengde,Kjørelengde (mill. km),2025,2025,554.8,
29,Små varebiler,18,Elektrisitet,GjsnittKjorelengde,Gjennomsnittlig kjørelengde per kjøretøy (km),2005,2005,7536.0,
29,Små varebiler,18,Elektrisitet,GjsnittKjorelengde,Gjennomsnittlig kjørelengde per kjøretøy (km),2006,2006,7142.0,
29,Små varebiler,18,Elektrisitet,GjsnittKjorelengde,Gjennomsnittlig kjørelengde per kjøretøy (km),2007,2007,7383.0,
29,Små varebiler,18,Elektrisitet,GjsnittKjorelengde,Gjennomsnittlig kjørelengde per kjøretøy (km),2008,2008,7382.0,
29,Små varebiler,18,Elektrisitet,GjsnittKjorelengde,Gjennomsnittlig kjørelengde per kjøretøy (km),2009,2009,6890.0,
29,Små varebiler,18,Elektrisitet,GjsnittKjorelengde,Gjennomsnittlig kjørelengde per kjøretøy (km),2010,2010,7338.0,
29,Små varebiler,18,Elektrisitet,GjsnittKjorelengde,Gjennomsnittlig kjørelengde per kjøretøy (km),2011,2011,4319.0,
29,Små varebiler,18,Elektrisitet,GjsnittKjorelengde,Gjennomsnittlig kjørelengde per kjøretøy (km),2012,2012,7737.0,
29,Små varebiler,18,Elektrisitet,GjsnittKjorelengde,Gjennomsnittlig kjørelengde per kjøretøy (km),2013,2013,6118.0,
29,Små varebiler,18,Elektrisitet,GjsnittKjorelengde,Gjennomsnittlig kjørelengde per kjøretøy (km),2014,2014,10171.0,
29,Små varebiler,18,Elektrisitet,GjsnittKjorelengde,Gjennomsnittlig kjørelengde per kjøretøy (km),2015,2015,5622.0,
29,Små varebiler,18,Elektrisitet,GjsnittKjorelengde,Gjennomsnittlig kjørelengde per kjøretøy (km),2016,2016,7461.0,
29,Små varebiler,18,Elektrisitet,GjsnittKjorelengde,Gjennomsnittlig kjørelengde per kjøretøy (km),2017,2017,8156.0,
29,Små varebiler,18,Elektrisitet,GjsnittKjorelengde,Gjennomsnittlig kjørelengde per kjøretøy (km),2018,2018,8478.0,
29,Små varebiler,18,Elektrisitet,GjsnittKjorelengde,Gjennomsnittlig kjørelengde per kjøretøy (km),2019,2019,8583.0,
29,Små varebiler,18,Elektrisitet,GjsnittKjorelengde,Gjennomsnittlig kjørelengde per kjøretøy (km),2020,2020,8362.0,
29,Små varebiler,18,Elektrisitet,GjsnittKjorelengde,Gjennomsnittlig kjørelengde per kjøretøy (km),2021,2021,8375.0,
29,Små varebiler,18,Elektrisitet,GjsnittKjorelengde,Gjennomsnittlig kjørelengde per kjøretøy (km),2022,2022,9193.0,
29,Små varebiler,18,Elektrisitet,GjsnittKjorelengde,Gjennomsnittlig kjørelengde per kjøretøy (km),2023,2023,9037.0,
29,Små varebiler,18,Elektrisitet,GjsnittKjorelengde,Gjennomsnittlig kjørelengde per kjøretøy (km),2024,2024,10923.0,
29,Små varebiler,18,Elektrisitet,GjsnittKjorelengde,Gjennomsnittlig kjørelengde per kjøretøy (km),2025,2025,10871.0,
29,Små varebiler,14,"Bensin hybrid, ladbar",Kjorelengde,Kjørelengde (mill. km),2005,2005,,.
29,Små varebiler,14,"Bensin hybrid, ladbar",Kjorelengde,Kjørelengde (mill. km),2006,2006,,.
29,Små varebiler,14,"Bensin hybrid, ladbar",Kjorelengde,Kjørelengde (mill. km),2007,2007,,.
29,Små varebiler,14,"Bensin hybrid, ladbar",Kjorelengde,Kjørelengde (mill. km),2008,2008,,.
29,Små varebiler,14,"Bensin hybrid, ladbar",Kjorelengde,Kjørelengde (mill. km),2009,2009,,.
29,Små varebiler,14,"Bensin hybrid, ladbar",Kjorelengde,Kjørelengde (mill. km),2010,2010,,.
29,Små varebiler,14,"Bensin hybrid, ladbar",Kjorelengde,Kjørelengde (mill. km),2011,2011,,.
29,Små varebiler,14,"Bensin hybrid, ladbar",Kjorelengde,Kjørelengde (mill. km),2012,2012,,.
29,Små varebiler,14,"Bensin hybrid, ladbar",Kjorelengde,Kjørelengde (mill. km),2013,2013,,.
29,Små varebiler,14,"Bensin hybrid, ladbar",Kjorelengde,Kjørelengde (mill. km),2014,2014,,.
29,Små varebiler,14,"Bensin hybrid, ladbar",Kjorelengde,Kjørelengde (mill. km),2015,2015,,.
29,Små varebiler,14,"Bensin hybrid, ladbar",Kjorelengde,Kjørelengde (mill. km),2016,2016,,:
29,Små varebiler,14,"Bensin hybrid, ladbar",Kjorelengde,Kjørelengde (mill. km),2017,2017,0.2,
29,Små varebiler,14,"Bensin hybrid, ladbar",Kjorelengde,Kjørelengde (mill. km),2018,2018,0.4,
29,Små varebiler,14,"Bensin hybrid, ladbar",Kjorelengde,Kjørelengde (mill. km),2019,2019,0.6,
29,Små varebiler,14,"Bensin hybrid, ladbar",Kjorelengde,Kjørelengde (mill. km),2020,2020,0.4,
29,Små varebiler,14,"Bensin hybrid, ladbar",Kjorelengde,Kjørelengde (mill. km),2021,2021,1.6,
29,Små varebiler,14,"Bensin hybrid, ladbar",Kjorelengde,Kjørelengde (mill. km),2022,2022,5.4,
29,Små varebiler,14,"Bensin hybrid, ladbar",Kjorelengde,Kjørelengde (mill. km),2023,2023,9.4,
29,Små varebiler,14,"Bensin hybrid, ladbar",Kjorelengde,Kjørelengde (mill. km),2024,2024,14.1,
29,Små varebiler,14,"Bensin hybrid, ladbar",Kjorelengde,Kjørelengde (mill. km),2025,2025,15.0,
29,Små varebiler,14,"Bensin hybrid, ladbar",GjsnittKjorelengde,Gjennomsnittlig kjørelengde per kjøretøy (km),2005,2005,,.
29,Små varebiler,14,"Bensin hybrid, ladbar",GjsnittKjorelengde,Gjennomsnittlig kjørelengde per kjøretøy (km),2006,2006,,.
29,Små varebiler,14,"Bensin hybrid, ladbar",GjsnittKjorelengde,Gjennomsnittlig kjørelengde per kjøretøy (km),2007,2007,,.
29,Små varebiler,14,"Bensin hybrid, ladbar",GjsnittKjorelengde,Gjennomsnittlig kjørelengde per kjøretøy (km),2008,2008,,.
29,Små varebiler,14,"Bensin hybrid, ladbar",GjsnittKjorelengde,Gjennomsnittlig kjørelengde per kjøretøy (km),2009,2009,,.
29,Små varebiler,14,"Bensin hybrid, ladbar",GjsnittKjorelengde,Gjennomsnittlig kjørelengde per kjøretøy (km),2010,2010,,.
29,Små varebiler,14,"Bensin hybrid, ladbar",GjsnittKjorelengde,Gjennomsnittlig kjørelengde per kjøretøy (km),2011,2011,,.
29,Små varebiler,14,"Bensin hybrid, ladbar",GjsnittKjorelengde,Gjennomsnittlig kjørelengde per kjøretøy (km),2012,2012,,.
29,Små varebiler,14,"Bensin hybrid, ladbar",GjsnittKjorelengde,Gjennomsnittlig kjørelengde per kjøretøy (km),2013,2013,,.
29,Små varebiler,14,"Bensin hybrid, ladbar",GjsnittKjorelengde,Gjennomsnittlig kjørelengde per kjøretøy (km),2014,2014,,.
29,Små varebiler,14,"Bensin hybrid, ladbar",GjsnittKjorelengde,Gjennomsnittlig kjørelengde per kjøretøy (km),2015,2015,,.
29,Små varebiler,14,"Bensin hybrid, ladbar",GjsnittKjorelengde,Gjennomsnittlig kjørelengde per kjøretøy (km),2016,2016,,:
29,Små varebiler,14,"Bensin hybrid, ladbar",GjsnittKjorelengde,Gjennomsnittlig kjørelengde per kjøretøy (km),2017,2017,15711.0,
29,Små varebiler,14,"Bensin hybrid, ladbar",GjsnittKjorelengde,Gjennomsnittlig kjørelengde per kjøretøy (km),2018,2018,13646.0,
29,Små varebiler,14,"Bensin hybrid, ladbar",GjsnittKjorelengde,Gjennomsnittlig kjørelengde per kjøretøy (km),2019,2019,16074.0,
29,Små varebiler,14,"Bensin hybrid, ladbar",GjsnittKjorelengde,Gjennomsnittlig kjørelengde per kjøretøy (km),2020,2020,14856.0,
29,Små varebiler,14,"Bensin hybrid, ladbar",GjsnittKjorelengde,Gjennomsnittlig kjørelengde per kjøretøy (km),2021,2021,6672.0,
29,Små varebiler,14,"Bensin hybrid, ladbar",GjsnittKjorelengde,Gjennomsnittlig kjørelengde per kjøretøy (km),2022,2022,11972.0,
29,Små varebiler,14,"Bensin hybrid, ladbar",GjsnittKjorelengde,Gjennomsnittlig kjørelengde per kjøretøy (km),2023,2023,16451.0,
29,Små varebiler,14,"Bensin hybrid, ladbar",GjsnittKjorelengde,Gjennomsnittlig kjørelengde per kjøretøy (km),2024,2024,21255.0,
29,Små varebiler,14,"Bensin hybrid, ladbar",GjsnittKjorelengde,Gjennomsnittlig kjørelengde per kjøretøy (km),2025,2025,15665.0,
29,Små varebiler,15,"Bensin hybrid, ikke ladbar",Kjorelengde,Kjørelengde (mill. km),2005,2005,,.
29,Små varebiler,15,"Bensin hybrid, ikke ladbar",Kjorelengde,Kjørelengde (mill. km),2006,2006,,.
29,Små varebiler,15,"Bensin hybrid, ikke ladbar",Kjorelengde,Kjørelengde (mill. km),2007,2007,,.
29,Små varebiler,15,"Bensin hybrid, ikke ladbar",Kjorelengde,Kjørelengde (mill. km),2008,2008,,.
29,Små varebiler,15,"Bensin hybrid, ikke ladbar",Kjorelengde,Kjørelengde (mill. km),2009,2009,,.
29,Små varebiler,15,"Bensin hybrid, ikke ladbar",Kjorelengde,Kjørelengde (mill. km),2010,2010,,.
29,Små varebiler,15,"Bensin hybrid, ikke ladbar",Kjorelengde,Kjørelengde (mill. km),2011,2011,,.
29,Små varebiler,15,"Bensin hybrid, ikke ladbar",Kjorelengde,Kjørelengde (mill. km),2012,2012,,.
29,Små varebiler,15,"Bensin hybrid, ikke ladbar",Kjorelengde,Kjørelengde (mill. km),2013,2013,,.
29,Små varebiler,15,"Bensin hybrid, ikke ladbar",Kjorelengde,Kjørelengde (mill. km),2014,2014,,.
29,Små varebiler,15,"Bensin hybrid, ikke ladbar",Kjorelengde,Kjørelengde (mill. km),2015,2015,,.
29,Små varebiler,15,"Bensin hybrid, ikke ladbar",Kjorelengde,Kjørelengde (mill. km),2016,2016,0.7,
29,Små varebiler,15,"Bensin hybrid, ikke ladbar",Kjorelengde,Kjørelengde (mill. km),2017,2017,0.6,
29,Små varebiler,15,"Bensin hybrid, ikke ladbar",Kjorelengde,Kjørelengde (mill. km),2018,2018,0.7,
29,Små varebiler,15,"Bensin hybrid, ikke ladbar",Kjorelengde,Kjørelengde (mill. km),2019,2019,0.7,
29,Små varebiler,15,"Bensin hybrid, ikke ladbar",Kjorelengde,Kjørelengde (mill. km),2020,2020,0.0,
29,Små varebiler,15,"Bensin hybrid, ikke ladbar",Kjorelengde,Kjørelengde (mill. km),2021,2021,0.3,
29,Små varebiler,15,"Bensin hybrid, ikke ladbar",Kjorelengde,Kjørelengde (mill. km),2022,2022,0.6,
29,Små varebiler,15,"Bensin hybrid, ikke ladbar",Kjorelengde,Kjørelengde (mill. km),2023,2023,1.0,
29,Små varebiler,15,"Bensin hybrid, ikke ladbar",Kjorelengde,Kjørelengde (mill. km),2024,2024,1.2,
29,Små varebiler,15,"Bensin hybrid, ikke ladbar",Kjorelengde,Kjørelengde (mill. km),2025,2025,1.8,
29,Små varebiler,15,"Bensin hybrid, ikke ladbar",GjsnittKjorelengde,Gjennomsnittlig kjørelengde per kjøretøy (km),2005,2005,,.
29,Små varebiler,15,"Bensin hybrid, ikke ladbar",GjsnittKjorelengde,Gjennomsnittlig kjørelengde per kjøretøy (km),2006,2006,,.
29,Små varebiler,15,"Bensin hybrid, ikke ladbar",GjsnittKjorelengde,Gjennomsnittlig kjørelengde per kjøretøy (km),2007,2007,,.
29,Små varebiler,15,"Bensin hybrid, ikke ladbar",GjsnittKjorelengde,Gjennomsnittlig kjørelengde per kjøretøy (km),2008,2008,,.
29,Små varebiler,15,"Bensin hybrid, ikke ladbar",GjsnittKjorelengde,Gjennomsnittlig kjørelengde per kjøretøy (km),2009,2009,,.
29,Små varebiler,15,"Bensin hybrid, ikke ladbar",GjsnittKjorelengde,Gjennomsnittlig kjørelengde per kjøretøy (km),2010,2010,,.
29,Små varebiler,15,"Bensin hybrid, ikke ladbar",GjsnittKjorelengde,Gjennomsnittlig kjørelengde per kjøretøy (km),2011,2011,,.
29,Små varebiler,15,"Bensin hybrid, ikke ladbar",GjsnittKjorelengde,Gjennomsnittlig kjørelengde per kjøretøy (km),2012,2012,,.
29,Små varebiler,15,"Bensin hybrid, ikke ladbar",GjsnittKjorelengde,Gjennomsnittlig kjørelengde per kjøretøy (km),2013,2013,,.
29,Små varebiler,15,"Bensin hybrid, ikke ladbar",GjsnittKjorelengde,Gjennomsnittlig kjørelengde per kjøretøy (km),2014,2014,,.
29,Små varebiler,15,"Bensin hybrid, ikke ladbar",GjsnittKjorelengde,Gjennomsnittlig kjørelengde per kjøretøy (km),2015,2015,,.
29,Små varebiler,15,"Bensin hybrid, ikke ladbar",GjsnittKjorelengde,Gjennomsnittlig kjørelengde per kjøretøy (km),2016,2016,10638.0,
29,Små varebiler,15,"Bensin hybrid, ikke ladbar",GjsnittKjorelengde,Gjennomsnittlig kjørelengde per kjøretøy (km),2017,2017,10853.0,
29,Små varebiler,15,"Bensin hybrid, ikke ladbar",GjsnittKjorelengde,Gjennomsnittlig kjørelengde per kjøretøy (km),2018,2018,12109.0,
29,Små varebiler,15,"Bensin hybrid, ikke ladbar",GjsnittKjorelengde,Gjennomsnittlig kjørelengde per kjøretøy (km),2019,2019,11887.0,
29,Små varebiler,15,"Bensin hybrid, ikke ladbar",GjsnittKjorelengde,Gjennomsnittlig kjørelengde per kjøretøy (km),2020,2020,1931.0,
29,Små varebiler,15,"Bensin hybrid, ikke ladbar",GjsnittKjorelengde,Gjennomsnittlig kjørelengde per kjøretøy (km),2021,2021,11035.0,
29,Små varebiler,15,"Bensin hybrid, ikke ladbar",GjsnittKjorelengde,Gjennomsnittlig kjørelengde per kjøretøy (km),2022,2022,13598.0,
29,Små varebiler,15,"Bensin hybrid, ikke ladbar",GjsnittKjorelengde,Gjennomsnittlig kjørelengde per kjøretøy (km),2023,2023,15892.0,
29,Små varebiler,15,"Bensin hybrid, ikke ladbar",GjsnittKjorelengde,Gjennomsnittlig kjørelengde per kjøretøy (km),2024,2024,11417.0,
29,Små varebiler,15,"Bensin hybrid, ikke ladbar",GjsnittKjorelengde,Gjennomsnittlig kjørelengde per kjøretøy (km),2025,2025,11856.0,
29,Små varebiler,16,"Diesel hybrid, ladbar",Kjorelengde,Kjørelengde (mill. km),2005,2005,,.
29,Små varebiler,16,"Diesel hybrid, ladbar",Kjorelengde,Kjørelengde (mill. km),2006,2006,,.
29,Små varebiler,16,"Diesel hybrid, ladbar",Kjorelengde,Kjørelengde (mill. km),2007,2007,,.
29,Små varebiler,16,"Diesel hybrid, ladbar",Kjorelengde,Kjørelengde (mill. km),2008,2008,,.
29,Små varebiler,16,"Diesel hybrid, ladbar",Kjorelengde,Kjørelengde (mill. km),2009,2009,,.
29,Små varebiler,16,"Diesel hybrid, ladbar",Kjorelengde,Kjørelengde (mill. km),2010,2010,,.
29,Små varebiler,16,"Diesel hybrid, ladbar",Kjorelengde,Kjørelengde (mill. km),2011,2011,,.
29,Små varebiler,16,"Diesel hybrid, ladbar",Kjorelengde,Kjørelengde (mill. km),2012,2012,,.
29,Små varebiler,16,"Diesel hybrid, ladbar",Kjorelengde,Kjørelengde (mill. km),2013,2013,,.
29,Små varebiler,16,"Diesel hybrid, ladbar",Kjorelengde,Kjørelengde (mill. km),2014,2014,,.
29,Små varebiler,16,"Diesel hybrid, ladbar",Kjorelengde,Kjørelengde (mill. km),2015,2015,,.
29,Små varebiler,16,"Diesel hybrid, ladbar",Kjorelengde,Kjørelengde (mill. km),2016,2016,,.
29,Små varebiler,16,"Diesel hybrid, ladbar",Kjorelengde,Kjørelengde (mill. km),2017,2017,,.
29,Små varebiler,16,"Diesel hybrid, ladbar",Kjorelengde,Kjørelengde (mill. km),2018,2018,,.
29,Små varebiler,16,"Diesel hybrid, ladbar",Kjorelengde,Kjørelengde (mill. km),2019,2019,,.
29,Små varebiler,16,"Diesel hybrid, ladbar",Kjorelengde,Kjørelengde (mill. km),2020,2020,,.
29,Små varebiler,16,"Diesel hybrid, ladbar",Kjorelengde,Kjørelengde (mill. km),2021,2021,0.0,
29,Små varebiler,16,"Diesel hybrid, ladbar",Kjorelengde,Kjørelengde (mill. km),2022,2022,0.0,
29,Små varebiler,16,"Diesel hybrid, ladbar",Kjorelengde,Kjørelengde (mill. km),2023,2023,0.1,
29,Små varebiler,16,"Diesel hybrid, ladbar",Kjorelengde,Kjørelengde (mill. km),2024,2024,0.1,
29,Små varebiler,16,"Diesel hybrid, ladbar",Kjorelengde,Kjørelengde (mill. km),2025,2025,0.1,
29,Små varebiler,16,"Diesel hybrid, ladbar",GjsnittKjorelengde,Gjennomsnittlig kjørelengde per kjøretøy (km),2005,2005,,.
29,Små varebiler,16,"Diesel hybrid, ladbar",GjsnittKjorelengde,Gjennomsnittlig kjørelengde per kjøretøy (km),2006,2006,,.
29,Små varebiler,16,"Diesel hybrid, ladbar",GjsnittKjorelengde,Gjennomsnittlig kjørelengde per kjøretøy (km),2007,2007,,.
29,Små varebiler,16,"Diesel hybrid, ladbar",GjsnittKjorelengde,Gjennomsnittlig kjørelengde per kjøretøy (km),2008,2008,,.
29,Små varebiler,16,"Diesel hybrid, ladbar",GjsnittKjorelengde,Gjennomsnittlig kjørelengde per kjøretøy (km),2009,2009,,.
29,Små varebiler,16,"Diesel hybrid, ladbar",GjsnittKjorelengde,Gjennomsnittlig kjørelengde per kjøretøy (km),2010,2010,,.
29,Små varebiler,16,"Diesel hybrid, ladbar",GjsnittKjorelengde,Gjennomsnittlig kjørelengde per kjøretøy (km),2011,2011,,.
29,Små varebiler,16,"Diesel hybrid, ladbar",GjsnittKjorelengde,Gjennomsnittlig kjørelengde per kjøretøy (km),2012,2012,,.
29,Små varebiler,16,"Diesel hybrid, ladbar",GjsnittKjorelengde,Gjennomsnittlig kjørelengde per kjøretøy (km),2013,2013,,.
29,Små varebiler,16,"Diesel hybrid, ladbar",GjsnittKjorelengde,Gjennomsnittlig kjørelengde per kjøretøy (km),2014,2014,,.
29,Små varebiler,16,"Diesel hybrid, ladbar",GjsnittKjorelengde,Gjennomsnittlig kjørelengde per kjøretøy (km),2015,2015,,.
29,Små varebiler,16,"Diesel hybrid, ladbar",GjsnittKjorelengde,Gjennomsnittlig kjørelengde per kjøretøy (km),2016,2016,,.
29,Små varebiler,16,"Diesel hybrid, ladbar",GjsnittKjorelengde,Gjennomsnittlig kjørelengde per kjøretøy (km),2017,2017,,.
29,Små varebiler,16,"Diesel hybrid, ladbar",GjsnittKjorelengde,Gjennomsnittlig kjørelengde per kjøretøy (km),2018,2018,,.
29,Små varebiler,16,"Diesel hybrid, ladbar",GjsnittKjorelengde,Gjennomsnittlig kjørelengde per kjøretøy (km),2019,2019,,.
29,Små varebiler,16,"Diesel hybrid, ladbar",GjsnittKjorelengde,Gjennomsnittlig kjørelengde per kjøretøy (km),2020,2020,,.
29,Små varebiler,16,"Diesel hybrid, ladbar",GjsnittKjorelengde,Gjennomsnittlig kjørelengde per kjøretøy (km),2021,2021,8072.0,
29,Små varebiler,16,"Diesel hybrid, ladbar",GjsnittKjorelengde,Gjennomsnittlig kjørelengde per kjøretøy (km),2022,2022,7097.0,
29,Små varebiler,16,"Diesel hybrid, ladbar",GjsnittKjorelengde,Gjennomsnittlig kjørelengde per kjøretøy (km),2023,2023,18259.0,
29,Små varebiler,16,"Diesel hybrid, ladbar",GjsnittKjorelengde,Gjennomsnittlig kjørelengde per kjøretøy (km),2024,2024,16033.0,
29,Små varebiler,16,"Diesel hybrid, ladbar",GjsnittKjorelengde,Gjennomsnittlig kjørelengde per kjøretøy (km),2025,2025,20745.0,
29,Små varebiler,17,"Diesel hybrid, ikke ladbar",Kjorelengde,Kjørelengde (mill. km),2005,2005,,.
29,Små varebiler,17,"Diesel hybrid, ikke ladbar",Kjorelengde,Kjørelengde (mill. km),2006,2006,,.
29,Små varebiler,17,"Diesel hybrid, ikke ladbar",Kjorelengde,Kjørelengde (mill. km),2007,2007,,.
29,Små varebiler,17,"Diesel hybrid, ikke ladbar",Kjorelengde,Kjørelengde (mill. km),2008,2008,,.
29,Små varebiler,17,"Diesel hybrid, ikke ladbar",Kjorelengde,Kjørelengde (mill. km),2009,2009,,.
29,Små varebiler,17,"Diesel hybrid, ikke ladbar",Kjorelengde,Kjørelengde (mill. km),2010,2010,,.
29,Små varebiler,17,"Diesel hybrid, ikke ladbar",Kjorelengde,Kjørelengde (mill. km),2011,2011,,.
29,Små varebiler,17,"Diesel hybrid, ikke ladbar",Kjorelengde,Kjørelengde (mill. km),2012,2012,,.
29,Små varebiler,17,"Diesel hybrid, ikke ladbar",Kjorelengde,Kjørelengde (mill. km),2013,2013,,.
29,Små varebiler,17,"Diesel hybrid, ikke ladbar",Kjorelengde,Kjørelengde (mill. km),2014,2014,,.
29,Små varebiler,17,"Diesel hybrid, ikke ladbar",Kjorelengde,Kjørelengde (mill. km),2015,2015,,.
29,Små varebiler,17,"Diesel hybrid, ikke ladbar",Kjorelengde,Kjørelengde (mill. km),2016,2016,,.
29,Små varebiler,17,"Diesel hybrid, ikke ladbar",Kjorelengde,Kjørelengde (mill. km),2017,2017,,.
29,Små varebiler,17,"Diesel hybrid, ikke ladbar",Kjorelengde,Kjørelengde (mill. km),2018,2018,,:
29,Små varebiler,17,"Diesel hybrid, ikke ladbar",Kjorelengde,Kjørelengde (mill. km),2019,2019,0.0,
29,Små varebiler,17,"Diesel hybrid, ikke ladbar",Kjorelengde,Kjørelengde (mill. km),2020,2020,0.2,
29,Små varebiler,17,"Diesel hybrid, ikke ladbar",Kjorelengde,Kjørelengde (mill. km),2021,2021,2.9,
29,Små varebiler,17,"Diesel hybrid, ikke ladbar",Kjorelengde,Kjørelengde (mill. km),2022,2022,6.5,
29,Små varebiler,17,"Diesel hybrid, ikke ladbar",Kjorelengde,Kjørelengde (mill. km),2023,2023,10.0,
29,Små varebiler,17,"Diesel hybrid, ikke ladbar",Kjorelengde,Kjørelengde (mill. km),2024,2024,12.0,
29,Små varebiler,17,"Diesel hybrid, ikke ladbar",Kjorelengde,Kjørelengde (mill. km),2025,2025,21.2,
29,Små varebiler,17,"Diesel hybrid, ikke ladbar",GjsnittKjorelengde,Gjennomsnittlig kjørelengde per kjøretøy (km),2005,2005,,.
29,Små varebiler,17,"Diesel hybrid, ikke ladbar",GjsnittKjorelengde,Gjennomsnittlig kjørelengde per kjøretøy (km),2006,2006,,.
29,Små varebiler,17,"Diesel hybrid, ikke ladbar",GjsnittKjorelengde,Gjennomsnittlig kjørelengde per kjøretøy (km),2007,2007,,.
29,Små varebiler,17,"Diesel hybrid, ikke ladbar",GjsnittKjorelengde,Gjennomsnittlig kjørelengde per kjøretøy (km),2008,2008,,.
29,Små varebiler,17,"Diesel hybrid, ikke ladbar",GjsnittKjorelengde,Gjennomsnittlig kjørelengde per kjøretøy (km),2009,2009,,.
29,Små varebiler,17,"Diesel hybrid, ikke ladbar",GjsnittKjorelengde,Gjennomsnittlig kjørelengde per kjøretøy (km),2010,2010,,.
29,Små varebiler,17,"Diesel hybrid, ikke ladbar",GjsnittKjorelengde,Gjennomsnittlig kjørelengde per kjøretøy (km),2011,2011,,.
29,Små varebiler,17,"Diesel hybrid, ikke ladbar",GjsnittKjorelengde,Gjennomsnittlig kjørelengde per kjøretøy (km),2012,2012,,.
29,Små varebiler,17,"Diesel hybrid, ikke ladbar",GjsnittKjorelengde,Gjennomsnittlig kjørelengde per kjøretøy (km),2013,2013,,.
29,Små varebiler,17,"Diesel hybrid, ikke ladbar",GjsnittKjorelengde,Gjennomsnittlig kjørelengde per kjøretøy (km),2014,2014,,.
29,Små varebiler,17,"Diesel hybrid, ikke ladbar",GjsnittKjorelengde,Gjennomsnittlig kjørelengde per kjøretøy (km),2015,2015,,.
29,Små varebiler,17,"Diesel hybrid, ikke ladbar",GjsnittKjorelengde,Gjennomsnittlig kjørelengde per kjøretøy (km),2016,2016,,.
29,Små varebiler,17,"Diesel hybrid, ikke ladbar",GjsnittKjorelengde,Gjennomsnittlig kjørelengde per kjøretøy (km),2017,2017,,.
29,Små varebiler,17,"Diesel hybrid, ikke ladbar",GjsnittKjorelengde,Gjennomsnittlig kjørelengde per kjøretøy (km),2018,2018,,:
29,Små varebiler,17,"Diesel hybrid, ikke ladbar",GjsnittKjorelengde,Gjennomsnittlig kjørelengde per kjøretøy (km),2019,2019,7125.0,
29,Små varebiler,17,"Diesel hybrid, ikke ladbar",GjsnittKjorelengde,Gjennomsnittlig kjørelengde per kjøretøy (km),2020,2020,9541.0,
29,Små varebiler,17,"Diesel hybrid, ikke ladbar",GjsnittKjorelengde,Gjennomsnittlig kjørelengde per kjøretøy (km),2021,2021,10778.0,
29,Små varebiler,17,"Diesel hybrid, ikke ladbar",GjsnittKjorelengde,Gjennomsnittlig kjørelengde per kjøretøy (km),2022,2022,13271.0,
29,Små varebiler,17,"Diesel hybrid, ikke ladbar",GjsnittKjorelengde,Gjennomsnittlig kjørelengde per kjøretøy (km),2023,2023,15879.0,
29,Små varebiler,17,"Diesel hybrid, ikke ladbar",GjsnittKjorelengde,Gjennomsnittlig kjørelengde per kjøretøy (km),2024,2024,13552.0,
29,Små varebiler,17,"Diesel hybrid, ikke ladbar",GjsnittKjorelengde,Gjennomsnittlig kjørelengde per kjøretøy (km),2025,2025,13154.0,
29,Små varebiler,3,Parafin,Kjorelengde,Kjørelengde (mill. km),2005,2005,,.
29,Små varebiler,3,Parafin,Kjorelengde,Kjørelengde (mill. km),2006,2006,,.
29,Små varebiler,3,Parafin,Kjorelengde,Kjørelengde (mill. km),2007,2007,,.
29,Små varebiler,3,Parafin,Kjorelengde,Kjørelengde (mill. km),2008,2008,,.
29,Små varebiler,3,Parafin,Kjorelengde,Kjørelengde (mill. km),2009,2009,,.
29,Små varebiler,3,Parafin,Kjorelengde,Kjørelengde (mill. km),2010,2010,,.
29,Små varebiler,3,Parafin,Kjorelengde,Kjørelengde (mill. km),2011,2011,,.
29,Små varebiler,3,Parafin,Kjorelengde,Kjørelengde (mill. km),2012,2012,,.
29,Små varebiler,3,Parafin,Kjorelengde,Kjørelengde (mill. km),2013,2013,,.
29,Små varebiler,3,Parafin,Kjorelengde,Kjørelengde (mill. km),2014,2014,,.
29,Små varebiler,3,Parafin,Kjorelengde,Kjørelengde (mill. km),2015,2015,,.
29,Små varebiler,3,Parafin,Kjorelengde,Kjørelengde (mill. km),2016,2016,,.
29,Små varebiler,3,Parafin,Kjorelengde,Kjørelengde (mill. km),2017,2017,,.
29,Små varebiler,3,Parafin,Kjorelengde,Kjørelengde (mill. km),2018,2018,,:
29,Små varebiler,3,Parafin,Kjorelengde,Kjørelengde (mill. km),2019,2019,,:
29,Små varebiler,3,Parafin,Kjorelengde,Kjørelengde (mill. km),2020,2020,,:
29,Små varebiler,3,Parafin,Kjorelengde,Kjørelengde (mill. km),2021,2021,,:
29,Små varebiler,3,Parafin,Kjorelengde,Kjørelengde (mill. km),2022,2022,,:
29,Små varebiler,3,Parafin,Kjorelengde,Kjørelengde (mill. km),2023,2023,,:
29,Små varebiler,3,Parafin,Kjorelengde,Kjørelengde (mill. km),2024,2024,,:
29,Små varebiler,3,Parafin,Kjorelengde,Kjørelengde (mill. km),2025,2025,0.0,
29,Små varebiler,3,Parafin,GjsnittKjorelengde,Gjennomsnittlig kjørelengde per kjøretøy (km),2005,2005,,.
29,Små varebiler,3,Parafin,GjsnittKjorelengde,Gjennomsnittlig kjørelengde per kjøretøy (km),2006,2006,,.
29,Små varebiler,3,Parafin,GjsnittKjorelengde,Gjennomsnittlig kjørelengde per kjøretøy (km),2007,2007,,.
29,Små varebiler,3,Parafin,GjsnittKjorelengde,Gjennomsnittlig kjørelengde per kjøretøy (km),2008,2008,,.
29,Små varebiler,3,Parafin,GjsnittKjorelengde,Gjennomsnittlig kjørelengde per kjøretøy (km),2009,2009,,.
29,Små varebiler,3,Parafin,GjsnittKjorelengde,Gjennomsnittlig kjørelengde per kjøretøy (km),2010,2010,,.
29,Små varebiler,3,Parafin,GjsnittKjorelengde,Gjennomsnittlig kjørelengde per kjøretøy (km),2011,2011,,.
29,Små varebiler,3,Parafin,GjsnittKjorelengde,Gjennomsnittlig kjørelengde per kjøretøy (km),2012,2012,,.
29,Små varebiler,3,Parafin,GjsnittKjorelengde,Gjennomsnittlig kjørelengde per kjøretøy (km),2013,2013,,.
29,Små varebiler,3,Parafin,GjsnittKjorelengde,Gjennomsnittlig kjørelengde per kjøretøy (km),2014,2014,,.
29,Små varebiler,3,Parafin,GjsnittKjorelengde,Gjennomsnittlig kjørelengde per kjøretøy (km),2015,2015,,.
29,Små varebiler,3,Parafin,GjsnittKjorelengde,Gjennomsnittlig kjørelengde per kjøretøy (km),2016,2016,,.
29,Små varebiler,3,Parafin,GjsnittKjorelengde,Gjennomsnittlig kjørelengde per kjøretøy (km),2017,2017,,.
29,Små varebiler,3,Parafin,GjsnittKjorelengde,Gjennomsnittlig kjørelengde per kjøretøy (km),2018,2018,,:
29,Små varebiler,3,Parafin,GjsnittKjorelengde,Gjennomsnittlig kjørelengde per kjøretøy (km),2019,2019,,:
29,Små varebiler,3,Parafin,GjsnittKjorelengde,Gjennomsnittlig kjørelengde per kjøretøy (km),2020,2020,,:
29,Små varebiler,3,Parafin,GjsnittKjorelengde,Gjennomsnittlig kjørelengde per kjøretøy (km),2021,2021,,:
29,Små varebiler,3,Parafin,GjsnittKjorelengde,Gjennomsnittlig kjørelengde per kjøretøy (km),2022,2022,,:
29,Små varebiler,3,Parafin,GjsnittKjorelengde,Gjennomsnittlig kjørelengde per kjøretøy (km),2023,2023,,:
29,Små varebiler,3,Parafin,GjsnittKjorelengde,Gjennomsnittlig kjørelengde per kjøretøy (km),2024,2024,,:
29,Små varebiler,3,Parafin,GjsnittKjorelengde,Gjennomsnittlig kjørelengde per kjøretøy (km),2025,2025,4390.0,
29,Små varebiler,4,Gass,Kjorelengde,Kjørelengde (mill. km),2005,2005,,.
29,Små varebiler,4,Gass,Kjorelengde,Kjørelengde (mill. km),2006,2006,,.
29,Små varebiler,4,Gass,Kjorelengde,Kjørelengde (mill. km),2007,2007,,.
29,Små varebiler,4,Gass,Kjorelengde,Kjørelengde (mill. km),2008,2008,,.
29,Små varebiler,4,Gass,Kjorelengde,Kjørelengde (mill. km),2009,2009,,.
29,Små varebiler,4,Gass,Kjorelengde,Kjørelengde (mill. km),2010,2010,,.
29,Små varebiler,4,Gass,Kjorelengde,Kjørelengde (mill. km),2011,2011,,.
29,Små varebiler,4,Gass,Kjorelengde,Kjørelengde (mill. km),2012,2012,,.
29,Små varebiler,4,Gass,Kjorelengde,Kjørelengde (mill. km),2013,2013,,.
29,Små varebiler,4,Gass,Kjorelengde,Kjørelengde (mill. km),2014,2014,,.
29,Små varebiler,4,Gass,Kjorelengde,Kjørelengde (mill. km),2015,2015,,.
29,Små varebiler,4,Gass,Kjorelengde,Kjørelengde (mill. km),2016,2016,4.2,
29,Små varebiler,4,Gass,Kjorelengde,Kjørelengde (mill. km),2017,2017,5.9,
29,Små varebiler,4,Gass,Kjorelengde,Kjørelengde (mill. km),2018,2018,5.8,
29,Små varebiler,4,Gass,Kjorelengde,Kjørelengde (mill. km),2019,2019,5.6,
29,Små varebiler,4,Gass,Kjorelengde,Kjørelengde (mill. km),2020,2020,5.4,
29,Små varebiler,4,Gass,Kjorelengde,Kjørelengde (mill. km),2021,2021,5.3,
29,Små varebiler,4,Gass,Kjorelengde,Kjørelengde (mill. km),2022,2022,4.7,
29,Små varebiler,4,Gass,Kjorelengde,Kjørelengde (mill. km),2023,2023,4.6,
29,Små varebiler,4,Gass,Kjorelengde,Kjørelengde (mill. km),2024,2024,4.5,
29,Små varebiler,4,Gass,Kjorelengde,Kjørelengde (mill. km),2025,2025,4.0,
29,Små varebiler,4,Gass,GjsnittKjorelengde,Gjennomsnittlig kjørelengde per kjøretøy (km),2005,2005,,.
29,Små varebiler,4,Gass,GjsnittKjorelengde,Gjennomsnittlig kjørelengde per kjøretøy (km),2006,2006,,.
29,Små varebiler,4,Gass,GjsnittKjorelengde,Gjennomsnittlig kjørelengde per kjøretøy (km),2007,2007,,.
29,Små varebiler,4,Gass,GjsnittKjorelengde,Gjennomsnittlig kjørelengde per kjøretøy (km),2008,2008,,.
29,Små varebiler,4,Gass,GjsnittKjorelengde,Gjennomsnittlig kjørelengde per kjøretøy (km),2009,2009,,.
29,Små varebiler,4,Gass,GjsnittKjorelengde,Gjennomsnittlig kjørelengde per kjøretøy (km),2010,2010,,.
29,Små varebiler,4,Gass,GjsnittKjorelengde,Gjennomsnittlig kjørelengde per kjøretøy (km),2011,2011,,.
29,Små varebiler,4,Gass,GjsnittKjorelengde,Gjennomsnittlig kjørelengde per kjøretøy (km),2012,2012,,.
29,Små varebiler,4,Gass,GjsnittKjorelengde,Gjennomsnittlig kjørelengde per kjøretøy (km),2013,2013,,.
29,Små varebiler,4,Gass,GjsnittKjorelengde,Gjennomsnittlig kjørelengde per kjøretøy (km),2014,2014,,.
29,Små varebiler,4,Gass,GjsnittKjorelengde,Gjennomsnittlig kjørelengde per kjøretøy (km),2015,2015,,.
29,Små varebiler,4,Gass,GjsnittKjorelengde,Gjennomsnittlig kjørelengde per kjøretøy (km),2016,2016,10103.0,
29,Små varebiler,4,Gass,GjsnittKjorelengde,Gjennomsnittlig kjørelengde per kjøretøy (km),2017,2017,13009.0,
29,Små varebiler,4,Gass,GjsnittKjorelengde,Gjennomsnittlig kjørelengde per kjøretøy (km),2018,2018,11880.0,
29,Små varebiler,4,Gass,GjsnittKjorelengde,Gjennomsnittlig kjørelengde per kjøretøy (km),2019,2019,11220.0,
29,Små varebiler,4,Gass,GjsnittKjorelengde,Gjennomsnittlig kjørelengde per kjøretøy (km),2020,2020,10453.0,
29,Små varebiler,4,Gass,GjsnittKjorelengde,Gjennomsnittlig kjørelengde per kjøretøy (km),2021,2021,10425.0,
29,Små varebiler,4,Gass,GjsnittKjorelengde,Gjennomsnittlig kjørelengde per kjøretøy (km),2022,2022,9335.0,
29,Små varebiler,4,Gass,GjsnittKjorelengde,Gjennomsnittlig kjørelengde per kjøretøy (km),2023,2023,9861.0,
29,Små varebiler,4,Gass,GjsnittKjorelengde,Gjennomsnittlig kjørelengde per kjøretøy (km),2024,2024,10151.0,
29,Små varebiler,4,Gass,GjsnittKjorelengde,Gjennomsnittlig kjørelengde per kjøretøy (km),2025,2025,9842.0,
29,Små varebiler,13,Hydrogen,Kjorelengde,Kjørelengde (mill. km),2005,2005,,.
29,Små varebiler,13,Hydrogen,Kjorelengde,Kjørelengde (mill. km),2006,2006,,.
29,Små varebiler,13,Hydrogen,Kjorelengde,Kjørelengde (mill. km),2007,2007,,.
29,Små varebiler,13,Hydrogen,Kjorelengde,Kjørelengde (mill. km),2008,2008,,.
29,Små varebiler,13,Hydrogen,Kjorelengde,Kjørelengde (mill. km),2009,2009,,.
29,Små varebiler,13,Hydrogen,Kjorelengde,Kjørelengde (mill. km),2010,2010,,.
29,Små varebiler,13,Hydrogen,Kjorelengde,Kjørelengde (mill. km),2011,2011,,.
29,Små varebiler,13,Hydrogen,Kjorelengde,Kjørelengde (mill. km),2012,2012,,.
29,Små varebiler,13,Hydrogen,Kjorelengde,Kjørelengde (mill. km),2013,2013,,.
29,Små varebiler,13,Hydrogen,Kjorelengde,Kjørelengde (mill. km),2014,2014,,.
29,Små varebiler,13,Hydrogen,Kjorelengde,Kjørelengde (mill. km),2015,2015,,.
29,Små varebiler,13,Hydrogen,Kjorelengde,Kjørelengde (mill. km),2016,2016,,.
29,Små varebiler,13,Hydrogen,Kjorelengde,Kjørelengde (mill. km),2017,2017,,:
29,Små varebiler,13,Hydrogen,Kjorelengde,Kjørelengde (mill. km),2018,2018,,:
29,Små varebiler,13,Hydrogen,Kjorelengde,Kjørelengde (mill. km),2019,2019,,:
29,Små varebiler,13,Hydrogen,Kjorelengde,Kjørelengde (mill. km),2020,2020,,:
29,Små varebiler,13,Hydrogen,Kjorelengde,Kjørelengde (mill. km),2021,2021,,:
29,Små varebiler,13,Hydrogen,Kjorelengde,Kjørelengde (mill. km),2022,2022,,:
29,Små varebiler,13,Hydrogen,Kjorelengde,Kjørelengde (mill. km),2023,2023,,:
29,Små varebiler,13,Hydrogen,Kjorelengde,Kjørelengde (mill. km),2024,2024,,:
29,Små varebiler,13,Hydrogen,Kjorelengde,Kjørelengde (mill. km),2025,2025,0.0,
29,Små varebiler,13,Hydrogen,GjsnittKjorelengde,Gjennomsnittlig kjørelengde per kjøretøy (km),2005,2005,,.
29,Små varebiler,13,Hydrogen,GjsnittKjorelengde,Gjennomsnittlig kjørelengde per kjøretøy (km),2006,2006,,.
29,Små varebiler,13,Hydrogen,GjsnittKjorelengde,Gjennomsnittlig kjørelengde per kjøretøy (km),2007,2007,,.
29,Små varebiler,13,Hydrogen,GjsnittKjorelengde,Gjennomsnittlig kjørelengde per kjøretøy (km),2008,2008,,.
29,Små varebiler,13,Hydrogen,GjsnittKjorelengde,Gjennomsnittlig kjørelengde per kjøretøy (km),2009,2009,,.
29,Små varebiler,13,Hydrogen,GjsnittKjorelengde,Gjennomsnittlig kjørelengde per kjøretøy (km),2010,2010,,.
29,Små varebiler,13,Hydrogen,GjsnittKjorelengde,Gjennomsnittlig kjørelengde per kjøretøy (km),2011,2011,,.
29,Små varebiler,13,Hydrogen,GjsnittKjorelengde,Gjennomsnittlig kjørelengde per kjøretøy (km),2012,2012,,.
29,Små varebiler,13,Hydrogen,GjsnittKjorelengde,Gjennomsnittlig kjørelengde per kjøretøy (km),2013,2013,,.
29,Små varebiler,13,Hydrogen,GjsnittKjorelengde,Gjennomsnittlig kjørelengde per kjøretøy (km),2014,2014,,.
29,Små varebiler,13,Hydrogen,GjsnittKjorelengde,Gjennomsnittlig kjørelengde per kjøretøy (km),2015,2015,,.
29,Små varebiler,13,Hydrogen,GjsnittKjorelengde,Gjennomsnittlig kjørelengde per kjøretøy (km),2016,2016,,.
29,Små varebiler,13,Hydrogen,GjsnittKjorelengde,Gjennomsnittlig kjørelengde per kjøretøy (km),2017,2017,,:
29,Små varebiler,13,Hydrogen,GjsnittKjorelengde,Gjennomsnittlig kjørelengde per kjøretøy (km),2018,2018,,:
29,Små varebiler,13,Hydrogen,GjsnittKjorelengde,Gjennomsnittlig kjørelengde per kjøretøy (km),2019,2019,,:
29,Små varebiler,13,Hydrogen,GjsnittKjorelengde,Gjennomsnittlig kjørelengde per kjøretøy (km),2020,2020,,:
29,Små varebiler,13,Hydrogen,GjsnittKjorelengde,Gjennomsnittlig kjørelengde per kjøretøy (km),2021,2021,,:
29,Små varebiler,13,Hydrogen,GjsnittKjorelengde,Gjennomsnittlig kjørelengde per kjøretøy (km),2022,2022,,:
29,Små varebiler,13,Hydrogen,GjsnittKjorelengde,Gjennomsnittlig kjørelengde per kjøretøy (km),2023,2023,,:
29,Små varebiler,13,Hydrogen,GjsnittKjorelengde,Gjennomsnittlig kjørelengde per kjøretøy (km),2024,2024,,:
29,Små varebiler,13,Hydrogen,GjsnittKjorelengde,Gjennomsnittlig kjørelengde per kjøretøy (km),2025,2025,4950.0,
29,Små varebiler,7,Andre drivstoff,Kjorelengde,Kjørelengde (mill. km),2005,2005,0.0,
29,Små varebiler,7,Andre drivstoff,Kjorelengde,Kjørelengde (mill. km),2006,2006,0.2,
29,Små varebiler,7,Andre drivstoff,Kjorelengde,Kjørelengde (mill. km),2007,2007,0.6,
29,Små varebiler,7,Andre drivstoff,Kjorelengde,Kjørelengde (mill. km),2008,2008,1.2,
29,Små varebiler,7,Andre drivstoff,Kjorelengde,Kjørelengde (mill. km),2009,2009,1.8,
29,Små varebiler,7,Andre drivstoff,Kjorelengde,Kjørelengde (mill. km),2010,2010,2.3,
29,Små varebiler,7,Andre drivstoff,Kjorelengde,Kjørelengde (mill. km),2011,2011,2.9,
29,Små varebiler,7,Andre drivstoff,Kjorelengde,Kjørelengde (mill. km),2012,2012,3.8,
29,Små varebiler,7,Andre drivstoff,Kjorelengde,Kjørelengde (mill. km),2013,2013,4.6,
29,Små varebiler,7,Andre drivstoff,Kjorelengde,Kjørelengde (mill. km),2014,2014,5.9,
29,Små varebiler,7,Andre drivstoff,Kjorelengde,Kjørelengde (mill. km),2015,2015,4.4,
29,Små varebiler,7,Andre drivstoff,Kjorelengde,Kjørelengde (mill. km),2016,2016,,:
29,Små varebiler,7,Andre drivstoff,Kjorelengde,Kjørelengde (mill. km),2017,2017,,:
29,Små varebiler,7,Andre drivstoff,Kjorelengde,Kjørelengde (mill. km),2018,2018,,:
29,Små varebiler,7,Andre drivstoff,Kjorelengde,Kjørelengde (mill. km),2019,2019,,:
29,Små varebiler,7,Andre drivstoff,Kjorelengde,Kjørelengde (mill. km),2020,2020,0.3,
29,Små varebiler,7,Andre drivstoff,Kjorelengde,Kjørelengde (mill. km),2021,2021,0.3,
29,Små varebiler,7,Andre drivstoff,Kjorelengde,Kjørelengde (mill. km),2022,2022,0.2,
29,Små varebiler,7,Andre drivstoff,Kjorelengde,Kjørelengde (mill. km),2023,2023,3.7,
29,Små varebiler,7,Andre drivstoff,Kjorelengde,Kjørelengde (mill. km),2024,2024,21.9,
29,Små varebiler,7,Andre drivstoff,Kjorelengde,Kjørelengde (mill. km),2025,2025,32.6,
29,Små varebiler,7,Andre drivstoff,GjsnittKjorelengde,Gjennomsnittlig kjørelengde per kjøretøy (km),2005,2005,3492.0,
29,Små varebiler,7,Andre drivstoff,GjsnittKjorelengde,Gjennomsnittlig kjørelengde per kjøretøy (km),2006,2006,10755.0,
29,Små varebiler,7,Andre drivstoff,GjsnittKjorelengde,Gjennomsnittlig kjørelengde per kjøretøy (km),2007,2007,16245.0,
29,Små varebiler,7,Andre drivstoff,GjsnittKjorelengde,Gjennomsnittlig kjørelengde per kjøretøy (km),2008,2008,18298.0,
29,Små varebiler,7,Andre drivstoff,GjsnittKjorelengde,Gjennomsnittlig kjørelengde per kjøretøy (km),2009,2009,16993.0,
29,Små varebiler,7,Andre drivstoff,GjsnittKjorelengde,Gjennomsnittlig kjørelengde per kjøretøy (km),2010,2010,13278.0,
29,Små varebiler,7,Andre drivstoff,GjsnittKjorelengde,Gjennomsnittlig kjørelengde per kjøretøy (km),2011,2011,13077.0,
29,Små varebiler,7,Andre drivstoff,GjsnittKjorelengde,Gjennomsnittlig kjørelengde per kjøretøy (km),2012,2012,11796.0,
29,Små varebiler,7,Andre drivstoff,GjsnittKjorelengde,Gjennomsnittlig kjørelengde per kjøretøy (km),2013,2013,13085.0,
29,Små varebiler,7,Andre drivstoff,GjsnittKjorelengde,Gjennomsnittlig kjørelengde per kjøretøy (km),2014,2014,15676.0,
29,Små varebiler,7,Andre drivstoff,GjsnittKjorelengde,Gjennomsnittlig kjørelengde per kjøretøy (km),2015,2015,11207.0,
29,Små varebiler,7,Andre drivstoff,GjsnittKjorelengde,Gjennomsnittlig kjørelengde per kjøretøy (km),2016,2016,,:
29,Små varebiler,7,Andre drivstoff,GjsnittKjorelengde,Gjennomsnittlig kjørelengde per kjøretøy (km),2017,2017,,:
29,Små varebiler,7,Andre drivstoff,GjsnittKjorelengde,Gjennomsnittlig kjørelengde per kjøretøy (km),2018,2018,,:
29,Små varebiler,7,Andre drivstoff,GjsnittKjorelengde,Gjennomsnittlig kjørelengde per kjøretøy (km),2019,2019,,:
29,Små varebiler,7,Andre drivstoff,GjsnittKjorelengde,Gjennomsnittlig kjørelengde per kjøretøy (km),2020,2020,14126.0,
29,Små varebiler,7,Andre drivstoff,GjsnittKjorelengde,Gjennomsnittlig kjørelengde per kjøretøy (km),2021,2021,11095.0,
29,Små varebiler,7,Andre drivstoff,GjsnittKjorelengde,Gjennomsnittlig kjørelengde per kjøretøy (km),2022,2022,11414.0,
29,Små varebiler,7,Andre drivstoff,GjsnittKjorelengde,Gjennomsnittlig kjørelengde per kjøretøy (km),2023,2023,3518.0,
29,Små varebiler,7,Andre drivstoff,GjsnittKjorelengde,Gjennomsnittlig kjørelengde per kjøretøy (km),2024,2024,17167.0,
29,Små varebiler,7,Andre drivstoff,GjsnittKjorelengde,Gjennomsnittlig kjørelengde per kjøretøy (km),2025,2025,25598.0,
30,Store varebiler,0,Alle typer drivstoff,Kjorelengde,Kjørelengde (mill. km),2005,2005,908.9,
30,Store varebiler,0,Alle typer drivstoff,Kjorelengde,Kjørelengde (mill. km),2006,2006,967.9,
30,Store varebiler,0,Alle typer drivstoff,Kjorelengde,Kjørelengde (mill. km),2007,2007,1061.2,
30,Store varebiler,0,Alle typer drivstoff,Kjorelengde,Kjørelengde (mill. km),2008,2008,1149.0,
30,Store varebiler,0,Alle typer drivstoff,Kjorelengde,Kjørelengde (mill. km),2009,2009,1155.4,
30,Store varebiler,0,Alle typer drivstoff,Kjorelengde,Kjørelengde (mill. km),2010,2010,1257.4,
30,Store varebiler,0,Alle typer drivstoff,Kjorelengde,Kjørelengde (mill. km),2011,2011,1328.9,
30,Store varebiler,0,Alle typer drivstoff,Kjorelengde,Kjørelengde (mill. km),2012,2012,1503.0,
30,Store varebiler,0,Alle typer drivstoff,Kjorelengde,Kjørelengde (mill. km),2013,2013,1561.9,
30,Store varebiler,0,Alle typer drivstoff,Kjorelengde,Kjørelengde (mill. km),2014,2014,1595.3,
30,Store varebiler,0,Alle typer drivstoff,Kjorelengde,Kjørelengde (mill. km),2015,2015,1613.1,
30,Store varebiler,0,Alle typer drivstoff,Kjorelengde,Kjørelengde (mill. km),2016,2016,1686.5,
30,Store varebiler,0,Alle typer drivstoff,Kjorelengde,Kjørelengde (mill. km),2017,2017,1788.7,
30,Store varebiler,0,Alle typer drivstoff,Kjorelengde,Kjørelengde (mill. km),2018,2018,1916.5,
30,Store varebiler,0,Alle typer drivstoff,Kjorelengde,Kjørelengde (mill. km),2019,2019,1997.0,
30,Store varebiler,0,Alle typer drivstoff,Kjorelengde,Kjørelengde (mill. km),2020,2020,2047.3,
30,Store varebiler,0,Alle typer drivstoff,Kjorelengde,Kjørelengde (mill. km),2021,2021,1879.8,
30,Store varebiler,0,Alle typer drivstoff,Kjorelengde,Kjørelengde (mill. km),2022,2022,1895.3,
30,Store varebiler,0,Alle typer drivstoff,Kjorelengde,Kjørelengde (mill. km),2023,2023,1810.3,
30,Store varebiler,0,Alle typer drivstoff,Kjorelengde,Kjørelengde (mill. km),2024,2024,1760.1,
30,Store varebiler,0,Alle typer drivstoff,Kjorelengde,Kjørelengde (mill. km),2025,2025,1687.9,
30,Store varebiler,0,Alle typer drivstoff,GjsnittKjorelengde,Gjennomsnittlig kjørelengde per kjøretøy (km),2005,2005,16300.0,
30,Store varebiler,0,Alle typer drivstoff,GjsnittKjorelengde,Gjennomsnittlig kjørelengde per kjøretøy (km),2006,2006,16461.0,
30,Store varebiler,0,Alle typer drivstoff,GjsnittKjorelengde,Gjennomsnittlig kjørelengde per kjøretøy (km),2007,2007,16595.0,
30,Store varebiler,0,Alle typer drivstoff,GjsnittKjorelengde,Gjennomsnittlig kjørelengde per kjøretøy (km),2008,2008,17118.0,
30,Store varebiler,0,Alle typer drivstoff,GjsnittKjorelengde,Gjennomsnittlig kjørelengde per kjøretøy (km),2009,2009,17055.0,
30,Store varebiler,0,Alle typer drivstoff,GjsnittKjorelengde,Gjennomsnittlig kjørelengde per kjøretøy (km),2010,2010,17805.0,
30,Store varebiler,0,Alle typer drivstoff,GjsnittKjorelengde,Gjennomsnittlig kjørelengde per kjøretøy (km),2011,2011,16851.0,
30,Store varebiler,0,Alle typer drivstoff,GjsnittKjorelengde,Gjennomsnittlig kjørelengde per kjøretøy (km),2012,2012,17812.0,
30,Store varebiler,0,Alle typer drivstoff,GjsnittKjorelengde,Gjennomsnittlig kjørelengde per kjøretøy (km),2013,2013,17524.0,
30,Store varebiler,0,Alle typer drivstoff,GjsnittKjorelengde,Gjennomsnittlig kjørelengde per kjøretøy (km),2014,2014,17172.0,
30,Store varebiler,0,Alle typer drivstoff,GjsnittKjorelengde,Gjennomsnittlig kjørelengde per kjøretøy (km),2015,2015,16632.0,
30,Store varebiler,0,Alle typer drivstoff,GjsnittKjorelengde,Gjennomsnittlig kjørelengde per kjøretøy (km),2016,2016,16376.0,
30,Store varebiler,0,Alle typer drivstoff,GjsnittKjorelengde,Gjennomsnittlig kjørelengde per kjøretøy (km),2017,2017,16168.0,
30,Store varebiler,0,Alle typer drivstoff,GjsnittKjorelengde,Gjennomsnittlig kjørelengde per kjøretøy (km),2018,2018,16166.0,
30,Store varebiler,0,Alle typer drivstoff,GjsnittKjorelengde,Gjennomsnittlig kjørelengde per kjøretøy (km),2019,2019,15819.0,
30,Store varebiler,0,Alle typer drivstoff,GjsnittKjorelengde,Gjennomsnittlig kjørelengde per kjøretøy (km),2020,2020,15175.0,
30,Store varebiler,0,Alle typer drivstoff,GjsnittKjorelengde,Gjennomsnittlig kjørelengde per kjøretøy (km),2021,2021,15244.0,
30,Store varebiler,0,Alle typer drivstoff,GjsnittKjorelengde,Gjennomsnittlig kjørelengde per kjøretøy (km),2022,2022,15195.0,
30,Store varebiler,0,Alle typer drivstoff,GjsnittKjorelengde,Gjennomsnittlig kjørelengde per kjøretøy (km),2023,2023,14747.0,
30,Store varebiler,0,Alle typer drivstoff,GjsnittKjorelengde,Gjennomsnittlig kjørelengde per kjøretøy (km),2024,2024,14363.0,
30,Store varebiler,0,Alle typer drivstoff,GjsnittKjorelengde,Gjennomsnittlig kjørelengde per kjøretøy (km),2025,2025,14070.0,
30,Store varebiler,1,Bensin,Kjorelengde,Kjørelengde (mill. km),2005,2005,51.4,
30,Store varebiler,1,Bensin,Kjorelengde,Kjørelengde (mill. km),2006,2006,41.2,
30,Store varebiler,1,Bensin,Kjorelengde,Kjørelengde (mill. km),2007,2007,,:
30,Store varebiler,1,Bensin,Kjorelengde,Kjørelengde (mill. km),2008,2008,,:
30,Store varebiler,1,Bensin,Kjorelengde,Kjørelengde (mill. km),2009,2009,,:
30,Store varebiler,1,Bensin,Kjorelengde,Kjørelengde (mill. km),2010,2010,,:
30,Store varebiler,1,Bensin,Kjorelengde,Kjørelengde (mill. km),2011,2011,,:
30,Store varebiler,1,Bensin,Kjorelengde,Kjørelengde (mill. km),2012,2012,,:
30,Store varebiler,1,Bensin,Kjorelengde,Kjørelengde (mill. km),2013,2013,,:
30,Store varebiler,1,Bensin,Kjorelengde,Kjørelengde (mill. km),2014,2014,,:
30,Store varebiler,1,Bensin,Kjorelengde,Kjørelengde (mill. km),2015,2015,,:
30,Store varebiler,1,Bensin,Kjorelengde,Kjørelengde (mill. km),2016,2016,6.1,
30,Store varebiler,1,Bensin,Kjorelengde,Kjørelengde (mill. km),2017,2017,5.8,
30,Store varebiler,1,Bensin,Kjorelengde,Kjørelengde (mill. km),2018,2018,5.1,
30,Store varebiler,1,Bensin,Kjorelengde,Kjørelengde (mill. km),2019,2019,4.5,
30,Store varebiler,1,Bensin,Kjorelengde,Kjørelengde (mill. km),2020,2020,4.6,
30,Store varebiler,1,Bensin,Kjorelengde,Kjørelengde (mill. km),2021,2021,4.1,
30,Store varebiler,1,Bensin,Kjorelengde,Kjørelengde (mill. km),2022,2022,3.8,
30,Store varebiler,1,Bensin,Kjorelengde,Kjørelengde (mill. km),2023,2023,3.3,
30,Store varebiler,1,Bensin,Kjorelengde,Kjørelengde (mill. km),2024,2024,3.0,
30,Store varebiler,1,Bensin,Kjorelengde,Kjørelengde (mill. km),2025,2025,2.8,
30,Store varebiler,1,Bensin,GjsnittKjorelengde,Gjennomsnittlig kjørelengde per kjøretøy (km),2005,2005,7622.0,
30,Store varebiler,1,Bensin,GjsnittKjorelengde,Gjennomsnittlig kjørelengde per kjøretøy (km),2006,2006,7232.0,
30,Store varebiler,1,Bensin,GjsnittKjorelengde,Gjennomsnittlig kjørelengde per kjøretøy (km),2007,2007,,:
30,Store varebiler,1,Bensin,GjsnittKjorelengde,Gjennomsnittlig kjørelengde per kjøretøy (km),2008,2008,,:
30,Store varebiler,1,Bensin,GjsnittKjorelengde,Gjennomsnittlig kjørelengde per kjøretøy (km),2009,2009,,:
30,Store varebiler,1,Bensin,GjsnittKjorelengde,Gjennomsnittlig kjørelengde per kjøretøy (km),2010,2010,,:
30,Store varebiler,1,Bensin,GjsnittKjorelengde,Gjennomsnittlig kjørelengde per kjøretøy (km),2011,2011,,:
30,Store varebiler,1,Bensin,GjsnittKjorelengde,Gjennomsnittlig kjørelengde per kjøretøy (km),2012,2012,,:
30,Store varebiler,1,Bensin,GjsnittKjorelengde,Gjennomsnittlig kjørelengde per kjøretøy (km),2013,2013,,:
30,Store varebiler,1,Bensin,GjsnittKjorelengde,Gjennomsnittlig kjørelengde per kjøretøy (km),2014,2014,,:
30,Store varebiler,1,Bensin,GjsnittKjorelengde,Gjennomsnittlig kjørelengde per kjøretøy (km),2015,2015,,:
30,Store varebiler,1,Bensin,GjsnittKjorelengde,Gjennomsnittlig kjørelengde per kjøretøy (km),2016,2016,3808.0,
30,Store varebiler,1,Bensin,GjsnittKjorelengde,Gjennomsnittlig kjørelengde per kjøretøy (km),2017,2017,3751.0,
30,Store varebiler,1,Bensin,GjsnittKjorelengde,Gjennomsnittlig kjørelengde per kjøretøy (km),2018,2018,3812.0,
30,Store varebiler,1,Bensin,GjsnittKjorelengde,Gjennomsnittlig kjørelengde per kjøretøy (km),2019,2019,3530.0,
30,Store varebiler,1,Bensin,GjsnittKjorelengde,Gjennomsnittlig kjørelengde per kjøretøy (km),2020,2020,3621.0,
30,Store varebiler,1,Bensin,GjsnittKjorelengde,Gjennomsnittlig kjørelengde per kjøretøy (km),2021,2021,3306.0,
30,Store varebiler,1,Bensin,GjsnittKjorelengde,Gjennomsnittlig kjørelengde per kjøretøy (km),2022,2022,3094.0,
30,Store varebiler,1,Bensin,GjsnittKjorelengde,Gjennomsnittlig kjørelengde per kjøretøy (km),2023,2023,2878.0,
30,Store varebiler,1,Bensin,GjsnittKjorelengde,Gjennomsnittlig kjørelengde per kjøretøy (km),2024,2024,2619.0,
30,Store varebiler,1,Bensin,GjsnittKjorelengde,Gjennomsnittlig kjørelengde per kjøretøy (km),2025,2025,3206.0,
30,Store varebiler,2,Diesel,Kjorelengde,Kjørelengde (mill. km),2005,2005,857.5,
30,Store varebiler,2,Diesel,Kjorelengde,Kjørelengde (mill. km),2006,2006,926.7,
30,Store varebiler,2,Diesel,Kjorelengde,Kjørelengde (mill. km),2007,2007,1027.5,
30,Store varebiler,2,Diesel,Kjorelengde,Kjørelengde (mill. km),2008,2008,1122.1,
30,Store varebiler,2,Diesel,Kjorelengde,Kjørelengde (mill. km),2009,2009,1133.6,
30,Store varebiler,2,Diesel,Kjorelengde,Kjørelengde (mill. km),2010,2010,1241.2,
30,Store varebiler,2,Diesel,Kjorelengde,Kjørelengde (mill. km),2011,2011,1315.8,
30,Store varebiler,2,Diesel,Kjorelengde,Kjørelengde (mill. km),2012,2012,1492.1,
30,Store varebiler,2,Diesel,Kjorelengde,Kjørelengde (mill. km),2013,2013,1553.1,
30,Store varebiler,2,Diesel,Kjorelengde,Kjørelengde (mill. km),2014,2014,1587.5,
30,Store varebiler,2,Diesel,Kjorelengde,Kjørelengde (mill. km),2015,2015,1606.6,
30,Store varebiler,2,Diesel,Kjorelengde,Kjørelengde (mill. km),2016,2016,1680.4,
30,Store varebiler,2,Diesel,Kjorelengde,Kjørelengde (mill. km),2017,2017,1782.9,
30,Store varebiler,2,Diesel,Kjorelengde,Kjørelengde (mill. km),2018,2018,1911.4,
30,Store varebiler,2,Diesel,Kjorelengde,Kjørelengde (mill. km),2019,2019,1992.0,
30,Store varebiler,2,Diesel,Kjorelengde,Kjørelengde (mill. km),2020,2020,2039.4,
30,Store varebiler,2,Diesel,Kjorelengde,Kjørelengde (mill. km),2021,2021,1872.7,
30,Store varebiler,2,Diesel,Kjorelengde,Kjørelengde (mill. km),2022,2022,1886.2,
30,Store varebiler,2,Diesel,Kjorelengde,Kjørelengde (mill. km),2023,2023,1801.1,
30,Store varebiler,2,Diesel,Kjorelengde,Kjørelengde (mill. km),2024,2024,1751.4,
30,Store varebiler,2,Diesel,Kjorelengde,Kjørelengde (mill. km),2025,2025,1678.3,
30,Store varebiler,2,Diesel,GjsnittKjorelengde,Gjennomsnittlig kjørelengde per kjøretøy (km),2005,2005,17495.0,
30,Store varebiler,2,Diesel,GjsnittKjorelengde,Gjennomsnittlig kjørelengde per kjøretøy (km),2006,2006,17453.0,
30,Store varebiler,2,Diesel,GjsnittKjorelengde,Gjennomsnittlig kjørelengde per kjøretøy (km),2007,2007,17361.0,
30,Store varebiler,2,Diesel,GjsnittKjorelengde,Gjennomsnittlig kjørelengde per kjøretøy (km),2008,2008,17786.0,
30,Store varebiler,2,Diesel,GjsnittKjorelengde,Gjennomsnittlig kjørelengde per kjøretøy (km),2009,2009,17626.0,
30,Store varebiler,2,Diesel,GjsnittKjorelengde,Gjennomsnittlig kjørelengde per kjøretøy (km),2010,2010,18357.0,
30,Store varebiler,2,Diesel,GjsnittKjorelengde,Gjennomsnittlig kjørelengde per kjøretøy (km),2011,2011,17264.0,
30,Store varebiler,2,Diesel,GjsnittKjorelengde,Gjennomsnittlig kjørelengde per kjøretøy (km),2012,2012,18178.0,
30,Store varebiler,2,Diesel,GjsnittKjorelengde,Gjennomsnittlig kjørelengde per kjøretøy (km),2013,2013,17832.0,
30,Store varebiler,2,Diesel,GjsnittKjorelengde,Gjennomsnittlig kjørelengde per kjøretøy (km),2014,2014,17429.0,
30,Store varebiler,2,Diesel,GjsnittKjorelengde,Gjennomsnittlig kjørelengde per kjøretøy (km),2015,2015,16844.0,
30,Store varebiler,2,Diesel,GjsnittKjorelengde,Gjennomsnittlig kjørelengde per kjøretøy (km),2016,2016,16573.0,
30,Store varebiler,2,Diesel,GjsnittKjorelengde,Gjennomsnittlig kjørelengde per kjøretøy (km),2017,2017,16345.0,
30,Store varebiler,2,Diesel,GjsnittKjorelengde,Gjennomsnittlig kjørelengde per kjøretøy (km),2018,2018,16306.0,
30,Store varebiler,2,Diesel,GjsnittKjorelengde,Gjennomsnittlig kjørelengde per kjøretøy (km),2019,2019,15954.0,
30,Store varebiler,2,Diesel,GjsnittKjorelengde,Gjennomsnittlig kjørelengde per kjøretøy (km),2020,2020,15290.0,
30,Store varebiler,2,Diesel,GjsnittKjorelengde,Gjennomsnittlig kjørelengde per kjøretøy (km),2021,2021,15368.0,
30,Store varebiler,2,Diesel,GjsnittKjorelengde,Gjennomsnittlig kjørelengde per kjøretøy (km),2022,2022,15312.0,
30,Store varebiler,2,Diesel,GjsnittKjorelengde,Gjennomsnittlig kjørelengde per kjøretøy (km),2023,2023,14858.0,
30,Store varebiler,2,Diesel,GjsnittKjorelengde,Gjennomsnittlig kjørelengde per kjøretøy (km),2024,2024,14475.0,
30,Store varebiler,2,Diesel,GjsnittKjorelengde,Gjennomsnittlig kjørelengde per kjøretøy (km),2025,2025,14151.0,
30,Store varebiler,18,Elektrisitet,Kjorelengde,Kjørelengde (mill. km),2005,2005,,.
30,Store varebiler,18,Elektrisitet,Kjorelengde,Kjørelengde (mill. km),2006,2006,,.
30,Store varebiler,18,Elektrisitet,Kjorelengde,Kjørelengde (mill. km),2007,2007,,.
30,Store varebiler,18,Elektrisitet,Kjorelengde,Kjørelengde (mill. km),2008,2008,,.
30,Store varebiler,18,Elektrisitet,Kjorelengde,Kjørelengde (mill. km),2009,2009,,.
30,Store varebiler,18,Elektrisitet,Kjorelengde,Kjørelengde (mill. km),2010,2010,,.
30,Store varebiler,18,Elektrisitet,Kjorelengde,Kjørelengde (mill. km),2011,2011,,.
30,Store varebiler,18,Elektrisitet,Kjorelengde,Kjørelengde (mill. km),2012,2012,,.
30,Store varebiler,18,Elektrisitet,Kjorelengde,Kjørelengde (mill. km),2013,2013,,.
30,Store varebiler,18,Elektrisitet,Kjorelengde,Kjørelengde (mill. km),2014,2014,,.
30,Store varebiler,18,Elektrisitet,Kjorelengde,Kjørelengde (mill. km),2015,2015,,.
30,Store varebiler,18,Elektrisitet,Kjorelengde,Kjørelengde (mill. km),2016,2016,,.
30,Store varebiler,18,Elektrisitet,Kjorelengde,Kjørelengde (mill. km),2017,2017,,.
30,Store varebiler,18,Elektrisitet,Kjorelengde,Kjørelengde (mill. km),2018,2018,,:
30,Store varebiler,18,Elektrisitet,Kjorelengde,Kjørelengde (mill. km),2019,2019,0.4,
30,Store varebiler,18,Elektrisitet,Kjorelengde,Kjørelengde (mill. km),2020,2020,2.0,
30,Store varebiler,18,Elektrisitet,Kjorelengde,Kjørelengde (mill. km),2021,2021,0.9,
30,Store varebiler,18,Elektrisitet,Kjorelengde,Kjørelengde (mill. km),2022,2022,2.6,
30,Store varebiler,18,Elektrisitet,Kjorelengde,Kjørelengde (mill. km),2023,2023,3.1,
30,Store varebiler,18,Elektrisitet,Kjorelengde,Kjørelengde (mill. km),2024,2024,2.3,
30,Store varebiler,18,Elektrisitet,Kjorelengde,Kjørelengde (mill. km),2025,2025,3.1,
30,Store varebiler,18,Elektrisitet,GjsnittKjorelengde,Gjennomsnittlig kjørelengde per kjøretøy (km),2005,2005,,.
30,Store varebiler,18,Elektrisitet,GjsnittKjorelengde,Gjennomsnittlig kjørelengde per kjøretøy (km),2006,2006,,.
30,Store varebiler,18,Elektrisitet,GjsnittKjorelengde,Gjennomsnittlig kjørelengde per kjøretøy (km),2007,2007,,.
30,Store varebiler,18,Elektrisitet,GjsnittKjorelengde,Gjennomsnittlig kjørelengde per kjøretøy (km),2008,2008,,.
30,Store varebiler,18,Elektrisitet,GjsnittKjorelengde,Gjennomsnittlig kjørelengde per kjøretøy (km),2009,2009,,.
30,Store varebiler,18,Elektrisitet,GjsnittKjorelengde,Gjennomsnittlig kjørelengde per kjøretøy (km),2010,2010,,.
30,Store varebiler,18,Elektrisitet,GjsnittKjorelengde,Gjennomsnittlig kjørelengde per kjøretøy (km),2011,2011,,.
30,Store varebiler,18,Elektrisitet,GjsnittKjorelengde,Gjennomsnittlig kjørelengde per kjøretøy (km),2012,2012,,.
30,Store varebiler,18,Elektrisitet,GjsnittKjorelengde,Gjennomsnittlig kjørelengde per kjøretøy (km),2013,2013,,.
30,Store varebiler,18,Elektrisitet,GjsnittKjorelengde,Gjennomsnittlig kjørelengde per kjøretøy (km),2014,2014,,.
30,Store varebiler,18,Elektrisitet,GjsnittKjorelengde,Gjennomsnittlig kjørelengde per kjøretøy (km),2015,2015,,.
30,Store varebiler,18,Elektrisitet,GjsnittKjorelengde,Gjennomsnittlig kjørelengde per kjøretøy (km),2016,2016,,.
30,Store varebiler,18,Elektrisitet,GjsnittKjorelengde,Gjennomsnittlig kjørelengde per kjøretøy (km),2017,2017,,.
30,Store varebiler,18,Elektrisitet,GjsnittKjorelengde,Gjennomsnittlig kjørelengde per kjøretøy (km),2018,2018,,:
30,Store varebiler,18,Elektrisitet,GjsnittKjorelengde,Gjennomsnittlig kjørelengde per kjøretøy (km),2019,2019,5203.0,
30,Store varebiler,18,Elektrisitet,GjsnittKjorelengde,Gjennomsnittlig kjørelengde per kjøretøy (km),2020,2020,14881.0,
30,Store varebiler,18,Elektrisitet,GjsnittKjorelengde,Gjennomsnittlig kjørelengde per kjøretøy (km),2021,2021,10216.0,
30,Store varebiler,18,Elektrisitet,GjsnittKjorelengde,Gjennomsnittlig kjørelengde per kjøretøy (km),2022,2022,14667.0,
30,Store varebiler,18,Elektrisitet,GjsnittKjorelengde,Gjennomsnittlig kjørelengde per kjøretøy (km),2023,2023,16879.0,
30,Store varebiler,18,Elektrisitet,GjsnittKjorelengde,Gjennomsnittlig kjørelengde per kjøretøy (km),2024,2024,12287.0,
30,Store varebiler,18,Elektrisitet,GjsnittKjorelengde,Gjennomsnittlig kjørelengde per kjøretøy (km),2025,2025,12450.0,
30,Store varebiler,14,"Bensin hybrid, ladbar",Kjorelengde,Kjørelengde (mill. km),2005,2005,,.
30,Store varebiler,14,"Bensin hybrid, ladbar",Kjorelengde,Kjørelengde (mill. km),2006,2006,,.
30,Store varebiler,14,"Bensin hybrid, ladbar",Kjorelengde,Kjørelengde (mill. km),2007,2007,,.
30,Store varebiler,14,"Bensin hybrid, ladbar",Kjorelengde,Kjørelengde (mill. km),2008,2008,,.
30,Store varebiler,14,"Bensin hybrid, ladbar",Kjorelengde,Kjørelengde (mill. km),2009,2009,,.
30,Store varebiler,14,"Bensin hybrid, ladbar",Kjorelengde,Kjørelengde (mill. km),2010,2010,,.
30,Store varebiler,14,"Bensin hybrid, ladbar",Kjorelengde,Kjørelengde (mill. km),2011,2011,,.
30,Store varebiler,14,"Bensin hybrid, ladbar",Kjorelengde,Kjørelengde (mill. km),2012,2012,,.
30,Store varebiler,14,"Bensin hybrid, ladbar",Kjorelengde,Kjørelengde (mill. km),2013,2013,,.
30,Store varebiler,14,"Bensin hybrid, ladbar",Kjorelengde,Kjørelengde (mill. km),2014,2014,,.
30,Store varebiler,14,"Bensin hybrid, ladbar",Kjorelengde,Kjørelengde (mill. km),2015,2015,,.
30,Store varebiler,14,"Bensin hybrid, ladbar",Kjorelengde,Kjørelengde (mill. km),2016,2016,,.
30,Store varebiler,14,"Bensin hybrid, ladbar",Kjorelengde,Kjørelengde (mill. km),2017,2017,,.
30,Store varebiler,14,"Bensin hybrid, ladbar",Kjorelengde,Kjørelengde (mill. km),2018,2018,,.
30,Store varebiler,14,"Bensin hybrid, ladbar",Kjorelengde,Kjørelengde (mill. km),2019,2019,,.
30,Store varebiler,14,"Bensin hybrid, ladbar",Kjorelengde,Kjørelengde (mill. km),2020,2020,0.2,
30,Store varebiler,14,"Bensin hybrid, ladbar",Kjorelengde,Kjørelengde (mill. km),2021,2021,1.3,
30,Store varebiler,14,"Bensin hybrid, ladbar",Kjorelengde,Kjørelengde (mill. km),2022,2022,1.7,
30,Store varebiler,14,"Bensin hybrid, ladbar",Kjorelengde,Kjørelengde (mill. km),2023,2023,1.6,
30,Store varebiler,14,"Bensin hybrid, ladbar",Kjorelengde,Kjørelengde (mill. km),2024,2024,1.1,
30,Store varebiler,14,"Bensin hybrid, ladbar",Kjorelengde,Kjørelengde (mill. km),2025,2025,1.1,
30,Store varebiler,14,"Bensin hybrid, ladbar",GjsnittKjorelengde,Gjennomsnittlig kjørelengde per kjøretøy (km),2005,2005,,.
30,Store varebiler,14,"Bensin hybrid, ladbar",GjsnittKjorelengde,Gjennomsnittlig kjørelengde per kjøretøy (km),2006,2006,,.
30,Store varebiler,14,"Bensin hybrid, ladbar",GjsnittKjorelengde,Gjennomsnittlig kjørelengde per kjøretøy (km),2007,2007,,.
30,Store varebiler,14,"Bensin hybrid, ladbar",GjsnittKjorelengde,Gjennomsnittlig kjørelengde per kjøretøy (km),2008,2008,,.
30,Store varebiler,14,"Bensin hybrid, ladbar",GjsnittKjorelengde,Gjennomsnittlig kjørelengde per kjøretøy (km),2009,2009,,.
30,Store varebiler,14,"Bensin hybrid, ladbar",GjsnittKjorelengde,Gjennomsnittlig kjørelengde per kjøretøy (km),2010,2010,,.
30,Store varebiler,14,"Bensin hybrid, ladbar",GjsnittKjorelengde,Gjennomsnittlig kjørelengde per kjøretøy (km),2011,2011,,.
30,Store varebiler,14,"Bensin hybrid, ladbar",GjsnittKjorelengde,Gjennomsnittlig kjørelengde per kjøretøy (km),2012,2012,,.
30,Store varebiler,14,"Bensin hybrid, ladbar",GjsnittKjorelengde,Gjennomsnittlig kjørelengde per kjøretøy (km),2013,2013,,.
30,Store varebiler,14,"Bensin hybrid, ladbar",GjsnittKjorelengde,Gjennomsnittlig kjørelengde per kjøretøy (km),2014,2014,,.
30,Store varebiler,14,"Bensin hybrid, ladbar",GjsnittKjorelengde,Gjennomsnittlig kjørelengde per kjøretøy (km),2015,2015,,.
30,Store varebiler,14,"Bensin hybrid, ladbar",GjsnittKjorelengde,Gjennomsnittlig kjørelengde per kjøretøy (km),2016,2016,,.
30,Store varebiler,14,"Bensin hybrid, ladbar",GjsnittKjorelengde,Gjennomsnittlig kjørelengde per kjøretøy (km),2017,2017,,.
30,Store varebiler,14,"Bensin hybrid, ladbar",GjsnittKjorelengde,Gjennomsnittlig kjørelengde per kjøretøy (km),2018,2018,,.
30,Store varebiler,14,"Bensin hybrid, ladbar",GjsnittKjorelengde,Gjennomsnittlig kjørelengde per kjøretøy (km),2019,2019,,.
30,Store varebiler,14,"Bensin hybrid, ladbar",GjsnittKjorelengde,Gjennomsnittlig kjørelengde per kjøretøy (km),2020,2020,9135.0,
30,Store varebiler,14,"Bensin hybrid, ladbar",GjsnittKjorelengde,Gjennomsnittlig kjørelengde per kjøretøy (km),2021,2021,15899.0,
30,Store varebiler,14,"Bensin hybrid, ladbar",GjsnittKjorelengde,Gjennomsnittlig kjørelengde per kjøretøy (km),2022,2022,19490.0,
30,Store varebiler,14,"Bensin hybrid, ladbar",GjsnittKjorelengde,Gjennomsnittlig kjørelengde per kjøretøy (km),2023,2023,18508.0,
30,Store varebiler,14,"Bensin hybrid, ladbar",GjsnittKjorelengde,Gjennomsnittlig kjørelengde per kjøretøy (km),2024,2024,12046.0,
30,Store varebiler,14,"Bensin hybrid, ladbar",GjsnittKjorelengde,Gjennomsnittlig kjørelengde per kjøretøy (km),2025,2025,11018.0,
30,Store varebiler,15,"Bensin hybrid, ikke ladbar",Kjorelengde,Kjørelengde (mill. km),2005,2005,,.
30,Store varebiler,15,"Bensin hybrid, ikke ladbar",Kjorelengde,Kjørelengde (mill. km),2006,2006,,.
30,Store varebiler,15,"Bensin hybrid, ikke ladbar",Kjorelengde,Kjørelengde (mill. km),2007,2007,,.
30,Store varebiler,15,"Bensin hybrid, ikke ladbar",Kjorelengde,Kjørelengde (mill. km),2008,2008,,.
30,Store varebiler,15,"Bensin hybrid, ikke ladbar",Kjorelengde,Kjørelengde (mill. km),2009,2009,,.
30,Store varebiler,15,"Bensin hybrid, ikke ladbar",Kjorelengde,Kjørelengde (mill. km),2010,2010,,.
30,Store varebiler,15,"Bensin hybrid, ikke ladbar",Kjorelengde,Kjørelengde (mill. km),2011,2011,,.
30,Store varebiler,15,"Bensin hybrid, ikke ladbar",Kjorelengde,Kjørelengde (mill. km),2012,2012,,.
30,Store varebiler,15,"Bensin hybrid, ikke ladbar",Kjorelengde,Kjørelengde (mill. km),2013,2013,,.
30,Store varebiler,15,"Bensin hybrid, ikke ladbar",Kjorelengde,Kjørelengde (mill. km),2014,2014,,.
30,Store varebiler,15,"Bensin hybrid, ikke ladbar",Kjorelengde,Kjørelengde (mill. km),2015,2015,,.
30,Store varebiler,15,"Bensin hybrid, ikke ladbar",Kjorelengde,Kjørelengde (mill. km),2016,2016,,:
30,Store varebiler,15,"Bensin hybrid, ikke ladbar",Kjorelengde,Kjørelengde (mill. km),2017,2017,,:
30,Store varebiler,15,"Bensin hybrid, ikke ladbar",Kjorelengde,Kjørelengde (mill. km),2018,2018,,:
30,Store varebiler,15,"Bensin hybrid, ikke ladbar",Kjorelengde,Kjørelengde (mill. km),2019,2019,,:
30,Store varebiler,15,"Bensin hybrid, ikke ladbar",Kjorelengde,Kjørelengde (mill. km),2020,2020,,.
30,Store varebiler,15,"Bensin hybrid, ikke ladbar",Kjorelengde,Kjørelengde (mill. km),2021,2021,,.
30,Store varebiler,15,"Bensin hybrid, ikke ladbar",Kjorelengde,Kjørelengde (mill. km),2022,2022,,.
30,Store varebiler,15,"Bensin hybrid, ikke ladbar",Kjorelengde,Kjørelengde (mill. km),2023,2023,,.
30,Store varebiler,15,"Bensin hybrid, ikke ladbar",Kjorelengde,Kjørelengde (mill. km),2024,2024,,.
30,Store varebiler,15,"Bensin hybrid, ikke ladbar",Kjorelengde,Kjørelengde (mill. km),2025,2025,,.
30,Store varebiler,15,"Bensin hybrid, ikke ladbar",GjsnittKjorelengde,Gjennomsnittlig kjørelengde per kjøretøy (km),2005,2005,,.
30,Store varebiler,15,"Bensin hybrid, ikke ladbar",GjsnittKjorelengde,Gjennomsnittlig kjørelengde per kjøretøy (km),2006,2006,,.
30,Store varebiler,15,"Bensin hybrid, ikke ladbar",GjsnittKjorelengde,Gjennomsnittlig kjørelengde per kjøretøy (km),2007,2007,,.
30,Store varebiler,15,"Bensin hybrid, ikke ladbar",GjsnittKjorelengde,Gjennomsnittlig kjørelengde per kjøretøy (km),2008,2008,,.
30,Store varebiler,15,"Bensin hybrid, ikke ladbar",GjsnittKjorelengde,Gjennomsnittlig kjørelengde per kjøretøy (km),2009,2009,,.
30,Store varebiler,15,"Bensin hybrid, ikke ladbar",GjsnittKjorelengde,Gjennomsnittlig kjørelengde per kjøretøy (km),2010,2010,,.
30,Store varebiler,15,"Bensin hybrid, ikke ladbar",GjsnittKjorelengde,Gjennomsnittlig kjørelengde per kjøretøy (km),2011,2011,,.
30,Store varebiler,15,"Bensin hybrid, ikke ladbar",GjsnittKjorelengde,Gjennomsnittlig kjørelengde per kjøretøy (km),2012,2012,,.
30,Store varebiler,15,"Bensin hybrid, ikke ladbar",GjsnittKjorelengde,Gjennomsnittlig kjørelengde per kjøretøy (km),2013,2013,,.
30,Store varebiler,15,"Bensin hybrid, ikke ladbar",GjsnittKjorelengde,Gjennomsnittlig kjørelengde per kjøretøy (km),2014,2014,,.
30,Store varebiler,15,"Bensin hybrid, ikke ladbar",GjsnittKjorelengde,Gjennomsnittlig kjørelengde per kjøretøy (km),2015,2015,,.
30,Store varebiler,15,"Bensin hybrid, ikke ladbar",GjsnittKjorelengde,Gjennomsnittlig kjørelengde per kjøretøy (km),2016,2016,,:
30,Store varebiler,15,"Bensin hybrid, ikke ladbar",GjsnittKjorelengde,Gjennomsnittlig kjørelengde per kjøretøy (km),2017,2017,,:
30,Store varebiler,15,"Bensin hybrid, ikke ladbar",GjsnittKjorelengde,Gjennomsnittlig kjørelengde per kjøretøy (km),2018,2018,,:
30,Store varebiler,15,"Bensin hybrid, ikke ladbar",GjsnittKjorelengde,Gjennomsnittlig kjørelengde per kjøretøy (km),2019,2019,,:
30,Store varebiler,15,"Bensin hybrid, ikke ladbar",GjsnittKjorelengde,Gjennomsnittlig kjørelengde per kjøretøy (km),2020,2020,,.
30,Store varebiler,15,"Bensin hybrid, ikke ladbar",GjsnittKjorelengde,Gjennomsnittlig kjørelengde per kjøretøy (km),2021,2021,,.
30,Store varebiler,15,"Bensin hybrid, ikke ladbar",GjsnittKjorelengde,Gjennomsnittlig kjørelengde per kjøretøy (km),2022,2022,,.
30,Store varebiler,15,"Bensin hybrid, ikke ladbar",GjsnittKjorelengde,Gjennomsnittlig kjørelengde per kjøretøy (km),2023,2023,,.
30,Store varebiler,15,"Bensin hybrid, ikke ladbar",GjsnittKjorelengde,Gjennomsnittlig kjørelengde per kjøretøy (km),2024,2024,,.
30,Store varebiler,15,"Bensin hybrid, ikke ladbar",GjsnittKjorelengde,Gjennomsnittlig kjørelengde per kjøretøy (km),2025,2025,,.
30,Store varebiler,16,"Diesel hybrid, ladbar",Kjorelengde,Kjørelengde (mill. km),2005,2005,,.
30,Store varebiler,16,"Diesel hybrid, ladbar",Kjorelengde,Kjørelengde (mill. km),2006,2006,,.
30,Store varebiler,16,"Diesel hybrid, ladbar",Kjorelengde,Kjørelengde (mill. km),2007,2007,,.
30,Store varebiler,16,"Diesel hybrid, ladbar",Kjorelengde,Kjørelengde (mill. km),2008,2008,,.
30,Store varebiler,16,"Diesel hybrid, ladbar",Kjorelengde,Kjørelengde (mill. km),2009,2009,,.
30,Store varebiler,16,"Diesel hybrid, ladbar",Kjorelengde,Kjørelengde (mill. km),2010,2010,,.
30,Store varebiler,16,"Diesel hybrid, ladbar",Kjorelengde,Kjørelengde (mill. km),2011,2011,,.
30,Store varebiler,16,"Diesel hybrid, ladbar",Kjorelengde,Kjørelengde (mill. km),2012,2012,,.
30,Store varebiler,16,"Diesel hybrid, ladbar",Kjorelengde,Kjørelengde (mill. km),2013,2013,,.
30,Store varebiler,16,"Diesel hybrid, ladbar",Kjorelengde,Kjørelengde (mill. km),2014,2014,,.
30,Store varebiler,16,"Diesel hybrid, ladbar",Kjorelengde,Kjørelengde (mill. km),2015,2015,,.
30,Store varebiler,16,"Diesel hybrid, ladbar",Kjorelengde,Kjørelengde (mill. km),2016,2016,,.
30,Store varebiler,16,"Diesel hybrid, ladbar",Kjorelengde,Kjørelengde (mill. km),2017,2017,,.
30,Store varebiler,16,"Diesel hybrid, ladbar",Kjorelengde,Kjørelengde (mill. km),2018,2018,,.
30,Store varebiler,16,"Diesel hybrid, ladbar",Kjorelengde,Kjørelengde (mill. km),2019,2019,,.
30,Store varebiler,16,"Diesel hybrid, ladbar",Kjorelengde,Kjørelengde (mill. km),2020,2020,,.
30,Store varebiler,16,"Diesel hybrid, ladbar",Kjorelengde,Kjørelengde (mill. km),2021,2021,,.
30,Store varebiler,16,"Diesel hybrid, ladbar",Kjorelengde,Kjørelengde (mill. km),2022,2022,,.
30,Store varebiler,16,"Diesel hybrid, ladbar",Kjorelengde,Kjørelengde (mill. km),2023,2023,,.
30,Store varebiler,16,"Diesel hybrid, ladbar",Kjorelengde,Kjørelengde (mill. km),2024,2024,,.
30,Store varebiler,16,"Diesel hybrid, ladbar",Kjorelengde,Kjørelengde (mill. km),2025,2025,,.
30,Store varebiler,16,"Diesel hybrid, ladbar",GjsnittKjorelengde,Gjennomsnittlig kjørelengde per kjøretøy (km),2005,2005,,.
30,Store varebiler,16,"Diesel hybrid, ladbar",GjsnittKjorelengde,Gjennomsnittlig kjørelengde per kjøretøy (km),2006,2006,,.
30,Store varebiler,16,"Diesel hybrid, ladbar",GjsnittKjorelengde,Gjennomsnittlig kjørelengde per kjøretøy (km),2007,2007,,.
30,Store varebiler,16,"Diesel hybrid, ladbar",GjsnittKjorelengde,Gjennomsnittlig kjørelengde per kjøretøy (km),2008,2008,,.
30,Store varebiler,16,"Diesel hybrid, ladbar",GjsnittKjorelengde,Gjennomsnittlig kjørelengde per kjøretøy (km),2009,2009,,.
30,Store varebiler,16,"Diesel hybrid, ladbar",GjsnittKjorelengde,Gjennomsnittlig kjørelengde per kjøretøy (km),2010,2010,,.
30,Store varebiler,16,"Diesel hybrid, ladbar",GjsnittKjorelengde,Gjennomsnittlig kjørelengde per kjøretøy (km),2011,2011,,.
30,Store varebiler,16,"Diesel hybrid, ladbar",GjsnittKjorelengde,Gjennomsnittlig kjørelengde per kjøretøy (km),2012,2012,,.
30,Store varebiler,16,"Diesel hybrid, ladbar",GjsnittKjorelengde,Gjennomsnittlig kjørelengde per kjøretøy (km),2013,2013,,.
30,Store varebiler,16,"Diesel hybrid, ladbar",GjsnittKjorelengde,Gjennomsnittlig kjørelengde per kjøretøy (km),2014,2014,,.
30,Store varebiler,16,"Diesel hybrid, ladbar",GjsnittKjorelengde,Gjennomsnittlig kjørelengde per kjøretøy (km),2015,2015,,.
30,Store varebiler,16,"Diesel hybrid, ladbar",GjsnittKjorelengde,Gjennomsnittlig kjørelengde per kjøretøy (km),2016,2016,,.
30,Store varebiler,16,"Diesel hybrid, ladbar",GjsnittKjorelengde,Gjennomsnittlig kjørelengde per kjøretøy (km),2017,2017,,.
30,Store varebiler,16,"Diesel hybrid, ladbar",GjsnittKjorelengde,Gjennomsnittlig kjørelengde per kjøretøy (km),2018,2018,,.
30,Store varebiler,16,"Diesel hybrid, ladbar",GjsnittKjorelengde,Gjennomsnittlig kjørelengde per kjøretøy (km),2019,2019,,.
30,Store varebiler,16,"Diesel hybrid, ladbar",GjsnittKjorelengde,Gjennomsnittlig kjørelengde per kjøretøy (km),2020,2020,,.
30,Store varebiler,16,"Diesel hybrid, ladbar",GjsnittKjorelengde,Gjennomsnittlig kjørelengde per kjøretøy (km),2021,2021,,.
30,Store varebiler,16,"Diesel hybrid, ladbar",GjsnittKjorelengde,Gjennomsnittlig kjørelengde per kjøretøy (km),2022,2022,,.
30,Store varebiler,16,"Diesel hybrid, ladbar",GjsnittKjorelengde,Gjennomsnittlig kjørelengde per kjøretøy (km),2023,2023,,.
30,Store varebiler,16,"Diesel hybrid, ladbar",GjsnittKjorelengde,Gjennomsnittlig kjørelengde per kjøretøy (km),2024,2024,,.
30,Store varebiler,16,"Diesel hybrid, ladbar",GjsnittKjorelengde,Gjennomsnittlig kjørelengde per kjøretøy (km),2025,2025,,.
30,Store varebiler,17,"Diesel hybrid, ikke ladbar",Kjorelengde,Kjørelengde (mill. km),2005,2005,,.
30,Store varebiler,17,"Diesel hybrid, ikke ladbar",Kjorelengde,Kjørelengde (mill. km),2006,2006,,.
30,Store varebiler,17,"Diesel hybrid, ikke ladbar",Kjorelengde,Kjørelengde (mill. km),2007,2007,,.
30,Store varebiler,17,"Diesel hybrid, ikke ladbar",Kjorelengde,Kjørelengde (mill. km),2008,2008,,.
30,Store varebiler,17,"Diesel hybrid, ikke ladbar",Kjorelengde,Kjørelengde (mill. km),2009,2009,,.
30,Store varebiler,17,"Diesel hybrid, ikke ladbar",Kjorelengde,Kjørelengde (mill. km),2010,2010,,.
30,Store varebiler,17,"Diesel hybrid, ikke ladbar",Kjorelengde,Kjørelengde (mill. km),2011,2011,,.
30,Store varebiler,17,"Diesel hybrid, ikke ladbar",Kjorelengde,Kjørelengde (mill. km),2012,2012,,.
30,Store varebiler,17,"Diesel hybrid, ikke ladbar",Kjorelengde,Kjørelengde (mill. km),2013,2013,,.
30,Store varebiler,17,"Diesel hybrid, ikke ladbar",Kjorelengde,Kjørelengde (mill. km),2014,2014,,.
30,Store varebiler,17,"Diesel hybrid, ikke ladbar",Kjorelengde,Kjørelengde (mill. km),2015,2015,,.
30,Store varebiler,17,"Diesel hybrid, ikke ladbar",Kjorelengde,Kjørelengde (mill. km),2016,2016,,.
30,Store varebiler,17,"Diesel hybrid, ikke ladbar",Kjorelengde,Kjørelengde (mill. km),2017,2017,,.
30,Store varebiler,17,"Diesel hybrid, ikke ladbar",Kjorelengde,Kjørelengde (mill. km),2018,2018,,.
30,Store varebiler,17,"Diesel hybrid, ikke ladbar",Kjorelengde,Kjørelengde (mill. km),2019,2019,0.0,
30,Store varebiler,17,"Diesel hybrid, ikke ladbar",Kjorelengde,Kjørelengde (mill. km),2020,2020,1.0,
30,Store varebiler,17,"Diesel hybrid, ikke ladbar",Kjorelengde,Kjørelengde (mill. km),2021,2021,0.7,
30,Store varebiler,17,"Diesel hybrid, ikke ladbar",Kjorelengde,Kjørelengde (mill. km),2022,2022,0.9,
30,Store varebiler,17,"Diesel hybrid, ikke ladbar",Kjorelengde,Kjørelengde (mill. km),2023,2023,1.0,
30,Store varebiler,17,"Diesel hybrid, ikke ladbar",Kjorelengde,Kjørelengde (mill. km),2024,2024,0.9,
30,Store varebiler,17,"Diesel hybrid, ikke ladbar",Kjorelengde,Kjørelengde (mill. km),2025,2025,0.9,
30,Store varebiler,17,"Diesel hybrid, ikke ladbar",GjsnittKjorelengde,Gjennomsnittlig kjørelengde per kjøretøy (km),2005,2005,,.
30,Store varebiler,17,"Diesel hybrid, ikke ladbar",GjsnittKjorelengde,Gjennomsnittlig kjørelengde per kjøretøy (km),2006,2006,,.
30,Store varebiler,17,"Diesel hybrid, ikke ladbar",GjsnittKjorelengde,Gjennomsnittlig kjørelengde per kjøretøy (km),2007,2007,,.
30,Store varebiler,17,"Diesel hybrid, ikke ladbar",GjsnittKjorelengde,Gjennomsnittlig kjørelengde per kjøretøy (km),2008,2008,,.
30,Store varebiler,17,"Diesel hybrid, ikke ladbar",GjsnittKjorelengde,Gjennomsnittlig kjørelengde per kjøretøy (km),2009,2009,,.
30,Store varebiler,17,"Diesel hybrid, ikke ladbar",GjsnittKjorelengde,Gjennomsnittlig kjørelengde per kjøretøy (km),2010,2010,,.
30,Store varebiler,17,"Diesel hybrid, ikke ladbar",GjsnittKjorelengde,Gjennomsnittlig kjørelengde per kjøretøy (km),2011,2011,,.
30,Store varebiler,17,"Diesel hybrid, ikke ladbar",GjsnittKjorelengde,Gjennomsnittlig kjørelengde per kjøretøy (km),2012,2012,,.
30,Store varebiler,17,"Diesel hybrid, ikke ladbar",GjsnittKjorelengde,Gjennomsnittlig kjørelengde per kjøretøy (km),2013,2013,,.
30,Store varebiler,17,"Diesel hybrid, ikke ladbar",GjsnittKjorelengde,Gjennomsnittlig kjørelengde per kjøretøy (km),2014,2014,,.
30,Store varebiler,17,"Diesel hybrid, ikke ladbar",GjsnittKjorelengde,Gjennomsnittlig kjørelengde per kjøretøy (km),2015,2015,,.
30,Store varebiler,17,"Diesel hybrid, ikke ladbar",GjsnittKjorelengde,Gjennomsnittlig kjørelengde per kjøretøy (km),2016,2016,,.
30,Store varebiler,17,"Diesel hybrid, ikke ladbar",GjsnittKjorelengde,Gjennomsnittlig kjørelengde per kjøretøy (km),2017,2017,,.
30,Store varebiler,17,"Diesel hybrid, ikke ladbar",GjsnittKjorelengde,Gjennomsnittlig kjørelengde per kjøretøy (km),2018,2018,,.
30,Store varebiler,17,"Diesel hybrid, ikke ladbar",GjsnittKjorelengde,Gjennomsnittlig kjørelengde per kjøretøy (km),2019,2019,1782.0,
30,Store varebiler,17,"Diesel hybrid, ikke ladbar",GjsnittKjorelengde,Gjennomsnittlig kjørelengde per kjøretøy (km),2020,2020,12168.0,
30,Store varebiler,17,"Diesel hybrid, ikke ladbar",GjsnittKjorelengde,Gjennomsnittlig kjørelengde per kjøretøy (km),2021,2021,16383.0,
30,Store varebiler,17,"Diesel hybrid, ikke ladbar",GjsnittKjorelengde,Gjennomsnittlig kjørelengde per kjøretøy (km),2022,2022,19583.0,
30,Store varebiler,17,"Diesel hybrid, ikke ladbar",GjsnittKjorelengde,Gjennomsnittlig kjørelengde per kjøretøy (km),2023,2023,21312.0,
30,Store varebiler,17,"Diesel hybrid, ikke ladbar",GjsnittKjorelengde,Gjennomsnittlig kjørelengde per kjøretøy (km),2024,2024,18319.0,
30,Store varebiler,17,"Diesel hybrid, ikke ladbar",GjsnittKjorelengde,Gjennomsnittlig kjørelengde per kjøretøy (km),2025,2025,19254.0,
30,Store varebiler,3,Parafin,Kjorelengde,Kjørelengde (mill. km),2005,2005,,.
30,Store varebiler,3,Parafin,Kjorelengde,Kjørelengde (mill. km),2006,2006,,.
30,Store varebiler,3,Parafin,Kjorelengde,Kjørelengde (mill. km),2007,2007,,.
30,Store varebiler,3,Parafin,Kjorelengde,Kjørelengde (mill. km),2008,2008,,.
30,Store varebiler,3,Parafin,Kjorelengde,Kjørelengde (mill. km),2009,2009,,.
30,Store varebiler,3,Parafin,Kjorelengde,Kjørelengde (mill. km),2010,2010,,.
30,Store varebiler,3,Parafin,Kjorelengde,Kjørelengde (mill. km),2011,2011,,.
30,Store varebiler,3,Parafin,Kjorelengde,Kjørelengde (mill. km),2012,2012,,.
30,Store varebiler,3,Parafin,Kjorelengde,Kjørelengde (mill. km),2013,2013,,.
30,Store varebiler,3,Parafin,Kjorelengde,Kjørelengde (mill. km),2014,2014,,.
30,Store varebiler,3,Parafin,Kjorelengde,Kjørelengde (mill. km),2015,2015,,.
30,Store varebiler,3,Parafin,Kjorelengde,Kjørelengde (mill. km),2016,2016,,:
30,Store varebiler,3,Parafin,Kjorelengde,Kjørelengde (mill. km),2017,2017,,:
30,Store varebiler,3,Parafin,Kjorelengde,Kjørelengde (mill. km),2018,2018,,:
30,Store varebiler,3,Parafin,Kjorelengde,Kjørelengde (mill. km),2019,2019,,:
30,Store varebiler,3,Parafin,Kjorelengde,Kjørelengde (mill. km),2020,2020,,:
30,Store varebiler,3,Parafin,Kjorelengde,Kjørelengde (mill. km),2021,2021,,:
30,Store varebiler,3,Parafin,Kjorelengde,Kjørelengde (mill. km),2022,2022,,:
30,Store varebiler,3,Parafin,Kjorelengde,Kjørelengde (mill. km),2023,2023,,:
30,Store varebiler,3,Parafin,Kjorelengde,Kjørelengde (mill. km),2024,2024,,:
30,Store varebiler,3,Parafin,Kjorelengde,Kjørelengde (mill. km),2025,2025,0.0,
30,Store varebiler,3,Parafin,GjsnittKjorelengde,Gjennomsnittlig kjørelengde per kjøretøy (km),2005,2005,,.
30,Store varebiler,3,Parafin,GjsnittKjorelengde,Gjennomsnittlig kjørelengde per kjøretøy (km),2006,2006,,.
30,Store varebiler,3,Parafin,GjsnittKjorelengde,Gjennomsnittlig kjørelengde per kjøretøy (km),2007,2007,,.
30,Store varebiler,3,Parafin,GjsnittKjorelengde,Gjennomsnittlig kjørelengde per kjøretøy (km),2008,2008,,.
30,Store varebiler,3,Parafin,GjsnittKjorelengde,Gjennomsnittlig kjørelengde per kjøretøy (km),2009,2009,,.
30,Store varebiler,3,Parafin,GjsnittKjorelengde,Gjennomsnittlig kjørelengde per kjøretøy (km),2010,2010,,.
30,Store varebiler,3,Parafin,GjsnittKjorelengde,Gjennomsnittlig kjørelengde per kjøretøy (km),2011,2011,,.
30,Store varebiler,3,Parafin,GjsnittKjorelengde,Gjennomsnittlig kjørelengde per kjøretøy (km),2012,2012,,.
30,Store varebiler,3,Parafin,GjsnittKjorelengde,Gjennomsnittlig kjørelengde per kjøretøy (km),2013,2013,,.
30,Store varebiler,3,Parafin,GjsnittKjorelengde,Gjennomsnittlig kjørelengde per kjøretøy (km),2014,2014,,.
30,Store varebiler,3,Parafin,GjsnittKjorelengde,Gjennomsnittlig kjørelengde per kjøretøy (km),2015,2015,,.
30,Store varebiler,3,Parafin,GjsnittKjorelengde,Gjennomsnittlig kjørelengde per kjøretøy (km),2016,2016,,:
30,Store varebiler,3,Parafin,GjsnittKjorelengde,Gjennomsnittlig kjørelengde per kjøretøy (km),2017,2017,,:
30,Store varebiler,3,Parafin,GjsnittKjorelengde,Gjennomsnittlig kjørelengde per kjøretøy (km),2018,2018,,:
30,Store varebiler,3,Parafin,GjsnittKjorelengde,Gjennomsnittlig kjørelengde per kjøretøy (km),2019,2019,,:
30,Store varebiler,3,Parafin,GjsnittKjorelengde,Gjennomsnittlig kjørelengde per kjøretøy (km),2020,2020,,:
30,Store varebiler,3,Parafin,GjsnittKjorelengde,Gjennomsnittlig kjørelengde per kjøretøy (km),2021,2021,,:
30,Store varebiler,3,Parafin,GjsnittKjorelengde,Gjennomsnittlig kjørelengde per kjøretøy (km),2022,2022,,:
30,Store varebiler,3,Parafin,GjsnittKjorelengde,Gjennomsnittlig kjørelengde per kjøretøy (km),2023,2023,,:
30,Store varebiler,3,Parafin,GjsnittKjorelengde,Gjennomsnittlig kjørelengde per kjøretøy (km),2024,2024,,:
30,Store varebiler,3,Parafin,GjsnittKjorelengde,Gjennomsnittlig kjørelengde per kjøretøy (km),2025,2025,104.0,
30,Store varebiler,4,Gass,Kjorelengde,Kjørelengde (mill. km),2005,2005,,.
30,Store varebiler,4,Gass,Kjorelengde,Kjørelengde (mill. km),2006,2006,,.
30,Store varebiler,4,Gass,Kjorelengde,Kjørelengde (mill. km),2007,2007,,.
30,Store varebiler,4,Gass,Kjorelengde,Kjørelengde (mill. km),2008,2008,,.
30,Store varebiler,4,Gass,Kjorelengde,Kjørelengde (mill. km),2009,2009,,.
30,Store varebiler,4,Gass,Kjorelengde,Kjørelengde (mill. km),2010,2010,,.
30,Store varebiler,4,Gass,Kjorelengde,Kjørelengde (mill. km),2011,2011,,.
30,Store varebiler,4,Gass,Kjorelengde,Kjørelengde (mill. km),2012,2012,,.
30,Store varebiler,4,Gass,Kjorelengde,Kjørelengde (mill. km),2013,2013,,.
30,Store varebiler,4,Gass,Kjorelengde,Kjørelengde (mill. km),2014,2014,,.
30,Store varebiler,4,Gass,Kjorelengde,Kjørelengde (mill. km),2015,2015,,.
30,Store varebiler,4,Gass,Kjorelengde,Kjørelengde (mill. km),2016,2016,,.
30,Store varebiler,4,Gass,Kjorelengde,Kjørelengde (mill. km),2017,2017,,.
30,Store varebiler,4,Gass,Kjorelengde,Kjørelengde (mill. km),2018,2018,,.
30,Store varebiler,4,Gass,Kjorelengde,Kjørelengde (mill. km),2019,2019,,.
30,Store varebiler,4,Gass,Kjorelengde,Kjørelengde (mill. km),2020,2020,,:
30,Store varebiler,4,Gass,Kjorelengde,Kjørelengde (mill. km),2021,2021,,:
30,Store varebiler,4,Gass,Kjorelengde,Kjørelengde (mill. km),2022,2022,,:
30,Store varebiler,4,Gass,Kjorelengde,Kjørelengde (mill. km),2023,2023,,:
30,Store varebiler,4,Gass,Kjorelengde,Kjørelengde (mill. km),2024,2024,,:
30,Store varebiler,4,Gass,Kjorelengde,Kjørelengde (mill. km),2025,2025,0.0,
30,Store varebiler,4,Gass,GjsnittKjorelengde,Gjennomsnittlig kjørelengde per kjøretøy (km),2005,2005,,.
30,Store varebiler,4,Gass,GjsnittKjorelengde,Gjennomsnittlig kjørelengde per kjøretøy (km),2006,2006,,.
30,Store varebiler,4,Gass,GjsnittKjorelengde,Gjennomsnittlig kjørelengde per kjøretøy (km),2007,2007,,.
30,Store varebiler,4,Gass,GjsnittKjorelengde,Gjennomsnittlig kjørelengde per kjøretøy (km),2008,2008,,.
30,Store varebiler,4,Gass,GjsnittKjorelengde,Gjennomsnittlig kjørelengde per kjøretøy (km),2009,2009,,.
30,Store varebiler,4,Gass,GjsnittKjorelengde,Gjennomsnittlig kjørelengde per kjøretøy (km),2010,2010,,.
30,Store varebiler,4,Gass,GjsnittKjorelengde,Gjennomsnittlig kjørelengde per kjøretøy (km),2011,2011,,.
30,Store varebiler,4,Gass,GjsnittKjorelengde,Gjennomsnittlig kjørelengde per kjøretøy (km),2012,2012,,.
30,Store varebiler,4,Gass,GjsnittKjorelengde,Gjennomsnittlig kjørelengde per kjøretøy (km),2013,2013,,.
30,Store varebiler,4,Gass,GjsnittKjorelengde,Gjennomsnittlig kjørelengde per kjøretøy (km),2014,2014,,.
30,Store varebiler,4,Gass,GjsnittKjorelengde,Gjennomsnittlig kjørelengde per kjøretøy (km),2015,2015,,.
30,Store varebiler,4,Gass,GjsnittKjorelengde,Gjennomsnittlig kjørelengde per kjøretøy (km),2016,2016,,.
30,Store varebiler,4,Gass,GjsnittKjorelengde,Gjennomsnittlig kjørelengde per kjøretøy (km),2017,2017,,.
30,Store varebiler,4,Gass,GjsnittKjorelengde,Gjennomsnittlig kjørelengde per kjøretøy (km),2018,2018,,.
30,Store varebiler,4,Gass,GjsnittKjorelengde,Gjennomsnittlig kjørelengde per kjøretøy (km),2019,2019,,.
30,Store varebiler,4,Gass,GjsnittKjorelengde,Gjennomsnittlig kjørelengde per kjøretøy (km),2020,2020,,:
30,Store varebiler,4,Gass,GjsnittKjorelengde,Gjennomsnittlig kjørelengde per kjøretøy (km),2021,2021,,:
30,Store varebiler,4,Gass,GjsnittKjorelengde,Gjennomsnittlig kjørelengde per kjøretøy (km),2022,2022,,:
30,Store varebiler,4,Gass,GjsnittKjorelengde,Gjennomsnittlig kjørelengde per kjøretøy (km),2023,2023,,:
30,Store varebiler,4,Gass,GjsnittKjorelengde,Gjennomsnittlig kjørelengde per kjøretøy (km),2024,2024,,:
30,Store varebiler,4,Gass,GjsnittKjorelengde,Gjennomsnittlig kjørelengde per kjøretøy (km),2025,2025,7755.0,
30,Store varebiler,13,Hydrogen,Kjorelengde,Kjørelengde (mill. km),2005,2005,,.
30,Store varebiler,13,Hydrogen,Kjorelengde,Kjørelengde (mill. km),2006,2006,,.
30,Store varebiler,13,Hydrogen,Kjorelengde,Kjørelengde (mill. km),2007,2007,,.
30,Store varebiler,13,Hydrogen,Kjorelengde,Kjørelengde (mill. km),2008,2008,,.
30,Store varebiler,13,Hydrogen,Kjorelengde,Kjørelengde (mill. km),2009,2009,,.
30,Store varebiler,13,Hydrogen,Kjorelengde,Kjørelengde (mill. km),2010,2010,,.
30,Store varebiler,13,Hydrogen,Kjorelengde,Kjørelengde (mill. km),2011,2011,,.
30,Store varebiler,13,Hydrogen,Kjorelengde,Kjørelengde (mill. km),2012,2012,,.
30,Store varebiler,13,Hydrogen,Kjorelengde,Kjørelengde (mill. km),2013,2013,,.
30,Store varebiler,13,Hydrogen,Kjorelengde,Kjørelengde (mill. km),2014,2014,,.
30,Store varebiler,13,Hydrogen,Kjorelengde,Kjørelengde (mill. km),2015,2015,,.
30,Store varebiler,13,Hydrogen,Kjorelengde,Kjørelengde (mill. km),2016,2016,,.
30,Store varebiler,13,Hydrogen,Kjorelengde,Kjørelengde (mill. km),2017,2017,,.
30,Store varebiler,13,Hydrogen,Kjorelengde,Kjørelengde (mill. km),2018,2018,,.
30,Store varebiler,13,Hydrogen,Kjorelengde,Kjørelengde (mill. km),2019,2019,,.
30,Store varebiler,13,Hydrogen,Kjorelengde,Kjørelengde (mill. km),2020,2020,,.
30,Store varebiler,13,Hydrogen,Kjorelengde,Kjørelengde (mill. km),2021,2021,,.
30,Store varebiler,13,Hydrogen,Kjorelengde,Kjørelengde (mill. km),2022,2022,,.
30,Store varebiler,13,Hydrogen,Kjorelengde,Kjørelengde (mill. km),2023,2023,,.
30,Store varebiler,13,Hydrogen,Kjorelengde,Kjørelengde (mill. km),2024,2024,,.
30,Store varebiler,13,Hydrogen,Kjorelengde,Kjørelengde (mill. km),2025,2025,,.
30,Store varebiler,13,Hydrogen,GjsnittKjorelengde,Gjennomsnittlig kjørelengde per kjøretøy (km),2005,2005,,.
30,Store varebiler,13,Hydrogen,GjsnittKjorelengde,Gjennomsnittlig kjørelengde per kjøretøy (km),2006,2006,,.
30,Store varebiler,13,Hydrogen,GjsnittKjorelengde,Gjennomsnittlig kjørelengde per kjøretøy (km),2007,2007,,.
30,Store varebiler,13,Hydrogen,GjsnittKjorelengde,Gjennomsnittlig kjørelengde per kjøretøy (km),2008,2008,,.
30,Store varebiler,13,Hydrogen,GjsnittKjorelengde,Gjennomsnittlig kjørelengde per kjøretøy (km),2009,2009,,.
30,Store varebiler,13,Hydrogen,GjsnittKjorelengde,Gjennomsnittlig kjørelengde per kjøretøy (km),2010,2010,,.
30,Store varebiler,13,Hydrogen,GjsnittKjorelengde,Gjennomsnittlig kjørelengde per kjøretøy (km),2011,2011,,.
30,Store varebiler,13,Hydrogen,GjsnittKjorelengde,Gjennomsnittlig kjørelengde per kjøretøy (km),2012,2012,,.
30,Store varebiler,13,Hydrogen,GjsnittKjorelengde,Gjennomsnittlig kjørelengde per kjøretøy (km),2013,2013,,.
30,Store varebiler,13,Hydrogen,GjsnittKjorelengde,Gjennomsnittlig kjørelengde per kjøretøy (km),2014,2014,,.
30,Store varebiler,13,Hydrogen,GjsnittKjorelengde,Gjennomsnittlig kjørelengde per kjøretøy (km),2015,2015,,.
30,Store varebiler,13,Hydrogen,GjsnittKjorelengde,Gjennomsnittlig kjørelengde per kjøretøy (km),2016,2016,,.
30,Store varebiler,13,Hydrogen,GjsnittKjorelengde,Gjennomsnittlig kjørelengde per kjøretøy (km),2017,2017,,.
30,Store varebiler,13,Hydrogen,GjsnittKjorelengde,Gjennomsnittlig kjørelengde per kjøretøy (km),2018,2018,,.
30,Store varebiler,13,Hydrogen,GjsnittKjorelengde,Gjennomsnittlig kjørelengde per kjøretøy (km),2019,2019,,.
30,Store varebiler,13,Hydrogen,GjsnittKjorelengde,Gjennomsnittlig kjørelengde per kjøretøy (km),2020,2020,,.
30,Store varebiler,13,Hydrogen,GjsnittKjorelengde,Gjennomsnittlig kjørelengde per kjøretøy (km),2021,2021,,.
30,Store varebiler,13,Hydrogen,GjsnittKjorelengde,Gjennomsnittlig kjørelengde per kjøretøy (km),2022,2022,,.
30,Store varebiler,13,Hydrogen,GjsnittKjorelengde,Gjennomsnittlig kjørelengde per kjøretøy (km),2023,2023,,.
30,Store varebiler,13,Hydrogen,GjsnittKjorelengde,Gjennomsnittlig kjørelengde per kjøretøy (km),2024,2024,,.
30,Store varebiler,13,Hydrogen,GjsnittKjorelengde,Gjennomsnittlig kjørelengde per kjøretøy (km),2025,2025,,.
30,Store varebiler,7,Andre drivstoff,Kjorelengde,Kjørelengde (mill. km),2005,2005,,.
30,Store varebiler,7,Andre drivstoff,Kjorelengde,Kjørelengde (mill. km),2006,2006,,.
30,Store varebiler,7,Andre drivstoff,Kjorelengde,Kjørelengde (mill. km),2007,2007,,:
30,Store varebiler,7,Andre drivstoff,Kjorelengde,Kjørelengde (mill. km),2008,2008,,:
30,Store varebiler,7,Andre drivstoff,Kjorelengde,Kjørelengde (mill. km),2009,2009,,:
30,Store varebiler,7,Andre drivstoff,Kjorelengde,Kjørelengde (mill. km),2010,2010,,:
30,Store varebiler,7,Andre drivstoff,Kjorelengde,Kjørelengde (mill. km),2011,2011,,:
30,Store varebiler,7,Andre drivstoff,Kjorelengde,Kjørelengde (mill. km),2012,2012,,:
30,Store varebiler,7,Andre drivstoff,Kjorelengde,Kjørelengde (mill. km),2013,2013,,:
30,Store varebiler,7,Andre drivstoff,Kjorelengde,Kjørelengde (mill. km),2014,2014,,:
30,Store varebiler,7,Andre drivstoff,Kjorelengde,Kjørelengde (mill. km),2015,2015,,:
30,Store varebiler,7,Andre drivstoff,Kjorelengde,Kjørelengde (mill. km),2016,2016,,.
30,Store varebiler,7,Andre drivstoff,Kjorelengde,Kjørelengde (mill. km),2017,2017,,.
30,Store varebiler,7,Andre drivstoff,Kjorelengde,Kjørelengde (mill. km),2018,2018,,.
30,Store varebiler,7,Andre drivstoff,Kjorelengde,Kjørelengde (mill. km),2019,2019,,.
30,Store varebiler,7,Andre drivstoff,Kjorelengde,Kjørelengde (mill. km),2020,2020,,.
30,Store varebiler,7,Andre drivstoff,Kjorelengde,Kjørelengde (mill. km),2021,2021,,:
30,Store varebiler,7,Andre drivstoff,Kjorelengde,Kjørelengde (mill. km),2022,2022,,.
30,Store varebiler,7,Andre drivstoff,Kjorelengde,Kjørelengde (mill. km),2023,2023,0.2,
30,Store varebiler,7,Andre drivstoff,Kjorelengde,Kjørelengde (mill. km),2024,2024,1.5,
30,Store varebiler,7,Andre drivstoff,Kjorelengde,Kjørelengde (mill. km),2025,2025,1.7,
30,Store varebiler,7,Andre drivstoff,GjsnittKjorelengde,Gjennomsnittlig kjørelengde per kjøretøy (km),2005,2005,,.
30,Store varebiler,7,Andre drivstoff,GjsnittKjorelengde,Gjennomsnittlig kjørelengde per kjøretøy (km),2006,2006,,.
30,Store varebiler,7,Andre drivstoff,GjsnittKjorelengde,Gjennomsnittlig kjørelengde per kjøretøy (km),2007,2007,,:
30,Store varebiler,7,Andre drivstoff,GjsnittKjorelengde,Gjennomsnittlig kjørelengde per kjøretøy (km),2008,2008,,:
30,Store varebiler,7,Andre drivstoff,GjsnittKjorelengde,Gjennomsnittlig kjørelengde per kjøretøy (km),2009,2009,,:
30,Store varebiler,7,Andre drivstoff,GjsnittKjorelengde,Gjennomsnittlig kjørelengde per kjøretøy (km),2010,2010,,:
30,Store varebiler,7,Andre drivstoff,GjsnittKjorelengde,Gjennomsnittlig kjørelengde per kjøretøy (km),2011,2011,,:
30,Store varebiler,7,Andre drivstoff,GjsnittKjorelengde,Gjennomsnittlig kjørelengde per kjøretøy (km),2012,2012,,:
30,Store varebiler,7,Andre drivstoff,GjsnittKjorelengde,Gjennomsnittlig kjørelengde per kjøretøy (km),2013,2013,,:
30,Store varebiler,7,Andre drivstoff,GjsnittKjorelengde,Gjennomsnittlig kjørelengde per kjøretøy (km),2014,2014,,:
30,Store varebiler,7,Andre drivstoff,GjsnittKjorelengde,Gjennomsnittlig kjørelengde per kjøretøy (km),2015,2015,,:
30,Store varebiler,7,Andre drivstoff,GjsnittKjorelengde,Gjennomsnittlig kjørelengde per kjøretøy (km),2016,2016,,.
30,Store varebiler,7,Andre drivstoff,GjsnittKjorelengde,Gjennomsnittlig kjørelengde per kjøretøy (km),2017,2017,,.
30,Store varebiler,7,Andre drivstoff,GjsnittKjorelengde,Gjennomsnittlig kjørelengde per kjøretøy (km),2018,2018,,.
30,Store varebiler,7,Andre drivstoff,GjsnittKjorelengde,Gjennomsnittlig kjørelengde per kjøretøy (km),2019,2019,,.
30,Store varebiler,7,Andre drivstoff,GjsnittKjorelengde,Gjennomsnittlig kjørelengde per kjøretøy (km),2020,2020,,.
30,Store varebiler,7,Andre drivstoff,GjsnittKjorelengde,Gjennomsnittlig kjørelengde per kjøretøy (km),2021,2021,,:
30,Store varebiler,7,Andre drivstoff,GjsnittKjorelengde,Gjennomsnittlig kjørelengde per kjøretøy (km),2022,2022,,.
30,Store varebiler,7,Andre drivstoff,GjsnittKjorelengde,Gjennomsnittlig kjørelengde per kjøretøy (km),2023,2023,2635.0,
30,Store varebiler,7,Andre drivstoff,GjsnittKjorelengde,Gjennomsnittlig kjørelengde per kjøretøy (km),2024,2024,17474.0,
30,Store varebiler,7,Andre drivstoff,GjsnittKjorelengde,Gjennomsnittlig kjørelengde per kjøretøy (km),2025,2025,19171.0,
00,Små godsbiler i alt,0,Alle typer drivstoff,Kjorelengde,Kjørelengde (mill. km),2005,2005,6503.2,
00,Små godsbiler i alt,0,Alle typer drivstoff,Kjorelengde,Kjørelengde (mill. km),2006,2006,6862.9,
00,Små godsbiler i alt,0,Alle typer drivstoff,Kjorelengde,Kjørelengde (mill. km),2007,2007,7385.9,
00,Små godsbiler i alt,0,Alle typer drivstoff,Kjorelengde,Kjørelengde (mill. km),2008,2008,7604.9,
00,Små godsbiler i alt,0,Alle typer drivstoff,Kjorelengde,Kjørelengde (mill. km),2009,2009,7445.2,
00,Små godsbiler i alt,0,Alle typer drivstoff,Kjorelengde,Kjørelengde (mill. km),2010,2010,7390.4,
00,Små godsbiler i alt,0,Alle typer drivstoff,Kjorelengde,Kjørelengde (mill. km),2011,2011,7382.2,
00,Små godsbiler i alt,0,Alle typer drivstoff,Kjorelengde,Kjørelengde (mill. km),2012,2012,7541.0,
00,Små godsbiler i alt,0,Alle typer drivstoff,Kjorelengde,Kjørelengde (mill. km),2013,2013,7466.6,
00,Små godsbiler i alt,0,Alle typer drivstoff,Kjorelengde,Kjørelengde (mill. km),2014,2014,7364.4,
00,Små godsbiler i alt,0,Alle typer drivstoff,Kjorelengde,Kjørelengde (mill. km),2015,2015,7265.4,
00,Små godsbiler i alt,0,Alle typer drivstoff,Kjorelengde,Kjørelengde (mill. km),2016,2016,7245.1,
00,Små godsbiler i alt,0,Alle typer drivstoff,Kjorelengde,Kjørelengde (mill. km),2017,2017,7305.9,
00,Små godsbiler i alt,0,Alle typer drivstoff,Kjorelengde,Kjørelengde (mill. km),2018,2018,7388.3,
00,Små godsbiler i alt,0,Alle typer drivstoff,Kjorelengde,Kjørelengde (mill. km),2019,2019,7393.1,
00,Små godsbiler i alt,0,Alle typer drivstoff,Kjorelengde,Kjørelengde (mill. km),2020,2020,7183.2,
00,Små godsbiler i alt,0,Alle typer drivstoff,Kjorelengde,Kjørelengde (mill. km),2021,2021,7450.0,
00,Små godsbiler i alt,0,Alle typer drivstoff,Kjorelengde,Kjørelengde (mill. km),2022,2022,7461.6,
00,Små godsbiler i alt,0,Alle typer drivstoff,Kjorelengde,Kjørelengde (mill. km),2023,2023,7408.2,
00,Små godsbiler i alt,0,Alle typer drivstoff,Kjorelengde,Kjørelengde (mill. km),2024,2024,7521.5,
00,Små godsbiler i alt,0,Alle typer drivstoff,Kjorelengde,Kjørelengde (mill. km),2025,2025,7485.6,
00,Små godsbiler i alt,0,Alle typer drivstoff,GjsnittKjorelengde,Gjennomsnittlig kjørelengde per kjøretøy (km),2005,2005,15328.0,
00,Små godsbiler i alt,0,Alle typer drivstoff,GjsnittKjorelengde,Gjennomsnittlig kjørelengde per kjøretøy (km),2006,2006,15452.0,
00,Små godsbiler i alt,0,Alle typer drivstoff,GjsnittKjorelengde,Gjennomsnittlig kjørelengde per kjøretøy (km),2007,2007,15876.0,
00,Små godsbiler i alt,0,Alle typer drivstoff,GjsnittKjorelengde,Gjennomsnittlig kjørelengde per kjøretøy (km),2008,2008,16009.0,
00,Små godsbiler i alt,0,Alle typer drivstoff,GjsnittKjorelengde,Gjennomsnittlig kjørelengde per kjøretøy (km),2009,2009,15790.0,
00,Små godsbiler i alt,0,Alle typer drivstoff,GjsnittKjorelengde,Gjennomsnittlig kjørelengde per kjøretøy (km),2010,2010,15559.0,
00,Små godsbiler i alt,0,Alle typer drivstoff,GjsnittKjorelengde,Gjennomsnittlig kjørelengde per kjøretøy (km),2011,2011,15258.0,
00,Små godsbiler i alt,0,Alle typer drivstoff,GjsnittKjorelengde,Gjennomsnittlig kjørelengde per kjøretøy (km),2012,2012,15362.0,
00,Små godsbiler i alt,0,Alle typer drivstoff,GjsnittKjorelengde,Gjennomsnittlig kjørelengde per kjøretøy (km),2013,2013,15031.0,
00,Små godsbiler i alt,0,Alle typer drivstoff,GjsnittKjorelengde,Gjennomsnittlig kjørelengde per kjøretøy (km),2014,2014,14789.0,
00,Små godsbiler i alt,0,Alle typer drivstoff,GjsnittKjorelengde,Gjennomsnittlig kjørelengde per kjøretøy (km),2015,2015,14476.0,
00,Små godsbiler i alt,0,Alle typer drivstoff,GjsnittKjorelengde,Gjennomsnittlig kjørelengde per kjøretøy (km),2016,2016,14294.0,
00,Små godsbiler i alt,0,Alle typer drivstoff,GjsnittKjorelengde,Gjennomsnittlig kjørelengde per kjøretøy (km),2017,2017,14244.0,
00,Små godsbiler i alt,0,Alle typer drivstoff,GjsnittKjorelengde,Gjennomsnittlig kjørelengde per kjøretøy (km),2018,2018,14186.0,
00,Små godsbiler i alt,0,Alle typer drivstoff,GjsnittKjorelengde,Gjennomsnittlig kjørelengde per kjøretøy (km),2019,2019,13994.0,
00,Små godsbiler i alt,0,Alle typer drivstoff,GjsnittKjorelengde,Gjennomsnittlig kjørelengde per kjøretøy (km),2020,2020,13355.0,
00,Små godsbiler i alt,0,Alle typer drivstoff,GjsnittKjorelengde,Gjennomsnittlig kjørelengde per kjøretøy (km),2021,2021,13649.0,
00,Små godsbiler i alt,0,Alle typer drivstoff,GjsnittKjorelengde,Gjennomsnittlig kjørelengde per kjøretøy (km),2022,2022,13499.0,
00,Små godsbiler i alt,0,Alle typer drivstoff,GjsnittKjorelengde,Gjennomsnittlig kjørelengde per kjøretøy (km),2023,2023,13298.0,
00,Små godsbiler i alt,0,Alle typer drivstoff,GjsnittKjorelengde,Gjennomsnittlig kjørelengde per kjøretøy (km),2024,2024,13355.0,
00,Små godsbiler i alt,0,Alle typer drivstoff,GjsnittKjorelengde,Gjennomsnittlig kjørelengde per kjøretøy (km),2025,2025,13158.0,
00,Små godsbiler i alt,1,Bensin,Kjorelengde,Kjørelengde (mill. km),2005,2005,1393.2,
00,Små godsbiler i alt,1,Bensin,Kjorelengde,Kjørelengde (mill. km),2006,2006,1279.7,
00,Små godsbiler i alt,1,Bensin,Kjorelengde,Kjørelengde (mill. km),2007,2007,1181.1,
00,Små godsbiler i alt,1,Bensin,Kjorelengde,Kjørelengde (mill. km),2008,2008,1032.7,
00,Små godsbiler i alt,1,Bensin,Kjorelengde,Kjørelengde (mill. km),2009,2009,897.2,
00,Små godsbiler i alt,1,Bensin,Kjorelengde,Kjørelengde (mill. km),2010,2010,763.8,
00,Små godsbiler i alt,1,Bensin,Kjorelengde,Kjørelengde (mill. km),2011,2011,639.4,
00,Små godsbiler i alt,1,Bensin,Kjorelengde,Kjørelengde (mill. km),2012,2012,541.7,
00,Små godsbiler i alt,1,Bensin,Kjorelengde,Kjørelengde (mill. km),2013,2013,453.8,
00,Små godsbiler i alt,1,Bensin,Kjorelengde,Kjørelengde (mill. km),2014,2014,375.9,
00,Små godsbiler i alt,1,Bensin,Kjorelengde,Kjørelengde (mill. km),2015,2015,316.9,
00,Små godsbiler i alt,1,Bensin,Kjorelengde,Kjørelengde (mill. km),2016,2016,268.0,
00,Små godsbiler i alt,1,Bensin,Kjorelengde,Kjørelengde (mill. km),2017,2017,230.3,
00,Små godsbiler i alt,1,Bensin,Kjorelengde,Kjørelengde (mill. km),2018,2018,208.1,
00,Små godsbiler i alt,1,Bensin,Kjorelengde,Kjørelengde (mill. km),2019,2019,190.9,
00,Små godsbiler i alt,1,Bensin,Kjorelengde,Kjørelengde (mill. km),2020,2020,163.6,
00,Små godsbiler i alt,1,Bensin,Kjorelengde,Kjørelengde (mill. km),2021,2021,156.5,
00,Små godsbiler i alt,1,Bensin,Kjorelengde,Kjørelengde (mill. km),2022,2022,142.5,
00,Små godsbiler i alt,1,Bensin,Kjorelengde,Kjørelengde (mill. km),2023,2023,132.0,
00,Små godsbiler i alt,1,Bensin,Kjorelengde,Kjørelengde (mill. km),2024,2024,124.9,
00,Små godsbiler i alt,1,Bensin,Kjorelengde,Kjørelengde (mill. km),2025,2025,118.2,
00,Små godsbiler i alt,1,Bensin,GjsnittKjorelengde,Gjennomsnittlig kjørelengde per kjøretøy (km),2005,2005,12511.0,
00,Små godsbiler i alt,1,Bensin,GjsnittKjorelengde,Gjennomsnittlig kjørelengde per kjøretøy (km),2006,2006,12429.0,
00,Små godsbiler i alt,1,Bensin,GjsnittKjorelengde,Gjennomsnittlig kjørelengde per kjøretøy (km),2007,2007,12548.0,
00,Små godsbiler i alt,1,Bensin,GjsnittKjorelengde,Gjennomsnittlig kjørelengde per kjøretøy (km),2008,2008,12004.0,
00,Små godsbiler i alt,1,Bensin,GjsnittKjorelengde,Gjennomsnittlig kjørelengde per kjøretøy (km),2009,2009,11465.0,
00,Små godsbiler i alt,1,Bensin,GjsnittKjorelengde,Gjennomsnittlig kjørelengde per kjøretøy (km),2010,2010,10799.0,
00,Små godsbiler i alt,1,Bensin,GjsnittKjorelengde,Gjennomsnittlig kjørelengde per kjøretøy (km),2011,2011,10201.0,
00,Små godsbiler i alt,1,Bensin,GjsnittKjorelengde,Gjennomsnittlig kjørelengde per kjøretøy (km),2012,2012,9653.0,
00,Små godsbiler i alt,1,Bensin,GjsnittKjorelengde,Gjennomsnittlig kjørelengde per kjøretøy (km),2013,2013,9066.0,
00,Små godsbiler i alt,1,Bensin,GjsnittKjorelengde,Gjennomsnittlig kjørelengde per kjøretøy (km),2014,2014,8496.0,
00,Små godsbiler i alt,1,Bensin,GjsnittKjorelengde,Gjennomsnittlig kjørelengde per kjøretøy (km),2015,2015,8088.0,
00,Små godsbiler i alt,1,Bensin,GjsnittKjorelengde,Gjennomsnittlig kjørelengde per kjøretøy (km),2016,2016,7753.0,
00,Små godsbiler i alt,1,Bensin,GjsnittKjorelengde,Gjennomsnittlig kjørelengde per kjøretøy (km),2017,2017,7304.0,
00,Små godsbiler i alt,1,Bensin,GjsnittKjorelengde,Gjennomsnittlig kjørelengde per kjøretøy (km),2018,2018,7381.0,
00,Små godsbiler i alt,1,Bensin,GjsnittKjorelengde,Gjennomsnittlig kjørelengde per kjøretøy (km),2019,2019,7414.0,
00,Små godsbiler i alt,1,Bensin,GjsnittKjorelengde,Gjennomsnittlig kjørelengde per kjøretøy (km),2020,2020,6771.0,
00,Små godsbiler i alt,1,Bensin,GjsnittKjorelengde,Gjennomsnittlig kjørelengde per kjøretøy (km),2021,2021,7005.0,
00,Små godsbiler i alt,1,Bensin,GjsnittKjorelengde,Gjennomsnittlig kjørelengde per kjøretøy (km),2022,2022,6797.0,
00,Små godsbiler i alt,1,Bensin,GjsnittKjorelengde,Gjennomsnittlig kjørelengde per kjøretøy (km),2023,2023,6719.0,
00,Små godsbiler i alt,1,Bensin,GjsnittKjorelengde,Gjennomsnittlig kjørelengde per kjøretøy (km),2024,2024,6689.0,
00,Små godsbiler i alt,1,Bensin,GjsnittKjorelengde,Gjennomsnittlig kjørelengde per kjøretøy (km),2025,2025,7214.0,
00,Små godsbiler i alt,2,Diesel,Kjorelengde,Kjørelengde (mill. km),2005,2005,5109.1,
00,Små godsbiler i alt,2,Diesel,Kjorelengde,Kjørelengde (mill. km),2006,2006,5582.0,
00,Små godsbiler i alt,2,Diesel,Kjorelengde,Kjørelengde (mill. km),2007,2007,6203.1,
00,Små godsbiler i alt,2,Diesel,Kjorelengde,Kjørelengde (mill. km),2008,2008,6569.9,
00,Små godsbiler i alt,2,Diesel,Kjorelengde,Kjørelengde (mill. km),2009,2009,6545.0,
00,Små godsbiler i alt,2,Diesel,Kjorelengde,Kjørelengde (mill. km),2010,2010,6623.1,
00,Små godsbiler i alt,2,Diesel,Kjorelengde,Kjørelengde (mill. km),2011,2011,6738.7,
00,Små godsbiler i alt,2,Diesel,Kjorelengde,Kjørelengde (mill. km),2012,2012,6993.8,
00,Små godsbiler i alt,2,Diesel,Kjorelengde,Kjørelengde (mill. km),2013,2013,7004.6,
00,Små godsbiler i alt,2,Diesel,Kjorelengde,Kjørelengde (mill. km),2014,2014,6971.2,
00,Små godsbiler i alt,2,Diesel,Kjorelengde,Kjørelengde (mill. km),2015,2015,6933.5,
00,Små godsbiler i alt,2,Diesel,Kjorelengde,Kjørelengde (mill. km),2016,2016,6952.6,
00,Små godsbiler i alt,2,Diesel,Kjorelengde,Kjørelengde (mill. km),2017,2017,7039.9,
00,Små godsbiler i alt,2,Diesel,Kjorelengde,Kjørelengde (mill. km),2018,2018,7126.9,
00,Små godsbiler i alt,2,Diesel,Kjorelengde,Kjørelengde (mill. km),2019,2019,7130.6,
00,Små godsbiler i alt,2,Diesel,Kjorelengde,Kjørelengde (mill. km),2020,2020,6926.6,
00,Små godsbiler i alt,2,Diesel,Kjorelengde,Kjørelengde (mill. km),2021,2021,7150.6,
00,Små godsbiler i alt,2,Diesel,Kjorelengde,Kjørelengde (mill. km),2022,2022,7091.8,
00,Små godsbiler i alt,2,Diesel,Kjorelengde,Kjørelengde (mill. km),2023,2023,6956.7,
00,Små godsbiler i alt,2,Diesel,Kjorelengde,Kjørelengde (mill. km),2024,2024,6901.7,
00,Små godsbiler i alt,2,Diesel,Kjorelengde,Kjørelengde (mill. km),2025,2025,6708.2,
00,Små godsbiler i alt,2,Diesel,GjsnittKjorelengde,Gjennomsnittlig kjørelengde per kjøretøy (km),2005,2005,16334.0,
00,Små godsbiler i alt,2,Diesel,GjsnittKjorelengde,Gjennomsnittlig kjørelengde per kjøretøy (km),2006,2006,16366.0,
00,Små godsbiler i alt,2,Diesel,GjsnittKjorelengde,Gjennomsnittlig kjørelengde per kjøretøy (km),2007,2007,16722.0,
00,Små godsbiler i alt,2,Diesel,GjsnittKjorelengde,Gjennomsnittlig kjørelengde per kjøretøy (km),2008,2008,16896.0,
00,Små godsbiler i alt,2,Diesel,GjsnittKjorelengde,Gjennomsnittlig kjørelengde per kjøretøy (km),2009,2009,16652.0,
00,Små godsbiler i alt,2,Diesel,GjsnittKjorelengde,Gjennomsnittlig kjørelengde per kjøretøy (km),2010,2010,16395.0,
00,Små godsbiler i alt,2,Diesel,GjsnittKjorelengde,Gjennomsnittlig kjørelengde per kjøretøy (km),2011,2011,16016.0,
00,Små godsbiler i alt,2,Diesel,GjsnittKjorelengde,Gjennomsnittlig kjørelengde per kjøretøy (km),2012,2012,16105.0,
00,Små godsbiler i alt,2,Diesel,GjsnittKjorelengde,Gjennomsnittlig kjørelengde per kjøretøy (km),2013,2013,15713.0,
00,Små godsbiler i alt,2,Diesel,GjsnittKjorelengde,Gjennomsnittlig kjørelengde per kjøretøy (km),2014,2014,15415.0,
00,Små godsbiler i alt,2,Diesel,GjsnittKjorelengde,Gjennomsnittlig kjørelengde per kjøretøy (km),2015,2015,15058.0,
00,Små godsbiler i alt,2,Diesel,GjsnittKjorelengde,Gjennomsnittlig kjørelengde per kjøretøy (km),2016,2016,14818.0,
00,Små godsbiler i alt,2,Diesel,GjsnittKjorelengde,Gjennomsnittlig kjørelengde per kjøretøy (km),2017,2017,14750.0,
00,Små godsbiler i alt,2,Diesel,GjsnittKjorelengde,Gjennomsnittlig kjørelengde per kjøretøy (km),2018,2018,14646.0,
00,Små godsbiler i alt,2,Diesel,GjsnittKjorelengde,Gjennomsnittlig kjørelengde per kjøretøy (km),2019,2019,14423.0,
00,Små godsbiler i alt,2,Diesel,GjsnittKjorelengde,Gjennomsnittlig kjørelengde per kjøretøy (km),2020,2020,13773.0,
00,Små godsbiler i alt,2,Diesel,GjsnittKjorelengde,Gjennomsnittlig kjørelengde per kjøretøy (km),2021,2021,14110.0,
00,Små godsbiler i alt,2,Diesel,GjsnittKjorelengde,Gjennomsnittlig kjørelengde per kjøretøy (km),2022,2022,13971.0,
00,Små godsbiler i alt,2,Diesel,GjsnittKjorelengde,Gjennomsnittlig kjørelengde per kjøretøy (km),2023,2023,13832.0,
00,Små godsbiler i alt,2,Diesel,GjsnittKjorelengde,Gjennomsnittlig kjørelengde per kjøretøy (km),2024,2024,13768.0,
00,Små godsbiler i alt,2,Diesel,GjsnittKjorelengde,Gjennomsnittlig kjørelengde per kjøretøy (km),2025,2025,13551.0,
00,Små godsbiler i alt,18,Elektrisitet,Kjorelengde,Kjørelengde (mill. km),2005,2005,0.6,
00,Små godsbiler i alt,18,Elektrisitet,Kjorelengde,Kjørelengde (mill. km),2006,2006,0.5,
00,Små godsbiler i alt,18,Elektrisitet,Kjorelengde,Kjørelengde (mill. km),2007,2007,0.6,
00,Små godsbiler i alt,18,Elektrisitet,Kjorelengde,Kjørelengde (mill. km),2008,2008,0.5,
00,Små godsbiler i alt,18,Elektrisitet,Kjorelengde,Kjørelengde (mill. km),2009,2009,0.5,
00,Små godsbiler i alt,18,Elektrisitet,Kjorelengde,Kjørelengde (mill. km),2010,2010,0.5,
00,Små godsbiler i alt,18,Elektrisitet,Kjorelengde,Kjørelengde (mill. km),2011,2011,0.5,
00,Små godsbiler i alt,18,Elektrisitet,Kjorelengde,Kjørelengde (mill. km),2012,2012,1.3,
00,Små godsbiler i alt,18,Elektrisitet,Kjorelengde,Kjørelengde (mill. km),2013,2013,3.2,
00,Små godsbiler i alt,18,Elektrisitet,Kjorelengde,Kjørelengde (mill. km),2014,2014,11.1,
00,Små godsbiler i alt,18,Elektrisitet,Kjorelengde,Kjørelengde (mill. km),2015,2015,10.4,
00,Små godsbiler i alt,18,Elektrisitet,Kjorelengde,Kjørelengde (mill. km),2016,2016,19.4,
00,Små godsbiler i alt,18,Elektrisitet,Kjorelengde,Kjørelengde (mill. km),2017,2017,28.7,
00,Små godsbiler i alt,18,Elektrisitet,Kjorelengde,Kjørelengde (mill. km),2018,2018,46.1,
00,Små godsbiler i alt,18,Elektrisitet,Kjorelengde,Kjørelengde (mill. km),2019,2019,64.3,
00,Små godsbiler i alt,18,Elektrisitet,Kjorelengde,Kjørelengde (mill. km),2020,2020,84.9,
00,Små godsbiler i alt,18,Elektrisitet,Kjorelengde,Kjørelengde (mill. km),2021,2021,130.0,
00,Små godsbiler i alt,18,Elektrisitet,Kjorelengde,Kjørelengde (mill. km),2022,2022,206.6,
00,Små godsbiler i alt,18,Elektrisitet,Kjorelengde,Kjørelengde (mill. km),2023,2023,287.1,
00,Små godsbiler i alt,18,Elektrisitet,Kjorelengde,Kjørelengde (mill. km),2024,2024,436.4,
00,Små godsbiler i alt,18,Elektrisitet,Kjorelengde,Kjørelengde (mill. km),2025,2025,578.7,
00,Små godsbiler i alt,18,Elektrisitet,GjsnittKjorelengde,Gjennomsnittlig kjørelengde per kjøretøy (km),2005,2005,7568.0,
00,Små godsbiler i alt,18,Elektrisitet,GjsnittKjorelengde,Gjennomsnittlig kjørelengde per kjøretøy (km),2006,2006,7140.0,
00,Små godsbiler i alt,18,Elektrisitet,GjsnittKjorelengde,Gjennomsnittlig kjørelengde per kjøretøy (km),2007,2007,7367.0,
00,Små godsbiler i alt,18,Elektrisitet,GjsnittKjorelengde,Gjennomsnittlig kjørelengde per kjøretøy (km),2008,2008,7370.0,
00,Små godsbiler i alt,18,Elektrisitet,GjsnittKjorelengde,Gjennomsnittlig kjørelengde per kjøretøy (km),2009,2009,6912.0,
00,Små godsbiler i alt,18,Elektrisitet,GjsnittKjorelengde,Gjennomsnittlig kjørelengde per kjøretøy (km),2010,2010,7369.0,
00,Små godsbiler i alt,18,Elektrisitet,GjsnittKjorelengde,Gjennomsnittlig kjørelengde per kjøretøy (km),2011,2011,4303.0,
00,Små godsbiler i alt,18,Elektrisitet,GjsnittKjorelengde,Gjennomsnittlig kjørelengde per kjøretøy (km),2012,2012,7706.0,
00,Små godsbiler i alt,18,Elektrisitet,GjsnittKjorelengde,Gjennomsnittlig kjørelengde per kjøretøy (km),2013,2013,6111.0,
00,Små godsbiler i alt,18,Elektrisitet,GjsnittKjorelengde,Gjennomsnittlig kjørelengde per kjøretøy (km),2014,2014,10163.0,
00,Små godsbiler i alt,18,Elektrisitet,GjsnittKjorelengde,Gjennomsnittlig kjørelengde per kjøretøy (km),2015,2015,5621.0,
00,Små godsbiler i alt,18,Elektrisitet,GjsnittKjorelengde,Gjennomsnittlig kjørelengde per kjøretøy (km),2016,2016,7461.0,
00,Små godsbiler i alt,18,Elektrisitet,GjsnittKjorelengde,Gjennomsnittlig kjørelengde per kjøretøy (km),2017,2017,8156.0,
00,Små godsbiler i alt,18,Elektrisitet,GjsnittKjorelengde,Gjennomsnittlig kjørelengde per kjøretøy (km),2018,2018,8479.0,
00,Små godsbiler i alt,18,Elektrisitet,GjsnittKjorelengde,Gjennomsnittlig kjørelengde per kjøretøy (km),2019,2019,8562.0,
00,Små godsbiler i alt,18,Elektrisitet,GjsnittKjorelengde,Gjennomsnittlig kjørelengde per kjøretøy (km),2020,2020,8457.0,
00,Små godsbiler i alt,18,Elektrisitet,GjsnittKjorelengde,Gjennomsnittlig kjørelengde per kjøretøy (km),2021,2021,8394.0,
00,Små godsbiler i alt,18,Elektrisitet,GjsnittKjorelengde,Gjennomsnittlig kjørelengde per kjøretøy (km),2022,2022,9182.0,
00,Små godsbiler i alt,18,Elektrisitet,GjsnittKjorelengde,Gjennomsnittlig kjørelengde per kjøretøy (km),2023,2023,9118.0,
00,Små godsbiler i alt,18,Elektrisitet,GjsnittKjorelengde,Gjennomsnittlig kjørelengde per kjøretøy (km),2024,2024,11030.0,
00,Små godsbiler i alt,18,Elektrisitet,GjsnittKjorelengde,Gjennomsnittlig kjørelengde per kjøretøy (km),2025,2025,10975.0,
00,Små godsbiler i alt,14,"Bensin hybrid, ladbar",Kjorelengde,Kjørelengde (mill. km),2005,2005,,.
00,Små godsbiler i alt,14,"Bensin hybrid, ladbar",Kjorelengde,Kjørelengde (mill. km),2006,2006,,.
00,Små godsbiler i alt,14,"Bensin hybrid, ladbar",Kjorelengde,Kjørelengde (mill. km),2007,2007,,.
00,Små godsbiler i alt,14,"Bensin hybrid, ladbar",Kjorelengde,Kjørelengde (mill. km),2008,2008,,.
00,Små godsbiler i alt,14,"Bensin hybrid, ladbar",Kjorelengde,Kjørelengde (mill. km),2009,2009,,.
00,Små godsbiler i alt,14,"Bensin hybrid, ladbar",Kjorelengde,Kjørelengde (mill. km),2010,2010,,.
00,Små godsbiler i alt,14,"Bensin hybrid, ladbar",Kjorelengde,Kjørelengde (mill. km),2011,2011,,.
00,Små godsbiler i alt,14,"Bensin hybrid, ladbar",Kjorelengde,Kjørelengde (mill. km),2012,2012,,.
00,Små godsbiler i alt,14,"Bensin hybrid, ladbar",Kjorelengde,Kjørelengde (mill. km),2013,2013,,.
00,Små godsbiler i alt,14,"Bensin hybrid, ladbar",Kjorelengde,Kjørelengde (mill. km),2014,2014,,.
00,Små godsbiler i alt,14,"Bensin hybrid, ladbar",Kjorelengde,Kjørelengde (mill. km),2015,2015,,.
00,Små godsbiler i alt,14,"Bensin hybrid, ladbar",Kjorelengde,Kjørelengde (mill. km),2016,2016,,:
00,Små godsbiler i alt,14,"Bensin hybrid, ladbar",Kjorelengde,Kjørelengde (mill. km),2017,2017,0.2,
00,Små godsbiler i alt,14,"Bensin hybrid, ladbar",Kjorelengde,Kjørelengde (mill. km),2018,2018,0.4,
00,Små godsbiler i alt,14,"Bensin hybrid, ladbar",Kjorelengde,Kjørelengde (mill. km),2019,2019,0.6,
00,Små godsbiler i alt,14,"Bensin hybrid, ladbar",Kjorelengde,Kjørelengde (mill. km),2020,2020,0.7,
00,Små godsbiler i alt,14,"Bensin hybrid, ladbar",Kjorelengde,Kjørelengde (mill. km),2021,2021,2.9,
00,Små godsbiler i alt,14,"Bensin hybrid, ladbar",Kjorelengde,Kjørelengde (mill. km),2022,2022,7.0,
00,Små godsbiler i alt,14,"Bensin hybrid, ladbar",Kjorelengde,Kjørelengde (mill. km),2023,2023,11.0,
00,Små godsbiler i alt,14,"Bensin hybrid, ladbar",Kjorelengde,Kjørelengde (mill. km),2024,2024,15.1,
00,Små godsbiler i alt,14,"Bensin hybrid, ladbar",Kjorelengde,Kjørelengde (mill. km),2025,2025,16.1,
00,Små godsbiler i alt,14,"Bensin hybrid, ladbar",GjsnittKjorelengde,Gjennomsnittlig kjørelengde per kjøretøy (km),2005,2005,,.
00,Små godsbiler i alt,14,"Bensin hybrid, ladbar",GjsnittKjorelengde,Gjennomsnittlig kjørelengde per kjøretøy (km),2006,2006,,.
00,Små godsbiler i alt,14,"Bensin hybrid, ladbar",GjsnittKjorelengde,Gjennomsnittlig kjørelengde per kjøretøy (km),2007,2007,,.
00,Små godsbiler i alt,14,"Bensin hybrid, ladbar",GjsnittKjorelengde,Gjennomsnittlig kjørelengde per kjøretøy (km),2008,2008,,.
00,Små godsbiler i alt,14,"Bensin hybrid, ladbar",GjsnittKjorelengde,Gjennomsnittlig kjørelengde per kjøretøy (km),2009,2009,,.
00,Små godsbiler i alt,14,"Bensin hybrid, ladbar",GjsnittKjorelengde,Gjennomsnittlig kjørelengde per kjøretøy (km),2010,2010,,.
00,Små godsbiler i alt,14,"Bensin hybrid, ladbar",GjsnittKjorelengde,Gjennomsnittlig kjørelengde per kjøretøy (km),2011,2011,,.
00,Små godsbiler i alt,14,"Bensin hybrid, ladbar",GjsnittKjorelengde,Gjennomsnittlig kjørelengde per kjøretøy (km),2012,2012,,.
00,Små godsbiler i alt,14,"Bensin hybrid, ladbar",GjsnittKjorelengde,Gjennomsnittlig kjørelengde per kjøretøy (km),2013,2013,,.
00,Små godsbiler i alt,14,"Bensin hybrid, ladbar",GjsnittKjorelengde,Gjennomsnittlig kjørelengde per kjøretøy (km),2014,2014,,.
00,Små godsbiler i alt,14,"Bensin hybrid, ladbar",GjsnittKjorelengde,Gjennomsnittlig kjørelengde per kjøretøy (km),2015,2015,,.
00,Små godsbiler i alt,14,"Bensin hybrid, ladbar",GjsnittKjorelengde,Gjennomsnittlig kjørelengde per kjøretøy (km),2016,2016,,:
00,Små godsbiler i alt,14,"Bensin hybrid, ladbar",GjsnittKjorelengde,Gjennomsnittlig kjørelengde per kjøretøy (km),2017,2017,15711.0,
00,Små godsbiler i alt,14,"Bensin hybrid, ladbar",GjsnittKjorelengde,Gjennomsnittlig kjørelengde per kjøretøy (km),2018,2018,13646.0,
00,Små godsbiler i alt,14,"Bensin hybrid, ladbar",GjsnittKjorelengde,Gjennomsnittlig kjørelengde per kjøretøy (km),2019,2019,16074.0,
00,Små godsbiler i alt,14,"Bensin hybrid, ladbar",GjsnittKjorelengde,Gjennomsnittlig kjørelengde per kjøretøy (km),2020,2020,12208.0,
00,Små godsbiler i alt,14,"Bensin hybrid, ladbar",GjsnittKjorelengde,Gjennomsnittlig kjørelengde per kjøretøy (km),2021,2021,9117.0,
00,Små godsbiler i alt,14,"Bensin hybrid, ladbar",GjsnittKjorelengde,Gjennomsnittlig kjørelengde per kjøretøy (km),2022,2022,13185.0,
00,Små godsbiler i alt,14,"Bensin hybrid, ladbar",GjsnittKjorelengde,Gjennomsnittlig kjørelengde per kjøretøy (km),2023,2023,16721.0,
00,Små godsbiler i alt,14,"Bensin hybrid, ladbar",GjsnittKjorelengde,Gjennomsnittlig kjørelengde per kjøretøy (km),2024,2024,20163.0,
00,Små godsbiler i alt,14,"Bensin hybrid, ladbar",GjsnittKjorelengde,Gjennomsnittlig kjørelengde per kjøretøy (km),2025,2025,15242.0,
00,Små godsbiler i alt,15,"Bensin hybrid, ikke ladbar",Kjorelengde,Kjørelengde (mill. km),2005,2005,,.
00,Små godsbiler i alt,15,"Bensin hybrid, ikke ladbar",Kjorelengde,Kjørelengde (mill. km),2006,2006,,.
00,Små godsbiler i alt,15,"Bensin hybrid, ikke ladbar",Kjorelengde,Kjørelengde (mill. km),2007,2007,,.
00,Små godsbiler i alt,15,"Bensin hybrid, ikke ladbar",Kjorelengde,Kjørelengde (mill. km),2008,2008,,.
00,Små godsbiler i alt,15,"Bensin hybrid, ikke ladbar",Kjorelengde,Kjørelengde (mill. km),2009,2009,,.
00,Små godsbiler i alt,15,"Bensin hybrid, ikke ladbar",Kjorelengde,Kjørelengde (mill. km),2010,2010,,.
00,Små godsbiler i alt,15,"Bensin hybrid, ikke ladbar",Kjorelengde,Kjørelengde (mill. km),2011,2011,,.
00,Små godsbiler i alt,15,"Bensin hybrid, ikke ladbar",Kjorelengde,Kjørelengde (mill. km),2012,2012,,.
00,Små godsbiler i alt,15,"Bensin hybrid, ikke ladbar",Kjorelengde,Kjørelengde (mill. km),2013,2013,,.
00,Små godsbiler i alt,15,"Bensin hybrid, ikke ladbar",Kjorelengde,Kjørelengde (mill. km),2014,2014,,.
00,Små godsbiler i alt,15,"Bensin hybrid, ikke ladbar",Kjorelengde,Kjørelengde (mill. km),2015,2015,,.
00,Små godsbiler i alt,15,"Bensin hybrid, ikke ladbar",Kjorelengde,Kjørelengde (mill. km),2016,2016,0.7,
00,Små godsbiler i alt,15,"Bensin hybrid, ikke ladbar",Kjorelengde,Kjørelengde (mill. km),2017,2017,0.7,
00,Små godsbiler i alt,15,"Bensin hybrid, ikke ladbar",Kjorelengde,Kjørelengde (mill. km),2018,2018,0.7,
00,Små godsbiler i alt,15,"Bensin hybrid, ikke ladbar",Kjorelengde,Kjørelengde (mill. km),2019,2019,0.7,
00,Små godsbiler i alt,15,"Bensin hybrid, ikke ladbar",Kjorelengde,Kjørelengde (mill. km),2020,2020,0.0,
00,Små godsbiler i alt,15,"Bensin hybrid, ikke ladbar",Kjorelengde,Kjørelengde (mill. km),2021,2021,0.3,
00,Små godsbiler i alt,15,"Bensin hybrid, ikke ladbar",Kjorelengde,Kjørelengde (mill. km),2022,2022,0.6,
00,Små godsbiler i alt,15,"Bensin hybrid, ikke ladbar",Kjorelengde,Kjørelengde (mill. km),2023,2023,1.0,
00,Små godsbiler i alt,15,"Bensin hybrid, ikke ladbar",Kjorelengde,Kjørelengde (mill. km),2024,2024,1.2,
00,Små godsbiler i alt,15,"Bensin hybrid, ikke ladbar",Kjorelengde,Kjørelengde (mill. km),2025,2025,1.8,
00,Små godsbiler i alt,15,"Bensin hybrid, ikke ladbar",GjsnittKjorelengde,Gjennomsnittlig kjørelengde per kjøretøy (km),2005,2005,,.
00,Små godsbiler i alt,15,"Bensin hybrid, ikke ladbar",GjsnittKjorelengde,Gjennomsnittlig kjørelengde per kjøretøy (km),2006,2006,,.
00,Små godsbiler i alt,15,"Bensin hybrid, ikke ladbar",GjsnittKjorelengde,Gjennomsnittlig kjørelengde per kjøretøy (km),2007,2007,,.
00,Små godsbiler i alt,15,"Bensin hybrid, ikke ladbar",GjsnittKjorelengde,Gjennomsnittlig kjørelengde per kjøretøy (km),2008,2008,,.
00,Små godsbiler i alt,15,"Bensin hybrid, ikke ladbar",GjsnittKjorelengde,Gjennomsnittlig kjørelengde per kjøretøy (km),2009,2009,,.
00,Små godsbiler i alt,15,"Bensin hybrid, ikke ladbar",GjsnittKjorelengde,Gjennomsnittlig kjørelengde per kjøretøy (km),2010,2010,,.
00,Små godsbiler i alt,15,"Bensin hybrid, ikke ladbar",GjsnittKjorelengde,Gjennomsnittlig kjørelengde per kjøretøy (km),2011,2011,,.
00,Små godsbiler i alt,15,"Bensin hybrid, ikke ladbar",GjsnittKjorelengde,Gjennomsnittlig kjørelengde per kjøretøy (km),2012,2012,,.
00,Små godsbiler i alt,15,"Bensin hybrid, ikke ladbar",GjsnittKjorelengde,Gjennomsnittlig kjørelengde per kjøretøy (km),2013,2013,,.
00,Små godsbiler i alt,15,"Bensin hybrid, ikke ladbar",GjsnittKjorelengde,Gjennomsnittlig kjørelengde per kjøretøy (km),2014,2014,,.
00,Små godsbiler i alt,15,"Bensin hybrid, ikke ladbar",GjsnittKjorelengde,Gjennomsnittlig kjørelengde per kjøretøy (km),2015,2015,,.
00,Små godsbiler i alt,15,"Bensin hybrid, ikke ladbar",GjsnittKjorelengde,Gjennomsnittlig kjørelengde per kjøretøy (km),2016,2016,10477.0,
00,Små godsbiler i alt,15,"Bensin hybrid, ikke ladbar",GjsnittKjorelengde,Gjennomsnittlig kjørelengde per kjøretøy (km),2017,2017,10885.0,
00,Små godsbiler i alt,15,"Bensin hybrid, ikke ladbar",GjsnittKjorelengde,Gjennomsnittlig kjørelengde per kjøretøy (km),2018,2018,12009.0,
00,Små godsbiler i alt,15,"Bensin hybrid, ikke ladbar",GjsnittKjorelengde,Gjennomsnittlig kjørelengde per kjøretøy (km),2019,2019,11612.0,
00,Små godsbiler i alt,15,"Bensin hybrid, ikke ladbar",GjsnittKjorelengde,Gjennomsnittlig kjørelengde per kjøretøy (km),2020,2020,1931.0,
00,Små godsbiler i alt,15,"Bensin hybrid, ikke ladbar",GjsnittKjorelengde,Gjennomsnittlig kjørelengde per kjøretøy (km),2021,2021,11035.0,
00,Små godsbiler i alt,15,"Bensin hybrid, ikke ladbar",GjsnittKjorelengde,Gjennomsnittlig kjørelengde per kjøretøy (km),2022,2022,13598.0,
00,Små godsbiler i alt,15,"Bensin hybrid, ikke ladbar",GjsnittKjorelengde,Gjennomsnittlig kjørelengde per kjøretøy (km),2023,2023,15892.0,
00,Små godsbiler i alt,15,"Bensin hybrid, ikke ladbar",GjsnittKjorelengde,Gjennomsnittlig kjørelengde per kjøretøy (km),2024,2024,11417.0,
00,Små godsbiler i alt,15,"Bensin hybrid, ikke ladbar",GjsnittKjorelengde,Gjennomsnittlig kjørelengde per kjøretøy (km),2025,2025,11856.0,
00,Små godsbiler i alt,16,"Diesel hybrid, ladbar",Kjorelengde,Kjørelengde (mill. km),2005,2005,,.
00,Små godsbiler i alt,16,"Diesel hybrid, ladbar",Kjorelengde,Kjørelengde (mill. km),2006,2006,,.
00,Små godsbiler i alt,16,"Diesel hybrid, ladbar",Kjorelengde,Kjørelengde (mill. km),2007,2007,,.
00,Små godsbiler i alt,16,"Diesel hybrid, ladbar",Kjorelengde,Kjørelengde (mill. km),2008,2008,,.
00,Små godsbiler i alt,16,"Diesel hybrid, ladbar",Kjorelengde,Kjørelengde (mill. km),2009,2009,,.
00,Små godsbiler i alt,16,"Diesel hybrid, ladbar",Kjorelengde,Kjørelengde (mill. km),2010,2010,,.
00,Små godsbiler i alt,16,"Diesel hybrid, ladbar",Kjorelengde,Kjørelengde (mill. km),2011,2011,,.
00,Små godsbiler i alt,16,"Diesel hybrid, ladbar",Kjorelengde,Kjørelengde (mill. km),2012,2012,,.
00,Små godsbiler i alt,16,"Diesel hybrid, ladbar",Kjorelengde,Kjørelengde (mill. km),2013,2013,,.
00,Små godsbiler i alt,16,"Diesel hybrid, ladbar",Kjorelengde,Kjørelengde (mill. km),2014,2014,,.
00,Små godsbiler i alt,16,"Diesel hybrid, ladbar",Kjorelengde,Kjørelengde (mill. km),2015,2015,,.
00,Små godsbiler i alt,16,"Diesel hybrid, ladbar",Kjorelengde,Kjørelengde (mill. km),2016,2016,,:
00,Små godsbiler i alt,16,"Diesel hybrid, ladbar",Kjorelengde,Kjørelengde (mill. km),2017,2017,,:
00,Små godsbiler i alt,16,"Diesel hybrid, ladbar",Kjorelengde,Kjørelengde (mill. km),2018,2018,,:
00,Små godsbiler i alt,16,"Diesel hybrid, ladbar",Kjorelengde,Kjørelengde (mill. km),2019,2019,,:
00,Små godsbiler i alt,16,"Diesel hybrid, ladbar",Kjorelengde,Kjørelengde (mill. km),2020,2020,,:
00,Små godsbiler i alt,16,"Diesel hybrid, ladbar",Kjorelengde,Kjørelengde (mill. km),2021,2021,,:
00,Små godsbiler i alt,16,"Diesel hybrid, ladbar",Kjorelengde,Kjørelengde (mill. km),2022,2022,,:
00,Små godsbiler i alt,16,"Diesel hybrid, ladbar",Kjorelengde,Kjørelengde (mill. km),2023,2023,0.1,
00,Små godsbiler i alt,16,"Diesel hybrid, ladbar",Kjorelengde,Kjørelengde (mill. km),2024,2024,,:
00,Små godsbiler i alt,16,"Diesel hybrid, ladbar",Kjorelengde,Kjørelengde (mill. km),2025,2025,0.2,
00,Små godsbiler i alt,16,"Diesel hybrid, ladbar",GjsnittKjorelengde,Gjennomsnittlig kjørelengde per kjøretøy (km),2005,2005,,.
00,Små godsbiler i alt,16,"Diesel hybrid, ladbar",GjsnittKjorelengde,Gjennomsnittlig kjørelengde per kjøretøy (km),2006,2006,,.
00,Små godsbiler i alt,16,"Diesel hybrid, ladbar",GjsnittKjorelengde,Gjennomsnittlig kjørelengde per kjøretøy (km),2007,2007,,.
00,Små godsbiler i alt,16,"Diesel hybrid, ladbar",GjsnittKjorelengde,Gjennomsnittlig kjørelengde per kjøretøy (km),2008,2008,,.
00,Små godsbiler i alt,16,"Diesel hybrid, ladbar",GjsnittKjorelengde,Gjennomsnittlig kjørelengde per kjøretøy (km),2009,2009,,.
00,Små godsbiler i alt,16,"Diesel hybrid, ladbar",GjsnittKjorelengde,Gjennomsnittlig kjørelengde per kjøretøy (km),2010,2010,,.
00,Små godsbiler i alt,16,"Diesel hybrid, ladbar",GjsnittKjorelengde,Gjennomsnittlig kjørelengde per kjøretøy (km),2011,2011,,.
00,Små godsbiler i alt,16,"Diesel hybrid, ladbar",GjsnittKjorelengde,Gjennomsnittlig kjørelengde per kjøretøy (km),2012,2012,,.
00,Små godsbiler i alt,16,"Diesel hybrid, ladbar",GjsnittKjorelengde,Gjennomsnittlig kjørelengde per kjøretøy (km),2013,2013,,.
00,Små godsbiler i alt,16,"Diesel hybrid, ladbar",GjsnittKjorelengde,Gjennomsnittlig kjørelengde per kjøretøy (km),2014,2014,,.
00,Små godsbiler i alt,16,"Diesel hybrid, ladbar",GjsnittKjorelengde,Gjennomsnittlig kjørelengde per kjøretøy (km),2015,2015,,.
00,Små godsbiler i alt,16,"Diesel hybrid, ladbar",GjsnittKjorelengde,Gjennomsnittlig kjørelengde per kjøretøy (km),2016,2016,,:
00,Små godsbiler i alt,16,"Diesel hybrid, ladbar",GjsnittKjorelengde,Gjennomsnittlig kjørelengde per kjøretøy (km),2017,2017,,:
00,Små godsbiler i alt,16,"Diesel hybrid, ladbar",GjsnittKjorelengde,Gjennomsnittlig kjørelengde per kjøretøy (km),2018,2018,,:
00,Små godsbiler i alt,16,"Diesel hybrid, ladbar",GjsnittKjorelengde,Gjennomsnittlig kjørelengde per kjøretøy (km),2019,2019,,:
00,Små godsbiler i alt,16,"Diesel hybrid, ladbar",GjsnittKjorelengde,Gjennomsnittlig kjørelengde per kjøretøy (km),2020,2020,,:
00,Små godsbiler i alt,16,"Diesel hybrid, ladbar",GjsnittKjorelengde,Gjennomsnittlig kjørelengde per kjøretøy (km),2021,2021,,:
00,Små godsbiler i alt,16,"Diesel hybrid, ladbar",GjsnittKjorelengde,Gjennomsnittlig kjørelengde per kjøretøy (km),2022,2022,,:
00,Små godsbiler i alt,16,"Diesel hybrid, ladbar",GjsnittKjorelengde,Gjennomsnittlig kjørelengde per kjøretøy (km),2023,2023,17181.0,
00,Små godsbiler i alt,16,"Diesel hybrid, ladbar",GjsnittKjorelengde,Gjennomsnittlig kjørelengde per kjøretøy (km),2024,2024,,:
00,Små godsbiler i alt,16,"Diesel hybrid, ladbar",GjsnittKjorelengde,Gjennomsnittlig kjørelengde per kjøretøy (km),2025,2025,19190.0,
00,Små godsbiler i alt,17,"Diesel hybrid, ikke ladbar",Kjorelengde,Kjørelengde (mill. km),2005,2005,,.
00,Små godsbiler i alt,17,"Diesel hybrid, ikke ladbar",Kjorelengde,Kjørelengde (mill. km),2006,2006,,.
00,Små godsbiler i alt,17,"Diesel hybrid, ikke ladbar",Kjorelengde,Kjørelengde (mill. km),2007,2007,,.
00,Små godsbiler i alt,17,"Diesel hybrid, ikke ladbar",Kjorelengde,Kjørelengde (mill. km),2008,2008,,.
00,Små godsbiler i alt,17,"Diesel hybrid, ikke ladbar",Kjorelengde,Kjørelengde (mill. km),2009,2009,,.
00,Små godsbiler i alt,17,"Diesel hybrid, ikke ladbar",Kjorelengde,Kjørelengde (mill. km),2010,2010,,.
00,Små godsbiler i alt,17,"Diesel hybrid, ikke ladbar",Kjorelengde,Kjørelengde (mill. km),2011,2011,,.
00,Små godsbiler i alt,17,"Diesel hybrid, ikke ladbar",Kjorelengde,Kjørelengde (mill. km),2012,2012,,.
00,Små godsbiler i alt,17,"Diesel hybrid, ikke ladbar",Kjorelengde,Kjørelengde (mill. km),2013,2013,,.
00,Små godsbiler i alt,17,"Diesel hybrid, ikke ladbar",Kjorelengde,Kjørelengde (mill. km),2014,2014,,.
00,Små godsbiler i alt,17,"Diesel hybrid, ikke ladbar",Kjorelengde,Kjørelengde (mill. km),2015,2015,,.
00,Små godsbiler i alt,17,"Diesel hybrid, ikke ladbar",Kjorelengde,Kjørelengde (mill. km),2016,2016,0.0,
00,Små godsbiler i alt,17,"Diesel hybrid, ikke ladbar",Kjorelengde,Kjørelengde (mill. km),2017,2017,0.1,
00,Små godsbiler i alt,17,"Diesel hybrid, ikke ladbar",Kjorelengde,Kjørelengde (mill. km),2018,2018,0.1,
00,Små godsbiler i alt,17,"Diesel hybrid, ikke ladbar",Kjorelengde,Kjørelengde (mill. km),2019,2019,0.2,
00,Små godsbiler i alt,17,"Diesel hybrid, ikke ladbar",Kjorelengde,Kjørelengde (mill. km),2020,2020,1.3,
00,Små godsbiler i alt,17,"Diesel hybrid, ikke ladbar",Kjorelengde,Kjørelengde (mill. km),2021,2021,3.7,
00,Små godsbiler i alt,17,"Diesel hybrid, ikke ladbar",Kjorelengde,Kjørelengde (mill. km),2022,2022,7.5,
00,Små godsbiler i alt,17,"Diesel hybrid, ikke ladbar",Kjorelengde,Kjørelengde (mill. km),2023,2023,11.1,
00,Små godsbiler i alt,17,"Diesel hybrid, ikke ladbar",Kjorelengde,Kjørelengde (mill. km),2024,2024,12.9,
00,Små godsbiler i alt,17,"Diesel hybrid, ikke ladbar",Kjorelengde,Kjørelengde (mill. km),2025,2025,22.2,
00,Små godsbiler i alt,17,"Diesel hybrid, ikke ladbar",GjsnittKjorelengde,Gjennomsnittlig kjørelengde per kjøretøy (km),2005,2005,,.
00,Små godsbiler i alt,17,"Diesel hybrid, ikke ladbar",GjsnittKjorelengde,Gjennomsnittlig kjørelengde per kjøretøy (km),2006,2006,,.
00,Små godsbiler i alt,17,"Diesel hybrid, ikke ladbar",GjsnittKjorelengde,Gjennomsnittlig kjørelengde per kjøretøy (km),2007,2007,,.
00,Små godsbiler i alt,17,"Diesel hybrid, ikke ladbar",GjsnittKjorelengde,Gjennomsnittlig kjørelengde per kjøretøy (km),2008,2008,,.
00,Små godsbiler i alt,17,"Diesel hybrid, ikke ladbar",GjsnittKjorelengde,Gjennomsnittlig kjørelengde per kjøretøy (km),2009,2009,,.
00,Små godsbiler i alt,17,"Diesel hybrid, ikke ladbar",GjsnittKjorelengde,Gjennomsnittlig kjørelengde per kjøretøy (km),2010,2010,,.
00,Små godsbiler i alt,17,"Diesel hybrid, ikke ladbar",GjsnittKjorelengde,Gjennomsnittlig kjørelengde per kjøretøy (km),2011,2011,,.
00,Små godsbiler i alt,17,"Diesel hybrid, ikke ladbar",GjsnittKjorelengde,Gjennomsnittlig kjørelengde per kjøretøy (km),2012,2012,,.
00,Små godsbiler i alt,17,"Diesel hybrid, ikke ladbar",GjsnittKjorelengde,Gjennomsnittlig kjørelengde per kjøretøy (km),2013,2013,,.
00,Små godsbiler i alt,17,"Diesel hybrid, ikke ladbar",GjsnittKjorelengde,Gjennomsnittlig kjørelengde per kjøretøy (km),2014,2014,,.
00,Små godsbiler i alt,17,"Diesel hybrid, ikke ladbar",GjsnittKjorelengde,Gjennomsnittlig kjørelengde per kjøretøy (km),2015,2015,,.
00,Små godsbiler i alt,17,"Diesel hybrid, ikke ladbar",GjsnittKjorelengde,Gjennomsnittlig kjørelengde per kjøretøy (km),2016,2016,6258.0,
00,Små godsbiler i alt,17,"Diesel hybrid, ikke ladbar",GjsnittKjorelengde,Gjennomsnittlig kjørelengde per kjøretøy (km),2017,2017,12782.0,
00,Små godsbiler i alt,17,"Diesel hybrid, ikke ladbar",GjsnittKjorelengde,Gjennomsnittlig kjørelengde per kjøretøy (km),2018,2018,13193.0,
00,Små godsbiler i alt,17,"Diesel hybrid, ikke ladbar",GjsnittKjorelengde,Gjennomsnittlig kjørelengde per kjøretøy (km),2019,2019,6606.0,
00,Små godsbiler i alt,17,"Diesel hybrid, ikke ladbar",GjsnittKjorelengde,Gjennomsnittlig kjørelengde per kjøretøy (km),2020,2020,12059.0,
00,Små godsbiler i alt,17,"Diesel hybrid, ikke ladbar",GjsnittKjorelengde,Gjennomsnittlig kjørelengde per kjøretøy (km),2021,2021,11639.0,
00,Små godsbiler i alt,17,"Diesel hybrid, ikke ladbar",GjsnittKjorelengde,Gjennomsnittlig kjørelengde per kjøretøy (km),2022,2022,13787.0,
00,Små godsbiler i alt,17,"Diesel hybrid, ikke ladbar",GjsnittKjorelengde,Gjennomsnittlig kjørelengde per kjøretøy (km),2023,2023,16176.0,
00,Små godsbiler i alt,17,"Diesel hybrid, ikke ladbar",GjsnittKjorelengde,Gjennomsnittlig kjørelengde per kjøretøy (km),2024,2024,13758.0,
00,Små godsbiler i alt,17,"Diesel hybrid, ikke ladbar",GjsnittKjorelengde,Gjennomsnittlig kjørelengde per kjøretøy (km),2025,2025,13322.0,
00,Små godsbiler i alt,3,Parafin,Kjorelengde,Kjørelengde (mill. km),2005,2005,,.
00,Små godsbiler i alt,3,Parafin,Kjorelengde,Kjørelengde (mill. km),2006,2006,,.
00,Små godsbiler i alt,3,Parafin,Kjorelengde,Kjørelengde (mill. km),2007,2007,,.
00,Små godsbiler i alt,3,Parafin,Kjorelengde,Kjørelengde (mill. km),2008,2008,,.
00,Små godsbiler i alt,3,Parafin,Kjorelengde,Kjørelengde (mill. km),2009,2009,,.
00,Små godsbiler i alt,3,Parafin,Kjorelengde,Kjørelengde (mill. km),2010,2010,,.
00,Små godsbiler i alt,3,Parafin,Kjorelengde,Kjørelengde (mill. km),2011,2011,,.
00,Små godsbiler i alt,3,Parafin,Kjorelengde,Kjørelengde (mill. km),2012,2012,,.
00,Små godsbiler i alt,3,Parafin,Kjorelengde,Kjørelengde (mill. km),2013,2013,,.
00,Små godsbiler i alt,3,Parafin,Kjorelengde,Kjørelengde (mill. km),2014,2014,,.
00,Små godsbiler i alt,3,Parafin,Kjorelengde,Kjørelengde (mill. km),2015,2015,,.
00,Små godsbiler i alt,3,Parafin,Kjorelengde,Kjørelengde (mill. km),2016,2016,0.0,
00,Små godsbiler i alt,3,Parafin,Kjorelengde,Kjørelengde (mill. km),2017,2017,0.0,
00,Små godsbiler i alt,3,Parafin,Kjorelengde,Kjørelengde (mill. km),2018,2018,0.0,
00,Små godsbiler i alt,3,Parafin,Kjorelengde,Kjørelengde (mill. km),2019,2019,0.0,
00,Små godsbiler i alt,3,Parafin,Kjorelengde,Kjørelengde (mill. km),2020,2020,0.1,
00,Små godsbiler i alt,3,Parafin,Kjorelengde,Kjørelengde (mill. km),2021,2021,0.0,
00,Små godsbiler i alt,3,Parafin,Kjorelengde,Kjørelengde (mill. km),2022,2022,0.1,
00,Små godsbiler i alt,3,Parafin,Kjorelengde,Kjørelengde (mill. km),2023,2023,0.1,
00,Små godsbiler i alt,3,Parafin,Kjorelengde,Kjørelengde (mill. km),2024,2024,0.1,
00,Små godsbiler i alt,3,Parafin,Kjorelengde,Kjørelengde (mill. km),2025,2025,0.0,
00,Små godsbiler i alt,3,Parafin,GjsnittKjorelengde,Gjennomsnittlig kjørelengde per kjøretøy (km),2005,2005,,.
00,Små godsbiler i alt,3,Parafin,GjsnittKjorelengde,Gjennomsnittlig kjørelengde per kjøretøy (km),2006,2006,,.
00,Små godsbiler i alt,3,Parafin,GjsnittKjorelengde,Gjennomsnittlig kjørelengde per kjøretøy (km),2007,2007,,.
00,Små godsbiler i alt,3,Parafin,GjsnittKjorelengde,Gjennomsnittlig kjørelengde per kjøretøy (km),2008,2008,,.
00,Små godsbiler i alt,3,Parafin,GjsnittKjorelengde,Gjennomsnittlig kjørelengde per kjøretøy (km),2009,2009,,.
00,Små godsbiler i alt,3,Parafin,GjsnittKjorelengde,Gjennomsnittlig kjørelengde per kjøretøy (km),2010,2010,,.
00,Små godsbiler i alt,3,Parafin,GjsnittKjorelengde,Gjennomsnittlig kjørelengde per kjøretøy (km),2011,2011,,.
00,Små godsbiler i alt,3,Parafin,GjsnittKjorelengde,Gjennomsnittlig kjørelengde per kjøretøy (km),2012,2012,,.
00,Små godsbiler i alt,3,Parafin,GjsnittKjorelengde,Gjennomsnittlig kjørelengde per kjøretøy (km),2013,2013,,.
00,Små godsbiler i alt,3,Parafin,GjsnittKjorelengde,Gjennomsnittlig kjørelengde per kjøretøy (km),2014,2014,,.
00,Små godsbiler i alt,3,Parafin,GjsnittKjorelengde,Gjennomsnittlig kjørelengde per kjøretøy (km),2015,2015,,.
00,Små godsbiler i alt,3,Parafin,GjsnittKjorelengde,Gjennomsnittlig kjørelengde per kjøretøy (km),2016,2016,8766.0,
00,Små godsbiler i alt,3,Parafin,GjsnittKjorelengde,Gjennomsnittlig kjørelengde per kjøretøy (km),2017,2017,7333.0,
00,Små godsbiler i alt,3,Parafin,GjsnittKjorelengde,Gjennomsnittlig kjørelengde per kjøretøy (km),2018,2018,5245.0,
00,Små godsbiler i alt,3,Parafin,GjsnittKjorelengde,Gjennomsnittlig kjørelengde per kjøretøy (km),2019,2019,4409.0,
00,Små godsbiler i alt,3,Parafin,GjsnittKjorelengde,Gjennomsnittlig kjørelengde per kjøretøy (km),2020,2020,14594.0,
00,Små godsbiler i alt,3,Parafin,GjsnittKjorelengde,Gjennomsnittlig kjørelengde per kjøretøy (km),2021,2021,12288.0,
00,Små godsbiler i alt,3,Parafin,GjsnittKjorelengde,Gjennomsnittlig kjørelengde per kjøretøy (km),2022,2022,17664.0,
00,Små godsbiler i alt,3,Parafin,GjsnittKjorelengde,Gjennomsnittlig kjørelengde per kjøretøy (km),2023,2023,23399.0,
00,Små godsbiler i alt,3,Parafin,GjsnittKjorelengde,Gjennomsnittlig kjørelengde per kjøretøy (km),2024,2024,22932.0,
00,Små godsbiler i alt,3,Parafin,GjsnittKjorelengde,Gjennomsnittlig kjørelengde per kjøretøy (km),2025,2025,2247.0,
00,Små godsbiler i alt,4,Gass,Kjorelengde,Kjørelengde (mill. km),2005,2005,,.
00,Små godsbiler i alt,4,Gass,Kjorelengde,Kjørelengde (mill. km),2006,2006,,.
00,Små godsbiler i alt,4,Gass,Kjorelengde,Kjørelengde (mill. km),2007,2007,,.
00,Små godsbiler i alt,4,Gass,Kjorelengde,Kjørelengde (mill. km),2008,2008,,.
00,Små godsbiler i alt,4,Gass,Kjorelengde,Kjørelengde (mill. km),2009,2009,,.
00,Små godsbiler i alt,4,Gass,Kjorelengde,Kjørelengde (mill. km),2010,2010,,.
00,Små godsbiler i alt,4,Gass,Kjorelengde,Kjørelengde (mill. km),2011,2011,,.
00,Små godsbiler i alt,4,Gass,Kjorelengde,Kjørelengde (mill. km),2012,2012,,.
00,Små godsbiler i alt,4,Gass,Kjorelengde,Kjørelengde (mill. km),2013,2013,,.
00,Små godsbiler i alt,4,Gass,Kjorelengde,Kjørelengde (mill. km),2014,2014,,.
00,Små godsbiler i alt,4,Gass,Kjorelengde,Kjørelengde (mill. km),2015,2015,,.
00,Små godsbiler i alt,4,Gass,Kjorelengde,Kjørelengde (mill. km),2016,2016,4.2,
00,Små godsbiler i alt,4,Gass,Kjorelengde,Kjørelengde (mill. km),2017,2017,5.9,
00,Små godsbiler i alt,4,Gass,Kjorelengde,Kjørelengde (mill. km),2018,2018,5.9,
00,Små godsbiler i alt,4,Gass,Kjorelengde,Kjørelengde (mill. km),2019,2019,5.7,
00,Små godsbiler i alt,4,Gass,Kjorelengde,Kjørelengde (mill. km),2020,2020,5.7,
00,Små godsbiler i alt,4,Gass,Kjorelengde,Kjørelengde (mill. km),2021,2021,5.7,
00,Små godsbiler i alt,4,Gass,Kjorelengde,Kjørelengde (mill. km),2022,2022,5.2,
00,Små godsbiler i alt,4,Gass,Kjorelengde,Kjørelengde (mill. km),2023,2023,5.2,
00,Små godsbiler i alt,4,Gass,Kjorelengde,Kjørelengde (mill. km),2024,2024,5.6,
00,Små godsbiler i alt,4,Gass,Kjorelengde,Kjørelengde (mill. km),2025,2025,5.9,
00,Små godsbiler i alt,4,Gass,GjsnittKjorelengde,Gjennomsnittlig kjørelengde per kjøretøy (km),2005,2005,,.
00,Små godsbiler i alt,4,Gass,GjsnittKjorelengde,Gjennomsnittlig kjørelengde per kjøretøy (km),2006,2006,,.
00,Små godsbiler i alt,4,Gass,GjsnittKjorelengde,Gjennomsnittlig kjørelengde per kjøretøy (km),2007,2007,,.
00,Små godsbiler i alt,4,Gass,GjsnittKjorelengde,Gjennomsnittlig kjørelengde per kjøretøy (km),2008,2008,,.
00,Små godsbiler i alt,4,Gass,GjsnittKjorelengde,Gjennomsnittlig kjørelengde per kjøretøy (km),2009,2009,,.
00,Små godsbiler i alt,4,Gass,GjsnittKjorelengde,Gjennomsnittlig kjørelengde per kjøretøy (km),2010,2010,,.
00,Små godsbiler i alt,4,Gass,GjsnittKjorelengde,Gjennomsnittlig kjørelengde per kjøretøy (km),2011,2011,,.
00,Små godsbiler i alt,4,Gass,GjsnittKjorelengde,Gjennomsnittlig kjørelengde per kjøretøy (km),2012,2012,,.
00,Små godsbiler i alt,4,Gass,GjsnittKjorelengde,Gjennomsnittlig kjørelengde per kjøretøy (km),2013,2013,,.
00,Små godsbiler i alt,4,Gass,GjsnittKjorelengde,Gjennomsnittlig kjørelengde per kjøretøy (km),2014,2014,,.
00,Små godsbiler i alt,4,Gass,GjsnittKjorelengde,Gjennomsnittlig kjørelengde per kjøretøy (km),2015,2015,,.
00,Små godsbiler i alt,4,Gass,GjsnittKjorelengde,Gjennomsnittlig kjørelengde per kjøretøy (km),2016,2016,10133.0,
00,Små godsbiler i alt,4,Gass,GjsnittKjorelengde,Gjennomsnittlig kjørelengde per kjøretøy (km),2017,2017,12865.0,
00,Små godsbiler i alt,4,Gass,GjsnittKjorelengde,Gjennomsnittlig kjørelengde per kjøretøy (km),2018,2018,11967.0,
00,Små godsbiler i alt,4,Gass,GjsnittKjorelengde,Gjennomsnittlig kjørelengde per kjøretøy (km),2019,2019,11249.0,
00,Små godsbiler i alt,4,Gass,GjsnittKjorelengde,Gjennomsnittlig kjørelengde per kjøretøy (km),2020,2020,10580.0,
00,Små godsbiler i alt,4,Gass,GjsnittKjorelengde,Gjennomsnittlig kjørelengde per kjøretøy (km),2021,2021,10706.0,
00,Små godsbiler i alt,4,Gass,GjsnittKjorelengde,Gjennomsnittlig kjørelengde per kjøretøy (km),2022,2022,9749.0,
00,Små godsbiler i alt,4,Gass,GjsnittKjorelengde,Gjennomsnittlig kjørelengde per kjøretøy (km),2023,2023,10452.0,
00,Små godsbiler i alt,4,Gass,GjsnittKjorelengde,Gjennomsnittlig kjørelengde per kjøretøy (km),2024,2024,10949.0,
00,Små godsbiler i alt,4,Gass,GjsnittKjorelengde,Gjennomsnittlig kjørelengde per kjøretøy (km),2025,2025,11989.0,
00,Små godsbiler i alt,13,Hydrogen,Kjorelengde,Kjørelengde (mill. km),2005,2005,,.
00,Små godsbiler i alt,13,Hydrogen,Kjorelengde,Kjørelengde (mill. km),2006,2006,,.
00,Små godsbiler i alt,13,Hydrogen,Kjorelengde,Kjørelengde (mill. km),2007,2007,,.
00,Små godsbiler i alt,13,Hydrogen,Kjorelengde,Kjørelengde (mill. km),2008,2008,,.
00,Små godsbiler i alt,13,Hydrogen,Kjorelengde,Kjørelengde (mill. km),2009,2009,,.
00,Små godsbiler i alt,13,Hydrogen,Kjorelengde,Kjørelengde (mill. km),2010,2010,,.
00,Små godsbiler i alt,13,Hydrogen,Kjorelengde,Kjørelengde (mill. km),2011,2011,,.
00,Små godsbiler i alt,13,Hydrogen,Kjorelengde,Kjørelengde (mill. km),2012,2012,,.
00,Små godsbiler i alt,13,Hydrogen,Kjorelengde,Kjørelengde (mill. km),2013,2013,,.
00,Små godsbiler i alt,13,Hydrogen,Kjorelengde,Kjørelengde (mill. km),2014,2014,,.
00,Små godsbiler i alt,13,Hydrogen,Kjorelengde,Kjørelengde (mill. km),2015,2015,,.
00,Små godsbiler i alt,13,Hydrogen,Kjorelengde,Kjørelengde (mill. km),2016,2016,,.
00,Små godsbiler i alt,13,Hydrogen,Kjorelengde,Kjørelengde (mill. km),2017,2017,,:
00,Små godsbiler i alt,13,Hydrogen,Kjorelengde,Kjørelengde (mill. km),2018,2018,,:
00,Små godsbiler i alt,13,Hydrogen,Kjorelengde,Kjørelengde (mill. km),2019,2019,,:
00,Små godsbiler i alt,13,Hydrogen,Kjorelengde,Kjørelengde (mill. km),2020,2020,,:
00,Små godsbiler i alt,13,Hydrogen,Kjorelengde,Kjørelengde (mill. km),2021,2021,,:
00,Små godsbiler i alt,13,Hydrogen,Kjorelengde,Kjørelengde (mill. km),2022,2022,,:
00,Små godsbiler i alt,13,Hydrogen,Kjorelengde,Kjørelengde (mill. km),2023,2023,,:
00,Små godsbiler i alt,13,Hydrogen,Kjorelengde,Kjørelengde (mill. km),2024,2024,,:
00,Små godsbiler i alt,13,Hydrogen,Kjorelengde,Kjørelengde (mill. km),2025,2025,0.0,
00,Små godsbiler i alt,13,Hydrogen,GjsnittKjorelengde,Gjennomsnittlig kjørelengde per kjøretøy (km),2005,2005,,.
00,Små godsbiler i alt,13,Hydrogen,GjsnittKjorelengde,Gjennomsnittlig kjørelengde per kjøretøy (km),2006,2006,,.
00,Små godsbiler i alt,13,Hydrogen,GjsnittKjorelengde,Gjennomsnittlig kjørelengde per kjøretøy (km),2007,2007,,.
00,Små godsbiler i alt,13,Hydrogen,GjsnittKjorelengde,Gjennomsnittlig kjørelengde per kjøretøy (km),2008,2008,,.
00,Små godsbiler i alt,13,Hydrogen,GjsnittKjorelengde,Gjennomsnittlig kjørelengde per kjøretøy (km),2009,2009,,.
00,Små godsbiler i alt,13,Hydrogen,GjsnittKjorelengde,Gjennomsnittlig kjørelengde per kjøretøy (km),2010,2010,,.
00,Små godsbiler i alt,13,Hydrogen,GjsnittKjorelengde,Gjennomsnittlig kjørelengde per kjøretøy (km),2011,2011,,.
00,Små godsbiler i alt,13,Hydrogen,GjsnittKjorelengde,Gjennomsnittlig kjørelengde per kjøretøy (km),2012,2012,,.
00,Små godsbiler i alt,13,Hydrogen,GjsnittKjorelengde,Gjennomsnittlig kjørelengde per kjøretøy (km),2013,2013,,.
00,Små godsbiler i alt,13,Hydrogen,GjsnittKjorelengde,Gjennomsnittlig kjørelengde per kjøretøy (km),2014,2014,,.
00,Små godsbiler i alt,13,Hydrogen,GjsnittKjorelengde,Gjennomsnittlig kjørelengde per kjøretøy (km),2015,2015,,.
00,Små godsbiler i alt,13,Hydrogen,GjsnittKjorelengde,Gjennomsnittlig kjørelengde per kjøretøy (km),2016,2016,,.
00,Små godsbiler i alt,13,Hydrogen,GjsnittKjorelengde,Gjennomsnittlig kjørelengde per kjøretøy (km),2017,2017,,:
00,Små godsbiler i alt,13,Hydrogen,GjsnittKjorelengde,Gjennomsnittlig kjørelengde per kjøretøy (km),2018,2018,,:
00,Små godsbiler i alt,13,Hydrogen,GjsnittKjorelengde,Gjennomsnittlig kjørelengde per kjøretøy (km),2019,2019,,:
00,Små godsbiler i alt,13,Hydrogen,GjsnittKjorelengde,Gjennomsnittlig kjørelengde per kjøretøy (km),2020,2020,,:
00,Små godsbiler i alt,13,Hydrogen,GjsnittKjorelengde,Gjennomsnittlig kjørelengde per kjøretøy (km),2021,2021,,:
00,Små godsbiler i alt,13,Hydrogen,GjsnittKjorelengde,Gjennomsnittlig kjørelengde per kjøretøy (km),2022,2022,,:
00,Små godsbiler i alt,13,Hydrogen,GjsnittKjorelengde,Gjennomsnittlig kjørelengde per kjøretøy (km),2023,2023,,:
00,Små godsbiler i alt,13,Hydrogen,GjsnittKjorelengde,Gjennomsnittlig kjørelengde per kjøretøy (km),2024,2024,,:
00,Små godsbiler i alt,13,Hydrogen,GjsnittKjorelengde,Gjennomsnittlig kjørelengde per kjøretøy (km),2025,2025,4950.0,
00,Små godsbiler i alt,7,Andre drivstoff,Kjorelengde,Kjørelengde (mill. km),2005,2005,0.3,
00,Små godsbiler i alt,7,Andre drivstoff,Kjorelengde,Kjørelengde (mill. km),2006,2006,0.6,
00,Små godsbiler i alt,7,Andre drivstoff,Kjorelengde,Kjørelengde (mill. km),2007,2007,1.2,
00,Små godsbiler i alt,7,Andre drivstoff,Kjorelengde,Kjørelengde (mill. km),2008,2008,1.8,
00,Små godsbiler i alt,7,Andre drivstoff,Kjorelengde,Kjørelengde (mill. km),2009,2009,2.5,
00,Små godsbiler i alt,7,Andre drivstoff,Kjorelengde,Kjørelengde (mill. km),2010,2010,2.9,
00,Små godsbiler i alt,7,Andre drivstoff,Kjorelengde,Kjørelengde (mill. km),2011,2011,3.5,
00,Små godsbiler i alt,7,Andre drivstoff,Kjorelengde,Kjørelengde (mill. km),2012,2012,4.2,
00,Små godsbiler i alt,7,Andre drivstoff,Kjorelengde,Kjørelengde (mill. km),2013,2013,5.0,
00,Små godsbiler i alt,7,Andre drivstoff,Kjorelengde,Kjørelengde (mill. km),2014,2014,6.2,
00,Små godsbiler i alt,7,Andre drivstoff,Kjorelengde,Kjørelengde (mill. km),2015,2015,4.6,
00,Små godsbiler i alt,7,Andre drivstoff,Kjorelengde,Kjørelengde (mill. km),2016,2016,,:
00,Små godsbiler i alt,7,Andre drivstoff,Kjorelengde,Kjørelengde (mill. km),2017,2017,,:
00,Små godsbiler i alt,7,Andre drivstoff,Kjorelengde,Kjørelengde (mill. km),2018,2018,,:
00,Små godsbiler i alt,7,Andre drivstoff,Kjorelengde,Kjørelengde (mill. km),2019,2019,,:
00,Små godsbiler i alt,7,Andre drivstoff,Kjorelengde,Kjørelengde (mill. km),2020,2020,0.3,
00,Små godsbiler i alt,7,Andre drivstoff,Kjorelengde,Kjørelengde (mill. km),2021,2021,0.3,
00,Små godsbiler i alt,7,Andre drivstoff,Kjorelengde,Kjørelengde (mill. km),2022,2022,0.2,
00,Små godsbiler i alt,7,Andre drivstoff,Kjorelengde,Kjørelengde (mill. km),2023,2023,,:
00,Små godsbiler i alt,7,Andre drivstoff,Kjorelengde,Kjørelengde (mill. km),2024,2024,23.4,
00,Små godsbiler i alt,7,Andre drivstoff,Kjorelengde,Kjørelengde (mill. km),2025,2025,34.3,
00,Små godsbiler i alt,7,Andre drivstoff,GjsnittKjorelengde,Gjennomsnittlig kjørelengde per kjøretøy (km),2005,2005,9427.0,
00,Små godsbiler i alt,7,Andre drivstoff,GjsnittKjorelengde,Gjennomsnittlig kjørelengde per kjøretøy (km),2006,2006,13084.0,
00,Små godsbiler i alt,7,Andre drivstoff,GjsnittKjorelengde,Gjennomsnittlig kjørelengde per kjøretøy (km),2007,2007,15514.0,
00,Små godsbiler i alt,7,Andre drivstoff,GjsnittKjorelengde,Gjennomsnittlig kjørelengde per kjøretøy (km),2008,2008,17117.0,
00,Små godsbiler i alt,7,Andre drivstoff,GjsnittKjorelengde,Gjennomsnittlig kjørelengde per kjøretøy (km),2009,2009,16947.0,
00,Små godsbiler i alt,7,Andre drivstoff,GjsnittKjorelengde,Gjennomsnittlig kjørelengde per kjøretøy (km),2010,2010,13439.0,
00,Små godsbiler i alt,7,Andre drivstoff,GjsnittKjorelengde,Gjennomsnittlig kjørelengde per kjøretøy (km),2011,2011,13333.0,
00,Små godsbiler i alt,7,Andre drivstoff,GjsnittKjorelengde,Gjennomsnittlig kjørelengde per kjøretøy (km),2012,2012,11905.0,
00,Små godsbiler i alt,7,Andre drivstoff,GjsnittKjorelengde,Gjennomsnittlig kjørelengde per kjøretøy (km),2013,2013,12967.0,
00,Små godsbiler i alt,7,Andre drivstoff,GjsnittKjorelengde,Gjennomsnittlig kjørelengde per kjøretøy (km),2014,2014,15415.0,
00,Små godsbiler i alt,7,Andre drivstoff,GjsnittKjorelengde,Gjennomsnittlig kjørelengde per kjøretøy (km),2015,2015,11142.0,
00,Små godsbiler i alt,7,Andre drivstoff,GjsnittKjorelengde,Gjennomsnittlig kjørelengde per kjøretøy (km),2016,2016,,:
00,Små godsbiler i alt,7,Andre drivstoff,GjsnittKjorelengde,Gjennomsnittlig kjørelengde per kjøretøy (km),2017,2017,,:
00,Små godsbiler i alt,7,Andre drivstoff,GjsnittKjorelengde,Gjennomsnittlig kjørelengde per kjøretøy (km),2018,2018,,:
00,Små godsbiler i alt,7,Andre drivstoff,GjsnittKjorelengde,Gjennomsnittlig kjørelengde per kjøretøy (km),2019,2019,,:
00,Små godsbiler i alt,7,Andre drivstoff,GjsnittKjorelengde,Gjennomsnittlig kjørelengde per kjøretøy (km),2020,2020,14126.0,
00,Små godsbiler i alt,7,Andre drivstoff,GjsnittKjorelengde,Gjennomsnittlig kjørelengde per kjøretøy (km),2021,2021,10644.0,
00,Små godsbiler i alt,7,Andre drivstoff,GjsnittKjorelengde,Gjennomsnittlig kjørelengde per kjøretøy (km),2022,2022,11414.0,
00,Små godsbiler i alt,7,Andre drivstoff,GjsnittKjorelengde,Gjennomsnittlig kjørelengde per kjøretøy (km),2023,2023,,:
00,Små godsbiler i alt,7,Andre drivstoff,GjsnittKjorelengde,Gjennomsnittlig kjørelengde per kjøretøy (km),2024,2024,17187.0,
00,Små godsbiler i alt,7,Andre drivstoff,GjsnittKjorelengde,Gjennomsnittlig kjørelengde per kjøretøy (km),2025,2025,25187.0,
