serie_id,gruppe,drivlinje,variabel,enhet,frekvens,periode,verdi,status,kilde,segment,brudd
bestand,personbiler,annet,bestand_3112,kjøretøy,A,2008,21.0,observert,SSB 07849,,
bestand,personbiler,annet,bestand_3112,kjøretøy,A,2008,24.0,observert,SSB 07849,,
bestand,personbiler,annet,bestand_3112,kjøretøy,A,2009,23.0,observert,SSB 07849,,
bestand,personbiler,annet,bestand_3112,kjøretøy,A,2009,24.0,observert,SSB 07849,,
bestand,personbiler,annet,bestand_3112,kjøretøy,A,2010,21.0,observert,SSB 07849,,
bestand,personbiler,annet,bestand_3112,kjøretøy,A,2010,27.0,observert,SSB 07849,,
bestand,personbiler,annet,bestand_3112,kjøretøy,A,2011,20.0,observert,SSB 07849,,
bestand,personbiler,annet,bestand_3112,kjøretøy,A,2011,38.0,observert,SSB 07849,,
bestand,personbiler,annet,bestand_3112,kjøretøy,A,2012,17.0,observert,SSB 07849,,
bestand,personbiler,annet,bestand_3112,kjøretøy,A,2012,36.0,observert,SSB 07849,,
bestand,personbiler,annet,bestand_3112,kjøretøy,A,2013,18.0,observert,SSB 07849,,
bestand,personbiler,annet,bestand_3112,kjøretøy,A,2013,87.0,observert,SSB 07849,,
bestand,personbiler,annet,bestand_3112,kjøretøy,A,2014,16.0,observert,SSB 07849,,
bestand,personbiler,annet,bestand_3112,kjøretøy,A,2014,120.0,observert,SSB 07849,,
bestand,personbiler,annet,bestand_3112,kjøretøy,A,2015,13.0,observert,SSB 07849,,
bestand,personbiler,annet,bestand_3112,kjøretøy,A,2015,129.0,observert,SSB 07849,,
bestand,personbiler,annet,bestand_3112,kjøretøy,A,2016,9.0,observert,SSB 07849,,
bestand,personbiler,annet,bestand_3112,kjøretøy,A,2016,116.0,observert,SSB 07849,,
bestand,personbiler,annet,bestand_3112,kjøretøy,A,2017,8.0,observert,SSB 07849,,
bestand,personbiler,annet,bestand_3112,kjøretøy,A,2017,169.0,observert,SSB 07849,,
bestand,personbiler,annet,bestand_3112,kjøretøy,A,2018,11.0,observert,SSB 07849,,
bestand,personbiler,annet,bestand_3112,kjøretøy,A,2018,223.0,observert,SSB 07849,,
bestand,personbiler,annet,bestand_3112,kjøretøy,A,2019,13.0,observert,SSB 07849,,
bestand,personbiler,annet,bestand_3112,kjøretøy,A,2019,233.0,observert,SSB 07849,,
bestand,personbiler,annet,bestand_3112,kjøretøy,A,2020,16.0,observert,SSB 07849,,
bestand,personbiler,annet,bestand_3112,kjøretøy,A,2020,224.0,observert,SSB 07849,,
bestand,personbiler,annet,bestand_3112,kjøretøy,A,2021,13.0,observert,SSB 07849,,
bestand,personbiler,annet,bestand_3112,kjøretøy,A,2021,218.0,observert,SSB 07849,,
bestand,personbiler,annet,bestand_3112,kjøretøy,A,2022,8.0,observert,SSB 07849,,
bestand,personbiler,annet,bestand_3112,kjøretøy,A,2022,195.0,observert,SSB 07849,,
bestand,personbiler,annet,bestand_3112,kjøretøy,A,2023,5.0,observert,SSB 07849,,
bestand,personbiler,annet,bestand_3112,kjøretøy,A,2023,179.0,observert,SSB 07849,,
bestand,personbiler,annet,bestand_3112,kjøretøy,A,2024,3.0,observert,SSB 07849,,
bestand,personbiler,annet,bestand_3112,kjøretøy,A,2024,162.0,observert,SSB 07849,,
bestand,personbiler,annet,bestand_3112,kjøretøy,A,2025,3.0,observert,SSB 07849,,
bestand,personbiler,annet,bestand_3112,kjøretøy,A,2025,155.0,observert,SSB 07849,,
bestand,personbiler,bensin,bestand_3112,kjøretøy,A,2008,1596852.0,observert,SSB 07849,,
bestand,personbiler,bensin,bestand_3112,kjøretøy,A,2009,1550434.0,observert,SSB 07849,,
bestand,personbiler,bensin,bestand_3112,kjøretøy,A,2010,1500841.0,observert,SSB 07849,,
bestand,personbiler,bensin,bestand_3112,kjøretøy,A,2011,1448232.0,observert,SSB 07849,,
bestand,personbiler,bensin,bestand_3112,kjøretøy,A,2012,1408198.0,observert,SSB 07849,,
bestand,personbiler,bensin,bestand_3112,kjøretøy,A,2013,1368625.0,observert,SSB 07849,,
bestand,personbiler,bensin,bestand_3112,kjøretøy,A,2014,1328380.0,observert,SSB 07849,,
bestand,personbiler,bensin,bestand_3112,kjøretøy,A,2015,1295739.0,observert,SSB 07849,,
bestand,personbiler,bensin,bestand_3112,kjøretøy,A,2016,1196148.0,observert,SSB 07849,,
bestand,personbiler,bensin,bestand_3112,kjøretøy,A,2017,1139998.0,observert,SSB 07849,,
bestand,personbiler,bensin,bestand_3112,kjøretøy,A,2018,1075179.0,observert,SSB 07849,,
bestand,personbiler,bensin,bestand_3112,kjøretøy,A,2019,1031207.0,observert,SSB 07849,,
bestand,personbiler,bensin,bestand_3112,kjøretøy,A,2020,950131.0,observert,SSB 07849,,
bestand,personbiler,bensin,bestand_3112,kjøretøy,A,2021,891950.0,observert,SSB 07849,,
bestand,personbiler,bensin,bestand_3112,kjøretøy,A,2022,822133.0,observert,SSB 07849,,
bestand,personbiler,bensin,bestand_3112,kjøretøy,A,2023,760010.0,observert,SSB 07849,,
bestand,personbiler,bensin,bestand_3112,kjøretøy,A,2024,715217.0,observert,SSB 07849,,
bestand,personbiler,bensin,bestand_3112,kjøretøy,A,2025,676614.0,observert,SSB 07849,,
bestand,personbiler,diesel,bestand_3112,kjøretøy,A,2008,597391.0,observert,SSB 07849,,
bestand,personbiler,diesel,bestand_3112,kjøretøy,A,2009,690560.0,observert,SSB 07849,,
bestand,personbiler,diesel,bestand_3112,kjøretøy,A,2010,804384.0,observert,SSB 07849,,
bestand,personbiler,diesel,bestand_3112,kjøretøy,A,2011,922986.0,observert,SSB 07849,,
bestand,personbiler,diesel,bestand_3112,kjøretøy,A,2012,1025220.0,observert,SSB 07849,,
bestand,personbiler,diesel,bestand_3112,kjøretøy,A,2013,1110621.0,observert,SSB 07849,,
bestand,personbiler,diesel,bestand_3112,kjøretøy,A,2014,1186194.0,observert,SSB 07849,,
bestand,personbiler,diesel,bestand_3112,kjøretøy,A,2015,1243235.0,observert,SSB 07849,,
bestand,personbiler,diesel,bestand_3112,kjøretøy,A,2016,1276947.0,observert,SSB 07849,,
bestand,personbiler,diesel,bestand_3112,kjøretøy,A,2017,1294493.0,observert,SSB 07849,,
bestand,personbiler,diesel,bestand_3112,kjøretøy,A,2018,1290442.0,observert,SSB 07849,,
bestand,personbiler,diesel,bestand_3112,kjøretøy,A,2019,1281019.0,observert,SSB 07849,,
bestand,personbiler,diesel,bestand_3112,kjøretøy,A,2020,1246671.0,observert,SSB 07849,,
bestand,personbiler,diesel,bestand_3112,kjøretøy,A,2021,1204097.0,observert,SSB 07849,,
bestand,personbiler,diesel,bestand_3112,kjøretøy,A,2022,1135538.0,observert,SSB 07849,,
bestand,personbiler,diesel,bestand_3112,kjøretøy,A,2023,1065135.0,observert,SSB 07849,,
bestand,personbiler,diesel,bestand_3112,kjøretøy,A,2024,1005761.0,observert,SSB 07849,,
bestand,personbiler,diesel,bestand_3112,kjøretøy,A,2025,942780.0,observert,SSB 07849,,
bestand,personbiler,elektrisitet,bestand_3112,kjøretøy,A,2008,1693.0,observert,SSB 07849,,
bestand,personbiler,elektrisitet,bestand_3112,kjøretøy,A,2009,1776.0,observert,SSB 07849,,
bestand,personbiler,elektrisitet,bestand_3112,kjøretøy,A,2010,2068.0,observert,SSB 07849,,
bestand,personbiler,elektrisitet,bestand_3112,kjøretøy,A,2011,3909.0,observert,SSB 07849,,
bestand,personbiler,elektrisitet,bestand_3112,kjøretøy,A,2012,8031.0,observert,SSB 07849,,
bestand,personbiler,elektrisitet,bestand_3112,kjøretøy,A,2013,17770.0,observert,SSB 07849,,
bestand,personbiler,elektrisitet,bestand_3112,kjøretøy,A,2014,38652.0,observert,SSB 07849,,
bestand,personbiler,elektrisitet,bestand_3112,kjøretøy,A,2015,69134.0,observert,SSB 07849,,
bestand,personbiler,elektrisitet,bestand_3112,kjøretøy,A,2016,97532.0,observert,SSB 07849,,
bestand,personbiler,elektrisitet,bestand_3112,kjøretøy,A,2017,138983.0,observert,SSB 07849,,
bestand,personbiler,elektrisitet,bestand_3112,kjøretøy,A,2018,195351.0,observert,SSB 07849,,
bestand,personbiler,elektrisitet,bestand_3112,kjøretøy,A,2019,260692.0,observert,SSB 07849,,
bestand,personbiler,elektrisitet,bestand_3112,kjøretøy,A,2020,340002.0,observert,SSB 07849,,
bestand,personbiler,elektrisitet,bestand_3112,kjøretøy,A,2021,460734.0,observert,SSB 07849,,
bestand,personbiler,elektrisitet,bestand_3112,kjøretøy,A,2022,599169.0,observert,SSB 07849,,
bestand,personbiler,elektrisitet,bestand_3112,kjøretøy,A,2023,689169.0,observert,SSB 07849,,
bestand,personbiler,elektrisitet,bestand_3112,kjøretøy,A,2024,788750.0,observert,SSB 07849,,
bestand,personbiler,elektrisitet,bestand_3112,kjøretøy,A,2025,945182.0,observert,SSB 07849,,
bestand,personbiler,hybrid_og_annet,bestand_3112,kjøretøy,A,2008,126.0,observert,SSB 07849,,hybrider kan ikke skilles ut; ligger i «annet drivstoff»
bestand,personbiler,hybrid_og_annet,bestand_3112,kjøretøy,A,2009,131.0,observert,SSB 07849,,hybrider kan ikke skilles ut; ligger i «annet drivstoff»
bestand,personbiler,hybrid_og_annet,bestand_3112,kjøretøy,A,2010,144.0,observert,SSB 07849,,hybrider kan ikke skilles ut; ligger i «annet drivstoff»
bestand,personbiler,hybrid_og_annet,bestand_3112,kjøretøy,A,2011,180.0,observert,SSB 07849,,hybrider kan ikke skilles ut; ligger i «annet drivstoff»
bestand,personbiler,hybrid_og_annet,bestand_3112,kjøretøy,A,2012,357.0,observert,SSB 07849,,hybrider kan ikke skilles ut; ligger i «annet drivstoff»
bestand,personbiler,hybrid_og_annet,bestand_3112,kjøretøy,A,2013,2070.0,observert,SSB 07849,,hybrider kan ikke skilles ut; ligger i «annet drivstoff»
bestand,personbiler,hybrid_og_annet,bestand_3112,kjøretøy,A,2014,999.0,observert,SSB 07849,,hybrider kan ikke skilles ut; ligger i «annet drivstoff»
bestand,personbiler,hybrid_og_annet,bestand_3112,kjøretøy,A,2015,1013.0,observert,SSB 07849,,hybrider kan ikke skilles ut; ligger i «annet drivstoff»
bestand,personbiler,hybrid_og_annet,bestand_3112,kjøretøy,A,2016,91054.0,observert,SSB 07849,,hybrider kan ikke skilles ut; ligger i «annet drivstoff»
bestand,personbiler,hybrid_og_annet,bestand_3112,kjøretøy,A,2017,144630.0,observert,SSB 07849,,hybrider kan ikke skilles ut; ligger i «annet drivstoff»
bestand,personbiler,hybrid_og_annet,bestand_3112,kjøretøy,A,2018,189650.0,observert,SSB 07849,,hybrider kan ikke skilles ut; ligger i «annet drivstoff»
bestand,personbiler,hybrid_og_annet,bestand_3112,kjøretøy,A,2019,226926.0,observert,SSB 07849,,hybrider kan ikke skilles ut; ligger i «annet drivstoff»
bestand,personbiler,hybrid_og_annet,bestand_3112,kjøretøy,A,2020,272314.0,observert,SSB 07849,,hybrider kan ikke skilles ut; ligger i «annet drivstoff»
bestand,personbiler,hybrid_og_annet,bestand_3112,kjøretøy,A,2021,324089.0,observert,SSB 07849,,hybrider kan ikke skilles ut; ligger i «annet drivstoff»
bestand,personbiler,hybrid_og_annet,bestand_3112,kjøretøy,A,2022,348969.0,observert,SSB 07849,,hybrider kan ikke skilles ut; ligger i «annet drivstoff»
bestand,personbiler,hybrid_og_annet,bestand_3112,kjøretøy,A,2023,362194.0,observert,SSB 07849,,hybrider kan ikke skilles ut; ligger i «annet drivstoff»
bestand,personbiler,hybrid_og_annet,bestand_3112,kjøretøy,A,2024,369835.0,observert,SSB 07849,,hybrider kan ikke skilles ut; ligger i «annet drivstoff»
bestand,personbiler,hybrid_og_annet,bestand_3112,kjøretøy,A,2025,371004.0,observert,SSB 07849,,hybrider kan ikke skilles ut; ligger i «annet drivstoff»
bestand,varebiler,annet,bestand_3112,kjøretøy,A,2008,4.0,observert,SSB 07849,,
bestand,varebiler,annet,bestand_3112,kjøretøy,A,2008,48.0,observert,SSB 07849,,
bestand,varebiler,annet,bestand_3112,kjøretøy,A,2009,5.0,observert,SSB 07849,,
bestand,varebiler,annet,bestand_3112,kjøretøy,A,2009,70.0,observert,SSB 07849,,
bestand,varebiler,annet,bestand_3112,kjøretøy,A,2010,3.0,observert,SSB 07849,,
bestand,varebiler,annet,bestand_3112,kjøretøy,A,2010,127.0,observert,SSB 07849,,
bestand,varebiler,annet,bestand_3112,kjøretøy,A,2011,4.0,observert,SSB 07849,,
bestand,varebiler,annet,bestand_3112,kjøretøy,A,2011,170.0,observert,SSB 07849,,
bestand,varebiler,annet,bestand_3112,kjøretøy,A,2012,3.0,observert,SSB 07849,,
bestand,varebiler,annet,bestand_3112,kjøretøy,A,2012,265.0,observert,SSB 07849,,
bestand,varebiler,annet,bestand_3112,kjøretøy,A,2013,4.0,observert,SSB 07849,,
bestand,varebiler,annet,bestand_3112,kjøretøy,A,2013,293.0,observert,SSB 07849,,
bestand,varebiler,annet,bestand_3112,kjøretøy,A,2014,3.0,observert,SSB 07849,,
bestand,varebiler,annet,bestand_3112,kjøretøy,A,2014,308.0,observert,SSB 07849,,
bestand,varebiler,annet,bestand_3112,kjøretøy,A,2015,3.0,observert,SSB 07849,,
bestand,varebiler,annet,bestand_3112,kjøretøy,A,2015,320.0,observert,SSB 07849,,
bestand,varebiler,annet,bestand_3112,kjøretøy,A,2016,3.0,observert,SSB 07849,,
bestand,varebiler,annet,bestand_3112,kjøretøy,A,2016,394.0,observert,SSB 07849,,
bestand,varebiler,annet,bestand_3112,kjøretøy,A,2017,3.0,observert,SSB 07849,,
bestand,varebiler,annet,bestand_3112,kjøretøy,A,2017,437.0,observert,SSB 07849,,
bestand,varebiler,annet,bestand_3112,kjøretøy,A,2018,4.0,observert,SSB 07849,,
bestand,varebiler,annet,bestand_3112,kjøretøy,A,2018,460.0,observert,SSB 07849,,
bestand,varebiler,annet,bestand_3112,kjøretøy,A,2019,4.0,observert,SSB 07849,,
bestand,varebiler,annet,bestand_3112,kjøretøy,A,2019,484.0,observert,SSB 07849,,
bestand,varebiler,annet,bestand_3112,kjøretøy,A,2020,3.0,observert,SSB 07849,,
bestand,varebiler,annet,bestand_3112,kjøretøy,A,2020,491.0,observert,SSB 07849,,
bestand,varebiler,annet,bestand_3112,kjøretøy,A,2021,4.0,observert,SSB 07849,,
bestand,varebiler,annet,bestand_3112,kjøretøy,A,2021,474.0,observert,SSB 07849,,
bestand,varebiler,annet,bestand_3112,kjøretøy,A,2022,4.0,observert,SSB 07849,,
bestand,varebiler,annet,bestand_3112,kjøretøy,A,2022,457.0,observert,SSB 07849,,
bestand,varebiler,annet,bestand_3112,kjøretøy,A,2023,4.0,observert,SSB 07849,,
bestand,varebiler,annet,bestand_3112,kjøretøy,A,2023,422.0,observert,SSB 07849,,
bestand,varebiler,annet,bestand_3112,kjøretøy,A,2024,2.0,observert,SSB 07849,,
bestand,varebiler,annet,bestand_3112,kjøretøy,A,2024,391.0,observert,SSB 07849,,
bestand,varebiler,annet,bestand_3112,kjøretøy,A,2025,2.0,observert,SSB 07849,,
bestand,varebiler,annet,bestand_3112,kjøretøy,A,2025,386.0,observert,SSB 07849,,
bestand,varebiler,bensin,bestand_3112,kjøretøy,A,2008,64971.0,observert,SSB 07849,,
bestand,varebiler,bensin,bestand_3112,kjøretøy,A,2009,60030.0,observert,SSB 07849,,
bestand,varebiler,bensin,bestand_3112,kjøretøy,A,2010,54526.0,observert,SSB 07849,,
bestand,varebiler,bensin,bestand_3112,kjøretøy,A,2011,48304.0,observert,SSB 07849,,
bestand,varebiler,bensin,bestand_3112,kjøretøy,A,2012,43626.0,observert,SSB 07849,,
bestand,varebiler,bensin,bestand_3112,kjøretøy,A,2013,39166.0,observert,SSB 07849,,
bestand,varebiler,bensin,bestand_3112,kjøretøy,A,2014,35456.0,observert,SSB 07849,,
bestand,varebiler,bensin,bestand_3112,kjøretøy,A,2015,31896.0,observert,SSB 07849,,
bestand,varebiler,bensin,bestand_3112,kjøretøy,A,2016,29463.0,observert,SSB 07849,,
bestand,varebiler,bensin,bestand_3112,kjøretøy,A,2017,26814.0,observert,SSB 07849,,
bestand,varebiler,bensin,bestand_3112,kjøretøy,A,2018,24765.0,observert,SSB 07849,,
bestand,varebiler,bensin,bestand_3112,kjøretøy,A,2019,23599.0,observert,SSB 07849,,
bestand,varebiler,bensin,bestand_3112,kjøretøy,A,2020,21626.0,observert,SSB 07849,,
bestand,varebiler,bensin,bestand_3112,kjøretøy,A,2021,20480.0,observert,SSB 07849,,
bestand,varebiler,bensin,bestand_3112,kjøretøy,A,2022,18931.0,observert,SSB 07849,,
bestand,varebiler,bensin,bestand_3112,kjøretøy,A,2023,17884.0,observert,SSB 07849,,
bestand,varebiler,bensin,bestand_3112,kjøretøy,A,2024,17297.0,observert,SSB 07849,,
bestand,varebiler,bensin,bestand_3112,kjøretøy,A,2025,16917.0,observert,SSB 07849,,
bestand,varebiler,diesel,bestand_3112,kjøretøy,A,2008,314237.0,observert,SSB 07849,,
bestand,varebiler,diesel,bestand_3112,kjøretøy,A,2009,327345.0,observert,SSB 07849,,
bestand,varebiler,diesel,bestand_3112,kjøretøy,A,2010,342510.0,observert,SSB 07849,,
bestand,varebiler,diesel,bestand_3112,kjøretøy,A,2011,362098.0,observert,SSB 07849,,
bestand,varebiler,diesel,bestand_3112,kjøretøy,A,2012,380518.0,observert,SSB 07849,,
bestand,varebiler,diesel,bestand_3112,kjøretøy,A,2013,394596.0,observert,SSB 07849,,
bestand,varebiler,diesel,bestand_3112,kjøretøy,A,2014,405069.0,observert,SSB 07849,,
bestand,varebiler,diesel,bestand_3112,kjøretøy,A,2015,416298.0,observert,SSB 07849,,
bestand,varebiler,diesel,bestand_3112,kjøretøy,A,2016,429013.0,observert,SSB 07849,,
bestand,varebiler,diesel,bestand_3112,kjøretøy,A,2017,440051.0,observert,SSB 07849,,
bestand,varebiler,diesel,bestand_3112,kjøretøy,A,2018,446237.0,observert,SSB 07849,,
bestand,varebiler,diesel,bestand_3112,kjøretøy,A,2019,457871.0,observert,SSB 07849,,
bestand,varebiler,diesel,bestand_3112,kjøretøy,A,2020,463904.0,observert,SSB 07849,,
bestand,varebiler,diesel,bestand_3112,kjøretøy,A,2021,471131.0,observert,SSB 07849,,
bestand,varebiler,diesel,bestand_3112,kjøretøy,A,2022,466490.0,observert,SSB 07849,,
bestand,varebiler,diesel,bestand_3112,kjøretøy,A,2023,459458.0,observert,SSB 07849,,
bestand,varebiler,diesel,bestand_3112,kjøretøy,A,2024,456956.0,observert,SSB 07849,,
bestand,varebiler,diesel,bestand_3112,kjøretøy,A,2025,452033.0,observert,SSB 07849,,
bestand,varebiler,elektrisitet,bestand_3112,kjøretøy,A,2008,62.0,observert,SSB 07849,,
bestand,varebiler,elektrisitet,bestand_3112,kjøretøy,A,2009,67.0,observert,SSB 07849,,
bestand,varebiler,elektrisitet,bestand_3112,kjøretøy,A,2010,64.0,observert,SSB 07849,,
bestand,varebiler,elektrisitet,bestand_3112,kjøretøy,A,2011,101.0,observert,SSB 07849,,
bestand,varebiler,elektrisitet,bestand_3112,kjøretøy,A,2012,159.0,observert,SSB 07849,,
bestand,varebiler,elektrisitet,bestand_3112,kjøretøy,A,2013,511.0,observert,SSB 07849,,
bestand,varebiler,elektrisitet,bestand_3112,kjøretøy,A,2014,1068.0,observert,SSB 07849,,
bestand,varebiler,elektrisitet,bestand_3112,kjøretøy,A,2015,1808.0,observert,SSB 07849,,
bestand,varebiler,elektrisitet,bestand_3112,kjøretøy,A,2016,2568.0,observert,SSB 07849,,
bestand,varebiler,elektrisitet,bestand_3112,kjøretøy,A,2017,3478.0,observert,SSB 07849,,
bestand,varebiler,elektrisitet,bestand_3112,kjøretøy,A,2018,5314.0,observert,SSB 07849,,
bestand,varebiler,elektrisitet,bestand_3112,kjøretøy,A,2019,7336.0,observert,SSB 07849,,
bestand,varebiler,elektrisitet,bestand_3112,kjøretøy,A,2020,9752.0,observert,SSB 07849,,
bestand,varebiler,elektrisitet,bestand_3112,kjøretøy,A,2021,15133.0,observert,SSB 07849,,
bestand,varebiler,elektrisitet,bestand_3112,kjøretøy,A,2022,21657.0,observert,SSB 07849,,
bestand,varebiler,elektrisitet,bestand_3112,kjøretøy,A,2023,29623.0,observert,SSB 07849,,
bestand,varebiler,elektrisitet,bestand_3112,kjøretøy,A,2024,36986.0,observert,SSB 07849,,
bestand,varebiler,elektrisitet,bestand_3112,kjøretøy,A,2025,49436.0,observert,SSB 07849,,
bestand,varebiler,hybrid_og_annet,bestand_3112,kjøretøy,A,2008,21.0,observert,SSB 07849,,hybrider kan ikke skilles ut; ligger i «annet drivstoff»
bestand,varebiler,hybrid_og_annet,bestand_3112,kjøretøy,A,2009,29.0,observert,SSB 07849,,hybrider kan ikke skilles ut; ligger i «annet drivstoff»
bestand,varebiler,hybrid_og_annet,bestand_3112,kjøretøy,A,2010,49.0,observert,SSB 07849,,hybrider kan ikke skilles ut; ligger i «annet drivstoff»
bestand,varebiler,hybrid_og_annet,bestand_3112,kjøretøy,A,2011,53.0,observert,SSB 07849,,hybrider kan ikke skilles ut; ligger i «annet drivstoff»
bestand,varebiler,hybrid_og_annet,bestand_3112,kjøretøy,A,2012,63.0,observert,SSB 07849,,hybrider kan ikke skilles ut; ligger i «annet drivstoff»
bestand,varebiler,hybrid_og_annet,bestand_3112,kjøretøy,A,2013,66.0,observert,SSB 07849,,hybrider kan ikke skilles ut; ligger i «annet drivstoff»
bestand,varebiler,hybrid_og_annet,bestand_3112,kjøretøy,A,2014,63.0,observert,SSB 07849,,hybrider kan ikke skilles ut; ligger i «annet drivstoff»
bestand,varebiler,hybrid_og_annet,bestand_3112,kjøretøy,A,2015,60.0,observert,SSB 07849,,hybrider kan ikke skilles ut; ligger i «annet drivstoff»
bestand,varebiler,hybrid_og_annet,bestand_3112,kjøretøy,A,2016,57.0,observert,SSB 07849,,hybrider kan ikke skilles ut; ligger i «annet drivstoff»
bestand,varebiler,hybrid_og_annet,bestand_3112,kjøretøy,A,2017,72.0,observert,SSB 07849,,hybrider kan ikke skilles ut; ligger i «annet drivstoff»
bestand,varebiler,hybrid_og_annet,bestand_3112,kjøretøy,A,2018,93.0,observert,SSB 07849,,hybrider kan ikke skilles ut; ligger i «annet drivstoff»
bestand,varebiler,hybrid_og_annet,bestand_3112,kjøretøy,A,2019,123.0,observert,SSB 07849,,hybrider kan ikke skilles ut; ligger i «annet drivstoff»
bestand,varebiler,hybrid_og_annet,bestand_3112,kjøretøy,A,2020,189.0,observert,SSB 07849,,hybrider kan ikke skilles ut; ligger i «annet drivstoff»
bestand,varebiler,hybrid_og_annet,bestand_3112,kjøretøy,A,2021,689.0,observert,SSB 07849,,hybrider kan ikke skilles ut; ligger i «annet drivstoff»
bestand,varebiler,hybrid_og_annet,bestand_3112,kjøretøy,A,2022,1135.0,observert,SSB 07849,,hybrider kan ikke skilles ut; ligger i «annet drivstoff»
bestand,varebiler,hybrid_og_annet,bestand_3112,kjøretøy,A,2023,2492.0,observert,SSB 07849,,hybrider kan ikke skilles ut; ligger i «annet drivstoff»
bestand,varebiler,hybrid_og_annet,bestand_3112,kjøretøy,A,2024,3108.0,observert,SSB 07849,,hybrider kan ikke skilles ut; ligger i «annet drivstoff»
bestand,varebiler,hybrid_og_annet,bestand_3112,kjøretøy,A,2025,4177.0,observert,SSB 07849,,hybrider kan ikke skilles ut; ligger i «annet drivstoff»
energi_autodiesel,veitransport_og_ovrig,diesel,energi_salgsvolum,GWh,A,2010,25372.97,estimert,"SSB 11174 × SSB Notater 2018/45, vedlegg A, tabell A2 (tetthet) og A3 (energiinnhold, netto brennverdi/NCV, gjennomsnittsverdier), s. 51-52",,"fossil NCV brukt på hele volumet; iblandet bio har lavere brennverdi, så tallet er en svak overkant"
energi_autodiesel,veitransport_og_ovrig,diesel,energi_salgsvolum,GWh,A,2011,26338.41,estimert,"SSB 11174 × SSB Notater 2018/45, vedlegg A, tabell A2 (tetthet) og A3 (energiinnhold, netto brennverdi/NCV, gjennomsnittsverdier), s. 51-52",,"fossil NCV brukt på hele volumet; iblandet bio har lavere brennverdi, så tallet er en svak overkant"
energi_autodiesel,veitransport_og_ovrig,diesel,energi_salgsvolum,GWh,A,2012,27424.53,estimert,"SSB 11174 × SSB Notater 2018/45, vedlegg A, tabell A2 (tetthet) og A3 (energiinnhold, netto brennverdi/NCV, gjennomsnittsverdier), s. 51-52",,"fossil NCV brukt på hele volumet; iblandet bio har lavere brennverdi, så tallet er en svak overkant"
energi_autodiesel,veitransport_og_ovrig,diesel,energi_salgsvolum,GWh,A,2013,28178.78,estimert,"SSB 11174 × SSB Notater 2018/45, vedlegg A, tabell A2 (tetthet) og A3 (energiinnhold, netto brennverdi/NCV, gjennomsnittsverdier), s. 51-52",,"fossil NCV brukt på hele volumet; iblandet bio har lavere brennverdi, så tallet er en svak overkant"
energi_autodiesel,veitransport_og_ovrig,diesel,energi_salgsvolum,GWh,A,2014,29013.483333333334,estimert,"SSB 11174 × SSB Notater 2018/45, vedlegg A, tabell A2 (tetthet) og A3 (energiinnhold, netto brennverdi/NCV, gjennomsnittsverdier), s. 51-52",,"fossil NCV brukt på hele volumet; iblandet bio har lavere brennverdi, så tallet er en svak overkant"
energi_autodiesel,veitransport_og_ovrig,diesel,energi_salgsvolum,GWh,A,2015,29958.81,estimert,"SSB 11174 × SSB Notater 2018/45, vedlegg A, tabell A2 (tetthet) og A3 (energiinnhold, netto brennverdi/NCV, gjennomsnittsverdier), s. 51-52",,"fossil NCV brukt på hele volumet; iblandet bio har lavere brennverdi, så tallet er en svak overkant"
energi_autodiesel,veitransport_og_ovrig,diesel,energi_salgsvolum,GWh,A,2016,31155.553333333333,estimert,"SSB 11174 × SSB Notater 2018/45, vedlegg A, tabell A2 (tetthet) og A3 (energiinnhold, netto brennverdi/NCV, gjennomsnittsverdier), s. 51-52",,"fossil NCV brukt på hele volumet; iblandet bio har lavere brennverdi, så tallet er en svak overkant"
energi_autodiesel,veitransport_og_ovrig,diesel,energi_salgsvolum,GWh,A,2017,30552.153333333332,estimert,"SSB 11174 × SSB Notater 2018/45, vedlegg A, tabell A2 (tetthet) og A3 (energiinnhold, netto brennverdi/NCV, gjennomsnittsverdier), s. 51-52",,"fossil NCV brukt på hele volumet; iblandet bio har lavere brennverdi, så tallet er en svak overkant"
energi_autodiesel,veitransport_og_ovrig,diesel,energi_salgsvolum,GWh,A,2018,30381.19,estimert,"SSB 11174 × SSB Notater 2018/45, vedlegg A, tabell A2 (tetthet) og A3 (energiinnhold, netto brennverdi/NCV, gjennomsnittsverdier), s. 51-52",,"fossil NCV brukt på hele volumet; iblandet bio har lavere brennverdi, så tallet er en svak overkant"
energi_autodiesel,veitransport_og_ovrig,diesel,energi_salgsvolum,GWh,A,2019,29415.75,estimert,"SSB 11174 × SSB Notater 2018/45, vedlegg A, tabell A2 (tetthet) og A3 (energiinnhold, netto brennverdi/NCV, gjennomsnittsverdier), s. 51-52",,"fossil NCV brukt på hele volumet; iblandet bio har lavere brennverdi, så tallet er en svak overkant"
energi_autodiesel,veitransport_og_ovrig,diesel,energi_salgsvolum,GWh,A,2020,28882.746666666662,estimert,"SSB 11174 × SSB Notater 2018/45, vedlegg A, tabell A2 (tetthet) og A3 (energiinnhold, netto brennverdi/NCV, gjennomsnittsverdier), s. 51-52",,"fossil NCV brukt på hele volumet; iblandet bio har lavere brennverdi, så tallet er en svak overkant"
energi_autodiesel,veitransport_og_ovrig,diesel,energi_salgsvolum,GWh,A,2021,29305.126666666663,estimert,"SSB 13585 × SSB Notater 2018/45, vedlegg A, tabell A2 (tetthet) og A3 (energiinnhold, netto brennverdi/NCV, gjennomsnittsverdier), s. 51-52",,"fossil NCV brukt på hele volumet; iblandet bio har lavere brennverdi, så tallet er en svak overkant"
energi_autodiesel,veitransport_og_ovrig,diesel,energi_salgsvolum,GWh,A,2022,28731.896666666664,estimert,"SSB 13585 × SSB Notater 2018/45, vedlegg A, tabell A2 (tetthet) og A3 (energiinnhold, netto brennverdi/NCV, gjennomsnittsverdier), s. 51-52",,"fossil NCV brukt på hele volumet; iblandet bio har lavere brennverdi, så tallet er en svak overkant"
energi_autodiesel,veitransport_og_ovrig,diesel,energi_salgsvolum,GWh,A,2023,27394.36,estimert,"SSB 13585 × SSB Notater 2018/45, vedlegg A, tabell A2 (tetthet) og A3 (energiinnhold, netto brennverdi/NCV, gjennomsnittsverdier), s. 51-52",,"fossil NCV brukt på hele volumet; iblandet bio har lavere brennverdi, så tallet er en svak overkant"
energi_autodiesel,veitransport_og_ovrig,diesel,energi_salgsvolum,GWh,A,2024,24739.4,estimert,"SSB 13585 × SSB Notater 2018/45, vedlegg A, tabell A2 (tetthet) og A3 (energiinnhold, netto brennverdi/NCV, gjennomsnittsverdier), s. 51-52",,"fossil NCV brukt på hele volumet; iblandet bio har lavere brennverdi, så tallet er en svak overkant"
energi_autodiesel,veitransport_og_ovrig,diesel,energi_salgsvolum,GWh,A,2025,23140.39,estimert,"SSB 13585 × SSB Notater 2018/45, vedlegg A, tabell A2 (tetthet) og A3 (energiinnhold, netto brennverdi/NCV, gjennomsnittsverdier), s. 51-52",,"fossil NCV brukt på hele volumet; iblandet bio har lavere brennverdi, så tallet er en svak overkant"
energi_bilbensin,veitransport_og_ovrig,bensin,energi_salgsvolum,GWh,A,2010,14663.819444444443,estimert,"SSB 11174 × SSB Notater 2018/45, vedlegg A, tabell A2 (tetthet) og A3 (energiinnhold, netto brennverdi/NCV, gjennomsnittsverdier), s. 51-52",,"fossil NCV brukt på hele volumet; iblandet bio har lavere brennverdi, så tallet er en svak overkant"
energi_bilbensin,veitransport_og_ovrig,bensin,energi_salgsvolum,GWh,A,2011,13454.61833333333,estimert,"SSB 11174 × SSB Notater 2018/45, vedlegg A, tabell A2 (tetthet) og A3 (energiinnhold, netto brennverdi/NCV, gjennomsnittsverdier), s. 51-52",,"fossil NCV brukt på hele volumet; iblandet bio har lavere brennverdi, så tallet er en svak overkant"
energi_bilbensin,veitransport_og_ovrig,bensin,energi_salgsvolum,GWh,A,2012,12570.27722222222,estimert,"SSB 11174 × SSB Notater 2018/45, vedlegg A, tabell A2 (tetthet) og A3 (energiinnhold, netto brennverdi/NCV, gjennomsnittsverdier), s. 51-52",,"fossil NCV brukt på hele volumet; iblandet bio har lavere brennverdi, så tallet er en svak overkant"
energi_bilbensin,veitransport_og_ovrig,bensin,energi_salgsvolum,GWh,A,2013,11803.246666666666,estimert,"SSB 11174 × SSB Notater 2018/45, vedlegg A, tabell A2 (tetthet) og A3 (energiinnhold, netto brennverdi/NCV, gjennomsnittsverdier), s. 51-52",,"fossil NCV brukt på hele volumet; iblandet bio har lavere brennverdi, så tallet er en svak overkant"
energi_bilbensin,veitransport_og_ovrig,bensin,energi_salgsvolum,GWh,A,2014,11144.502777777776,estimert,"SSB 11174 × SSB Notater 2018/45, vedlegg A, tabell A2 (tetthet) og A3 (energiinnhold, netto brennverdi/NCV, gjennomsnittsverdier), s. 51-52",,"fossil NCV brukt på hele volumet; iblandet bio har lavere brennverdi, så tallet er en svak overkant"
energi_bilbensin,veitransport_og_ovrig,bensin,energi_salgsvolum,GWh,A,2015,10621.117222222221,estimert,"SSB 11174 × SSB Notater 2018/45, vedlegg A, tabell A2 (tetthet) og A3 (energiinnhold, netto brennverdi/NCV, gjennomsnittsverdier), s. 51-52",,"fossil NCV brukt på hele volumet; iblandet bio har lavere brennverdi, så tallet er en svak overkant"
energi_bilbensin,veitransport_og_ovrig,bensin,energi_salgsvolum,GWh,A,2016,10404.54388888889,estimert,"SSB 11174 × SSB Notater 2018/45, vedlegg A, tabell A2 (tetthet) og A3 (energiinnhold, netto brennverdi/NCV, gjennomsnittsverdier), s. 51-52",,"fossil NCV brukt på hele volumet; iblandet bio har lavere brennverdi, så tallet er en svak overkant"
energi_bilbensin,veitransport_og_ovrig,bensin,energi_salgsvolum,GWh,A,2017,10151.875,estimert,"SSB 11174 × SSB Notater 2018/45, vedlegg A, tabell A2 (tetthet) og A3 (energiinnhold, netto brennverdi/NCV, gjennomsnittsverdier), s. 51-52",,"fossil NCV brukt på hele volumet; iblandet bio har lavere brennverdi, så tallet er en svak overkant"
energi_bilbensin,veitransport_og_ovrig,bensin,energi_salgsvolum,GWh,A,2018,9845.062777777777,estimert,"SSB 11174 × SSB Notater 2018/45, vedlegg A, tabell A2 (tetthet) og A3 (energiinnhold, netto brennverdi/NCV, gjennomsnittsverdier), s. 51-52",,"fossil NCV brukt på hele volumet; iblandet bio har lavere brennverdi, så tallet er en svak overkant"
energi_bilbensin,veitransport_og_ovrig,bensin,energi_salgsvolum,GWh,A,2019,9285.581666666667,estimert,"SSB 11174 × SSB Notater 2018/45, vedlegg A, tabell A2 (tetthet) og A3 (energiinnhold, netto brennverdi/NCV, gjennomsnittsverdier), s. 51-52",,"fossil NCV brukt på hele volumet; iblandet bio har lavere brennverdi, så tallet er en svak overkant"
energi_bilbensin,veitransport_og_ovrig,bensin,energi_salgsvolum,GWh,A,2020,8735.124444444442,estimert,"SSB 11174 × SSB Notater 2018/45, vedlegg A, tabell A2 (tetthet) og A3 (energiinnhold, netto brennverdi/NCV, gjennomsnittsverdier), s. 51-52",,"fossil NCV brukt på hele volumet; iblandet bio har lavere brennverdi, så tallet er en svak overkant"
energi_bilbensin,veitransport_og_ovrig,bensin,energi_salgsvolum,GWh,A,2021,8753.172222222222,estimert,"SSB 13585 × SSB Notater 2018/45, vedlegg A, tabell A2 (tetthet) og A3 (energiinnhold, netto brennverdi/NCV, gjennomsnittsverdier), s. 51-52",,"fossil NCV brukt på hele volumet; iblandet bio har lavere brennverdi, så tallet er en svak overkant"
energi_bilbensin,veitransport_og_ovrig,bensin,energi_salgsvolum,GWh,A,2022,8320.025555555554,estimert,"SSB 13585 × SSB Notater 2018/45, vedlegg A, tabell A2 (tetthet) og A3 (energiinnhold, netto brennverdi/NCV, gjennomsnittsverdier), s. 51-52",,"fossil NCV brukt på hele volumet; iblandet bio har lavere brennverdi, så tallet er en svak overkant"
energi_bilbensin,veitransport_og_ovrig,bensin,energi_salgsvolum,GWh,A,2023,8184.667222222221,estimert,"SSB 13585 × SSB Notater 2018/45, vedlegg A, tabell A2 (tetthet) og A3 (energiinnhold, netto brennverdi/NCV, gjennomsnittsverdier), s. 51-52",,"fossil NCV brukt på hele volumet; iblandet bio har lavere brennverdi, så tallet er en svak overkant"
energi_bilbensin,veitransport_og_ovrig,bensin,energi_salgsvolum,GWh,A,2024,7778.592222222222,estimert,"SSB 13585 × SSB Notater 2018/45, vedlegg A, tabell A2 (tetthet) og A3 (energiinnhold, netto brennverdi/NCV, gjennomsnittsverdier), s. 51-52",,"fossil NCV brukt på hele volumet; iblandet bio har lavere brennverdi, så tallet er en svak overkant"
energi_bilbensin,veitransport_og_ovrig,bensin,energi_salgsvolum,GWh,A,2025,7435.684444444442,estimert,"SSB 13585 × SSB Notater 2018/45, vedlegg A, tabell A2 (tetthet) og A3 (energiinnhold, netto brennverdi/NCV, gjennomsnittsverdier), s. 51-52",,"fossil NCV brukt på hele volumet; iblandet bio har lavere brennverdi, så tallet er en svak overkant"
kjorelengde,personbiler,annet,kjorelengde_total,mill. km,A,2005,0.6,konstruert,SSB 12577,20,
kjorelengde,personbiler,annet,kjorelengde_total,mill. km,A,2006,0.7,konstruert,SSB 12577,20,
kjorelengde,personbiler,annet,kjorelengde_total,mill. km,A,2007,1.0,konstruert,SSB 12577,20,
kjorelengde,personbiler,annet,kjorelengde_total,mill. km,A,2008,1.6,konstruert,SSB 12577,20,
kjorelengde,personbiler,annet,kjorelengde_total,mill. km,A,2009,2.2,konstruert,SSB 12577,20,
kjorelengde,personbiler,annet,kjorelengde_total,mill. km,A,2010,2.0,konstruert,SSB 12577,20,
kjorelengde,personbiler,annet,kjorelengde_total,mill. km,A,2011,2.4,konstruert,SSB 12577,20,
kjorelengde,personbiler,annet,kjorelengde_total,mill. km,A,2012,4.0,konstruert,SSB 12577,20,
kjorelengde,personbiler,annet,kjorelengde_total,mill. km,A,2013,15.0,konstruert,SSB 12577,20,
kjorelengde,personbiler,annet,kjorelengde_total,mill. km,A,2014,12.1,konstruert,SSB 12577,20,
kjorelengde,personbiler,annet,kjorelengde_total,mill. km,A,2015,15.9,konstruert,SSB 12577,20,
kjorelengde,personbiler,annet,kjorelengde_total,mill. km,A,2016,2.7,konstruert,SSB 12577,20,
kjorelengde,personbiler,annet,kjorelengde_total,mill. km,A,2017,3.2,konstruert,SSB 12577,20,
kjorelengde,personbiler,annet,kjorelengde_total,mill. km,A,2018,4.3,konstruert,SSB 12577,20,
kjorelengde,personbiler,annet,kjorelengde_total,mill. km,A,2019,5.7,konstruert,SSB 12577,20,
kjorelengde,personbiler,annet,kjorelengde_total,mill. km,A,2020,4.3,konstruert,SSB 12577,20,nytt kjøretøyregister mars 2020; avvik på detaljnivå mot 2019
kjorelengde,personbiler,annet,kjorelengde_total,mill. km,A,2021,4.3,konstruert,SSB 12577,20,
kjorelengde,personbiler,annet,kjorelengde_total,mill. km,A,2022,4.2,konstruert,SSB 12577,20,
kjorelengde,personbiler,annet,kjorelengde_total,mill. km,A,2023,4.3,konstruert,SSB 12577,20,
kjorelengde,personbiler,annet,kjorelengde_total,mill. km,A,2024,4.3,konstruert,SSB 12577,20,
kjorelengde,personbiler,annet,kjorelengde_total,mill. km,A,2025,3.4,konstruert,SSB 12577,20,
kjorelengde,personbiler,bensin,kjorelengde_total,mill. km,A,2005,22401.9,observert,SSB 12577,20,
kjorelengde,personbiler,bensin,kjorelengde_total,mill. km,A,2006,21976.1,observert,SSB 12577,20,
kjorelengde,personbiler,bensin,kjorelengde_total,mill. km,A,2007,21576.6,observert,SSB 12577,20,
kjorelengde,personbiler,bensin,kjorelengde_total,mill. km,A,2008,20298.5,observert,SSB 12577,20,
kjorelengde,personbiler,bensin,kjorelengde_total,mill. km,A,2009,19039.6,observert,SSB 12577,20,
kjorelengde,personbiler,bensin,kjorelengde_total,mill. km,A,2010,17853.4,observert,SSB 12577,20,
kjorelengde,personbiler,bensin,kjorelengde_total,mill. km,A,2011,16715.7,observert,SSB 12577,20,
kjorelengde,personbiler,bensin,kjorelengde_total,mill. km,A,2012,15738.0,observert,SSB 12577,20,
kjorelengde,personbiler,bensin,kjorelengde_total,mill. km,A,2013,14848.2,observert,SSB 12577,20,
kjorelengde,personbiler,bensin,kjorelengde_total,mill. km,A,2014,13958.5,observert,SSB 12577,20,
kjorelengde,personbiler,bensin,kjorelengde_total,mill. km,A,2015,13314.3,observert,SSB 12577,20,
kjorelengde,personbiler,bensin,kjorelengde_total,mill. km,A,2016,12155.1,observert,SSB 12577,20,
kjorelengde,personbiler,bensin,kjorelengde_total,mill. km,A,2017,11483.3,observert,SSB 12577,20,
kjorelengde,personbiler,bensin,kjorelengde_total,mill. km,A,2018,10705.9,observert,SSB 12577,20,
kjorelengde,personbiler,bensin,kjorelengde_total,mill. km,A,2019,9788.3,observert,SSB 12577,20,
kjorelengde,personbiler,bensin,kjorelengde_total,mill. km,A,2020,8593.7,observert,SSB 12577,20,nytt kjøretøyregister mars 2020; avvik på detaljnivå mot 2019
kjorelengde,personbiler,bensin,kjorelengde_total,mill. km,A,2021,7984.6,observert,SSB 12577,20,
kjorelengde,personbiler,bensin,kjorelengde_total,mill. km,A,2022,7163.8,observert,SSB 12577,20,
kjorelengde,personbiler,bensin,kjorelengde_total,mill. km,A,2023,6466.1,observert,SSB 12577,20,
kjorelengde,personbiler,bensin,kjorelengde_total,mill. km,A,2024,5937.4,observert,SSB 12577,20,
kjorelengde,personbiler,bensin,kjorelengde_total,mill. km,A,2025,5452.7,observert,SSB 12577,20,
kjorelengde,personbiler,diesel,kjorelengde_total,mill. km,A,2005,5560.4,observert,SSB 12577,20,
kjorelengde,personbiler,diesel,kjorelengde_total,mill. km,A,2006,7079.3,observert,SSB 12577,20,
kjorelengde,personbiler,diesel,kjorelengde_total,mill. km,A,2007,9772.0,observert,SSB 12577,20,
kjorelengde,personbiler,diesel,kjorelengde_total,mill. km,A,2008,11469.2,observert,SSB 12577,20,
kjorelengde,personbiler,diesel,kjorelengde_total,mill. km,A,2009,12683.4,observert,SSB 12577,20,
kjorelengde,personbiler,diesel,kjorelengde_total,mill. km,A,2010,14071.0,observert,SSB 12577,20,
kjorelengde,personbiler,diesel,kjorelengde_total,mill. km,A,2011,15508.3,observert,SSB 12577,20,
kjorelengde,personbiler,diesel,kjorelengde_total,mill. km,A,2012,17324.5,observert,SSB 12577,20,
kjorelengde,personbiler,diesel,kjorelengde_total,mill. km,A,2013,18238.5,observert,SSB 12577,20,
kjorelengde,personbiler,diesel,kjorelengde_total,mill. km,A,2014,18862.3,observert,SSB 12577,20,
kjorelengde,personbiler,diesel,kjorelengde_total,mill. km,A,2015,19513.5,observert,SSB 12577,20,
kjorelengde,personbiler,diesel,kjorelengde_total,mill. km,A,2016,19700.0,observert,SSB 12577,20,
kjorelengde,personbiler,diesel,kjorelengde_total,mill. km,A,2017,19724.1,observert,SSB 12577,20,
kjorelengde,personbiler,diesel,kjorelengde_total,mill. km,A,2018,19422.3,observert,SSB 12577,20,
kjorelengde,personbiler,diesel,kjorelengde_total,mill. km,A,2019,18448.0,observert,SSB 12577,20,
kjorelengde,personbiler,diesel,kjorelengde_total,mill. km,A,2020,16761.8,observert,SSB 12577,20,nytt kjøretøyregister mars 2020; avvik på detaljnivå mot 2019
kjorelengde,personbiler,diesel,kjorelengde_total,mill. km,A,2021,16141.3,observert,SSB 12577,20,
kjorelengde,personbiler,diesel,kjorelengde_total,mill. km,A,2022,14738.5,observert,SSB 12577,20,
kjorelengde,personbiler,diesel,kjorelengde_total,mill. km,A,2023,13598.6,observert,SSB 12577,20,
kjorelengde,personbiler,diesel,kjorelengde_total,mill. km,A,2024,12676.9,observert,SSB 12577,20,
kjorelengde,personbiler,diesel,kjorelengde_total,mill. km,A,2025,11709.6,observert,SSB 12577,20,
kjorelengde,personbiler,elektrisitet,kjorelengde_total,mill. km,A,2005,9.5,observert,SSB 12577,20,
kjorelengde,personbiler,elektrisitet,kjorelengde_total,mill. km,A,2006,10.8,observert,SSB 12577,20,
kjorelengde,personbiler,elektrisitet,kjorelengde_total,mill. km,A,2007,11.0,observert,SSB 12577,20,
kjorelengde,personbiler,elektrisitet,kjorelengde_total,mill. km,A,2008,11.6,observert,SSB 12577,20,
kjorelengde,personbiler,elektrisitet,kjorelengde_total,mill. km,A,2009,15.0,observert,SSB 12577,20,
kjorelengde,personbiler,elektrisitet,kjorelengde_total,mill. km,A,2010,14.9,observert,SSB 12577,20,
kjorelengde,personbiler,elektrisitet,kjorelengde_total,mill. km,A,2011,26.4,observert,SSB 12577,20,
kjorelengde,personbiler,elektrisitet,kjorelengde_total,mill. km,A,2012,62.5,observert,SSB 12577,20,
kjorelengde,personbiler,elektrisitet,kjorelengde_total,mill. km,A,2013,102.6,observert,SSB 12577,20,
kjorelengde,personbiler,elektrisitet,kjorelengde_total,mill. km,A,2014,300.9,observert,SSB 12577,20,
kjorelengde,personbiler,elektrisitet,kjorelengde_total,mill. km,A,2015,792.4,observert,SSB 12577,20,
kjorelengde,personbiler,elektrisitet,kjorelengde_total,mill. km,A,2016,1161.8,observert,SSB 12577,20,
kjorelengde,personbiler,elektrisitet,kjorelengde_total,mill. km,A,2017,1650.4,observert,SSB 12577,20,
kjorelengde,personbiler,elektrisitet,kjorelengde_total,mill. km,A,2018,2397.9,observert,SSB 12577,20,
kjorelengde,personbiler,elektrisitet,kjorelengde_total,mill. km,A,2019,3325.0,observert,SSB 12577,20,
kjorelengde,personbiler,elektrisitet,kjorelengde_total,mill. km,A,2020,4196.2,observert,SSB 12577,20,nytt kjøretøyregister mars 2020; avvik på detaljnivå mot 2019
kjorelengde,personbiler,elektrisitet,kjorelengde_total,mill. km,A,2021,5935.2,observert,SSB 12577,20,
kjorelengde,personbiler,elektrisitet,kjorelengde_total,mill. km,A,2022,7890.1,observert,SSB 12577,20,
kjorelengde,personbiler,elektrisitet,kjorelengde_total,mill. km,A,2023,9764.5,observert,SSB 12577,20,
kjorelengde,personbiler,elektrisitet,kjorelengde_total,mill. km,A,2024,10784.2,observert,SSB 12577,20,
kjorelengde,personbiler,elektrisitet,kjorelengde_total,mill. km,A,2025,12791.4,observert,SSB 12577,20,
kjorelengde,personbiler,hybrid_ikke_ladbar,kjorelengde_total,mill. km,A,2005,0.0,konstruert,SSB 12577,20,hybrider registrert som bensin/diesel til og med 2015
kjorelengde,personbiler,hybrid_ikke_ladbar,kjorelengde_total,mill. km,A,2006,0.0,konstruert,SSB 12577,20,hybrider registrert som bensin/diesel til og med 2015
kjorelengde,personbiler,hybrid_ikke_ladbar,kjorelengde_total,mill. km,A,2007,0.0,konstruert,SSB 12577,20,hybrider registrert som bensin/diesel til og med 2015
kjorelengde,personbiler,hybrid_ikke_ladbar,kjorelengde_total,mill. km,A,2008,0.0,konstruert,SSB 12577,20,hybrider registrert som bensin/diesel til og med 2015
kjorelengde,personbiler,hybrid_ikke_ladbar,kjorelengde_total,mill. km,A,2009,0.0,konstruert,SSB 12577,20,hybrider registrert som bensin/diesel til og med 2015
kjorelengde,personbiler,hybrid_ikke_ladbar,kjorelengde_total,mill. km,A,2010,0.0,konstruert,SSB 12577,20,hybrider registrert som bensin/diesel til og med 2015
kjorelengde,personbiler,hybrid_ikke_ladbar,kjorelengde_total,mill. km,A,2011,0.0,konstruert,SSB 12577,20,hybrider registrert som bensin/diesel til og med 2015
kjorelengde,personbiler,hybrid_ikke_ladbar,kjorelengde_total,mill. km,A,2012,0.0,konstruert,SSB 12577,20,hybrider registrert som bensin/diesel til og med 2015
kjorelengde,personbiler,hybrid_ikke_ladbar,kjorelengde_total,mill. km,A,2013,0.0,konstruert,SSB 12577,20,hybrider registrert som bensin/diesel til og med 2015
kjorelengde,personbiler,hybrid_ikke_ladbar,kjorelengde_total,mill. km,A,2014,0.0,konstruert,SSB 12577,20,hybrider registrert som bensin/diesel til og med 2015
kjorelengde,personbiler,hybrid_ikke_ladbar,kjorelengde_total,mill. km,A,2015,0.0,konstruert,SSB 12577,20,hybrider registrert som bensin/diesel til og med 2015
kjorelengde,personbiler,hybrid_ikke_ladbar,kjorelengde_total,mill. km,A,2016,648.8,konstruert,SSB 12577,20,
kjorelengde,personbiler,hybrid_ikke_ladbar,kjorelengde_total,mill. km,A,2017,921.0999999999999,konstruert,SSB 12577,20,
kjorelengde,personbiler,hybrid_ikke_ladbar,kjorelengde_total,mill. km,A,2018,1193.3999999999999,konstruert,SSB 12577,20,
kjorelengde,personbiler,hybrid_ikke_ladbar,kjorelengde_total,mill. km,A,2019,1349.6,konstruert,SSB 12577,20,
kjorelengde,personbiler,hybrid_ikke_ladbar,kjorelengde_total,mill. km,A,2020,1511.1999999999998,konstruert,SSB 12577,20,nytt kjøretøyregister mars 2020; avvik på detaljnivå mot 2019
kjorelengde,personbiler,hybrid_ikke_ladbar,kjorelengde_total,mill. km,A,2021,1683.0,konstruert,SSB 12577,20,
kjorelengde,personbiler,hybrid_ikke_ladbar,kjorelengde_total,mill. km,A,2022,1748.8000000000002,konstruert,SSB 12577,20,
kjorelengde,personbiler,hybrid_ikke_ladbar,kjorelengde_total,mill. km,A,2023,1866.8,konstruert,SSB 12577,20,
kjorelengde,personbiler,hybrid_ikke_ladbar,kjorelengde_total,mill. km,A,2024,1957.5,konstruert,SSB 12577,20,
kjorelengde,personbiler,hybrid_ikke_ladbar,kjorelengde_total,mill. km,A,2025,1976.1,konstruert,SSB 12577,20,
kjorelengde,personbiler,hybrid_ladbar,kjorelengde_total,mill. km,A,2005,0.0,konstruert,SSB 12577,20,hybrider registrert som bensin/diesel til og med 2015
kjorelengde,personbiler,hybrid_ladbar,kjorelengde_total,mill. km,A,2006,0.0,konstruert,SSB 12577,20,hybrider registrert som bensin/diesel til og med 2015
kjorelengde,personbiler,hybrid_ladbar,kjorelengde_total,mill. km,A,2007,0.0,konstruert,SSB 12577,20,hybrider registrert som bensin/diesel til og med 2015
kjorelengde,personbiler,hybrid_ladbar,kjorelengde_total,mill. km,A,2008,0.0,konstruert,SSB 12577,20,hybrider registrert som bensin/diesel til og med 2015
kjorelengde,personbiler,hybrid_ladbar,kjorelengde_total,mill. km,A,2009,0.0,konstruert,SSB 12577,20,hybrider registrert som bensin/diesel til og med 2015
kjorelengde,personbiler,hybrid_ladbar,kjorelengde_total,mill. km,A,2010,0.0,konstruert,SSB 12577,20,hybrider registrert som bensin/diesel til og med 2015
kjorelengde,personbiler,hybrid_ladbar,kjorelengde_total,mill. km,A,2011,0.0,konstruert,SSB 12577,20,hybrider registrert som bensin/diesel til og med 2015
kjorelengde,personbiler,hybrid_ladbar,kjorelengde_total,mill. km,A,2012,0.0,konstruert,SSB 12577,20,hybrider registrert som bensin/diesel til og med 2015
kjorelengde,personbiler,hybrid_ladbar,kjorelengde_total,mill. km,A,2013,0.0,konstruert,SSB 12577,20,hybrider registrert som bensin/diesel til og med 2015
kjorelengde,personbiler,hybrid_ladbar,kjorelengde_total,mill. km,A,2014,0.0,konstruert,SSB 12577,20,hybrider registrert som bensin/diesel til og med 2015
kjorelengde,personbiler,hybrid_ladbar,kjorelengde_total,mill. km,A,2015,0.0,konstruert,SSB 12577,20,hybrider registrert som bensin/diesel til og med 2015
kjorelengde,personbiler,hybrid_ladbar,kjorelengde_total,mill. km,A,2016,343.7,konstruert,SSB 12577,20,
kjorelengde,personbiler,hybrid_ladbar,kjorelengde_total,mill. km,A,2017,783.2,konstruert,SSB 12577,20,
kjorelengde,personbiler,hybrid_ladbar,kjorelengde_total,mill. km,A,2018,1413.1000000000001,konstruert,SSB 12577,20,
kjorelengde,personbiler,hybrid_ladbar,kjorelengde_total,mill. km,A,2019,1698.4,konstruert,SSB 12577,20,
kjorelengde,personbiler,hybrid_ladbar,kjorelengde_total,mill. km,A,2020,2024.3,konstruert,SSB 12577,20,nytt kjøretøyregister mars 2020; avvik på detaljnivå mot 2019
kjorelengde,personbiler,hybrid_ladbar,kjorelengde_total,mill. km,A,2021,2554.6,konstruert,SSB 12577,20,
kjorelengde,personbiler,hybrid_ladbar,kjorelengde_total,mill. km,A,2022,2855.9,konstruert,SSB 12577,20,
kjorelengde,personbiler,hybrid_ladbar,kjorelengde_total,mill. km,A,2023,3034.8999999999996,konstruert,SSB 12577,20,
kjorelengde,personbiler,hybrid_ladbar,kjorelengde_total,mill. km,A,2024,3134.8999999999996,konstruert,SSB 12577,20,
kjorelengde,personbiler,hybrid_ladbar,kjorelengde_total,mill. km,A,2025,3137.8,konstruert,SSB 12577,20,
kjorelengde,personbiler,uspesifisert,kjorelengde_total,mill. km,A,2005,0.0,konstruert,SSB 12577,20,"restpost: kategorier undertrykt av SSB, ikke fordelbare på drivlinje"
kjorelengde,personbiler,uspesifisert,kjorelengde_total,mill. km,A,2006,0.10000000000218279,konstruert,SSB 12577,20,"restpost: kategorier undertrykt av SSB, ikke fordelbare på drivlinje"
kjorelengde,personbiler,uspesifisert,kjorelengde_total,mill. km,A,2007,0.0,konstruert,SSB 12577,20,"restpost: kategorier undertrykt av SSB, ikke fordelbare på drivlinje"
kjorelengde,personbiler,uspesifisert,kjorelengde_total,mill. km,A,2008,0.09999999999854481,konstruert,SSB 12577,20,"restpost: kategorier undertrykt av SSB, ikke fordelbare på drivlinje"
kjorelengde,personbiler,uspesifisert,kjorelengde_total,mill. km,A,2009,-0.09999999999854481,konstruert,SSB 12577,20,"restpost: kategorier undertrykt av SSB, ikke fordelbare på drivlinje"
kjorelengde,personbiler,uspesifisert,kjorelengde_total,mill. km,A,2010,0.09999999999854481,konstruert,SSB 12577,20,"restpost: kategorier undertrykt av SSB, ikke fordelbare på drivlinje"
kjorelengde,personbiler,uspesifisert,kjorelengde_total,mill. km,A,2011,0.0,konstruert,SSB 12577,20,"restpost: kategorier undertrykt av SSB, ikke fordelbare på drivlinje"
kjorelengde,personbiler,uspesifisert,kjorelengde_total,mill. km,A,2012,0.0,konstruert,SSB 12577,20,"restpost: kategorier undertrykt av SSB, ikke fordelbare på drivlinje"
kjorelengde,personbiler,uspesifisert,kjorelengde_total,mill. km,A,2013,-0.10000000000582077,konstruert,SSB 12577,20,"restpost: kategorier undertrykt av SSB, ikke fordelbare på drivlinje"
kjorelengde,personbiler,uspesifisert,kjorelengde_total,mill. km,A,2014,0.10000000000582077,konstruert,SSB 12577,20,"restpost: kategorier undertrykt av SSB, ikke fordelbare på drivlinje"
kjorelengde,personbiler,uspesifisert,kjorelengde_total,mill. km,A,2015,0.09999999999854481,konstruert,SSB 12577,20,"restpost: kategorier undertrykt av SSB, ikke fordelbare på drivlinje"
kjorelengde,personbiler,uspesifisert,kjorelengde_total,mill. km,A,2016,0.0,konstruert,SSB 12577,20,"restpost: kategorier undertrykt av SSB, ikke fordelbare på drivlinje"
kjorelengde,personbiler,uspesifisert,kjorelengde_total,mill. km,A,2017,-0.09999999999854481,konstruert,SSB 12577,20,"restpost: kategorier undertrykt av SSB, ikke fordelbare på drivlinje"
kjorelengde,personbiler,uspesifisert,kjorelengde_total,mill. km,A,2018,-0.09999999999854481,konstruert,SSB 12577,20,"restpost: kategorier undertrykt av SSB, ikke fordelbare på drivlinje"
kjorelengde,personbiler,uspesifisert,kjorelengde_total,mill. km,A,2019,0.0,konstruert,SSB 12577,20,"restpost: kategorier undertrykt av SSB, ikke fordelbare på drivlinje"
kjorelengde,personbiler,uspesifisert,kjorelengde_total,mill. km,A,2020,0.19999999999708962,konstruert,SSB 12577,20,"restpost: kategorier undertrykt av SSB, ikke fordelbare på drivlinje"
kjorelengde,personbiler,uspesifisert,kjorelengde_total,mill. km,A,2021,0.0,konstruert,SSB 12577,20,"restpost: kategorier undertrykt av SSB, ikke fordelbare på drivlinje"
kjorelengde,personbiler,uspesifisert,kjorelengde_total,mill. km,A,2022,0.0,konstruert,SSB 12577,20,"restpost: kategorier undertrykt av SSB, ikke fordelbare på drivlinje"
kjorelengde,personbiler,uspesifisert,kjorelengde_total,mill. km,A,2023,0.0,konstruert,SSB 12577,20,"restpost: kategorier undertrykt av SSB, ikke fordelbare på drivlinje"
kjorelengde,personbiler,uspesifisert,kjorelengde_total,mill. km,A,2024,0.0,konstruert,SSB 12577,20,"restpost: kategorier undertrykt av SSB, ikke fordelbare på drivlinje"
kjorelengde,personbiler,uspesifisert,kjorelengde_total,mill. km,A,2025,0.0,konstruert,SSB 12577,20,"restpost: kategorier undertrykt av SSB, ikke fordelbare på drivlinje"
kjorelengde,varebiler,annet,kjorelengde_total,mill. km,A,2005,0.0,konstruert,SSB 12577,29+30,
kjorelengde,varebiler,annet,kjorelengde_total,mill. km,A,2006,0.2,konstruert,SSB 12577,29+30,
kjorelengde,varebiler,annet,kjorelengde_total,mill. km,A,2007,0.6,konstruert,SSB 12577,29+30,
kjorelengde,varebiler,annet,kjorelengde_total,mill. km,A,2008,1.2,konstruert,SSB 12577,29+30,
kjorelengde,varebiler,annet,kjorelengde_total,mill. km,A,2009,1.8,konstruert,SSB 12577,29+30,
kjorelengde,varebiler,annet,kjorelengde_total,mill. km,A,2010,2.3,konstruert,SSB 12577,29+30,
kjorelengde,varebiler,annet,kjorelengde_total,mill. km,A,2011,2.9,konstruert,SSB 12577,29+30,
kjorelengde,varebiler,annet,kjorelengde_total,mill. km,A,2012,3.8,konstruert,SSB 12577,29+30,
kjorelengde,varebiler,annet,kjorelengde_total,mill. km,A,2013,4.6,konstruert,SSB 12577,29+30,
kjorelengde,varebiler,annet,kjorelengde_total,mill. km,A,2014,5.9,konstruert,SSB 12577,29+30,
kjorelengde,varebiler,annet,kjorelengde_total,mill. km,A,2015,4.4,konstruert,SSB 12577,29+30,
kjorelengde,varebiler,annet,kjorelengde_total,mill. km,A,2016,4.2,konstruert,SSB 12577,29+30,
kjorelengde,varebiler,annet,kjorelengde_total,mill. km,A,2017,5.9,konstruert,SSB 12577,29+30,
kjorelengde,varebiler,annet,kjorelengde_total,mill. km,A,2018,5.8,konstruert,SSB 12577,29+30,
kjorelengde,varebiler,annet,kjorelengde_total,mill. km,A,2019,5.6,konstruert,SSB 12577,29+30,
kjorelengde,varebiler,annet,kjorelengde_total,mill. km,A,2020,5.7,konstruert,SSB 12577,29+30,nytt kjøretøyregister mars 2020; avvik på detaljnivå mot 2019
kjorelengde,varebiler,annet,kjorelengde_total,mill. km,A,2021,5.6,konstruert,SSB 12577,29+30,
kjorelengde,varebiler,annet,kjorelengde_total,mill. km,A,2022,4.9,konstruert,SSB 12577,29+30,
kjorelengde,varebiler,annet,kjorelengde_total,mill. km,A,2023,8.5,konstruert,SSB 12577,29+30,
kjorelengde,varebiler,annet,kjorelengde_total,mill. km,A,2024,27.9,konstruert,SSB 12577,29+30,
kjorelengde,varebiler,annet,kjorelengde_total,mill. km,A,2025,38.300000000000004,konstruert,SSB 12577,29+30,
kjorelengde,varebiler,bensin,kjorelengde_total,mill. km,A,2005,1015.9,observert,SSB 12577,29+30,
kjorelengde,varebiler,bensin,kjorelengde_total,mill. km,A,2006,948.4000000000001,observert,SSB 12577,29+30,
kjorelengde,varebiler,bensin,kjorelengde_total,mill. km,A,2007,860.7,observert,SSB 12577,29+30,
kjorelengde,varebiler,bensin,kjorelengde_total,mill. km,A,2008,768.9,observert,SSB 12577,29+30,
kjorelengde,varebiler,bensin,kjorelengde_total,mill. km,A,2009,676.0,observert,SSB 12577,29+30,
kjorelengde,varebiler,bensin,kjorelengde_total,mill. km,A,2010,579.0,observert,SSB 12577,29+30,
kjorelengde,varebiler,bensin,kjorelengde_total,mill. km,A,2011,488.0,observert,SSB 12577,29+30,
kjorelengde,varebiler,bensin,kjorelengde_total,mill. km,A,2012,421.7,observert,SSB 12577,29+30,
kjorelengde,varebiler,bensin,kjorelengde_total,mill. km,A,2013,358.7,observert,SSB 12577,29+30,
kjorelengde,varebiler,bensin,kjorelengde_total,mill. km,A,2014,304.6,observert,SSB 12577,29+30,
kjorelengde,varebiler,bensin,kjorelengde_total,mill. km,A,2015,260.1,observert,SSB 12577,29+30,
kjorelengde,varebiler,bensin,kjorelengde_total,mill. km,A,2016,235.9,observert,SSB 12577,29+30,
kjorelengde,varebiler,bensin,kjorelengde_total,mill. km,A,2017,206.70000000000002,observert,SSB 12577,29+30,
kjorelengde,varebiler,bensin,kjorelengde_total,mill. km,A,2018,190.29999999999998,observert,SSB 12577,29+30,
kjorelengde,varebiler,bensin,kjorelengde_total,mill. km,A,2019,177.5,observert,SSB 12577,29+30,
kjorelengde,varebiler,bensin,kjorelengde_total,mill. km,A,2020,152.9,observert,SSB 12577,29+30,nytt kjøretøyregister mars 2020; avvik på detaljnivå mot 2019
kjorelengde,varebiler,bensin,kjorelengde_total,mill. km,A,2021,147.6,observert,SSB 12577,29+30,
kjorelengde,varebiler,bensin,kjorelengde_total,mill. km,A,2022,135.10000000000002,observert,SSB 12577,29+30,
kjorelengde,varebiler,bensin,kjorelengde_total,mill. km,A,2023,126.0,observert,SSB 12577,29+30,
kjorelengde,varebiler,bensin,kjorelengde_total,mill. km,A,2024,119.7,observert,SSB 12577,29+30,
kjorelengde,varebiler,bensin,kjorelengde_total,mill. km,A,2025,113.5,observert,SSB 12577,29+30,
kjorelengde,varebiler,diesel,kjorelengde_total,mill. km,A,2005,3637.4,observert,SSB 12577,29+30,
kjorelengde,varebiler,diesel,kjorelengde_total,mill. km,A,2006,4193.4,observert,SSB 12577,29+30,
kjorelengde,varebiler,diesel,kjorelengde_total,mill. km,A,2007,4911.2,observert,SSB 12577,29+30,
kjorelengde,varebiler,diesel,kjorelengde_total,mill. km,A,2008,5424.4,observert,SSB 12577,29+30,
kjorelengde,varebiler,diesel,kjorelengde_total,mill. km,A,2009,5545.700000000001,observert,SSB 12577,29+30,
kjorelengde,varebiler,diesel,kjorelengde_total,mill. km,A,2010,5743.8,observert,SSB 12577,29+30,
kjorelengde,varebiler,diesel,kjorelengde_total,mill. km,A,2011,5954.7,observert,SSB 12577,29+30,
kjorelengde,varebiler,diesel,kjorelengde_total,mill. km,A,2012,6295.5,observert,SSB 12577,29+30,
kjorelengde,varebiler,diesel,kjorelengde_total,mill. km,A,2013,6392.299999999999,observert,SSB 12577,29+30,
kjorelengde,varebiler,diesel,kjorelengde_total,mill. km,A,2014,6438.0,observert,SSB 12577,29+30,
kjorelengde,varebiler,diesel,kjorelengde_total,mill. km,A,2015,6464.799999999999,observert,SSB 12577,29+30,
kjorelengde,varebiler,diesel,kjorelengde_total,mill. km,A,2016,6552.9,observert,SSB 12577,29+30,
kjorelengde,varebiler,diesel,kjorelengde_total,mill. km,A,2017,6699.4,observert,SSB 12577,29+30,
kjorelengde,varebiler,diesel,kjorelengde_total,mill. km,A,2018,6835.1,observert,SSB 12577,29+30,
kjorelengde,varebiler,diesel,kjorelengde_total,mill. km,A,2019,6880.8,observert,SSB 12577,29+30,
kjorelengde,varebiler,diesel,kjorelengde_total,mill. km,A,2020,6718.200000000001,observert,SSB 12577,29+30,nytt kjøretøyregister mars 2020; avvik på detaljnivå mot 2019
kjorelengde,varebiler,diesel,kjorelengde_total,mill. km,A,2021,6952.9,observert,SSB 12577,29+30,
kjorelengde,varebiler,diesel,kjorelengde_total,mill. km,A,2022,6911.8,observert,SSB 12577,29+30,
kjorelengde,varebiler,diesel,kjorelengde_total,mill. km,A,2023,6797.0,observert,SSB 12577,29+30,
kjorelengde,varebiler,diesel,kjorelengde_total,mill. km,A,2024,6752.0,observert,SSB 12577,29+30,
kjorelengde,varebiler,diesel,kjorelengde_total,mill. km,A,2025,6570.3,observert,SSB 12577,29+30,
kjorelengde,varebiler,elektrisitet,kjorelengde_total,mill. km,A,2005,0.6,observert,SSB 12577,29+30,
kjorelengde,varebiler,elektrisitet,kjorelengde_total,mill. km,A,2006,0.5,observert,SSB 12577,29+30,
kjorelengde,varebiler,elektrisitet,kjorelengde_total,mill. km,A,2007,0.5,observert,SSB 12577,29+30,
kjorelengde,varebiler,elektrisitet,kjorelengde_total,mill. km,A,2008,0.5,observert,SSB 12577,29+30,
kjorelengde,varebiler,elektrisitet,kjorelengde_total,mill. km,A,2009,0.5,observert,SSB 12577,29+30,
kjorelengde,varebiler,elektrisitet,kjorelengde_total,mill. km,A,2010,0.5,observert,SSB 12577,29+30,
kjorelengde,varebiler,elektrisitet,kjorelengde_total,mill. km,A,2011,0.5,observert,SSB 12577,29+30,
kjorelengde,varebiler,elektrisitet,kjorelengde_total,mill. km,A,2012,1.3,observert,SSB 12577,29+30,
kjorelengde,varebiler,elektrisitet,kjorelengde_total,mill. km,A,2013,3.2,observert,SSB 12577,29+30,
kjorelengde,varebiler,elektrisitet,kjorelengde_total,mill. km,A,2014,11.1,observert,SSB 12577,29+30,
kjorelengde,varebiler,elektrisitet,kjorelengde_total,mill. km,A,2015,10.4,observert,SSB 12577,29+30,
kjorelengde,varebiler,elektrisitet,kjorelengde_total,mill. km,A,2016,19.4,observert,SSB 12577,29+30,
kjorelengde,varebiler,elektrisitet,kjorelengde_total,mill. km,A,2017,28.7,observert,SSB 12577,29+30,
kjorelengde,varebiler,elektrisitet,kjorelengde_total,mill. km,A,2018,46.0,observert,SSB 12577,29+30,
kjorelengde,varebiler,elektrisitet,kjorelengde_total,mill. km,A,2019,64.10000000000001,observert,SSB 12577,29+30,
kjorelengde,varebiler,elektrisitet,kjorelengde_total,mill. km,A,2020,84.8,observert,SSB 12577,29+30,nytt kjøretøyregister mars 2020; avvik på detaljnivå mot 2019
kjorelengde,varebiler,elektrisitet,kjorelengde_total,mill. km,A,2021,129.70000000000002,observert,SSB 12577,29+30,
kjorelengde,varebiler,elektrisitet,kjorelengde_total,mill. km,A,2022,205.7,observert,SSB 12577,29+30,
kjorelengde,varebiler,elektrisitet,kjorelengde_total,mill. km,A,2023,279.5,observert,SSB 12577,29+30,
kjorelengde,varebiler,elektrisitet,kjorelengde_total,mill. km,A,2024,421.1,observert,SSB 12577,29+30,
kjorelengde,varebiler,elektrisitet,kjorelengde_total,mill. km,A,2025,557.9,observert,SSB 12577,29+30,
kjorelengde,varebiler,hybrid_ikke_ladbar,kjorelengde_total,mill. km,A,2005,0.0,konstruert,SSB 12577,29+30,hybrider registrert som bensin/diesel til og med 2015
kjorelengde,varebiler,hybrid_ikke_ladbar,kjorelengde_total,mill. km,A,2006,0.0,konstruert,SSB 12577,29+30,hybrider registrert som bensin/diesel til og med 2015
kjorelengde,varebiler,hybrid_ikke_ladbar,kjorelengde_total,mill. km,A,2007,0.0,konstruert,SSB 12577,29+30,hybrider registrert som bensin/diesel til og med 2015
kjorelengde,varebiler,hybrid_ikke_ladbar,kjorelengde_total,mill. km,A,2008,0.0,konstruert,SSB 12577,29+30,hybrider registrert som bensin/diesel til og med 2015
kjorelengde,varebiler,hybrid_ikke_ladbar,kjorelengde_total,mill. km,A,2009,0.0,konstruert,SSB 12577,29+30,hybrider registrert som bensin/diesel til og med 2015
kjorelengde,varebiler,hybrid_ikke_ladbar,kjorelengde_total,mill. km,A,2010,0.0,konstruert,SSB 12577,29+30,hybrider registrert som bensin/diesel til og med 2015
kjorelengde,varebiler,hybrid_ikke_ladbar,kjorelengde_total,mill. km,A,2011,0.0,konstruert,SSB 12577,29+30,hybrider registrert som bensin/diesel til og med 2015
kjorelengde,varebiler,hybrid_ikke_ladbar,kjorelengde_total,mill. km,A,2012,0.0,konstruert,SSB 12577,29+30,hybrider registrert som bensin/diesel til og med 2015
kjorelengde,varebiler,hybrid_ikke_ladbar,kjorelengde_total,mill. km,A,2013,0.0,konstruert,SSB 12577,29+30,hybrider registrert som bensin/diesel til og med 2015
kjorelengde,varebiler,hybrid_ikke_ladbar,kjorelengde_total,mill. km,A,2014,0.0,konstruert,SSB 12577,29+30,hybrider registrert som bensin/diesel til og med 2015
kjorelengde,varebiler,hybrid_ikke_ladbar,kjorelengde_total,mill. km,A,2015,0.0,konstruert,SSB 12577,29+30,hybrider registrert som bensin/diesel til og med 2015
kjorelengde,varebiler,hybrid_ikke_ladbar,kjorelengde_total,mill. km,A,2016,0.7,konstruert,SSB 12577,29+30,
kjorelengde,varebiler,hybrid_ikke_ladbar,kjorelengde_total,mill. km,A,2017,0.6,konstruert,SSB 12577,29+30,
kjorelengde,varebiler,hybrid_ikke_ladbar,kjorelengde_total,mill. km,A,2018,0.7,konstruert,SSB 12577,29+30,
kjorelengde,varebiler,hybrid_ikke_ladbar,kjorelengde_total,mill. km,A,2019,0.7,konstruert,SSB 12577,29+30,
kjorelengde,varebiler,hybrid_ikke_ladbar,kjorelengde_total,mill. km,A,2020,1.2,konstruert,SSB 12577,29+30,nytt kjøretøyregister mars 2020; avvik på detaljnivå mot 2019
kjorelengde,varebiler,hybrid_ikke_ladbar,kjorelengde_total,mill. km,A,2021,3.8999999999999995,konstruert,SSB 12577,29+30,
kjorelengde,varebiler,hybrid_ikke_ladbar,kjorelengde_total,mill. km,A,2022,8.0,konstruert,SSB 12577,29+30,
kjorelengde,varebiler,hybrid_ikke_ladbar,kjorelengde_total,mill. km,A,2023,12.0,konstruert,SSB 12577,29+30,
kjorelengde,varebiler,hybrid_ikke_ladbar,kjorelengde_total,mill. km,A,2024,14.1,konstruert,SSB 12577,29+30,
kjorelengde,varebiler,hybrid_ikke_ladbar,kjorelengde_total,mill. km,A,2025,23.9,konstruert,SSB 12577,29+30,
kjorelengde,varebiler,hybrid_ladbar,kjorelengde_total,mill. km,A,2005,0.0,konstruert,SSB 12577,29+30,hybrider registrert som bensin/diesel til og med 2015
kjorelengde,varebiler,hybrid_ladbar,kjorelengde_total,mill. km,A,2006,0.0,konstruert,SSB 12577,29+30,hybrider registrert som bensin/diesel til og med 2015
kjorelengde,varebiler,hybrid_ladbar,kjorelengde_total,mill. km,A,2007,0.0,konstruert,SSB 12577,29+30,hybrider registrert som bensin/diesel til og med 2015
kjorelengde,varebiler,hybrid_ladbar,kjorelengde_total,mill. km,A,2008,0.0,konstruert,SSB 12577,29+30,hybrider registrert som bensin/diesel til og med 2015
kjorelengde,varebiler,hybrid_ladbar,kjorelengde_total,mill. km,A,2009,0.0,konstruert,SSB 12577,29+30,hybrider registrert som bensin/diesel til og med 2015
kjorelengde,varebiler,hybrid_ladbar,kjorelengde_total,mill. km,A,2010,0.0,konstruert,SSB 12577,29+30,hybrider registrert som bensin/diesel til og med 2015
kjorelengde,varebiler,hybrid_ladbar,kjorelengde_total,mill. km,A,2011,0.0,konstruert,SSB 12577,29+30,hybrider registrert som bensin/diesel til og med 2015
kjorelengde,varebiler,hybrid_ladbar,kjorelengde_total,mill. km,A,2012,0.0,konstruert,SSB 12577,29+30,hybrider registrert som bensin/diesel til og med 2015
kjorelengde,varebiler,hybrid_ladbar,kjorelengde_total,mill. km,A,2013,0.0,konstruert,SSB 12577,29+30,hybrider registrert som bensin/diesel til og med 2015
kjorelengde,varebiler,hybrid_ladbar,kjorelengde_total,mill. km,A,2014,0.0,konstruert,SSB 12577,29+30,hybrider registrert som bensin/diesel til og med 2015
kjorelengde,varebiler,hybrid_ladbar,kjorelengde_total,mill. km,A,2015,0.0,konstruert,SSB 12577,29+30,hybrider registrert som bensin/diesel til og med 2015
kjorelengde,varebiler,hybrid_ladbar,kjorelengde_total,mill. km,A,2016,0.0,konstruert,SSB 12577,29+30,
kjorelengde,varebiler,hybrid_ladbar,kjorelengde_total,mill. km,A,2017,0.2,konstruert,SSB 12577,29+30,
kjorelengde,varebiler,hybrid_ladbar,kjorelengde_total,mill. km,A,2018,0.4,konstruert,SSB 12577,29+30,
kjorelengde,varebiler,hybrid_ladbar,kjorelengde_total,mill. km,A,2019,0.6,konstruert,SSB 12577,29+30,
kjorelengde,varebiler,hybrid_ladbar,kjorelengde_total,mill. km,A,2020,0.6000000000000001,konstruert,SSB 12577,29+30,nytt kjøretøyregister mars 2020; avvik på detaljnivå mot 2019
kjorelengde,varebiler,hybrid_ladbar,kjorelengde_total,mill. km,A,2021,2.9000000000000004,konstruert,SSB 12577,29+30,
kjorelengde,varebiler,hybrid_ladbar,kjorelengde_total,mill. km,A,2022,7.1000000000000005,konstruert,SSB 12577,29+30,
kjorelengde,varebiler,hybrid_ladbar,kjorelengde_total,mill. km,A,2023,11.100000000000001,konstruert,SSB 12577,29+30,
kjorelengde,varebiler,hybrid_ladbar,kjorelengde_total,mill. km,A,2024,15.3,konstruert,SSB 12577,29+30,
kjorelengde,varebiler,hybrid_ladbar,kjorelengde_total,mill. km,A,2025,16.2,konstruert,SSB 12577,29+30,
kjorelengde,varebiler,uspesifisert,kjorelengde_total,mill. km,A,2005,-0.0999999999994543,konstruert,SSB 12577,29+30,"restpost: kategorier undertrykt av SSB, ikke fordelbare på drivlinje"
kjorelengde,varebiler,uspesifisert,kjorelengde_total,mill. km,A,2006,0.0,konstruert,SSB 12577,29+30,"restpost: kategorier undertrykt av SSB, ikke fordelbare på drivlinje"
kjorelengde,varebiler,uspesifisert,kjorelengde_total,mill. km,A,2007,33.80000000000018,konstruert,SSB 12577,29+30,"restpost: kategorier undertrykt av SSB, ikke fordelbare på drivlinje"
kjorelengde,varebiler,uspesifisert,kjorelengde_total,mill. km,A,2008,26.899999999999636,konstruert,SSB 12577,29+30,"restpost: kategorier undertrykt av SSB, ikke fordelbare på drivlinje"
kjorelengde,varebiler,uspesifisert,kjorelengde_total,mill. km,A,2009,21.799999999999272,konstruert,SSB 12577,29+30,"restpost: kategorier undertrykt av SSB, ikke fordelbare på drivlinje"
kjorelengde,varebiler,uspesifisert,kjorelengde_total,mill. km,A,2010,16.19999999999891,konstruert,SSB 12577,29+30,"restpost: kategorier undertrykt av SSB, ikke fordelbare på drivlinje"
kjorelengde,varebiler,uspesifisert,kjorelengde_total,mill. km,A,2011,13.199999999999818,konstruert,SSB 12577,29+30,"restpost: kategorier undertrykt av SSB, ikke fordelbare på drivlinje"
kjorelengde,varebiler,uspesifisert,kjorelengde_total,mill. km,A,2012,10.800000000001091,konstruert,SSB 12577,29+30,"restpost: kategorier undertrykt av SSB, ikke fordelbare på drivlinje"
kjorelengde,varebiler,uspesifisert,kjorelengde_total,mill. km,A,2013,8.900000000001455,konstruert,SSB 12577,29+30,"restpost: kategorier undertrykt av SSB, ikke fordelbare på drivlinje"
kjorelengde,varebiler,uspesifisert,kjorelengde_total,mill. km,A,2014,7.800000000000182,konstruert,SSB 12577,29+30,"restpost: kategorier undertrykt av SSB, ikke fordelbare på drivlinje"
kjorelengde,varebiler,uspesifisert,kjorelengde_total,mill. km,A,2015,6.400000000000546,konstruert,SSB 12577,29+30,"restpost: kategorier undertrykt av SSB, ikke fordelbare på drivlinje"
kjorelengde,varebiler,uspesifisert,kjorelengde_total,mill. km,A,2016,-0.1000000000003638,konstruert,SSB 12577,29+30,"restpost: kategorier undertrykt av SSB, ikke fordelbare på drivlinje"
kjorelengde,varebiler,uspesifisert,kjorelengde_total,mill. km,A,2017,0.0999999999994543,konstruert,SSB 12577,29+30,"restpost: kategorier undertrykt av SSB, ikke fordelbare på drivlinje"
kjorelengde,varebiler,uspesifisert,kjorelengde_total,mill. km,A,2018,0.1000000000003638,konstruert,SSB 12577,29+30,"restpost: kategorier undertrykt av SSB, ikke fordelbare på drivlinje"
kjorelengde,varebiler,uspesifisert,kjorelengde_total,mill. km,A,2019,0.0999999999994543,konstruert,SSB 12577,29+30,"restpost: kategorier undertrykt av SSB, ikke fordelbare på drivlinje"
kjorelengde,varebiler,uspesifisert,kjorelengde_total,mill. km,A,2020,0.1999999999998181,konstruert,SSB 12577,29+30,"restpost: kategorier undertrykt av SSB, ikke fordelbare på drivlinje"
kjorelengde,varebiler,uspesifisert,kjorelengde_total,mill. km,A,2021,9.094947017729282e-13,konstruert,SSB 12577,29+30,"restpost: kategorier undertrykt av SSB, ikke fordelbare på drivlinje"
kjorelengde,varebiler,uspesifisert,kjorelengde_total,mill. km,A,2022,0.3000000000001819,konstruert,SSB 12577,29+30,"restpost: kategorier undertrykt av SSB, ikke fordelbare på drivlinje"
kjorelengde,varebiler,uspesifisert,kjorelengde_total,mill. km,A,2023,0.1000000000003638,konstruert,SSB 12577,29+30,"restpost: kategorier undertrykt av SSB, ikke fordelbare på drivlinje"
kjorelengde,varebiler,uspesifisert,kjorelengde_total,mill. km,A,2024,0.1000000000003638,konstruert,SSB 12577,29+30,"restpost: kategorier undertrykt av SSB, ikke fordelbare på drivlinje"
kjorelengde,varebiler,uspesifisert,kjorelengde_total,mill. km,A,2025,0.1999999999998181,konstruert,SSB 12577,29+30,"restpost: kategorier undertrykt av SSB, ikke fordelbare på drivlinje"
salg_autodiesel,veitransport_og_ovrig,diesel,salgsvolum,mill. liter,M,2010M01,190.0,konstruert,SSB 03687/11174/13585 (petroleumsmåltallet),autodiesel_2010_2019,
salg_autodiesel,veitransport_og_ovrig,diesel,salgsvolum,mill. liter,M,2010M02,189.0,konstruert,SSB 03687/11174/13585 (petroleumsmåltallet),autodiesel_2010_2019,
salg_autodiesel,veitransport_og_ovrig,diesel,salgsvolum,mill. liter,M,2010M03,211.0,konstruert,SSB 03687/11174/13585 (petroleumsmåltallet),autodiesel_2010_2019,
salg_autodiesel,veitransport_og_ovrig,diesel,salgsvolum,mill. liter,M,2010M04,189.0,konstruert,SSB 03687/11174/13585 (petroleumsmåltallet),autodiesel_2010_2019,
salg_autodiesel,veitransport_og_ovrig,diesel,salgsvolum,mill. liter,M,2010M05,201.0,konstruert,SSB 03687/11174/13585 (petroleumsmåltallet),autodiesel_2010_2019,
salg_autodiesel,veitransport_og_ovrig,diesel,salgsvolum,mill. liter,M,2010M06,227.0,konstruert,SSB 03687/11174/13585 (petroleumsmåltallet),autodiesel_2010_2019,
salg_autodiesel,veitransport_og_ovrig,diesel,salgsvolum,mill. liter,M,2010M07,209.0,konstruert,SSB 03687/11174/13585 (petroleumsmåltallet),autodiesel_2010_2019,
salg_autodiesel,veitransport_og_ovrig,diesel,salgsvolum,mill. liter,M,2010M08,217.0,konstruert,SSB 03687/11174/13585 (petroleumsmåltallet),autodiesel_2010_2019,
salg_autodiesel,veitransport_og_ovrig,diesel,salgsvolum,mill. liter,M,2010M09,220.0,konstruert,SSB 03687/11174/13585 (petroleumsmåltallet),autodiesel_2010_2019,
salg_autodiesel,veitransport_og_ovrig,diesel,salgsvolum,mill. liter,M,2010M10,222.0,konstruert,SSB 03687/11174/13585 (petroleumsmåltallet),autodiesel_2010_2019,
salg_autodiesel,veitransport_og_ovrig,diesel,salgsvolum,mill. liter,M,2010M11,225.0,konstruert,SSB 03687/11174/13585 (petroleumsmåltallet),autodiesel_2010_2019,
salg_autodiesel,veitransport_og_ovrig,diesel,salgsvolum,mill. liter,M,2010M12,223.0,konstruert,SSB 03687/11174/13585 (petroleumsmåltallet),autodiesel_2010_2019,
salg_autodiesel,veitransport_og_ovrig,diesel,salgsvolum,mill. liter,M,2011M01,200.0,konstruert,SSB 03687/11174/13585 (petroleumsmåltallet),autodiesel_2010_2019,
salg_autodiesel,veitransport_og_ovrig,diesel,salgsvolum,mill. liter,M,2011M02,200.0,konstruert,SSB 03687/11174/13585 (petroleumsmåltallet),autodiesel_2010_2019,
salg_autodiesel,veitransport_og_ovrig,diesel,salgsvolum,mill. liter,M,2011M03,220.0,konstruert,SSB 03687/11174/13585 (petroleumsmåltallet),autodiesel_2010_2019,
salg_autodiesel,veitransport_og_ovrig,diesel,salgsvolum,mill. liter,M,2011M04,193.0,konstruert,SSB 03687/11174/13585 (petroleumsmåltallet),autodiesel_2010_2019,
salg_autodiesel,veitransport_og_ovrig,diesel,salgsvolum,mill. liter,M,2011M05,227.0,konstruert,SSB 03687/11174/13585 (petroleumsmåltallet),autodiesel_2010_2019,
salg_autodiesel,veitransport_og_ovrig,diesel,salgsvolum,mill. liter,M,2011M06,227.0,konstruert,SSB 03687/11174/13585 (petroleumsmåltallet),autodiesel_2010_2019,
salg_autodiesel,veitransport_og_ovrig,diesel,salgsvolum,mill. liter,M,2011M07,211.0,konstruert,SSB 03687/11174/13585 (petroleumsmåltallet),autodiesel_2010_2019,
salg_autodiesel,veitransport_og_ovrig,diesel,salgsvolum,mill. liter,M,2011M08,236.0,konstruert,SSB 03687/11174/13585 (petroleumsmåltallet),autodiesel_2010_2019,
salg_autodiesel,veitransport_og_ovrig,diesel,salgsvolum,mill. liter,M,2011M09,228.0,konstruert,SSB 03687/11174/13585 (petroleumsmåltallet),autodiesel_2010_2019,
salg_autodiesel,veitransport_og_ovrig,diesel,salgsvolum,mill. liter,M,2011M10,234.0,konstruert,SSB 03687/11174/13585 (petroleumsmåltallet),autodiesel_2010_2019,
salg_autodiesel,veitransport_og_ovrig,diesel,salgsvolum,mill. liter,M,2011M11,224.0,konstruert,SSB 03687/11174/13585 (petroleumsmåltallet),autodiesel_2010_2019,
salg_autodiesel,veitransport_og_ovrig,diesel,salgsvolum,mill. liter,M,2011M12,219.0,konstruert,SSB 03687/11174/13585 (petroleumsmåltallet),autodiesel_2010_2019,
salg_autodiesel,veitransport_og_ovrig,diesel,salgsvolum,mill. liter,M,2012M01,217.0,konstruert,SSB 03687/11174/13585 (petroleumsmåltallet),autodiesel_2010_2019,
salg_autodiesel,veitransport_og_ovrig,diesel,salgsvolum,mill. liter,M,2012M02,213.0,konstruert,SSB 03687/11174/13585 (petroleumsmåltallet),autodiesel_2010_2019,
salg_autodiesel,veitransport_og_ovrig,diesel,salgsvolum,mill. liter,M,2012M03,220.0,konstruert,SSB 03687/11174/13585 (petroleumsmåltallet),autodiesel_2010_2019,
salg_autodiesel,veitransport_og_ovrig,diesel,salgsvolum,mill. liter,M,2012M04,203.0,konstruert,SSB 03687/11174/13585 (petroleumsmåltallet),autodiesel_2010_2019,
salg_autodiesel,veitransport_og_ovrig,diesel,salgsvolum,mill. liter,M,2012M05,240.0,konstruert,SSB 03687/11174/13585 (petroleumsmåltallet),autodiesel_2010_2019,
salg_autodiesel,veitransport_og_ovrig,diesel,salgsvolum,mill. liter,M,2012M06,233.0,konstruert,SSB 03687/11174/13585 (petroleumsmåltallet),autodiesel_2010_2019,
salg_autodiesel,veitransport_og_ovrig,diesel,salgsvolum,mill. liter,M,2012M07,224.0,konstruert,SSB 03687/11174/13585 (petroleumsmåltallet),autodiesel_2010_2019,
salg_autodiesel,veitransport_og_ovrig,diesel,salgsvolum,mill. liter,M,2012M08,238.0,konstruert,SSB 03687/11174/13585 (petroleumsmåltallet),autodiesel_2010_2019,
salg_autodiesel,veitransport_og_ovrig,diesel,salgsvolum,mill. liter,M,2012M09,232.0,konstruert,SSB 03687/11174/13585 (petroleumsmåltallet),autodiesel_2010_2019,
salg_autodiesel,veitransport_og_ovrig,diesel,salgsvolum,mill. liter,M,2012M10,249.0,konstruert,SSB 03687/11174/13585 (petroleumsmåltallet),autodiesel_2010_2019,
salg_autodiesel,veitransport_og_ovrig,diesel,salgsvolum,mill. liter,M,2012M11,230.0,konstruert,SSB 03687/11174/13585 (petroleumsmåltallet),autodiesel_2010_2019,
salg_autodiesel,veitransport_og_ovrig,diesel,salgsvolum,mill. liter,M,2012M12,228.0,konstruert,SSB 03687/11174/13585 (petroleumsmåltallet),autodiesel_2010_2019,
salg_autodiesel,veitransport_og_ovrig,diesel,salgsvolum,mill. liter,M,2013M01,226.0,konstruert,SSB 03687/11174/13585 (petroleumsmåltallet),autodiesel_2010_2019,
salg_autodiesel,veitransport_og_ovrig,diesel,salgsvolum,mill. liter,M,2013M02,212.0,konstruert,SSB 03687/11174/13585 (petroleumsmåltallet),autodiesel_2010_2019,
salg_autodiesel,veitransport_og_ovrig,diesel,salgsvolum,mill. liter,M,2013M03,222.0,konstruert,SSB 03687/11174/13585 (petroleumsmåltallet),autodiesel_2010_2019,
salg_autodiesel,veitransport_og_ovrig,diesel,salgsvolum,mill. liter,M,2013M04,231.0,konstruert,SSB 03687/11174/13585 (petroleumsmåltallet),autodiesel_2010_2019,
salg_autodiesel,veitransport_og_ovrig,diesel,salgsvolum,mill. liter,M,2013M05,234.0,konstruert,SSB 03687/11174/13585 (petroleumsmåltallet),autodiesel_2010_2019,
salg_autodiesel,veitransport_og_ovrig,diesel,salgsvolum,mill. liter,M,2013M06,247.0,konstruert,SSB 03687/11174/13585 (petroleumsmåltallet),autodiesel_2010_2019,
salg_autodiesel,veitransport_og_ovrig,diesel,salgsvolum,mill. liter,M,2013M07,232.0,konstruert,SSB 03687/11174/13585 (petroleumsmåltallet),autodiesel_2010_2019,
salg_autodiesel,veitransport_og_ovrig,diesel,salgsvolum,mill. liter,M,2013M08,244.0,konstruert,SSB 03687/11174/13585 (petroleumsmåltallet),autodiesel_2010_2019,
salg_autodiesel,veitransport_og_ovrig,diesel,salgsvolum,mill. liter,M,2013M09,244.0,konstruert,SSB 03687/11174/13585 (petroleumsmåltallet),autodiesel_2010_2019,
salg_autodiesel,veitransport_og_ovrig,diesel,salgsvolum,mill. liter,M,2013M10,254.0,konstruert,SSB 03687/11174/13585 (petroleumsmåltallet),autodiesel_2010_2019,
salg_autodiesel,veitransport_og_ovrig,diesel,salgsvolum,mill. liter,M,2013M11,235.0,konstruert,SSB 03687/11174/13585 (petroleumsmåltallet),autodiesel_2010_2019,
salg_autodiesel,veitransport_og_ovrig,diesel,salgsvolum,mill. liter,M,2013M12,221.0,konstruert,SSB 03687/11174/13585 (petroleumsmåltallet),autodiesel_2010_2019,
salg_autodiesel,veitransport_og_ovrig,diesel,salgsvolum,mill. liter,M,2014M01,228.0,konstruert,SSB 03687/11174/13585 (petroleumsmåltallet),autodiesel_2010_2019,
salg_autodiesel,veitransport_og_ovrig,diesel,salgsvolum,mill. liter,M,2014M02,211.0,konstruert,SSB 03687/11174/13585 (petroleumsmåltallet),autodiesel_2010_2019,
salg_autodiesel,veitransport_og_ovrig,diesel,salgsvolum,mill. liter,M,2014M03,235.0,konstruert,SSB 03687/11174/13585 (petroleumsmåltallet),autodiesel_2010_2019,
salg_autodiesel,veitransport_og_ovrig,diesel,salgsvolum,mill. liter,M,2014M04,222.0,konstruert,SSB 03687/11174/13585 (petroleumsmåltallet),autodiesel_2010_2019,
salg_autodiesel,veitransport_og_ovrig,diesel,salgsvolum,mill. liter,M,2014M05,243.0,konstruert,SSB 03687/11174/13585 (petroleumsmåltallet),autodiesel_2010_2019,
salg_autodiesel,veitransport_og_ovrig,diesel,salgsvolum,mill. liter,M,2014M06,254.0,konstruert,SSB 03687/11174/13585 (petroleumsmåltallet),autodiesel_2010_2019,
salg_autodiesel,veitransport_og_ovrig,diesel,salgsvolum,mill. liter,M,2014M07,233.0,konstruert,SSB 03687/11174/13585 (petroleumsmåltallet),autodiesel_2010_2019,
salg_autodiesel,veitransport_og_ovrig,diesel,salgsvolum,mill. liter,M,2014M08,247.0,konstruert,SSB 03687/11174/13585 (petroleumsmåltallet),autodiesel_2010_2019,
salg_autodiesel,veitransport_og_ovrig,diesel,salgsvolum,mill. liter,M,2014M09,263.0,konstruert,SSB 03687/11174/13585 (petroleumsmåltallet),autodiesel_2010_2019,
salg_autodiesel,veitransport_og_ovrig,diesel,salgsvolum,mill. liter,M,2014M10,270.0,konstruert,SSB 03687/11174/13585 (petroleumsmåltallet),autodiesel_2010_2019,
salg_autodiesel,veitransport_og_ovrig,diesel,salgsvolum,mill. liter,M,2014M11,236.0,konstruert,SSB 03687/11174/13585 (petroleumsmåltallet),autodiesel_2010_2019,
salg_autodiesel,veitransport_og_ovrig,diesel,salgsvolum,mill. liter,M,2014M12,243.0,konstruert,SSB 03687/11174/13585 (petroleumsmåltallet),autodiesel_2010_2019,
salg_autodiesel,veitransport_og_ovrig,diesel,salgsvolum,mill. liter,M,2015M01,226.0,konstruert,SSB 03687/11174/13585 (petroleumsmåltallet),autodiesel_2010_2019,
salg_autodiesel,veitransport_og_ovrig,diesel,salgsvolum,mill. liter,M,2015M02,219.0,konstruert,SSB 03687/11174/13585 (petroleumsmåltallet),autodiesel_2010_2019,
salg_autodiesel,veitransport_og_ovrig,diesel,salgsvolum,mill. liter,M,2015M03,246.0,konstruert,SSB 03687/11174/13585 (petroleumsmåltallet),autodiesel_2010_2019,
salg_autodiesel,veitransport_og_ovrig,diesel,salgsvolum,mill. liter,M,2015M04,227.0,konstruert,SSB 03687/11174/13585 (petroleumsmåltallet),autodiesel_2010_2019,
salg_autodiesel,veitransport_og_ovrig,diesel,salgsvolum,mill. liter,M,2015M05,250.0,konstruert,SSB 03687/11174/13585 (petroleumsmåltallet),autodiesel_2010_2019,
salg_autodiesel,veitransport_og_ovrig,diesel,salgsvolum,mill. liter,M,2015M06,279.0,konstruert,SSB 03687/11174/13585 (petroleumsmåltallet),autodiesel_2010_2019,
salg_autodiesel,veitransport_og_ovrig,diesel,salgsvolum,mill. liter,M,2015M07,243.0,konstruert,SSB 03687/11174/13585 (petroleumsmåltallet),autodiesel_2010_2019,
salg_autodiesel,veitransport_og_ovrig,diesel,salgsvolum,mill. liter,M,2015M08,267.0,konstruert,SSB 03687/11174/13585 (petroleumsmåltallet),autodiesel_2010_2019,
salg_autodiesel,veitransport_og_ovrig,diesel,salgsvolum,mill. liter,M,2015M09,257.0,konstruert,SSB 03687/11174/13585 (petroleumsmåltallet),autodiesel_2010_2019,
salg_autodiesel,veitransport_og_ovrig,diesel,salgsvolum,mill. liter,M,2015M10,268.0,konstruert,SSB 03687/11174/13585 (petroleumsmåltallet),autodiesel_2010_2019,
salg_autodiesel,veitransport_og_ovrig,diesel,salgsvolum,mill. liter,M,2015M11,254.0,konstruert,SSB 03687/11174/13585 (petroleumsmåltallet),autodiesel_2010_2019,
salg_autodiesel,veitransport_og_ovrig,diesel,salgsvolum,mill. liter,M,2015M12,243.0,konstruert,SSB 03687/11174/13585 (petroleumsmåltallet),autodiesel_2010_2019,
salg_autodiesel,veitransport_og_ovrig,diesel,salgsvolum,mill. liter,M,2016M01,243.0,konstruert,SSB 03687/11174/13585 (petroleumsmåltallet),autodiesel_2010_2019,
salg_autodiesel,veitransport_og_ovrig,diesel,salgsvolum,mill. liter,M,2016M02,249.0,konstruert,SSB 03687/11174/13585 (petroleumsmåltallet),autodiesel_2010_2019,
salg_autodiesel,veitransport_og_ovrig,diesel,salgsvolum,mill. liter,M,2016M03,248.0,konstruert,SSB 03687/11174/13585 (petroleumsmåltallet),autodiesel_2010_2019,
salg_autodiesel,veitransport_og_ovrig,diesel,salgsvolum,mill. liter,M,2016M04,246.0,konstruert,SSB 03687/11174/13585 (petroleumsmåltallet),autodiesel_2010_2019,
salg_autodiesel,veitransport_og_ovrig,diesel,salgsvolum,mill. liter,M,2016M05,258.0,konstruert,SSB 03687/11174/13585 (petroleumsmåltallet),autodiesel_2010_2019,
salg_autodiesel,veitransport_og_ovrig,diesel,salgsvolum,mill. liter,M,2016M06,284.0,konstruert,SSB 03687/11174/13585 (petroleumsmåltallet),autodiesel_2010_2019,
salg_autodiesel,veitransport_og_ovrig,diesel,salgsvolum,mill. liter,M,2016M07,248.0,konstruert,SSB 03687/11174/13585 (petroleumsmåltallet),autodiesel_2010_2019,
salg_autodiesel,veitransport_og_ovrig,diesel,salgsvolum,mill. liter,M,2016M08,281.0,konstruert,SSB 03687/11174/13585 (petroleumsmåltallet),autodiesel_2010_2019,
salg_autodiesel,veitransport_og_ovrig,diesel,salgsvolum,mill. liter,M,2016M09,265.0,konstruert,SSB 03687/11174/13585 (petroleumsmåltallet),autodiesel_2010_2019,
salg_autodiesel,veitransport_og_ovrig,diesel,salgsvolum,mill. liter,M,2016M10,273.0,konstruert,SSB 03687/11174/13585 (petroleumsmåltallet),autodiesel_2010_2019,
salg_autodiesel,veitransport_og_ovrig,diesel,salgsvolum,mill. liter,M,2016M11,259.0,konstruert,SSB 03687/11174/13585 (petroleumsmåltallet),autodiesel_2010_2019,
salg_autodiesel,veitransport_og_ovrig,diesel,salgsvolum,mill. liter,M,2016M12,244.0,konstruert,SSB 03687/11174/13585 (petroleumsmåltallet),autodiesel_2010_2019,
salg_autodiesel,veitransport_og_ovrig,diesel,salgsvolum,mill. liter,M,2017M01,246.0,konstruert,SSB 03687/11174/13585 (petroleumsmåltallet),autodiesel_2010_2019,
salg_autodiesel,veitransport_og_ovrig,diesel,salgsvolum,mill. liter,M,2017M02,237.0,konstruert,SSB 03687/11174/13585 (petroleumsmåltallet),autodiesel_2010_2019,
salg_autodiesel,veitransport_og_ovrig,diesel,salgsvolum,mill. liter,M,2017M03,255.0,konstruert,SSB 03687/11174/13585 (petroleumsmåltallet),autodiesel_2010_2019,
salg_autodiesel,veitransport_og_ovrig,diesel,salgsvolum,mill. liter,M,2017M04,226.0,konstruert,SSB 03687/11174/13585 (petroleumsmåltallet),autodiesel_2010_2019,
salg_autodiesel,veitransport_og_ovrig,diesel,salgsvolum,mill. liter,M,2017M05,260.0,konstruert,SSB 03687/11174/13585 (petroleumsmåltallet),autodiesel_2010_2019,
salg_autodiesel,veitransport_og_ovrig,diesel,salgsvolum,mill. liter,M,2017M06,264.0,konstruert,SSB 03687/11174/13585 (petroleumsmåltallet),autodiesel_2010_2019,
salg_autodiesel,veitransport_og_ovrig,diesel,salgsvolum,mill. liter,M,2017M07,248.0,konstruert,SSB 03687/11174/13585 (petroleumsmåltallet),autodiesel_2010_2019,
salg_autodiesel,veitransport_og_ovrig,diesel,salgsvolum,mill. liter,M,2017M08,263.0,konstruert,SSB 03687/11174/13585 (petroleumsmåltallet),autodiesel_2010_2019,
salg_autodiesel,veitransport_og_ovrig,diesel,salgsvolum,mill. liter,M,2017M09,252.0,konstruert,SSB 03687/11174/13585 (petroleumsmåltallet),autodiesel_2010_2019,
salg_autodiesel,veitransport_og_ovrig,diesel,salgsvolum,mill. liter,M,2017M10,277.0,konstruert,SSB 03687/11174/13585 (petroleumsmåltallet),autodiesel_2010_2019,
salg_autodiesel,veitransport_og_ovrig,diesel,salgsvolum,mill. liter,M,2017M11,268.0,konstruert,SSB 03687/11174/13585 (petroleumsmåltallet),autodiesel_2010_2019,
salg_autodiesel,veitransport_og_ovrig,diesel,salgsvolum,mill. liter,M,2017M12,242.0,konstruert,SSB 03687/11174/13585 (petroleumsmåltallet),autodiesel_2010_2019,
salg_autodiesel,veitransport_og_ovrig,diesel,salgsvolum,mill. liter,M,2018M01,251.0,konstruert,SSB 03687/11174/13585 (petroleumsmåltallet),autodiesel_2010_2019,
salg_autodiesel,veitransport_og_ovrig,diesel,salgsvolum,mill. liter,M,2018M02,241.0,konstruert,SSB 03687/11174/13585 (petroleumsmåltallet),autodiesel_2010_2019,
salg_autodiesel,veitransport_og_ovrig,diesel,salgsvolum,mill. liter,M,2018M03,248.0,konstruert,SSB 03687/11174/13585 (petroleumsmåltallet),autodiesel_2010_2019,
salg_autodiesel,veitransport_og_ovrig,diesel,salgsvolum,mill. liter,M,2018M04,242.0,konstruert,SSB 03687/11174/13585 (petroleumsmåltallet),autodiesel_2010_2019,
salg_autodiesel,veitransport_og_ovrig,diesel,salgsvolum,mill. liter,M,2018M05,248.0,konstruert,SSB 03687/11174/13585 (petroleumsmåltallet),autodiesel_2010_2019,
salg_autodiesel,veitransport_og_ovrig,diesel,salgsvolum,mill. liter,M,2018M06,265.0,konstruert,SSB 03687/11174/13585 (petroleumsmåltallet),autodiesel_2010_2019,
salg_autodiesel,veitransport_og_ovrig,diesel,salgsvolum,mill. liter,M,2018M07,249.0,konstruert,SSB 03687/11174/13585 (petroleumsmåltallet),autodiesel_2010_2019,
salg_autodiesel,veitransport_og_ovrig,diesel,salgsvolum,mill. liter,M,2018M08,268.0,konstruert,SSB 03687/11174/13585 (petroleumsmåltallet),autodiesel_2010_2019,
salg_autodiesel,veitransport_og_ovrig,diesel,salgsvolum,mill. liter,M,2018M09,246.0,konstruert,SSB 03687/11174/13585 (petroleumsmåltallet),autodiesel_2010_2019,
salg_autodiesel,veitransport_og_ovrig,diesel,salgsvolum,mill. liter,M,2018M10,274.0,konstruert,SSB 03687/11174/13585 (petroleumsmåltallet),autodiesel_2010_2019,
salg_autodiesel,veitransport_og_ovrig,diesel,salgsvolum,mill. liter,M,2018M11,257.0,konstruert,SSB 03687/11174/13585 (petroleumsmåltallet),autodiesel_2010_2019,
salg_autodiesel,veitransport_og_ovrig,diesel,salgsvolum,mill. liter,M,2018M12,232.0,konstruert,SSB 03687/11174/13585 (petroleumsmåltallet),autodiesel_2010_2019,
salg_autodiesel,veitransport_og_ovrig,diesel,salgsvolum,mill. liter,M,2019M01,239.0,konstruert,SSB 03687/11174/13585 (petroleumsmåltallet),autodiesel_2010_2019,
salg_autodiesel,veitransport_og_ovrig,diesel,salgsvolum,mill. liter,M,2019M02,223.0,konstruert,SSB 03687/11174/13585 (petroleumsmåltallet),autodiesel_2010_2019,
salg_autodiesel,veitransport_og_ovrig,diesel,salgsvolum,mill. liter,M,2019M03,243.0,konstruert,SSB 03687/11174/13585 (petroleumsmåltallet),autodiesel_2010_2019,
salg_autodiesel,veitransport_og_ovrig,diesel,salgsvolum,mill. liter,M,2019M04,229.0,konstruert,SSB 03687/11174/13585 (petroleumsmåltallet),autodiesel_2010_2019,
salg_autodiesel,veitransport_og_ovrig,diesel,salgsvolum,mill. liter,M,2019M05,251.0,konstruert,SSB 03687/11174/13585 (petroleumsmåltallet),autodiesel_2010_2019,
salg_autodiesel,veitransport_og_ovrig,diesel,salgsvolum,mill. liter,M,2019M06,256.0,konstruert,SSB 03687/11174/13585 (petroleumsmåltallet),autodiesel_2010_2019,
salg_autodiesel,veitransport_og_ovrig,diesel,salgsvolum,mill. liter,M,2019M07,239.0,konstruert,SSB 03687/11174/13585 (petroleumsmåltallet),autodiesel_2010_2019,
salg_autodiesel,veitransport_og_ovrig,diesel,salgsvolum,mill. liter,M,2019M08,261.0,konstruert,SSB 03687/11174/13585 (petroleumsmåltallet),autodiesel_2010_2019,
salg_autodiesel,veitransport_og_ovrig,diesel,salgsvolum,mill. liter,M,2019M09,247.0,konstruert,SSB 03687/11174/13585 (petroleumsmåltallet),autodiesel_2010_2019,
salg_autodiesel,veitransport_og_ovrig,diesel,salgsvolum,mill. liter,M,2019M10,261.0,konstruert,SSB 03687/11174/13585 (petroleumsmåltallet),autodiesel_2010_2019,
salg_autodiesel,veitransport_og_ovrig,diesel,salgsvolum,mill. liter,M,2019M11,242.0,konstruert,SSB 03687/11174/13585 (petroleumsmåltallet),autodiesel_2010_2019,
salg_autodiesel,veitransport_og_ovrig,diesel,salgsvolum,mill. liter,M,2019M12,234.0,konstruert,SSB 03687/11174/13585 (petroleumsmåltallet),autodiesel_2010_2019,
salg_autodiesel,veitransport_og_ovrig,diesel,salgsvolum,mill. liter,M,2020M01,232.0,konstruert,SSB 03687/11174/13585 (petroleumsmåltallet),autodiesel_2020_,innsamlingskorreksjon 2020: ikke sammenlignbar med tidligere perioder
salg_autodiesel,veitransport_og_ovrig,diesel,salgsvolum,mill. liter,M,2020M02,228.0,konstruert,SSB 03687/11174/13585 (petroleumsmåltallet),autodiesel_2020_,
salg_autodiesel,veitransport_og_ovrig,diesel,salgsvolum,mill. liter,M,2020M03,228.0,konstruert,SSB 03687/11174/13585 (petroleumsmåltallet),autodiesel_2020_,
salg_autodiesel,veitransport_og_ovrig,diesel,salgsvolum,mill. liter,M,2020M04,194.0,konstruert,SSB 03687/11174/13585 (petroleumsmåltallet),autodiesel_2020_,
salg_autodiesel,veitransport_og_ovrig,diesel,salgsvolum,mill. liter,M,2020M05,228.0,konstruert,SSB 03687/11174/13585 (petroleumsmåltallet),autodiesel_2020_,
salg_autodiesel,veitransport_og_ovrig,diesel,salgsvolum,mill. liter,M,2020M06,255.0,konstruert,SSB 03687/11174/13585 (petroleumsmåltallet),autodiesel_2020_,
salg_autodiesel,veitransport_og_ovrig,diesel,salgsvolum,mill. liter,M,2020M07,257.0,konstruert,SSB 03687/11174/13585 (petroleumsmåltallet),autodiesel_2020_,
salg_autodiesel,veitransport_og_ovrig,diesel,salgsvolum,mill. liter,M,2020M08,263.0,konstruert,SSB 03687/11174/13585 (petroleumsmåltallet),autodiesel_2020_,
salg_autodiesel,veitransport_og_ovrig,diesel,salgsvolum,mill. liter,M,2020M09,259.0,konstruert,SSB 03687/11174/13585 (petroleumsmåltallet),autodiesel_2020_,
salg_autodiesel,veitransport_og_ovrig,diesel,salgsvolum,mill. liter,M,2020M10,254.0,konstruert,SSB 03687/11174/13585 (petroleumsmåltallet),autodiesel_2020_,
salg_autodiesel,veitransport_og_ovrig,diesel,salgsvolum,mill. liter,M,2020M11,243.0,konstruert,SSB 03687/11174/13585 (petroleumsmåltallet),autodiesel_2020_,
salg_autodiesel,veitransport_og_ovrig,diesel,salgsvolum,mill. liter,M,2020M12,231.0,konstruert,SSB 03687/11174/13585 (petroleumsmåltallet),autodiesel_2020_,
salg_autodiesel,veitransport_og_ovrig,diesel,salgsvolum,mill. liter,M,2021M01,227.0,konstruert,SSB 03687/11174/13585 (petroleumsmåltallet),autodiesel_2020_,
salg_autodiesel,veitransport_og_ovrig,diesel,salgsvolum,mill. liter,M,2021M02,222.0,konstruert,SSB 03687/11174/13585 (petroleumsmåltallet),autodiesel_2020_,
salg_autodiesel,veitransport_og_ovrig,diesel,salgsvolum,mill. liter,M,2021M03,240.0,konstruert,SSB 03687/11174/13585 (petroleumsmåltallet),autodiesel_2020_,
salg_autodiesel,veitransport_og_ovrig,diesel,salgsvolum,mill. liter,M,2021M04,217.0,konstruert,SSB 03687/11174/13585 (petroleumsmåltallet),autodiesel_2020_,
salg_autodiesel,veitransport_og_ovrig,diesel,salgsvolum,mill. liter,M,2021M05,235.0,konstruert,SSB 03687/11174/13585 (petroleumsmåltallet),autodiesel_2020_,
salg_autodiesel,veitransport_og_ovrig,diesel,salgsvolum,mill. liter,M,2021M06,254.0,konstruert,SSB 03687/11174/13585 (petroleumsmåltallet),autodiesel_2020_,
salg_autodiesel,veitransport_og_ovrig,diesel,salgsvolum,mill. liter,M,2021M07,250.0,konstruert,SSB 03687/11174/13585 (petroleumsmåltallet),autodiesel_2020_,
salg_autodiesel,veitransport_og_ovrig,diesel,salgsvolum,mill. liter,M,2021M08,257.0,konstruert,SSB 03687/11174/13585 (petroleumsmåltallet),autodiesel_2020_,
salg_autodiesel,veitransport_og_ovrig,diesel,salgsvolum,mill. liter,M,2021M09,258.0,konstruert,SSB 03687/11174/13585 (petroleumsmåltallet),autodiesel_2020_,
salg_autodiesel,veitransport_og_ovrig,diesel,salgsvolum,mill. liter,M,2021M10,254.0,konstruert,SSB 03687/11174/13585 (petroleumsmåltallet),autodiesel_2020_,
salg_autodiesel,veitransport_og_ovrig,diesel,salgsvolum,mill. liter,M,2021M11,259.0,konstruert,SSB 03687/11174/13585 (petroleumsmåltallet),autodiesel_2020_,
salg_autodiesel,veitransport_og_ovrig,diesel,salgsvolum,mill. liter,M,2021M12,241.0,konstruert,SSB 03687/11174/13585 (petroleumsmåltallet),autodiesel_2020_,
salg_autodiesel,veitransport_og_ovrig,diesel,salgsvolum,mill. liter,M,2022M01,223.0,konstruert,SSB 03687/11174/13585 (petroleumsmåltallet),autodiesel_2020_,
salg_autodiesel,veitransport_og_ovrig,diesel,salgsvolum,mill. liter,M,2022M02,224.0,konstruert,SSB 03687/11174/13585 (petroleumsmåltallet),autodiesel_2020_,
salg_autodiesel,veitransport_og_ovrig,diesel,salgsvolum,mill. liter,M,2022M03,250.0,konstruert,SSB 03687/11174/13585 (petroleumsmåltallet),autodiesel_2020_,
salg_autodiesel,veitransport_og_ovrig,diesel,salgsvolum,mill. liter,M,2022M04,220.0,konstruert,SSB 03687/11174/13585 (petroleumsmåltallet),autodiesel_2020_,
salg_autodiesel,veitransport_og_ovrig,diesel,salgsvolum,mill. liter,M,2022M05,245.0,konstruert,SSB 03687/11174/13585 (petroleumsmåltallet),autodiesel_2020_,
salg_autodiesel,veitransport_og_ovrig,diesel,salgsvolum,mill. liter,M,2022M06,249.0,konstruert,SSB 03687/11174/13585 (petroleumsmåltallet),autodiesel_2020_,
salg_autodiesel,veitransport_og_ovrig,diesel,salgsvolum,mill. liter,M,2022M07,233.0,konstruert,SSB 03687/11174/13585 (petroleumsmåltallet),autodiesel_2020_,
salg_autodiesel,veitransport_og_ovrig,diesel,salgsvolum,mill. liter,M,2022M08,249.0,konstruert,SSB 03687/11174/13585 (petroleumsmåltallet),autodiesel_2020_,
salg_autodiesel,veitransport_og_ovrig,diesel,salgsvolum,mill. liter,M,2022M09,247.0,konstruert,SSB 03687/11174/13585 (petroleumsmåltallet),autodiesel_2020_,
salg_autodiesel,veitransport_og_ovrig,diesel,salgsvolum,mill. liter,M,2022M10,237.0,konstruert,SSB 03687/11174/13585 (petroleumsmåltallet),autodiesel_2020_,
salg_autodiesel,veitransport_og_ovrig,diesel,salgsvolum,mill. liter,M,2022M11,251.0,konstruert,SSB 03687/11174/13585 (petroleumsmåltallet),autodiesel_2020_,
salg_autodiesel,veitransport_og_ovrig,diesel,salgsvolum,mill. liter,M,2022M12,229.0,konstruert,SSB 03687/11174/13585 (petroleumsmåltallet),autodiesel_2020_,
salg_autodiesel,veitransport_og_ovrig,diesel,salgsvolum,mill. liter,M,2023M01,224.0,konstruert,SSB 03687/11174/13585 (petroleumsmåltallet),autodiesel_2020_,
salg_autodiesel,veitransport_og_ovrig,diesel,salgsvolum,mill. liter,M,2023M02,213.0,konstruert,SSB 03687/11174/13585 (petroleumsmåltallet),autodiesel_2020_,
salg_autodiesel,veitransport_og_ovrig,diesel,salgsvolum,mill. liter,M,2023M03,242.0,konstruert,SSB 03687/11174/13585 (petroleumsmåltallet),autodiesel_2020_,
salg_autodiesel,veitransport_og_ovrig,diesel,salgsvolum,mill. liter,M,2023M04,204.0,konstruert,SSB 03687/11174/13585 (petroleumsmåltallet),autodiesel_2020_,
salg_autodiesel,veitransport_og_ovrig,diesel,salgsvolum,mill. liter,M,2023M05,227.0,konstruert,SSB 03687/11174/13585 (petroleumsmåltallet),autodiesel_2020_,
salg_autodiesel,veitransport_og_ovrig,diesel,salgsvolum,mill. liter,M,2023M06,241.0,konstruert,SSB 03687/11174/13585 (petroleumsmåltallet),autodiesel_2020_,
salg_autodiesel,veitransport_og_ovrig,diesel,salgsvolum,mill. liter,M,2023M07,220.0,konstruert,SSB 03687/11174/13585 (petroleumsmåltallet),autodiesel_2020_,
salg_autodiesel,veitransport_og_ovrig,diesel,salgsvolum,mill. liter,M,2023M08,233.0,konstruert,SSB 03687/11174/13585 (petroleumsmåltallet),autodiesel_2020_,
salg_autodiesel,veitransport_og_ovrig,diesel,salgsvolum,mill. liter,M,2023M09,221.0,konstruert,SSB 03687/11174/13585 (petroleumsmåltallet),autodiesel_2020_,
salg_autodiesel,veitransport_og_ovrig,diesel,salgsvolum,mill. liter,M,2023M10,247.0,konstruert,SSB 03687/11174/13585 (petroleumsmåltallet),autodiesel_2020_,
salg_autodiesel,veitransport_og_ovrig,diesel,salgsvolum,mill. liter,M,2023M11,233.0,konstruert,SSB 03687/11174/13585 (petroleumsmåltallet),autodiesel_2020_,
salg_autodiesel,veitransport_og_ovrig,diesel,salgsvolum,mill. liter,M,2023M12,219.0,konstruert,SSB 03687/11174/13585 (petroleumsmåltallet),autodiesel_2020_,
salg_autodiesel,veitransport_og_ovrig,diesel,salgsvolum,mill. liter,M,2024M01,207.0,konstruert,SSB 03687/11174/13585 (petroleumsmåltallet),autodiesel_2020_,
salg_autodiesel,veitransport_og_ovrig,diesel,salgsvolum,mill. liter,M,2024M02,206.0,konstruert,SSB 03687/11174/13585 (petroleumsmåltallet),autodiesel_2020_,
salg_autodiesel,veitransport_og_ovrig,diesel,salgsvolum,mill. liter,M,2024M03,188.0,konstruert,SSB 03687/11174/13585 (petroleumsmåltallet),autodiesel_2020_,
salg_autodiesel,veitransport_og_ovrig,diesel,salgsvolum,mill. liter,M,2024M04,209.0,konstruert,SSB 03687/11174/13585 (petroleumsmåltallet),autodiesel_2020_,
salg_autodiesel,veitransport_og_ovrig,diesel,salgsvolum,mill. liter,M,2024M05,205.0,konstruert,SSB 03687/11174/13585 (petroleumsmåltallet),autodiesel_2020_,
salg_autodiesel,veitransport_og_ovrig,diesel,salgsvolum,mill. liter,M,2024M06,216.0,konstruert,SSB 03687/11174/13585 (petroleumsmåltallet),autodiesel_2020_,
salg_autodiesel,veitransport_og_ovrig,diesel,salgsvolum,mill. liter,M,2024M07,200.0,konstruert,SSB 03687/11174/13585 (petroleumsmåltallet),autodiesel_2020_,
salg_autodiesel,veitransport_og_ovrig,diesel,salgsvolum,mill. liter,M,2024M08,214.0,konstruert,SSB 03687/11174/13585 (petroleumsmåltallet),autodiesel_2020_,
salg_autodiesel,veitransport_og_ovrig,diesel,salgsvolum,mill. liter,M,2024M09,207.0,konstruert,SSB 03687/11174/13585 (petroleumsmåltallet),autodiesel_2020_,
salg_autodiesel,veitransport_og_ovrig,diesel,salgsvolum,mill. liter,M,2024M10,217.0,konstruert,SSB 03687/11174/13585 (petroleumsmåltallet),autodiesel_2020_,
salg_autodiesel,veitransport_og_ovrig,diesel,salgsvolum,mill. liter,M,2024M11,201.0,konstruert,SSB 03687/11174/13585 (petroleumsmåltallet),autodiesel_2020_,
salg_autodiesel,veitransport_og_ovrig,diesel,salgsvolum,mill. liter,M,2024M12,190.0,konstruert,SSB 03687/11174/13585 (petroleumsmåltallet),autodiesel_2020_,
salg_autodiesel,veitransport_og_ovrig,diesel,salgsvolum,mill. liter,M,2025M01,188.0,konstruert,SSB 03687/11174/13585 (petroleumsmåltallet),autodiesel_2020_,
salg_autodiesel,veitransport_og_ovrig,diesel,salgsvolum,mill. liter,M,2025M02,183.0,konstruert,SSB 03687/11174/13585 (petroleumsmåltallet),autodiesel_2020_,
salg_autodiesel,veitransport_og_ovrig,diesel,salgsvolum,mill. liter,M,2025M03,194.0,konstruert,SSB 03687/11174/13585 (petroleumsmåltallet),autodiesel_2020_,
salg_autodiesel,veitransport_og_ovrig,diesel,salgsvolum,mill. liter,M,2025M04,184.0,konstruert,SSB 03687/11174/13585 (petroleumsmåltallet),autodiesel_2020_,
salg_autodiesel,veitransport_og_ovrig,diesel,salgsvolum,mill. liter,M,2025M05,194.0,konstruert,SSB 03687/11174/13585 (petroleumsmåltallet),autodiesel_2020_,
salg_autodiesel,veitransport_og_ovrig,diesel,salgsvolum,mill. liter,M,2025M06,203.0,konstruert,SSB 03687/11174/13585 (petroleumsmåltallet),autodiesel_2020_,
salg_autodiesel,veitransport_og_ovrig,diesel,salgsvolum,mill. liter,M,2025M07,188.0,konstruert,SSB 03687/11174/13585 (petroleumsmåltallet),autodiesel_2020_,
salg_autodiesel,veitransport_og_ovrig,diesel,salgsvolum,mill. liter,M,2025M08,202.0,konstruert,SSB 03687/11174/13585 (petroleumsmåltallet),autodiesel_2020_,
salg_autodiesel,veitransport_og_ovrig,diesel,salgsvolum,mill. liter,M,2025M09,201.0,konstruert,SSB 03687/11174/13585 (petroleumsmåltallet),autodiesel_2020_,
salg_autodiesel,veitransport_og_ovrig,diesel,salgsvolum,mill. liter,M,2025M10,202.0,konstruert,SSB 03687/11174/13585 (petroleumsmåltallet),autodiesel_2020_,
salg_autodiesel,veitransport_og_ovrig,diesel,salgsvolum,mill. liter,M,2025M11,186.0,konstruert,SSB 03687/11174/13585 (petroleumsmåltallet),autodiesel_2020_,
salg_autodiesel,veitransport_og_ovrig,diesel,salgsvolum,mill. liter,M,2025M12,176.0,konstruert,SSB 03687/11174/13585 (petroleumsmåltallet),autodiesel_2020_,
salg_autodiesel,veitransport_og_ovrig,diesel,salgsvolum,mill. liter,M,2026M01,185.0,konstruert,SSB 03687/11174/13585 (petroleumsmåltallet),autodiesel_2020_,
salg_autodiesel,veitransport_og_ovrig,diesel,salgsvolum,mill. liter,M,2026M02,175.0,konstruert,SSB 03687/11174/13585 (petroleumsmåltallet),autodiesel_2020_,
salg_autodiesel,veitransport_og_ovrig,diesel,salgsvolum,mill. liter,M,2026M03,179.0,konstruert,SSB 03687/11174/13585 (petroleumsmåltallet),autodiesel_2020_,
salg_autodiesel,veitransport_og_ovrig,diesel,salgsvolum,mill. liter,M,2026M04,186.0,konstruert,SSB 03687/11174/13585 (petroleumsmåltallet),autodiesel_2020_,
salg_autodiesel,veitransport_og_ovrig,diesel,salgsvolum,mill. liter,M,2026M05,199.0,konstruert,SSB 03687/11174/13585 (petroleumsmåltallet),autodiesel_2020_,
salg_autodiesel,veitransport_og_ovrig,diesel,salgsvolum,mill. liter,M,2026M06,209.0,konstruert,SSB 03687/11174/13585 (petroleumsmåltallet),autodiesel_2020_,
salg_bilbensin,veitransport_og_ovrig,bensin,salgsvolum,mill. liter,M,1995M01,149.0,konstruert,SSB 03687/11174/13585 (petroleumsmåltallet),03687,
salg_bilbensin,veitransport_og_ovrig,bensin,salgsvolum,mill. liter,M,1995M02,161.0,konstruert,SSB 03687/11174/13585 (petroleumsmåltallet),03687,
salg_bilbensin,veitransport_og_ovrig,bensin,salgsvolum,mill. liter,M,1995M03,187.0,konstruert,SSB 03687/11174/13585 (petroleumsmåltallet),03687,
salg_bilbensin,veitransport_og_ovrig,bensin,salgsvolum,mill. liter,M,1995M04,169.0,konstruert,SSB 03687/11174/13585 (petroleumsmåltallet),03687,
salg_bilbensin,veitransport_og_ovrig,bensin,salgsvolum,mill. liter,M,1995M05,191.0,konstruert,SSB 03687/11174/13585 (petroleumsmåltallet),03687,
salg_bilbensin,veitransport_og_ovrig,bensin,salgsvolum,mill. liter,M,1995M06,206.0,konstruert,SSB 03687/11174/13585 (petroleumsmåltallet),03687,
salg_bilbensin,veitransport_og_ovrig,bensin,salgsvolum,mill. liter,M,1995M07,208.0,konstruert,SSB 03687/11174/13585 (petroleumsmåltallet),03687,
salg_bilbensin,veitransport_og_ovrig,bensin,salgsvolum,mill. liter,M,1995M08,208.0,konstruert,SSB 03687/11174/13585 (petroleumsmåltallet),03687,
salg_bilbensin,veitransport_og_ovrig,bensin,salgsvolum,mill. liter,M,1995M09,179.0,konstruert,SSB 03687/11174/13585 (petroleumsmåltallet),03687,
salg_bilbensin,veitransport_og_ovrig,bensin,salgsvolum,mill. liter,M,1995M10,179.0,konstruert,SSB 03687/11174/13585 (petroleumsmåltallet),03687,
salg_bilbensin,veitransport_og_ovrig,bensin,salgsvolum,mill. liter,M,1995M11,177.0,konstruert,SSB 03687/11174/13585 (petroleumsmåltallet),03687,
salg_bilbensin,veitransport_og_ovrig,bensin,salgsvolum,mill. liter,M,1995M12,187.0,konstruert,SSB 03687/11174/13585 (petroleumsmåltallet),03687,
salg_bilbensin,veitransport_og_ovrig,bensin,salgsvolum,mill. liter,M,1996M01,162.0,konstruert,SSB 03687/11174/13585 (petroleumsmåltallet),03687,
salg_bilbensin,veitransport_og_ovrig,bensin,salgsvolum,mill. liter,M,1996M02,175.0,konstruert,SSB 03687/11174/13585 (petroleumsmåltallet),03687,
salg_bilbensin,veitransport_og_ovrig,bensin,salgsvolum,mill. liter,M,1996M03,184.0,konstruert,SSB 03687/11174/13585 (petroleumsmåltallet),03687,
salg_bilbensin,veitransport_og_ovrig,bensin,salgsvolum,mill. liter,M,1996M04,181.0,konstruert,SSB 03687/11174/13585 (petroleumsmåltallet),03687,
salg_bilbensin,veitransport_og_ovrig,bensin,salgsvolum,mill. liter,M,1996M05,197.0,konstruert,SSB 03687/11174/13585 (petroleumsmåltallet),03687,
salg_bilbensin,veitransport_og_ovrig,bensin,salgsvolum,mill. liter,M,1996M06,193.0,konstruert,SSB 03687/11174/13585 (petroleumsmåltallet),03687,
salg_bilbensin,veitransport_og_ovrig,bensin,salgsvolum,mill. liter,M,1996M07,225.0,konstruert,SSB 03687/11174/13585 (petroleumsmåltallet),03687,
salg_bilbensin,veitransport_og_ovrig,bensin,salgsvolum,mill. liter,M,1996M08,207.0,konstruert,SSB 03687/11174/13585 (petroleumsmåltallet),03687,
salg_bilbensin,veitransport_og_ovrig,bensin,salgsvolum,mill. liter,M,1996M09,187.0,konstruert,SSB 03687/11174/13585 (petroleumsmåltallet),03687,
salg_bilbensin,veitransport_og_ovrig,bensin,salgsvolum,mill. liter,M,1996M10,193.0,konstruert,SSB 03687/11174/13585 (petroleumsmåltallet),03687,
salg_bilbensin,veitransport_og_ovrig,bensin,salgsvolum,mill. liter,M,1996M11,176.0,konstruert,SSB 03687/11174/13585 (petroleumsmåltallet),03687,
salg_bilbensin,veitransport_og_ovrig,bensin,salgsvolum,mill. liter,M,1996M12,205.0,konstruert,SSB 03687/11174/13585 (petroleumsmåltallet),03687,
salg_bilbensin,veitransport_og_ovrig,bensin,salgsvolum,mill. liter,M,1997M01,154.0,konstruert,SSB 03687/11174/13585 (petroleumsmåltallet),03687,
salg_bilbensin,veitransport_og_ovrig,bensin,salgsvolum,mill. liter,M,1997M02,160.0,konstruert,SSB 03687/11174/13585 (petroleumsmåltallet),03687,
salg_bilbensin,veitransport_og_ovrig,bensin,salgsvolum,mill. liter,M,1997M03,177.0,konstruert,SSB 03687/11174/13585 (petroleumsmåltallet),03687,
salg_bilbensin,veitransport_og_ovrig,bensin,salgsvolum,mill. liter,M,1997M04,189.0,konstruert,SSB 03687/11174/13585 (petroleumsmåltallet),03687,
salg_bilbensin,veitransport_og_ovrig,bensin,salgsvolum,mill. liter,M,1997M05,190.0,konstruert,SSB 03687/11174/13585 (petroleumsmåltallet),03687,
salg_bilbensin,veitransport_og_ovrig,bensin,salgsvolum,mill. liter,M,1997M06,200.0,konstruert,SSB 03687/11174/13585 (petroleumsmåltallet),03687,
salg_bilbensin,veitransport_og_ovrig,bensin,salgsvolum,mill. liter,M,1997M07,230.0,konstruert,SSB 03687/11174/13585 (petroleumsmåltallet),03687,
salg_bilbensin,veitransport_og_ovrig,bensin,salgsvolum,mill. liter,M,1997M08,200.0,konstruert,SSB 03687/11174/13585 (petroleumsmåltallet),03687,
salg_bilbensin,veitransport_og_ovrig,bensin,salgsvolum,mill. liter,M,1997M09,189.0,konstruert,SSB 03687/11174/13585 (petroleumsmåltallet),03687,
salg_bilbensin,veitransport_og_ovrig,bensin,salgsvolum,mill. liter,M,1997M10,196.0,konstruert,SSB 03687/11174/13585 (petroleumsmåltallet),03687,
salg_bilbensin,veitransport_og_ovrig,bensin,salgsvolum,mill. liter,M,1997M11,163.0,konstruert,SSB 03687/11174/13585 (petroleumsmåltallet),03687,
salg_bilbensin,veitransport_og_ovrig,bensin,salgsvolum,mill. liter,M,1997M12,200.0,konstruert,SSB 03687/11174/13585 (petroleumsmåltallet),03687,
salg_bilbensin,veitransport_og_ovrig,bensin,salgsvolum,mill. liter,M,1998M01,155.0,konstruert,SSB 03687/11174/13585 (petroleumsmåltallet),03687,
salg_bilbensin,veitransport_og_ovrig,bensin,salgsvolum,mill. liter,M,1998M02,160.0,konstruert,SSB 03687/11174/13585 (petroleumsmåltallet),03687,
salg_bilbensin,veitransport_og_ovrig,bensin,salgsvolum,mill. liter,M,1998M03,181.0,konstruert,SSB 03687/11174/13585 (petroleumsmåltallet),03687,
salg_bilbensin,veitransport_og_ovrig,bensin,salgsvolum,mill. liter,M,1998M04,193.0,konstruert,SSB 03687/11174/13585 (petroleumsmåltallet),03687,
salg_bilbensin,veitransport_og_ovrig,bensin,salgsvolum,mill. liter,M,1998M05,191.0,konstruert,SSB 03687/11174/13585 (petroleumsmåltallet),03687,
salg_bilbensin,veitransport_og_ovrig,bensin,salgsvolum,mill. liter,M,1998M06,204.0,konstruert,SSB 03687/11174/13585 (petroleumsmåltallet),03687,
salg_bilbensin,veitransport_og_ovrig,bensin,salgsvolum,mill. liter,M,1998M07,228.0,konstruert,SSB 03687/11174/13585 (petroleumsmåltallet),03687,
salg_bilbensin,veitransport_og_ovrig,bensin,salgsvolum,mill. liter,M,1998M08,201.0,konstruert,SSB 03687/11174/13585 (petroleumsmåltallet),03687,
salg_bilbensin,veitransport_og_ovrig,bensin,salgsvolum,mill. liter,M,1998M09,190.0,konstruert,SSB 03687/11174/13585 (petroleumsmåltallet),03687,
salg_bilbensin,veitransport_og_ovrig,bensin,salgsvolum,mill. liter,M,1998M10,192.0,konstruert,SSB 03687/11174/13585 (petroleumsmåltallet),03687,
salg_bilbensin,veitransport_og_ovrig,bensin,salgsvolum,mill. liter,M,1998M11,174.0,konstruert,SSB 03687/11174/13585 (petroleumsmåltallet),03687,
salg_bilbensin,veitransport_og_ovrig,bensin,salgsvolum,mill. liter,M,1998M12,203.0,konstruert,SSB 03687/11174/13585 (petroleumsmåltallet),03687,
salg_bilbensin,veitransport_og_ovrig,bensin,salgsvolum,mill. liter,M,1999M01,149.0,konstruert,SSB 03687/11174/13585 (petroleumsmåltallet),03687,
salg_bilbensin,veitransport_og_ovrig,bensin,salgsvolum,mill. liter,M,1999M02,163.0,konstruert,SSB 03687/11174/13585 (petroleumsmåltallet),03687,
salg_bilbensin,veitransport_og_ovrig,bensin,salgsvolum,mill. liter,M,1999M03,203.0,konstruert,SSB 03687/11174/13585 (petroleumsmåltallet),03687,
salg_bilbensin,veitransport_og_ovrig,bensin,salgsvolum,mill. liter,M,1999M04,172.0,konstruert,SSB 03687/11174/13585 (petroleumsmåltallet),03687,
salg_bilbensin,veitransport_og_ovrig,bensin,salgsvolum,mill. liter,M,1999M05,189.0,konstruert,SSB 03687/11174/13585 (petroleumsmåltallet),03687,
salg_bilbensin,veitransport_og_ovrig,bensin,salgsvolum,mill. liter,M,1999M06,206.0,konstruert,SSB 03687/11174/13585 (petroleumsmåltallet),03687,
salg_bilbensin,veitransport_og_ovrig,bensin,salgsvolum,mill. liter,M,1999M07,223.0,konstruert,SSB 03687/11174/13585 (petroleumsmåltallet),03687,
salg_bilbensin,veitransport_og_ovrig,bensin,salgsvolum,mill. liter,M,1999M08,204.0,konstruert,SSB 03687/11174/13585 (petroleumsmåltallet),03687,
salg_bilbensin,veitransport_og_ovrig,bensin,salgsvolum,mill. liter,M,1999M09,190.0,konstruert,SSB 03687/11174/13585 (petroleumsmåltallet),03687,
salg_bilbensin,veitransport_og_ovrig,bensin,salgsvolum,mill. liter,M,1999M10,182.0,konstruert,SSB 03687/11174/13585 (petroleumsmåltallet),03687,
salg_bilbensin,veitransport_og_ovrig,bensin,salgsvolum,mill. liter,M,1999M11,176.0,konstruert,SSB 03687/11174/13585 (petroleumsmåltallet),03687,
salg_bilbensin,veitransport_og_ovrig,bensin,salgsvolum,mill. liter,M,1999M12,199.0,konstruert,SSB 03687/11174/13585 (petroleumsmåltallet),03687,
salg_bilbensin,veitransport_og_ovrig,bensin,salgsvolum,mill. liter,M,2000M01,148.0,konstruert,SSB 03687/11174/13585 (petroleumsmåltallet),03687,
salg_bilbensin,veitransport_og_ovrig,bensin,salgsvolum,mill. liter,M,2000M02,164.0,konstruert,SSB 03687/11174/13585 (petroleumsmåltallet),03687,
salg_bilbensin,veitransport_og_ovrig,bensin,salgsvolum,mill. liter,M,2000M03,185.0,konstruert,SSB 03687/11174/13585 (petroleumsmåltallet),03687,
salg_bilbensin,veitransport_og_ovrig,bensin,salgsvolum,mill. liter,M,2000M04,174.0,konstruert,SSB 03687/11174/13585 (petroleumsmåltallet),03687,
salg_bilbensin,veitransport_og_ovrig,bensin,salgsvolum,mill. liter,M,2000M05,198.0,konstruert,SSB 03687/11174/13585 (petroleumsmåltallet),03687,
salg_bilbensin,veitransport_og_ovrig,bensin,salgsvolum,mill. liter,M,2000M06,202.0,konstruert,SSB 03687/11174/13585 (petroleumsmåltallet),03687,
salg_bilbensin,veitransport_og_ovrig,bensin,salgsvolum,mill. liter,M,2000M07,205.0,konstruert,SSB 03687/11174/13585 (petroleumsmåltallet),03687,
salg_bilbensin,veitransport_og_ovrig,bensin,salgsvolum,mill. liter,M,2000M08,209.0,konstruert,SSB 03687/11174/13585 (petroleumsmåltallet),03687,
salg_bilbensin,veitransport_og_ovrig,bensin,salgsvolum,mill. liter,M,2000M09,184.0,konstruert,SSB 03687/11174/13585 (petroleumsmåltallet),03687,
salg_bilbensin,veitransport_og_ovrig,bensin,salgsvolum,mill. liter,M,2000M10,180.0,konstruert,SSB 03687/11174/13585 (petroleumsmåltallet),03687,
salg_bilbensin,veitransport_og_ovrig,bensin,salgsvolum,mill. liter,M,2000M11,175.0,konstruert,SSB 03687/11174/13585 (petroleumsmåltallet),03687,
salg_bilbensin,veitransport_og_ovrig,bensin,salgsvolum,mill. liter,M,2000M12,165.0,konstruert,SSB 03687/11174/13585 (petroleumsmåltallet),03687,
salg_bilbensin,veitransport_og_ovrig,bensin,salgsvolum,mill. liter,M,2001M01,181.0,konstruert,SSB 03687/11174/13585 (petroleumsmåltallet),03687,
salg_bilbensin,veitransport_og_ovrig,bensin,salgsvolum,mill. liter,M,2001M02,164.0,konstruert,SSB 03687/11174/13585 (petroleumsmåltallet),03687,
salg_bilbensin,veitransport_og_ovrig,bensin,salgsvolum,mill. liter,M,2001M03,185.0,konstruert,SSB 03687/11174/13585 (petroleumsmåltallet),03687,
salg_bilbensin,veitransport_og_ovrig,bensin,salgsvolum,mill. liter,M,2001M04,180.0,konstruert,SSB 03687/11174/13585 (petroleumsmåltallet),03687,
salg_bilbensin,veitransport_og_ovrig,bensin,salgsvolum,mill. liter,M,2001M05,196.0,konstruert,SSB 03687/11174/13585 (petroleumsmåltallet),03687,
salg_bilbensin,veitransport_og_ovrig,bensin,salgsvolum,mill. liter,M,2001M06,190.0,konstruert,SSB 03687/11174/13585 (petroleumsmåltallet),03687,
salg_bilbensin,veitransport_og_ovrig,bensin,salgsvolum,mill. liter,M,2001M07,227.0,konstruert,SSB 03687/11174/13585 (petroleumsmåltallet),03687,
salg_bilbensin,veitransport_og_ovrig,bensin,salgsvolum,mill. liter,M,2001M08,214.0,konstruert,SSB 03687/11174/13585 (petroleumsmåltallet),03687,
salg_bilbensin,veitransport_og_ovrig,bensin,salgsvolum,mill. liter,M,2001M09,176.0,konstruert,SSB 03687/11174/13585 (petroleumsmåltallet),03687,
salg_bilbensin,veitransport_og_ovrig,bensin,salgsvolum,mill. liter,M,2001M10,195.0,konstruert,SSB 03687/11174/13585 (petroleumsmåltallet),03687,
salg_bilbensin,veitransport_og_ovrig,bensin,salgsvolum,mill. liter,M,2001M11,178.0,konstruert,SSB 03687/11174/13585 (petroleumsmåltallet),03687,
salg_bilbensin,veitransport_og_ovrig,bensin,salgsvolum,mill. liter,M,2001M12,184.0,konstruert,SSB 03687/11174/13585 (petroleumsmåltallet),03687,
salg_bilbensin,veitransport_og_ovrig,bensin,salgsvolum,mill. liter,M,2002M01,169.0,konstruert,SSB 03687/11174/13585 (petroleumsmåltallet),03687,
salg_bilbensin,veitransport_og_ovrig,bensin,salgsvolum,mill. liter,M,2002M02,160.0,konstruert,SSB 03687/11174/13585 (petroleumsmåltallet),03687,
salg_bilbensin,veitransport_og_ovrig,bensin,salgsvolum,mill. liter,M,2002M03,180.0,konstruert,SSB 03687/11174/13585 (petroleumsmåltallet),03687,
salg_bilbensin,veitransport_og_ovrig,bensin,salgsvolum,mill. liter,M,2002M04,184.0,konstruert,SSB 03687/11174/13585 (petroleumsmåltallet),03687,
salg_bilbensin,veitransport_og_ovrig,bensin,salgsvolum,mill. liter,M,2002M05,201.0,konstruert,SSB 03687/11174/13585 (petroleumsmåltallet),03687,
salg_bilbensin,veitransport_og_ovrig,bensin,salgsvolum,mill. liter,M,2002M06,196.0,konstruert,SSB 03687/11174/13585 (petroleumsmåltallet),03687,
salg_bilbensin,veitransport_og_ovrig,bensin,salgsvolum,mill. liter,M,2002M07,220.0,konstruert,SSB 03687/11174/13585 (petroleumsmåltallet),03687,
salg_bilbensin,veitransport_og_ovrig,bensin,salgsvolum,mill. liter,M,2002M08,211.0,konstruert,SSB 03687/11174/13585 (petroleumsmåltallet),03687,
salg_bilbensin,veitransport_og_ovrig,bensin,salgsvolum,mill. liter,M,2002M09,184.0,konstruert,SSB 03687/11174/13585 (petroleumsmåltallet),03687,
salg_bilbensin,veitransport_og_ovrig,bensin,salgsvolum,mill. liter,M,2002M10,191.0,konstruert,SSB 03687/11174/13585 (petroleumsmåltallet),03687,
salg_bilbensin,veitransport_og_ovrig,bensin,salgsvolum,mill. liter,M,2002M11,173.0,konstruert,SSB 03687/11174/13585 (petroleumsmåltallet),03687,
salg_bilbensin,veitransport_og_ovrig,bensin,salgsvolum,mill. liter,M,2002M12,185.0,konstruert,SSB 03687/11174/13585 (petroleumsmåltallet),03687,
salg_bilbensin,veitransport_og_ovrig,bensin,salgsvolum,mill. liter,M,2003M01,169.0,konstruert,SSB 03687/11174/13585 (petroleumsmåltallet),03687,
salg_bilbensin,veitransport_og_ovrig,bensin,salgsvolum,mill. liter,M,2003M02,161.0,konstruert,SSB 03687/11174/13585 (petroleumsmåltallet),03687,
salg_bilbensin,veitransport_og_ovrig,bensin,salgsvolum,mill. liter,M,2003M03,172.0,konstruert,SSB 03687/11174/13585 (petroleumsmåltallet),03687,
salg_bilbensin,veitransport_og_ovrig,bensin,salgsvolum,mill. liter,M,2003M04,187.0,konstruert,SSB 03687/11174/13585 (petroleumsmåltallet),03687,
salg_bilbensin,veitransport_og_ovrig,bensin,salgsvolum,mill. liter,M,2003M05,190.0,konstruert,SSB 03687/11174/13585 (petroleumsmåltallet),03687,
salg_bilbensin,veitransport_og_ovrig,bensin,salgsvolum,mill. liter,M,2003M06,201.0,konstruert,SSB 03687/11174/13585 (petroleumsmåltallet),03687,
salg_bilbensin,veitransport_og_ovrig,bensin,salgsvolum,mill. liter,M,2003M07,222.0,konstruert,SSB 03687/11174/13585 (petroleumsmåltallet),03687,
salg_bilbensin,veitransport_og_ovrig,bensin,salgsvolum,mill. liter,M,2003M08,200.0,konstruert,SSB 03687/11174/13585 (petroleumsmåltallet),03687,
salg_bilbensin,veitransport_og_ovrig,bensin,salgsvolum,mill. liter,M,2003M09,192.0,konstruert,SSB 03687/11174/13585 (petroleumsmåltallet),03687,
salg_bilbensin,veitransport_og_ovrig,bensin,salgsvolum,mill. liter,M,2003M10,192.0,konstruert,SSB 03687/11174/13585 (petroleumsmåltallet),03687,
salg_bilbensin,veitransport_og_ovrig,bensin,salgsvolum,mill. liter,M,2003M11,165.0,konstruert,SSB 03687/11174/13585 (petroleumsmåltallet),03687,
salg_bilbensin,veitransport_og_ovrig,bensin,salgsvolum,mill. liter,M,2003M12,178.0,konstruert,SSB 03687/11174/13585 (petroleumsmåltallet),03687,
salg_bilbensin,veitransport_og_ovrig,bensin,salgsvolum,mill. liter,M,2004M01,166.0,konstruert,SSB 03687/11174/13585 (petroleumsmåltallet),03687,
salg_bilbensin,veitransport_og_ovrig,bensin,salgsvolum,mill. liter,M,2004M02,161.0,konstruert,SSB 03687/11174/13585 (petroleumsmåltallet),03687,
salg_bilbensin,veitransport_og_ovrig,bensin,salgsvolum,mill. liter,M,2004M03,183.0,konstruert,SSB 03687/11174/13585 (petroleumsmåltallet),03687,
salg_bilbensin,veitransport_og_ovrig,bensin,salgsvolum,mill. liter,M,2004M04,182.0,konstruert,SSB 03687/11174/13585 (petroleumsmåltallet),03687,
salg_bilbensin,veitransport_og_ovrig,bensin,salgsvolum,mill. liter,M,2004M05,185.0,konstruert,SSB 03687/11174/13585 (petroleumsmåltallet),03687,
salg_bilbensin,veitransport_og_ovrig,bensin,salgsvolum,mill. liter,M,2004M06,206.0,konstruert,SSB 03687/11174/13585 (petroleumsmåltallet),03687,
salg_bilbensin,veitransport_og_ovrig,bensin,salgsvolum,mill. liter,M,2004M07,209.0,konstruert,SSB 03687/11174/13585 (petroleumsmåltallet),03687,
salg_bilbensin,veitransport_og_ovrig,bensin,salgsvolum,mill. liter,M,2004M08,207.0,konstruert,SSB 03687/11174/13585 (petroleumsmåltallet),03687,
salg_bilbensin,veitransport_og_ovrig,bensin,salgsvolum,mill. liter,M,2004M09,184.0,konstruert,SSB 03687/11174/13585 (petroleumsmåltallet),03687,
salg_bilbensin,veitransport_og_ovrig,bensin,salgsvolum,mill. liter,M,2004M10,178.0,konstruert,SSB 03687/11174/13585 (petroleumsmåltallet),03687,
salg_bilbensin,veitransport_og_ovrig,bensin,salgsvolum,mill. liter,M,2004M11,170.0,konstruert,SSB 03687/11174/13585 (petroleumsmåltallet),03687,
salg_bilbensin,veitransport_og_ovrig,bensin,salgsvolum,mill. liter,M,2004M12,183.0,konstruert,SSB 03687/11174/13585 (petroleumsmåltallet),03687,
salg_bilbensin,veitransport_og_ovrig,bensin,salgsvolum,mill. liter,M,2005M01,155.0,konstruert,SSB 03687/11174/13585 (petroleumsmåltallet),03687,
salg_bilbensin,veitransport_og_ovrig,bensin,salgsvolum,mill. liter,M,2005M02,156.0,konstruert,SSB 03687/11174/13585 (petroleumsmåltallet),03687,
salg_bilbensin,veitransport_og_ovrig,bensin,salgsvolum,mill. liter,M,2005M03,180.0,konstruert,SSB 03687/11174/13585 (petroleumsmåltallet),03687,
salg_bilbensin,veitransport_og_ovrig,bensin,salgsvolum,mill. liter,M,2005M04,170.0,konstruert,SSB 03687/11174/13585 (petroleumsmåltallet),03687,
salg_bilbensin,veitransport_og_ovrig,bensin,salgsvolum,mill. liter,M,2005M05,186.0,konstruert,SSB 03687/11174/13585 (petroleumsmåltallet),03687,
salg_bilbensin,veitransport_og_ovrig,bensin,salgsvolum,mill. liter,M,2005M06,200.0,konstruert,SSB 03687/11174/13585 (petroleumsmåltallet),03687,
salg_bilbensin,veitransport_og_ovrig,bensin,salgsvolum,mill. liter,M,2005M07,203.0,konstruert,SSB 03687/11174/13585 (petroleumsmåltallet),03687,
salg_bilbensin,veitransport_og_ovrig,bensin,salgsvolum,mill. liter,M,2005M08,200.0,konstruert,SSB 03687/11174/13585 (petroleumsmåltallet),03687,
salg_bilbensin,veitransport_og_ovrig,bensin,salgsvolum,mill. liter,M,2005M09,181.0,konstruert,SSB 03687/11174/13585 (petroleumsmåltallet),03687,
salg_bilbensin,veitransport_og_ovrig,bensin,salgsvolum,mill. liter,M,2005M10,173.0,konstruert,SSB 03687/11174/13585 (petroleumsmåltallet),03687,
salg_bilbensin,veitransport_og_ovrig,bensin,salgsvolum,mill. liter,M,2005M11,162.0,konstruert,SSB 03687/11174/13585 (petroleumsmåltallet),03687,
salg_bilbensin,veitransport_og_ovrig,bensin,salgsvolum,mill. liter,M,2005M12,173.0,konstruert,SSB 03687/11174/13585 (petroleumsmåltallet),03687,
salg_bilbensin,veitransport_og_ovrig,bensin,salgsvolum,mill. liter,M,2006M01,156.0,konstruert,SSB 03687/11174/13585 (petroleumsmåltallet),03687,
salg_bilbensin,veitransport_og_ovrig,bensin,salgsvolum,mill. liter,M,2006M02,149.0,konstruert,SSB 03687/11174/13585 (petroleumsmåltallet),03687,
salg_bilbensin,veitransport_og_ovrig,bensin,salgsvolum,mill. liter,M,2006M03,171.0,konstruert,SSB 03687/11174/13585 (petroleumsmåltallet),03687,
salg_bilbensin,veitransport_og_ovrig,bensin,salgsvolum,mill. liter,M,2006M04,163.0,konstruert,SSB 03687/11174/13585 (petroleumsmåltallet),03687,
salg_bilbensin,veitransport_og_ovrig,bensin,salgsvolum,mill. liter,M,2006M05,182.0,konstruert,SSB 03687/11174/13585 (petroleumsmåltallet),03687,
salg_bilbensin,veitransport_og_ovrig,bensin,salgsvolum,mill. liter,M,2006M06,190.0,konstruert,SSB 03687/11174/13585 (petroleumsmåltallet),03687,
salg_bilbensin,veitransport_og_ovrig,bensin,salgsvolum,mill. liter,M,2006M07,197.0,konstruert,SSB 03687/11174/13585 (petroleumsmåltallet),03687,
salg_bilbensin,veitransport_og_ovrig,bensin,salgsvolum,mill. liter,M,2006M08,194.0,konstruert,SSB 03687/11174/13585 (petroleumsmåltallet),03687,
salg_bilbensin,veitransport_og_ovrig,bensin,salgsvolum,mill. liter,M,2006M09,169.0,konstruert,SSB 03687/11174/13585 (petroleumsmåltallet),03687,
salg_bilbensin,veitransport_og_ovrig,bensin,salgsvolum,mill. liter,M,2006M10,171.0,konstruert,SSB 03687/11174/13585 (petroleumsmåltallet),03687,
salg_bilbensin,veitransport_og_ovrig,bensin,salgsvolum,mill. liter,M,2006M11,157.0,konstruert,SSB 03687/11174/13585 (petroleumsmåltallet),03687,
salg_bilbensin,veitransport_og_ovrig,bensin,salgsvolum,mill. liter,M,2006M12,157.0,konstruert,SSB 03687/11174/13585 (petroleumsmåltallet),03687,
salg_bilbensin,veitransport_og_ovrig,bensin,salgsvolum,mill. liter,M,2007M01,154.0,konstruert,SSB 03687/11174/13585 (petroleumsmåltallet),03687,
salg_bilbensin,veitransport_og_ovrig,bensin,salgsvolum,mill. liter,M,2007M02,142.0,konstruert,SSB 03687/11174/13585 (petroleumsmåltallet),03687,
salg_bilbensin,veitransport_og_ovrig,bensin,salgsvolum,mill. liter,M,2007M03,162.0,konstruert,SSB 03687/11174/13585 (petroleumsmåltallet),03687,
salg_bilbensin,veitransport_og_ovrig,bensin,salgsvolum,mill. liter,M,2007M04,158.0,konstruert,SSB 03687/11174/13585 (petroleumsmåltallet),03687,
salg_bilbensin,veitransport_og_ovrig,bensin,salgsvolum,mill. liter,M,2007M05,175.0,konstruert,SSB 03687/11174/13585 (petroleumsmåltallet),03687,
salg_bilbensin,veitransport_og_ovrig,bensin,salgsvolum,mill. liter,M,2007M06,180.0,konstruert,SSB 03687/11174/13585 (petroleumsmåltallet),03687,
salg_bilbensin,veitransport_og_ovrig,bensin,salgsvolum,mill. liter,M,2007M07,187.0,konstruert,SSB 03687/11174/13585 (petroleumsmåltallet),03687,
salg_bilbensin,veitransport_og_ovrig,bensin,salgsvolum,mill. liter,M,2007M08,183.0,konstruert,SSB 03687/11174/13585 (petroleumsmåltallet),03687,
salg_bilbensin,veitransport_og_ovrig,bensin,salgsvolum,mill. liter,M,2007M09,157.0,konstruert,SSB 03687/11174/13585 (petroleumsmåltallet),03687,
salg_bilbensin,veitransport_og_ovrig,bensin,salgsvolum,mill. liter,M,2007M10,161.0,konstruert,SSB 03687/11174/13585 (petroleumsmåltallet),03687,
salg_bilbensin,veitransport_og_ovrig,bensin,salgsvolum,mill. liter,M,2007M11,145.0,konstruert,SSB 03687/11174/13585 (petroleumsmåltallet),03687,
salg_bilbensin,veitransport_og_ovrig,bensin,salgsvolum,mill. liter,M,2007M12,149.0,konstruert,SSB 03687/11174/13585 (petroleumsmåltallet),03687,
salg_bilbensin,veitransport_og_ovrig,bensin,salgsvolum,mill. liter,M,2008M01,140.0,konstruert,SSB 03687/11174/13585 (petroleumsmåltallet),03687,
salg_bilbensin,veitransport_og_ovrig,bensin,salgsvolum,mill. liter,M,2008M02,137.0,konstruert,SSB 03687/11174/13585 (petroleumsmåltallet),03687,
salg_bilbensin,veitransport_og_ovrig,bensin,salgsvolum,mill. liter,M,2008M03,149.0,konstruert,SSB 03687/11174/13585 (petroleumsmåltallet),03687,
salg_bilbensin,veitransport_og_ovrig,bensin,salgsvolum,mill. liter,M,2008M04,149.0,konstruert,SSB 03687/11174/13585 (petroleumsmåltallet),03687,
salg_bilbensin,veitransport_og_ovrig,bensin,salgsvolum,mill. liter,M,2008M05,164.0,konstruert,SSB 03687/11174/13585 (petroleumsmåltallet),03687,
salg_bilbensin,veitransport_og_ovrig,bensin,salgsvolum,mill. liter,M,2008M06,168.0,konstruert,SSB 03687/11174/13585 (petroleumsmåltallet),03687,
salg_bilbensin,veitransport_og_ovrig,bensin,salgsvolum,mill. liter,M,2008M07,178.0,konstruert,SSB 03687/11174/13585 (petroleumsmåltallet),03687,
salg_bilbensin,veitransport_og_ovrig,bensin,salgsvolum,mill. liter,M,2008M08,158.0,konstruert,SSB 03687/11174/13585 (petroleumsmåltallet),03687,
salg_bilbensin,veitransport_og_ovrig,bensin,salgsvolum,mill. liter,M,2008M09,152.0,konstruert,SSB 03687/11174/13585 (petroleumsmåltallet),03687,
salg_bilbensin,veitransport_og_ovrig,bensin,salgsvolum,mill. liter,M,2008M10,150.0,konstruert,SSB 03687/11174/13585 (petroleumsmåltallet),03687,
salg_bilbensin,veitransport_og_ovrig,bensin,salgsvolum,mill. liter,M,2008M11,135.0,konstruert,SSB 03687/11174/13585 (petroleumsmåltallet),03687,
salg_bilbensin,veitransport_og_ovrig,bensin,salgsvolum,mill. liter,M,2008M12,149.0,konstruert,SSB 03687/11174/13585 (petroleumsmåltallet),03687,
salg_bilbensin,veitransport_og_ovrig,bensin,salgsvolum,mill. liter,M,2009M01,126.0,konstruert,SSB 03687/11174/13585 (petroleumsmåltallet),03687,
salg_bilbensin,veitransport_og_ovrig,bensin,salgsvolum,mill. liter,M,2009M02,127.0,konstruert,SSB 03687/11174/13585 (petroleumsmåltallet),03687,
salg_bilbensin,veitransport_og_ovrig,bensin,salgsvolum,mill. liter,M,2009M03,140.0,konstruert,SSB 03687/11174/13585 (petroleumsmåltallet),03687,
salg_bilbensin,veitransport_og_ovrig,bensin,salgsvolum,mill. liter,M,2009M04,142.0,konstruert,SSB 03687/11174/13585 (petroleumsmåltallet),03687,
salg_bilbensin,veitransport_og_ovrig,bensin,salgsvolum,mill. liter,M,2009M05,154.0,konstruert,SSB 03687/11174/13585 (petroleumsmåltallet),03687,
salg_bilbensin,veitransport_og_ovrig,bensin,salgsvolum,mill. liter,M,2009M06,163.0,konstruert,SSB 03687/11174/13585 (petroleumsmåltallet),03687,
salg_bilbensin,veitransport_og_ovrig,bensin,salgsvolum,mill. liter,M,2009M07,165.0,konstruert,SSB 03687/11174/13585 (petroleumsmåltallet),03687,
salg_bilbensin,veitransport_og_ovrig,bensin,salgsvolum,mill. liter,M,2009M08,156.0,konstruert,SSB 03687/11174/13585 (petroleumsmåltallet),03687,
salg_bilbensin,veitransport_og_ovrig,bensin,salgsvolum,mill. liter,M,2009M09,144.0,konstruert,SSB 03687/11174/13585 (petroleumsmåltallet),03687,
salg_bilbensin,veitransport_og_ovrig,bensin,salgsvolum,mill. liter,M,2009M10,135.0,konstruert,SSB 03687/11174/13585 (petroleumsmåltallet),03687,
salg_bilbensin,veitransport_og_ovrig,bensin,salgsvolum,mill. liter,M,2009M11,127.0,konstruert,SSB 03687/11174/13585 (petroleumsmåltallet),03687,
salg_bilbensin,veitransport_og_ovrig,bensin,salgsvolum,mill. liter,M,2009M12,137.0,konstruert,SSB 03687/11174/13585 (petroleumsmåltallet),03687,
salg_bilbensin,veitransport_og_ovrig,bensin,salgsvolum,mill. liter,M,2010M01,124.0,konstruert,SSB 03687/11174/13585 (petroleumsmåltallet),11174,
salg_bilbensin,veitransport_og_ovrig,bensin,salgsvolum,mill. liter,M,2010M02,118.0,konstruert,SSB 03687/11174/13585 (petroleumsmåltallet),11174,
salg_bilbensin,veitransport_og_ovrig,bensin,salgsvolum,mill. liter,M,2010M03,135.0,konstruert,SSB 03687/11174/13585 (petroleumsmåltallet),11174,
salg_bilbensin,veitransport_og_ovrig,bensin,salgsvolum,mill. liter,M,2010M04,128.0,konstruert,SSB 03687/11174/13585 (petroleumsmåltallet),11174,
salg_bilbensin,veitransport_og_ovrig,bensin,salgsvolum,mill. liter,M,2010M05,143.0,konstruert,SSB 03687/11174/13585 (petroleumsmåltallet),11174,
salg_bilbensin,veitransport_og_ovrig,bensin,salgsvolum,mill. liter,M,2010M06,151.0,konstruert,SSB 03687/11174/13585 (petroleumsmåltallet),11174,
salg_bilbensin,veitransport_og_ovrig,bensin,salgsvolum,mill. liter,M,2010M07,157.0,konstruert,SSB 03687/11174/13585 (petroleumsmåltallet),11174,
salg_bilbensin,veitransport_og_ovrig,bensin,salgsvolum,mill. liter,M,2010M08,152.0,konstruert,SSB 03687/11174/13585 (petroleumsmåltallet),11174,
salg_bilbensin,veitransport_og_ovrig,bensin,salgsvolum,mill. liter,M,2010M09,134.0,konstruert,SSB 03687/11174/13585 (petroleumsmåltallet),11174,
salg_bilbensin,veitransport_og_ovrig,bensin,salgsvolum,mill. liter,M,2010M10,131.0,konstruert,SSB 03687/11174/13585 (petroleumsmåltallet),11174,
salg_bilbensin,veitransport_og_ovrig,bensin,salgsvolum,mill. liter,M,2010M11,122.0,konstruert,SSB 03687/11174/13585 (petroleumsmåltallet),11174,
salg_bilbensin,veitransport_og_ovrig,bensin,salgsvolum,mill. liter,M,2010M12,130.0,konstruert,SSB 03687/11174/13585 (petroleumsmåltallet),11174,
salg_bilbensin,veitransport_og_ovrig,bensin,salgsvolum,mill. liter,M,2011M01,115.0,konstruert,SSB 03687/11174/13585 (petroleumsmåltallet),11174,
salg_bilbensin,veitransport_og_ovrig,bensin,salgsvolum,mill. liter,M,2011M02,110.0,konstruert,SSB 03687/11174/13585 (petroleumsmåltallet),11174,
salg_bilbensin,veitransport_og_ovrig,bensin,salgsvolum,mill. liter,M,2011M03,119.0,konstruert,SSB 03687/11174/13585 (petroleumsmåltallet),11174,
salg_bilbensin,veitransport_og_ovrig,bensin,salgsvolum,mill. liter,M,2011M04,122.0,konstruert,SSB 03687/11174/13585 (petroleumsmåltallet),11174,
salg_bilbensin,veitransport_og_ovrig,bensin,salgsvolum,mill. liter,M,2011M05,133.0,konstruert,SSB 03687/11174/13585 (petroleumsmåltallet),11174,
salg_bilbensin,veitransport_og_ovrig,bensin,salgsvolum,mill. liter,M,2011M06,139.0,konstruert,SSB 03687/11174/13585 (petroleumsmåltallet),11174,
salg_bilbensin,veitransport_og_ovrig,bensin,salgsvolum,mill. liter,M,2011M07,142.0,konstruert,SSB 03687/11174/13585 (petroleumsmåltallet),11174,
salg_bilbensin,veitransport_og_ovrig,bensin,salgsvolum,mill. liter,M,2011M08,141.0,konstruert,SSB 03687/11174/13585 (petroleumsmåltallet),11174,
salg_bilbensin,veitransport_og_ovrig,bensin,salgsvolum,mill. liter,M,2011M09,122.0,konstruert,SSB 03687/11174/13585 (petroleumsmåltallet),11174,
salg_bilbensin,veitransport_og_ovrig,bensin,salgsvolum,mill. liter,M,2011M10,123.0,konstruert,SSB 03687/11174/13585 (petroleumsmåltallet),11174,
salg_bilbensin,veitransport_og_ovrig,bensin,salgsvolum,mill. liter,M,2011M11,111.0,konstruert,SSB 03687/11174/13585 (petroleumsmåltallet),11174,
salg_bilbensin,veitransport_og_ovrig,bensin,salgsvolum,mill. liter,M,2011M12,114.0,konstruert,SSB 03687/11174/13585 (petroleumsmåltallet),11174,
salg_bilbensin,veitransport_og_ovrig,bensin,salgsvolum,mill. liter,M,2012M01,108.0,konstruert,SSB 03687/11174/13585 (petroleumsmåltallet),11174,
salg_bilbensin,veitransport_og_ovrig,bensin,salgsvolum,mill. liter,M,2012M02,105.0,konstruert,SSB 03687/11174/13585 (petroleumsmåltallet),11174,
salg_bilbensin,veitransport_og_ovrig,bensin,salgsvolum,mill. liter,M,2012M03,111.0,konstruert,SSB 03687/11174/13585 (petroleumsmåltallet),11174,
salg_bilbensin,veitransport_og_ovrig,bensin,salgsvolum,mill. liter,M,2012M04,113.0,konstruert,SSB 03687/11174/13585 (petroleumsmåltallet),11174,
salg_bilbensin,veitransport_og_ovrig,bensin,salgsvolum,mill. liter,M,2012M05,131.0,konstruert,SSB 03687/11174/13585 (petroleumsmåltallet),11174,
salg_bilbensin,veitransport_og_ovrig,bensin,salgsvolum,mill. liter,M,2012M06,123.0,konstruert,SSB 03687/11174/13585 (petroleumsmåltallet),11174,
salg_bilbensin,veitransport_og_ovrig,bensin,salgsvolum,mill. liter,M,2012M07,134.0,konstruert,SSB 03687/11174/13585 (petroleumsmåltallet),11174,
salg_bilbensin,veitransport_og_ovrig,bensin,salgsvolum,mill. liter,M,2012M08,129.0,konstruert,SSB 03687/11174/13585 (petroleumsmåltallet),11174,
salg_bilbensin,veitransport_og_ovrig,bensin,salgsvolum,mill. liter,M,2012M09,114.0,konstruert,SSB 03687/11174/13585 (petroleumsmåltallet),11174,
salg_bilbensin,veitransport_og_ovrig,bensin,salgsvolum,mill. liter,M,2012M10,115.0,konstruert,SSB 03687/11174/13585 (petroleumsmåltallet),11174,
salg_bilbensin,veitransport_og_ovrig,bensin,salgsvolum,mill. liter,M,2012M11,107.0,konstruert,SSB 03687/11174/13585 (petroleumsmåltallet),11174,
salg_bilbensin,veitransport_og_ovrig,bensin,salgsvolum,mill. liter,M,2012M12,103.0,konstruert,SSB 03687/11174/13585 (petroleumsmåltallet),11174,
salg_bilbensin,veitransport_og_ovrig,bensin,salgsvolum,mill. liter,M,2013M01,101.0,konstruert,SSB 03687/11174/13585 (petroleumsmåltallet),11174,
salg_bilbensin,veitransport_og_ovrig,bensin,salgsvolum,mill. liter,M,2013M02,95.0,konstruert,SSB 03687/11174/13585 (petroleumsmåltallet),11174,
salg_bilbensin,veitransport_og_ovrig,bensin,salgsvolum,mill. liter,M,2013M03,107.0,konstruert,SSB 03687/11174/13585 (petroleumsmåltallet),11174,
salg_bilbensin,veitransport_og_ovrig,bensin,salgsvolum,mill. liter,M,2013M04,106.0,konstruert,SSB 03687/11174/13585 (petroleumsmåltallet),11174,
salg_bilbensin,veitransport_og_ovrig,bensin,salgsvolum,mill. liter,M,2013M05,117.0,konstruert,SSB 03687/11174/13585 (petroleumsmåltallet),11174,
salg_bilbensin,veitransport_og_ovrig,bensin,salgsvolum,mill. liter,M,2013M06,122.0,konstruert,SSB 03687/11174/13585 (petroleumsmåltallet),11174,
salg_bilbensin,veitransport_og_ovrig,bensin,salgsvolum,mill. liter,M,2013M07,131.0,konstruert,SSB 03687/11174/13585 (petroleumsmåltallet),11174,
salg_bilbensin,veitransport_og_ovrig,bensin,salgsvolum,mill. liter,M,2013M08,120.0,konstruert,SSB 03687/11174/13585 (petroleumsmåltallet),11174,
salg_bilbensin,veitransport_og_ovrig,bensin,salgsvolum,mill. liter,M,2013M09,110.0,konstruert,SSB 03687/11174/13585 (petroleumsmåltallet),11174,
salg_bilbensin,veitransport_og_ovrig,bensin,salgsvolum,mill. liter,M,2013M10,105.0,konstruert,SSB 03687/11174/13585 (petroleumsmåltallet),11174,
salg_bilbensin,veitransport_og_ovrig,bensin,salgsvolum,mill. liter,M,2013M11,95.0,konstruert,SSB 03687/11174/13585 (petroleumsmåltallet),11174,
salg_bilbensin,veitransport_og_ovrig,bensin,salgsvolum,mill. liter,M,2013M12,99.0,konstruert,SSB 03687/11174/13585 (petroleumsmåltallet),11174,
salg_bilbensin,veitransport_og_ovrig,bensin,salgsvolum,mill. liter,M,2014M01,93.0,konstruert,SSB 03687/11174/13585 (petroleumsmåltallet),11174,
salg_bilbensin,veitransport_og_ovrig,bensin,salgsvolum,mill. liter,M,2014M02,86.0,konstruert,SSB 03687/11174/13585 (petroleumsmåltallet),11174,
salg_bilbensin,veitransport_og_ovrig,bensin,salgsvolum,mill. liter,M,2014M03,100.0,konstruert,SSB 03687/11174/13585 (petroleumsmåltallet),11174,
salg_bilbensin,veitransport_og_ovrig,bensin,salgsvolum,mill. liter,M,2014M04,102.0,konstruert,SSB 03687/11174/13585 (petroleumsmåltallet),11174,
salg_bilbensin,veitransport_og_ovrig,bensin,salgsvolum,mill. liter,M,2014M05,111.0,konstruert,SSB 03687/11174/13585 (petroleumsmåltallet),11174,
salg_bilbensin,veitransport_og_ovrig,bensin,salgsvolum,mill. liter,M,2014M06,119.0,konstruert,SSB 03687/11174/13585 (petroleumsmåltallet),11174,
salg_bilbensin,veitransport_og_ovrig,bensin,salgsvolum,mill. liter,M,2014M07,123.0,konstruert,SSB 03687/11174/13585 (petroleumsmåltallet),11174,
salg_bilbensin,veitransport_og_ovrig,bensin,salgsvolum,mill. liter,M,2014M08,112.0,konstruert,SSB 03687/11174/13585 (petroleumsmåltallet),11174,
salg_bilbensin,veitransport_og_ovrig,bensin,salgsvolum,mill. liter,M,2014M09,103.0,konstruert,SSB 03687/11174/13585 (petroleumsmåltallet),11174,
salg_bilbensin,veitransport_og_ovrig,bensin,salgsvolum,mill. liter,M,2014M10,99.0,konstruert,SSB 03687/11174/13585 (petroleumsmåltallet),11174,
salg_bilbensin,veitransport_og_ovrig,bensin,salgsvolum,mill. liter,M,2014M11,91.0,konstruert,SSB 03687/11174/13585 (petroleumsmåltallet),11174,
salg_bilbensin,veitransport_og_ovrig,bensin,salgsvolum,mill. liter,M,2014M12,96.0,konstruert,SSB 03687/11174/13585 (petroleumsmåltallet),11174,
salg_bilbensin,veitransport_og_ovrig,bensin,salgsvolum,mill. liter,M,2015M01,86.0,konstruert,SSB 03687/11174/13585 (petroleumsmåltallet),11174,
salg_bilbensin,veitransport_og_ovrig,bensin,salgsvolum,mill. liter,M,2015M02,81.0,konstruert,SSB 03687/11174/13585 (petroleumsmåltallet),11174,
salg_bilbensin,veitransport_og_ovrig,bensin,salgsvolum,mill. liter,M,2015M03,97.0,konstruert,SSB 03687/11174/13585 (petroleumsmåltallet),11174,
salg_bilbensin,veitransport_og_ovrig,bensin,salgsvolum,mill. liter,M,2015M04,94.0,konstruert,SSB 03687/11174/13585 (petroleumsmåltallet),11174,
salg_bilbensin,veitransport_og_ovrig,bensin,salgsvolum,mill. liter,M,2015M05,104.0,konstruert,SSB 03687/11174/13585 (petroleumsmåltallet),11174,
salg_bilbensin,veitransport_og_ovrig,bensin,salgsvolum,mill. liter,M,2015M06,112.0,konstruert,SSB 03687/11174/13585 (petroleumsmåltallet),11174,
salg_bilbensin,veitransport_og_ovrig,bensin,salgsvolum,mill. liter,M,2015M07,113.0,konstruert,SSB 03687/11174/13585 (petroleumsmåltallet),11174,
salg_bilbensin,veitransport_og_ovrig,bensin,salgsvolum,mill. liter,M,2015M08,116.0,konstruert,SSB 03687/11174/13585 (petroleumsmåltallet),11174,
salg_bilbensin,veitransport_og_ovrig,bensin,salgsvolum,mill. liter,M,2015M09,98.0,konstruert,SSB 03687/11174/13585 (petroleumsmåltallet),11174,
salg_bilbensin,veitransport_og_ovrig,bensin,salgsvolum,mill. liter,M,2015M10,99.0,konstruert,SSB 03687/11174/13585 (petroleumsmåltallet),11174,
salg_bilbensin,veitransport_og_ovrig,bensin,salgsvolum,mill. liter,M,2015M11,88.0,konstruert,SSB 03687/11174/13585 (petroleumsmåltallet),11174,
salg_bilbensin,veitransport_og_ovrig,bensin,salgsvolum,mill. liter,M,2015M12,89.0,konstruert,SSB 03687/11174/13585 (petroleumsmåltallet),11174,
salg_bilbensin,veitransport_og_ovrig,bensin,salgsvolum,mill. liter,M,2016M01,86.0,konstruert,SSB 03687/11174/13585 (petroleumsmåltallet),11174,
salg_bilbensin,veitransport_og_ovrig,bensin,salgsvolum,mill. liter,M,2016M02,86.0,konstruert,SSB 03687/11174/13585 (petroleumsmåltallet),11174,
salg_bilbensin,veitransport_og_ovrig,bensin,salgsvolum,mill. liter,M,2016M03,91.0,konstruert,SSB 03687/11174/13585 (petroleumsmåltallet),11174,
salg_bilbensin,veitransport_og_ovrig,bensin,salgsvolum,mill. liter,M,2016M04,89.0,konstruert,SSB 03687/11174/13585 (petroleumsmåltallet),11174,
salg_bilbensin,veitransport_og_ovrig,bensin,salgsvolum,mill. liter,M,2016M05,105.0,konstruert,SSB 03687/11174/13585 (petroleumsmåltallet),11174,
salg_bilbensin,veitransport_og_ovrig,bensin,salgsvolum,mill. liter,M,2016M06,110.0,konstruert,SSB 03687/11174/13585 (petroleumsmåltallet),11174,
salg_bilbensin,veitransport_og_ovrig,bensin,salgsvolum,mill. liter,M,2016M07,115.0,konstruert,SSB 03687/11174/13585 (petroleumsmåltallet),11174,
salg_bilbensin,veitransport_og_ovrig,bensin,salgsvolum,mill. liter,M,2016M08,110.0,konstruert,SSB 03687/11174/13585 (petroleumsmåltallet),11174,
salg_bilbensin,veitransport_og_ovrig,bensin,salgsvolum,mill. liter,M,2016M09,96.0,konstruert,SSB 03687/11174/13585 (petroleumsmåltallet),11174,
salg_bilbensin,veitransport_og_ovrig,bensin,salgsvolum,mill. liter,M,2016M10,97.0,konstruert,SSB 03687/11174/13585 (petroleumsmåltallet),11174,
salg_bilbensin,veitransport_og_ovrig,bensin,salgsvolum,mill. liter,M,2016M11,83.0,konstruert,SSB 03687/11174/13585 (petroleumsmåltallet),11174,
salg_bilbensin,veitransport_og_ovrig,bensin,salgsvolum,mill. liter,M,2016M12,85.0,konstruert,SSB 03687/11174/13585 (petroleumsmåltallet),11174,
salg_bilbensin,veitransport_og_ovrig,bensin,salgsvolum,mill. liter,M,2017M01,84.0,konstruert,SSB 03687/11174/13585 (petroleumsmåltallet),11174,
salg_bilbensin,veitransport_og_ovrig,bensin,salgsvolum,mill. liter,M,2017M02,78.0,konstruert,SSB 03687/11174/13585 (petroleumsmåltallet),11174,
salg_bilbensin,veitransport_og_ovrig,bensin,salgsvolum,mill. liter,M,2017M03,86.0,konstruert,SSB 03687/11174/13585 (petroleumsmåltallet),11174,
salg_bilbensin,veitransport_og_ovrig,bensin,salgsvolum,mill. liter,M,2017M04,89.0,konstruert,SSB 03687/11174/13585 (petroleumsmåltallet),11174,
salg_bilbensin,veitransport_og_ovrig,bensin,salgsvolum,mill. liter,M,2017M05,103.0,konstruert,SSB 03687/11174/13585 (petroleumsmåltallet),11174,
salg_bilbensin,veitransport_og_ovrig,bensin,salgsvolum,mill. liter,M,2017M06,104.0,konstruert,SSB 03687/11174/13585 (petroleumsmåltallet),11174,
salg_bilbensin,veitransport_og_ovrig,bensin,salgsvolum,mill. liter,M,2017M07,115.0,konstruert,SSB 03687/11174/13585 (petroleumsmåltallet),11174,
salg_bilbensin,veitransport_og_ovrig,bensin,salgsvolum,mill. liter,M,2017M08,104.0,konstruert,SSB 03687/11174/13585 (petroleumsmåltallet),11174,
salg_bilbensin,veitransport_og_ovrig,bensin,salgsvolum,mill. liter,M,2017M09,90.0,konstruert,SSB 03687/11174/13585 (petroleumsmåltallet),11174,
salg_bilbensin,veitransport_og_ovrig,bensin,salgsvolum,mill. liter,M,2017M10,91.0,konstruert,SSB 03687/11174/13585 (petroleumsmåltallet),11174,
salg_bilbensin,veitransport_og_ovrig,bensin,salgsvolum,mill. liter,M,2017M11,95.0,konstruert,SSB 03687/11174/13585 (petroleumsmåltallet),11174,
salg_bilbensin,veitransport_og_ovrig,bensin,salgsvolum,mill. liter,M,2017M12,86.0,konstruert,SSB 03687/11174/13585 (petroleumsmåltallet),11174,
salg_bilbensin,veitransport_og_ovrig,bensin,salgsvolum,mill. liter,M,2018M01,83.0,konstruert,SSB 03687/11174/13585 (petroleumsmåltallet),11174,
salg_bilbensin,veitransport_og_ovrig,bensin,salgsvolum,mill. liter,M,2018M02,79.0,konstruert,SSB 03687/11174/13585 (petroleumsmåltallet),11174,
salg_bilbensin,veitransport_og_ovrig,bensin,salgsvolum,mill. liter,M,2018M03,88.0,konstruert,SSB 03687/11174/13585 (petroleumsmåltallet),11174,
salg_bilbensin,veitransport_og_ovrig,bensin,salgsvolum,mill. liter,M,2018M04,86.0,konstruert,SSB 03687/11174/13585 (petroleumsmåltallet),11174,
salg_bilbensin,veitransport_og_ovrig,bensin,salgsvolum,mill. liter,M,2018M05,102.0,konstruert,SSB 03687/11174/13585 (petroleumsmåltallet),11174,
salg_bilbensin,veitransport_og_ovrig,bensin,salgsvolum,mill. liter,M,2018M06,103.0,konstruert,SSB 03687/11174/13585 (petroleumsmåltallet),11174,
salg_bilbensin,veitransport_og_ovrig,bensin,salgsvolum,mill. liter,M,2018M07,115.0,konstruert,SSB 03687/11174/13585 (petroleumsmåltallet),11174,
salg_bilbensin,veitransport_og_ovrig,bensin,salgsvolum,mill. liter,M,2018M08,99.0,konstruert,SSB 03687/11174/13585 (petroleumsmåltallet),11174,
salg_bilbensin,veitransport_og_ovrig,bensin,salgsvolum,mill. liter,M,2018M09,88.0,konstruert,SSB 03687/11174/13585 (petroleumsmåltallet),11174,
salg_bilbensin,veitransport_og_ovrig,bensin,salgsvolum,mill. liter,M,2018M10,86.0,konstruert,SSB 03687/11174/13585 (petroleumsmåltallet),11174,
salg_bilbensin,veitransport_og_ovrig,bensin,salgsvolum,mill. liter,M,2018M11,79.0,konstruert,SSB 03687/11174/13585 (petroleumsmåltallet),11174,
salg_bilbensin,veitransport_og_ovrig,bensin,salgsvolum,mill. liter,M,2018M12,83.0,konstruert,SSB 03687/11174/13585 (petroleumsmåltallet),11174,
salg_bilbensin,veitransport_og_ovrig,bensin,salgsvolum,mill. liter,M,2019M01,76.0,konstruert,SSB 03687/11174/13585 (petroleumsmåltallet),11174,
salg_bilbensin,veitransport_og_ovrig,bensin,salgsvolum,mill. liter,M,2019M02,72.0,konstruert,SSB 03687/11174/13585 (petroleumsmåltallet),11174,
salg_bilbensin,veitransport_og_ovrig,bensin,salgsvolum,mill. liter,M,2019M03,77.0,konstruert,SSB 03687/11174/13585 (petroleumsmåltallet),11174,
salg_bilbensin,veitransport_og_ovrig,bensin,salgsvolum,mill. liter,M,2019M04,88.0,konstruert,SSB 03687/11174/13585 (petroleumsmåltallet),11174,
salg_bilbensin,veitransport_og_ovrig,bensin,salgsvolum,mill. liter,M,2019M05,92.0,konstruert,SSB 03687/11174/13585 (petroleumsmåltallet),11174,
salg_bilbensin,veitransport_og_ovrig,bensin,salgsvolum,mill. liter,M,2019M06,98.0,konstruert,SSB 03687/11174/13585 (petroleumsmåltallet),11174,
salg_bilbensin,veitransport_og_ovrig,bensin,salgsvolum,mill. liter,M,2019M07,110.0,konstruert,SSB 03687/11174/13585 (petroleumsmåltallet),11174,
salg_bilbensin,veitransport_og_ovrig,bensin,salgsvolum,mill. liter,M,2019M08,98.0,konstruert,SSB 03687/11174/13585 (petroleumsmåltallet),11174,
salg_bilbensin,veitransport_og_ovrig,bensin,salgsvolum,mill. liter,M,2019M09,85.0,konstruert,SSB 03687/11174/13585 (petroleumsmåltallet),11174,
salg_bilbensin,veitransport_og_ovrig,bensin,salgsvolum,mill. liter,M,2019M10,80.0,konstruert,SSB 03687/11174/13585 (petroleumsmåltallet),11174,
salg_bilbensin,veitransport_og_ovrig,bensin,salgsvolum,mill. liter,M,2019M11,76.0,konstruert,SSB 03687/11174/13585 (petroleumsmåltallet),11174,
salg_bilbensin,veitransport_og_ovrig,bensin,salgsvolum,mill. liter,M,2019M12,77.0,konstruert,SSB 03687/11174/13585 (petroleumsmåltallet),11174,
salg_bilbensin,veitransport_og_ovrig,bensin,salgsvolum,mill. liter,M,2020M01,73.0,konstruert,SSB 03687/11174/13585 (petroleumsmåltallet),11174,
salg_bilbensin,veitransport_og_ovrig,bensin,salgsvolum,mill. liter,M,2020M02,73.0,konstruert,SSB 03687/11174/13585 (petroleumsmåltallet),11174,
salg_bilbensin,veitransport_og_ovrig,bensin,salgsvolum,mill. liter,M,2020M03,65.0,konstruert,SSB 03687/11174/13585 (petroleumsmåltallet),11174,
salg_bilbensin,veitransport_og_ovrig,bensin,salgsvolum,mill. liter,M,2020M04,65.0,konstruert,SSB 03687/11174/13585 (petroleumsmåltallet),11174,
salg_bilbensin,veitransport_og_ovrig,bensin,salgsvolum,mill. liter,M,2020M05,82.0,konstruert,SSB 03687/11174/13585 (petroleumsmåltallet),11174,
salg_bilbensin,veitransport_og_ovrig,bensin,salgsvolum,mill. liter,M,2020M06,100.0,konstruert,SSB 03687/11174/13585 (petroleumsmåltallet),11174,
salg_bilbensin,veitransport_og_ovrig,bensin,salgsvolum,mill. liter,M,2020M07,110.0,konstruert,SSB 03687/11174/13585 (petroleumsmåltallet),11174,
salg_bilbensin,veitransport_og_ovrig,bensin,salgsvolum,mill. liter,M,2020M08,100.0,konstruert,SSB 03687/11174/13585 (petroleumsmåltallet),11174,
salg_bilbensin,veitransport_og_ovrig,bensin,salgsvolum,mill. liter,M,2020M09,83.0,konstruert,SSB 03687/11174/13585 (petroleumsmåltallet),11174,
salg_bilbensin,veitransport_og_ovrig,bensin,salgsvolum,mill. liter,M,2020M10,80.0,konstruert,SSB 03687/11174/13585 (petroleumsmåltallet),11174,
salg_bilbensin,veitransport_og_ovrig,bensin,salgsvolum,mill. liter,M,2020M11,67.0,konstruert,SSB 03687/11174/13585 (petroleumsmåltallet),11174,
salg_bilbensin,veitransport_og_ovrig,bensin,salgsvolum,mill. liter,M,2020M12,70.0,konstruert,SSB 03687/11174/13585 (petroleumsmåltallet),11174,
salg_bilbensin,veitransport_og_ovrig,bensin,salgsvolum,mill. liter,M,2021M01,68.0,konstruert,SSB 03687/11174/13585 (petroleumsmåltallet),13585_petroleum,
salg_bilbensin,veitransport_og_ovrig,bensin,salgsvolum,mill. liter,M,2021M02,66.0,konstruert,SSB 03687/11174/13585 (petroleumsmåltallet),13585_petroleum,
salg_bilbensin,veitransport_og_ovrig,bensin,salgsvolum,mill. liter,M,2021M03,72.0,konstruert,SSB 03687/11174/13585 (petroleumsmåltallet),13585_petroleum,
salg_bilbensin,veitransport_og_ovrig,bensin,salgsvolum,mill. liter,M,2021M04,71.0,konstruert,SSB 03687/11174/13585 (petroleumsmåltallet),13585_petroleum,
salg_bilbensin,veitransport_og_ovrig,bensin,salgsvolum,mill. liter,M,2021M05,85.0,konstruert,SSB 03687/11174/13585 (petroleumsmåltallet),13585_petroleum,
salg_bilbensin,veitransport_og_ovrig,bensin,salgsvolum,mill. liter,M,2021M06,94.0,konstruert,SSB 03687/11174/13585 (petroleumsmåltallet),13585_petroleum,
salg_bilbensin,veitransport_og_ovrig,bensin,salgsvolum,mill. liter,M,2021M07,114.0,konstruert,SSB 03687/11174/13585 (petroleumsmåltallet),13585_petroleum,
salg_bilbensin,veitransport_og_ovrig,bensin,salgsvolum,mill. liter,M,2021M08,97.0,konstruert,SSB 03687/11174/13585 (petroleumsmåltallet),13585_petroleum,
salg_bilbensin,veitransport_og_ovrig,bensin,salgsvolum,mill. liter,M,2021M09,81.0,konstruert,SSB 03687/11174/13585 (petroleumsmåltallet),13585_petroleum,
salg_bilbensin,veitransport_og_ovrig,bensin,salgsvolum,mill. liter,M,2021M10,77.0,konstruert,SSB 03687/11174/13585 (petroleumsmåltallet),13585_petroleum,
salg_bilbensin,veitransport_og_ovrig,bensin,salgsvolum,mill. liter,M,2021M11,72.0,konstruert,SSB 03687/11174/13585 (petroleumsmåltallet),13585_petroleum,
salg_bilbensin,veitransport_og_ovrig,bensin,salgsvolum,mill. liter,M,2021M12,73.0,konstruert,SSB 03687/11174/13585 (petroleumsmåltallet),13585_petroleum,
salg_bilbensin,veitransport_og_ovrig,bensin,salgsvolum,mill. liter,M,2022M01,64.0,konstruert,SSB 03687/11174/13585 (petroleumsmåltallet),13585_petroleum,
salg_bilbensin,veitransport_og_ovrig,bensin,salgsvolum,mill. liter,M,2022M02,64.0,konstruert,SSB 03687/11174/13585 (petroleumsmåltallet),13585_petroleum,
salg_bilbensin,veitransport_og_ovrig,bensin,salgsvolum,mill. liter,M,2022M03,75.0,konstruert,SSB 03687/11174/13585 (petroleumsmåltallet),13585_petroleum,
salg_bilbensin,veitransport_og_ovrig,bensin,salgsvolum,mill. liter,M,2022M04,76.0,konstruert,SSB 03687/11174/13585 (petroleumsmåltallet),13585_petroleum,
salg_bilbensin,veitransport_og_ovrig,bensin,salgsvolum,mill. liter,M,2022M05,80.0,konstruert,SSB 03687/11174/13585 (petroleumsmåltallet),13585_petroleum,
salg_bilbensin,veitransport_og_ovrig,bensin,salgsvolum,mill. liter,M,2022M06,90.0,konstruert,SSB 03687/11174/13585 (petroleumsmåltallet),13585_petroleum,
salg_bilbensin,veitransport_og_ovrig,bensin,salgsvolum,mill. liter,M,2022M07,97.0,konstruert,SSB 03687/11174/13585 (petroleumsmåltallet),13585_petroleum,
salg_bilbensin,veitransport_og_ovrig,bensin,salgsvolum,mill. liter,M,2022M08,88.0,konstruert,SSB 03687/11174/13585 (petroleumsmåltallet),13585_petroleum,
salg_bilbensin,veitransport_og_ovrig,bensin,salgsvolum,mill. liter,M,2022M09,76.0,konstruert,SSB 03687/11174/13585 (petroleumsmåltallet),13585_petroleum,
salg_bilbensin,veitransport_og_ovrig,bensin,salgsvolum,mill. liter,M,2022M10,72.0,konstruert,SSB 03687/11174/13585 (petroleumsmåltallet),13585_petroleum,
salg_bilbensin,veitransport_og_ovrig,bensin,salgsvolum,mill. liter,M,2022M11,69.0,konstruert,SSB 03687/11174/13585 (petroleumsmåltallet),13585_petroleum,
salg_bilbensin,veitransport_og_ovrig,bensin,salgsvolum,mill. liter,M,2022M12,71.0,konstruert,SSB 03687/11174/13585 (petroleumsmåltallet),13585_petroleum,
salg_bilbensin,veitransport_og_ovrig,bensin,salgsvolum,mill. liter,M,2023M01,64.0,konstruert,SSB 03687/11174/13585 (petroleumsmåltallet),13585_petroleum,
salg_bilbensin,veitransport_og_ovrig,bensin,salgsvolum,mill. liter,M,2023M02,65.0,konstruert,SSB 03687/11174/13585 (petroleumsmåltallet),13585_petroleum,
salg_bilbensin,veitransport_og_ovrig,bensin,salgsvolum,mill. liter,M,2023M03,73.0,konstruert,SSB 03687/11174/13585 (petroleumsmåltallet),13585_petroleum,
salg_bilbensin,veitransport_og_ovrig,bensin,salgsvolum,mill. liter,M,2023M04,74.0,konstruert,SSB 03687/11174/13585 (petroleumsmåltallet),13585_petroleum,
salg_bilbensin,veitransport_og_ovrig,bensin,salgsvolum,mill. liter,M,2023M05,83.0,konstruert,SSB 03687/11174/13585 (petroleumsmåltallet),13585_petroleum,
salg_bilbensin,veitransport_og_ovrig,bensin,salgsvolum,mill. liter,M,2023M06,88.0,konstruert,SSB 03687/11174/13585 (petroleumsmåltallet),13585_petroleum,
salg_bilbensin,veitransport_og_ovrig,bensin,salgsvolum,mill. liter,M,2023M07,94.0,konstruert,SSB 03687/11174/13585 (petroleumsmåltallet),13585_petroleum,
salg_bilbensin,veitransport_og_ovrig,bensin,salgsvolum,mill. liter,M,2023M08,83.0,konstruert,SSB 03687/11174/13585 (petroleumsmåltallet),13585_petroleum,
salg_bilbensin,veitransport_og_ovrig,bensin,salgsvolum,mill. liter,M,2023M09,73.0,konstruert,SSB 03687/11174/13585 (petroleumsmåltallet),13585_petroleum,
salg_bilbensin,veitransport_og_ovrig,bensin,salgsvolum,mill. liter,M,2023M10,74.0,konstruert,SSB 03687/11174/13585 (petroleumsmåltallet),13585_petroleum,
salg_bilbensin,veitransport_og_ovrig,bensin,salgsvolum,mill. liter,M,2023M11,65.0,konstruert,SSB 03687/11174/13585 (petroleumsmåltallet),13585_petroleum,
salg_bilbensin,veitransport_og_ovrig,bensin,salgsvolum,mill. liter,M,2023M12,71.0,konstruert,SSB 03687/11174/13585 (petroleumsmåltallet),13585_petroleum,
salg_bilbensin,veitransport_og_ovrig,bensin,salgsvolum,mill. liter,M,2024M01,64.0,konstruert,SSB 03687/11174/13585 (petroleumsmåltallet),13585_petroleum,
salg_bilbensin,veitransport_og_ovrig,bensin,salgsvolum,mill. liter,M,2024M02,65.0,konstruert,SSB 03687/11174/13585 (petroleumsmåltallet),13585_petroleum,
salg_bilbensin,veitransport_og_ovrig,bensin,salgsvolum,mill. liter,M,2024M03,69.0,konstruert,SSB 03687/11174/13585 (petroleumsmåltallet),13585_petroleum,
salg_bilbensin,veitransport_og_ovrig,bensin,salgsvolum,mill. liter,M,2024M04,68.0,konstruert,SSB 03687/11174/13585 (petroleumsmåltallet),13585_petroleum,
salg_bilbensin,veitransport_og_ovrig,bensin,salgsvolum,mill. liter,M,2024M05,80.0,konstruert,SSB 03687/11174/13585 (petroleumsmåltallet),13585_petroleum,
salg_bilbensin,veitransport_og_ovrig,bensin,salgsvolum,mill. liter,M,2024M06,81.0,konstruert,SSB 03687/11174/13585 (petroleumsmåltallet),13585_petroleum,
salg_bilbensin,veitransport_og_ovrig,bensin,salgsvolum,mill. liter,M,2024M07,91.0,konstruert,SSB 03687/11174/13585 (petroleumsmåltallet),13585_petroleum,
salg_bilbensin,veitransport_og_ovrig,bensin,salgsvolum,mill. liter,M,2024M08,82.0,konstruert,SSB 03687/11174/13585 (petroleumsmåltallet),13585_petroleum,
salg_bilbensin,veitransport_og_ovrig,bensin,salgsvolum,mill. liter,M,2024M09,72.0,konstruert,SSB 03687/11174/13585 (petroleumsmåltallet),13585_petroleum,
salg_bilbensin,veitransport_og_ovrig,bensin,salgsvolum,mill. liter,M,2024M10,65.0,konstruert,SSB 03687/11174/13585 (petroleumsmåltallet),13585_petroleum,
salg_bilbensin,veitransport_og_ovrig,bensin,salgsvolum,mill. liter,M,2024M11,60.0,konstruert,SSB 03687/11174/13585 (petroleumsmåltallet),13585_petroleum,
salg_bilbensin,veitransport_og_ovrig,bensin,salgsvolum,mill. liter,M,2024M12,65.0,konstruert,SSB 03687/11174/13585 (petroleumsmåltallet),13585_petroleum,
salg_bilbensin,veitransport_og_ovrig,bensin,salgsvolum,mill. liter,M,2025M01,60.0,konstruert,SSB 03687/11174/13585 (petroleumsmåltallet),13585_petroleum,
salg_bilbensin,veitransport_og_ovrig,bensin,salgsvolum,mill. liter,M,2025M02,59.0,konstruert,SSB 03687/11174/13585 (petroleumsmåltallet),13585_petroleum,
salg_bilbensin,veitransport_og_ovrig,bensin,salgsvolum,mill. liter,M,2025M03,64.0,konstruert,SSB 03687/11174/13585 (petroleumsmåltallet),13585_petroleum,
salg_bilbensin,veitransport_og_ovrig,bensin,salgsvolum,mill. liter,M,2025M04,69.0,konstruert,SSB 03687/11174/13585 (petroleumsmåltallet),13585_petroleum,
salg_bilbensin,veitransport_og_ovrig,bensin,salgsvolum,mill. liter,M,2025M05,74.0,konstruert,SSB 03687/11174/13585 (petroleumsmåltallet),13585_petroleum,
salg_bilbensin,veitransport_og_ovrig,bensin,salgsvolum,mill. liter,M,2025M06,78.0,konstruert,SSB 03687/11174/13585 (petroleumsmåltallet),13585_petroleum,
salg_bilbensin,veitransport_og_ovrig,bensin,salgsvolum,mill. liter,M,2025M07,94.0,konstruert,SSB 03687/11174/13585 (petroleumsmåltallet),13585_petroleum,
salg_bilbensin,veitransport_og_ovrig,bensin,salgsvolum,mill. liter,M,2025M08,79.0,konstruert,SSB 03687/11174/13585 (petroleumsmåltallet),13585_petroleum,
salg_bilbensin,veitransport_og_ovrig,bensin,salgsvolum,mill. liter,M,2025M09,67.0,konstruert,SSB 03687/11174/13585 (petroleumsmåltallet),13585_petroleum,
salg_bilbensin,veitransport_og_ovrig,bensin,salgsvolum,mill. liter,M,2025M10,64.0,konstruert,SSB 03687/11174/13585 (petroleumsmåltallet),13585_petroleum,
salg_bilbensin,veitransport_og_ovrig,bensin,salgsvolum,mill. liter,M,2025M11,56.0,konstruert,SSB 03687/11174/13585 (petroleumsmåltallet),13585_petroleum,
salg_bilbensin,veitransport_og_ovrig,bensin,salgsvolum,mill. liter,M,2025M12,60.0,konstruert,SSB 03687/11174/13585 (petroleumsmåltallet),13585_petroleum,
salg_bilbensin,veitransport_og_ovrig,bensin,salgsvolum,mill. liter,M,2026M01,61.0,konstruert,SSB 03687/11174/13585 (petroleumsmåltallet),13585_petroleum,
salg_bilbensin,veitransport_og_ovrig,bensin,salgsvolum,mill. liter,M,2026M02,57.0,konstruert,SSB 03687/11174/13585 (petroleumsmåltallet),13585_petroleum,
salg_bilbensin,veitransport_og_ovrig,bensin,salgsvolum,mill. liter,M,2026M03,58.0,konstruert,SSB 03687/11174/13585 (petroleumsmåltallet),13585_petroleum,
salg_bilbensin,veitransport_og_ovrig,bensin,salgsvolum,mill. liter,M,2026M04,68.0,konstruert,SSB 03687/11174/13585 (petroleumsmåltallet),13585_petroleum,
salg_bilbensin,veitransport_og_ovrig,bensin,salgsvolum,mill. liter,M,2026M05,72.0,konstruert,SSB 03687/11174/13585 (petroleumsmåltallet),13585_petroleum,
salg_bilbensin,veitransport_og_ovrig,bensin,salgsvolum,mill. liter,M,2026M06,76.0,konstruert,SSB 03687/11174/13585 (petroleumsmåltallet),13585_petroleum,
salg_dieselsum,veitransport_og_ovrig,diesel,salgsvolum,mill. liter,M,1995M01,116.0,konstruert,SSB 03687/11174/13585 (petroleumsmåltallet),03687_diesel_udelt,
salg_dieselsum,veitransport_og_ovrig,diesel,salgsvolum,mill. liter,M,1995M02,127.0,konstruert,SSB 03687/11174/13585 (petroleumsmåltallet),03687_diesel_udelt,
salg_dieselsum,veitransport_og_ovrig,diesel,salgsvolum,mill. liter,M,1995M03,137.0,konstruert,SSB 03687/11174/13585 (petroleumsmåltallet),03687_diesel_udelt,
salg_dieselsum,veitransport_og_ovrig,diesel,salgsvolum,mill. liter,M,1995M04,106.0,konstruert,SSB 03687/11174/13585 (petroleumsmåltallet),03687_diesel_udelt,
salg_dieselsum,veitransport_og_ovrig,diesel,salgsvolum,mill. liter,M,1995M05,132.0,konstruert,SSB 03687/11174/13585 (petroleumsmåltallet),03687_diesel_udelt,
salg_dieselsum,veitransport_og_ovrig,diesel,salgsvolum,mill. liter,M,1995M06,141.0,konstruert,SSB 03687/11174/13585 (petroleumsmåltallet),03687_diesel_udelt,
salg_dieselsum,veitransport_og_ovrig,diesel,salgsvolum,mill. liter,M,1995M07,121.0,konstruert,SSB 03687/11174/13585 (petroleumsmåltallet),03687_diesel_udelt,
salg_dieselsum,veitransport_og_ovrig,diesel,salgsvolum,mill. liter,M,1995M08,143.0,konstruert,SSB 03687/11174/13585 (petroleumsmåltallet),03687_diesel_udelt,
salg_dieselsum,veitransport_og_ovrig,diesel,salgsvolum,mill. liter,M,1995M09,141.0,konstruert,SSB 03687/11174/13585 (petroleumsmåltallet),03687_diesel_udelt,
salg_dieselsum,veitransport_og_ovrig,diesel,salgsvolum,mill. liter,M,1995M10,146.0,konstruert,SSB 03687/11174/13585 (petroleumsmåltallet),03687_diesel_udelt,
salg_dieselsum,veitransport_og_ovrig,diesel,salgsvolum,mill. liter,M,1995M11,160.0,konstruert,SSB 03687/11174/13585 (petroleumsmåltallet),03687_diesel_udelt,
salg_dieselsum,veitransport_og_ovrig,diesel,salgsvolum,mill. liter,M,1995M12,153.0,konstruert,SSB 03687/11174/13585 (petroleumsmåltallet),03687_diesel_udelt,
salg_dieselsum,veitransport_og_ovrig,diesel,salgsvolum,mill. liter,M,1996M01,131.0,konstruert,SSB 03687/11174/13585 (petroleumsmåltallet),03687_diesel_udelt,
salg_dieselsum,veitransport_og_ovrig,diesel,salgsvolum,mill. liter,M,1996M02,141.0,konstruert,SSB 03687/11174/13585 (petroleumsmåltallet),03687_diesel_udelt,
salg_dieselsum,veitransport_og_ovrig,diesel,salgsvolum,mill. liter,M,1996M03,134.0,konstruert,SSB 03687/11174/13585 (petroleumsmåltallet),03687_diesel_udelt,
salg_dieselsum,veitransport_og_ovrig,diesel,salgsvolum,mill. liter,M,1996M04,125.0,konstruert,SSB 03687/11174/13585 (petroleumsmåltallet),03687_diesel_udelt,
salg_dieselsum,veitransport_og_ovrig,diesel,salgsvolum,mill. liter,M,1996M05,143.0,konstruert,SSB 03687/11174/13585 (petroleumsmåltallet),03687_diesel_udelt,
salg_dieselsum,veitransport_og_ovrig,diesel,salgsvolum,mill. liter,M,1996M06,145.0,konstruert,SSB 03687/11174/13585 (petroleumsmåltallet),03687_diesel_udelt,
salg_dieselsum,veitransport_og_ovrig,diesel,salgsvolum,mill. liter,M,1996M07,140.0,konstruert,SSB 03687/11174/13585 (petroleumsmåltallet),03687_diesel_udelt,
salg_dieselsum,veitransport_og_ovrig,diesel,salgsvolum,mill. liter,M,1996M08,145.0,konstruert,SSB 03687/11174/13585 (petroleumsmåltallet),03687_diesel_udelt,
salg_dieselsum,veitransport_og_ovrig,diesel,salgsvolum,mill. liter,M,1996M09,159.0,konstruert,SSB 03687/11174/13585 (petroleumsmåltallet),03687_diesel_udelt,
salg_dieselsum,veitransport_og_ovrig,diesel,salgsvolum,mill. liter,M,1996M10,163.0,konstruert,SSB 03687/11174/13585 (petroleumsmåltallet),03687_diesel_udelt,
salg_dieselsum,veitransport_og_ovrig,diesel,salgsvolum,mill. liter,M,1996M11,156.0,konstruert,SSB 03687/11174/13585 (petroleumsmåltallet),03687_diesel_udelt,
salg_dieselsum,veitransport_og_ovrig,diesel,salgsvolum,mill. liter,M,1996M12,159.0,konstruert,SSB 03687/11174/13585 (petroleumsmåltallet),03687_diesel_udelt,
salg_dieselsum,veitransport_og_ovrig,diesel,salgsvolum,mill. liter,M,1997M01,134.0,konstruert,SSB 03687/11174/13585 (petroleumsmåltallet),03687_diesel_udelt,
salg_dieselsum,veitransport_og_ovrig,diesel,salgsvolum,mill. liter,M,1997M02,136.0,konstruert,SSB 03687/11174/13585 (petroleumsmåltallet),03687_diesel_udelt,
salg_dieselsum,veitransport_og_ovrig,diesel,salgsvolum,mill. liter,M,1997M03,126.0,konstruert,SSB 03687/11174/13585 (petroleumsmåltallet),03687_diesel_udelt,
salg_dieselsum,veitransport_og_ovrig,diesel,salgsvolum,mill. liter,M,1997M04,155.0,konstruert,SSB 03687/11174/13585 (petroleumsmåltallet),03687_diesel_udelt,
salg_dieselsum,veitransport_og_ovrig,diesel,salgsvolum,mill. liter,M,1997M05,145.0,konstruert,SSB 03687/11174/13585 (petroleumsmåltallet),03687_diesel_udelt,
salg_dieselsum,veitransport_og_ovrig,diesel,salgsvolum,mill. liter,M,1997M06,155.0,konstruert,SSB 03687/11174/13585 (petroleumsmåltallet),03687_diesel_udelt,
salg_dieselsum,veitransport_og_ovrig,diesel,salgsvolum,mill. liter,M,1997M07,145.0,konstruert,SSB 03687/11174/13585 (petroleumsmåltallet),03687_diesel_udelt,
salg_dieselsum,veitransport_og_ovrig,diesel,salgsvolum,mill. liter,M,1997M08,142.0,konstruert,SSB 03687/11174/13585 (petroleumsmåltallet),03687_diesel_udelt,
salg_dieselsum,veitransport_og_ovrig,diesel,salgsvolum,mill. liter,M,1997M09,158.0,konstruert,SSB 03687/11174/13585 (petroleumsmåltallet),03687_diesel_udelt,
salg_dieselsum,veitransport_og_ovrig,diesel,salgsvolum,mill. liter,M,1997M10,171.0,konstruert,SSB 03687/11174/13585 (petroleumsmåltallet),03687_diesel_udelt,
salg_dieselsum,veitransport_og_ovrig,diesel,salgsvolum,mill. liter,M,1997M11,151.0,konstruert,SSB 03687/11174/13585 (petroleumsmåltallet),03687_diesel_udelt,
salg_dieselsum,veitransport_og_ovrig,diesel,salgsvolum,mill. liter,M,1997M12,156.0,konstruert,SSB 03687/11174/13585 (petroleumsmåltallet),03687_diesel_udelt,
salg_dieselsum,veitransport_og_ovrig,diesel,salgsvolum,mill. liter,M,1998M01,134.0,konstruert,SSB 03687/11174/13585 (petroleumsmåltallet),03687_diesel_udelt,
salg_dieselsum,veitransport_og_ovrig,diesel,salgsvolum,mill. liter,M,1998M02,140.0,konstruert,SSB 03687/11174/13585 (petroleumsmåltallet),03687_diesel_udelt,
salg_dieselsum,veitransport_og_ovrig,diesel,salgsvolum,mill. liter,M,1998M03,158.0,konstruert,SSB 03687/11174/13585 (petroleumsmåltallet),03687_diesel_udelt,
salg_dieselsum,veitransport_og_ovrig,diesel,salgsvolum,mill. liter,M,1998M04,145.0,konstruert,SSB 03687/11174/13585 (petroleumsmåltallet),03687_diesel_udelt,
salg_dieselsum,veitransport_og_ovrig,diesel,salgsvolum,mill. liter,M,1998M05,155.0,konstruert,SSB 03687/11174/13585 (petroleumsmåltallet),03687_diesel_udelt,
salg_dieselsum,veitransport_og_ovrig,diesel,salgsvolum,mill. liter,M,1998M06,160.0,konstruert,SSB 03687/11174/13585 (petroleumsmåltallet),03687_diesel_udelt,
salg_dieselsum,veitransport_og_ovrig,diesel,salgsvolum,mill. liter,M,1998M07,148.0,konstruert,SSB 03687/11174/13585 (petroleumsmåltallet),03687_diesel_udelt,
salg_dieselsum,veitransport_og_ovrig,diesel,salgsvolum,mill. liter,M,1998M08,153.0,konstruert,SSB 03687/11174/13585 (petroleumsmåltallet),03687_diesel_udelt,
salg_dieselsum,veitransport_og_ovrig,diesel,salgsvolum,mill. liter,M,1998M09,169.0,konstruert,SSB 03687/11174/13585 (petroleumsmåltallet),03687_diesel_udelt,
salg_dieselsum,veitransport_og_ovrig,diesel,salgsvolum,mill. liter,M,1998M10,177.0,konstruert,SSB 03687/11174/13585 (petroleumsmåltallet),03687_diesel_udelt,
salg_dieselsum,veitransport_og_ovrig,diesel,salgsvolum,mill. liter,M,1998M11,166.0,konstruert,SSB 03687/11174/13585 (petroleumsmåltallet),03687_diesel_udelt,
salg_dieselsum,veitransport_og_ovrig,diesel,salgsvolum,mill. liter,M,1998M12,171.0,konstruert,SSB 03687/11174/13585 (petroleumsmåltallet),03687_diesel_udelt,
salg_dieselsum,veitransport_og_ovrig,diesel,salgsvolum,mill. liter,M,1999M01,129.0,konstruert,SSB 03687/11174/13585 (petroleumsmåltallet),03687_diesel_udelt,
salg_dieselsum,veitransport_og_ovrig,diesel,salgsvolum,mill. liter,M,1999M02,149.0,konstruert,SSB 03687/11174/13585 (petroleumsmåltallet),03687_diesel_udelt,
salg_dieselsum,veitransport_og_ovrig,diesel,salgsvolum,mill. liter,M,1999M03,176.0,konstruert,SSB 03687/11174/13585 (petroleumsmåltallet),03687_diesel_udelt,
salg_dieselsum,veitransport_og_ovrig,diesel,salgsvolum,mill. liter,M,1999M04,140.0,konstruert,SSB 03687/11174/13585 (petroleumsmåltallet),03687_diesel_udelt,
salg_dieselsum,veitransport_og_ovrig,diesel,salgsvolum,mill. liter,M,1999M05,150.0,konstruert,SSB 03687/11174/13585 (petroleumsmåltallet),03687_diesel_udelt,
salg_dieselsum,veitransport_og_ovrig,diesel,salgsvolum,mill. liter,M,1999M06,174.0,konstruert,SSB 03687/11174/13585 (petroleumsmåltallet),03687_diesel_udelt,
salg_dieselsum,veitransport_og_ovrig,diesel,salgsvolum,mill. liter,M,1999M07,147.0,konstruert,SSB 03687/11174/13585 (petroleumsmåltallet),03687_diesel_udelt,
salg_dieselsum,veitransport_og_ovrig,diesel,salgsvolum,mill. liter,M,1999M08,160.0,konstruert,SSB 03687/11174/13585 (petroleumsmåltallet),03687_diesel_udelt,
salg_dieselsum,veitransport_og_ovrig,diesel,salgsvolum,mill. liter,M,1999M09,167.0,konstruert,SSB 03687/11174/13585 (petroleumsmåltallet),03687_diesel_udelt,
salg_dieselsum,veitransport_og_ovrig,diesel,salgsvolum,mill. liter,M,1999M10,172.0,konstruert,SSB 03687/11174/13585 (petroleumsmåltallet),03687_diesel_udelt,
salg_dieselsum,veitransport_og_ovrig,diesel,salgsvolum,mill. liter,M,1999M11,170.0,konstruert,SSB 03687/11174/13585 (petroleumsmåltallet),03687_diesel_udelt,
salg_dieselsum,veitransport_og_ovrig,diesel,salgsvolum,mill. liter,M,1999M12,198.0,konstruert,SSB 03687/11174/13585 (petroleumsmåltallet),03687_diesel_udelt,
salg_dieselsum,veitransport_og_ovrig,diesel,salgsvolum,mill. liter,M,2000M01,122.0,konstruert,SSB 03687/11174/13585 (petroleumsmåltallet),03687_diesel_udelt,
salg_dieselsum,veitransport_og_ovrig,diesel,salgsvolum,mill. liter,M,2000M02,150.0,konstruert,SSB 03687/11174/13585 (petroleumsmåltallet),03687_diesel_udelt,
salg_dieselsum,veitransport_og_ovrig,diesel,salgsvolum,mill. liter,M,2000M03,164.0,konstruert,SSB 03687/11174/13585 (petroleumsmåltallet),03687_diesel_udelt,
salg_dieselsum,veitransport_og_ovrig,diesel,salgsvolum,mill. liter,M,2000M04,130.0,konstruert,SSB 03687/11174/13585 (petroleumsmåltallet),03687_diesel_udelt,
salg_dieselsum,veitransport_og_ovrig,diesel,salgsvolum,mill. liter,M,2000M05,169.0,konstruert,SSB 03687/11174/13585 (petroleumsmåltallet),03687_diesel_udelt,
salg_dieselsum,veitransport_og_ovrig,diesel,salgsvolum,mill. liter,M,2000M06,168.0,konstruert,SSB 03687/11174/13585 (petroleumsmåltallet),03687_diesel_udelt,
salg_dieselsum,veitransport_og_ovrig,diesel,salgsvolum,mill. liter,M,2000M07,141.0,konstruert,SSB 03687/11174/13585 (petroleumsmåltallet),03687_diesel_udelt,
salg_dieselsum,veitransport_og_ovrig,diesel,salgsvolum,mill. liter,M,2000M08,170.0,konstruert,SSB 03687/11174/13585 (petroleumsmåltallet),03687_diesel_udelt,
salg_dieselsum,veitransport_og_ovrig,diesel,salgsvolum,mill. liter,M,2000M09,168.0,konstruert,SSB 03687/11174/13585 (petroleumsmåltallet),03687_diesel_udelt,
salg_dieselsum,veitransport_og_ovrig,diesel,salgsvolum,mill. liter,M,2000M10,166.0,konstruert,SSB 03687/11174/13585 (petroleumsmåltallet),03687_diesel_udelt,
salg_dieselsum,veitransport_og_ovrig,diesel,salgsvolum,mill. liter,M,2000M11,170.0,konstruert,SSB 03687/11174/13585 (petroleumsmåltallet),03687_diesel_udelt,
salg_dieselsum,veitransport_og_ovrig,diesel,salgsvolum,mill. liter,M,2000M12,144.0,konstruert,SSB 03687/11174/13585 (petroleumsmåltallet),03687_diesel_udelt,
salg_dieselsum,veitransport_og_ovrig,diesel,salgsvolum,mill. liter,M,2001M01,170.0,konstruert,SSB 03687/11174/13585 (petroleumsmåltallet),03687_diesel_udelt,
salg_dieselsum,veitransport_og_ovrig,diesel,salgsvolum,mill. liter,M,2001M02,157.0,konstruert,SSB 03687/11174/13585 (petroleumsmåltallet),03687_diesel_udelt,
salg_dieselsum,veitransport_og_ovrig,diesel,salgsvolum,mill. liter,M,2001M03,170.0,konstruert,SSB 03687/11174/13585 (petroleumsmåltallet),03687_diesel_udelt,
salg_dieselsum,veitransport_og_ovrig,diesel,salgsvolum,mill. liter,M,2001M04,140.0,konstruert,SSB 03687/11174/13585 (petroleumsmåltallet),03687_diesel_udelt,
salg_dieselsum,veitransport_og_ovrig,diesel,salgsvolum,mill. liter,M,2001M05,169.0,konstruert,SSB 03687/11174/13585 (petroleumsmåltallet),03687_diesel_udelt,
salg_dieselsum,veitransport_og_ovrig,diesel,salgsvolum,mill. liter,M,2001M06,159.0,konstruert,SSB 03687/11174/13585 (petroleumsmåltallet),03687_diesel_udelt,
salg_dieselsum,veitransport_og_ovrig,diesel,salgsvolum,mill. liter,M,2001M07,163.0,konstruert,SSB 03687/11174/13585 (petroleumsmåltallet),03687_diesel_udelt,
salg_dieselsum,veitransport_og_ovrig,diesel,salgsvolum,mill. liter,M,2001M08,179.0,konstruert,SSB 03687/11174/13585 (petroleumsmåltallet),03687_diesel_udelt,
salg_dieselsum,veitransport_og_ovrig,diesel,salgsvolum,mill. liter,M,2001M09,164.0,konstruert,SSB 03687/11174/13585 (petroleumsmåltallet),03687_diesel_udelt,
salg_dieselsum,veitransport_og_ovrig,diesel,salgsvolum,mill. liter,M,2001M10,190.0,konstruert,SSB 03687/11174/13585 (petroleumsmåltallet),03687_diesel_udelt,
salg_dieselsum,veitransport_og_ovrig,diesel,salgsvolum,mill. liter,M,2001M11,195.0,konstruert,SSB 03687/11174/13585 (petroleumsmåltallet),03687_diesel_udelt,
salg_dieselsum,veitransport_og_ovrig,diesel,salgsvolum,mill. liter,M,2001M12,160.0,konstruert,SSB 03687/11174/13585 (petroleumsmåltallet),03687_diesel_udelt,
salg_dieselsum,veitransport_og_ovrig,diesel,salgsvolum,mill. liter,M,2002M01,162.0,konstruert,SSB 03687/11174/13585 (petroleumsmåltallet),03687_diesel_udelt,
salg_dieselsum,veitransport_og_ovrig,diesel,salgsvolum,mill. liter,M,2002M02,152.0,konstruert,SSB 03687/11174/13585 (petroleumsmåltallet),03687_diesel_udelt,
salg_dieselsum,veitransport_og_ovrig,diesel,salgsvolum,mill. liter,M,2002M03,155.0,konstruert,SSB 03687/11174/13585 (petroleumsmåltallet),03687_diesel_udelt,
salg_dieselsum,veitransport_og_ovrig,diesel,salgsvolum,mill. liter,M,2002M04,164.0,konstruert,SSB 03687/11174/13585 (petroleumsmåltallet),03687_diesel_udelt,
salg_dieselsum,veitransport_og_ovrig,diesel,salgsvolum,mill. liter,M,2002M05,172.0,konstruert,SSB 03687/11174/13585 (petroleumsmåltallet),03687_diesel_udelt,
salg_dieselsum,veitransport_og_ovrig,diesel,salgsvolum,mill. liter,M,2002M06,170.0,konstruert,SSB 03687/11174/13585 (petroleumsmåltallet),03687_diesel_udelt,
salg_dieselsum,veitransport_og_ovrig,diesel,salgsvolum,mill. liter,M,2002M07,165.0,konstruert,SSB 03687/11174/13585 (petroleumsmåltallet),03687_diesel_udelt,
salg_dieselsum,veitransport_og_ovrig,diesel,salgsvolum,mill. liter,M,2002M08,178.0,konstruert,SSB 03687/11174/13585 (petroleumsmåltallet),03687_diesel_udelt,
salg_dieselsum,veitransport_og_ovrig,diesel,salgsvolum,mill. liter,M,2002M09,170.0,konstruert,SSB 03687/11174/13585 (petroleumsmåltallet),03687_diesel_udelt,
salg_dieselsum,veitransport_og_ovrig,diesel,salgsvolum,mill. liter,M,2002M10,199.0,konstruert,SSB 03687/11174/13585 (petroleumsmåltallet),03687_diesel_udelt,
salg_dieselsum,veitransport_og_ovrig,diesel,salgsvolum,mill. liter,M,2002M11,185.0,konstruert,SSB 03687/11174/13585 (petroleumsmåltallet),03687_diesel_udelt,
salg_dieselsum,veitransport_og_ovrig,diesel,salgsvolum,mill. liter,M,2002M12,171.0,konstruert,SSB 03687/11174/13585 (petroleumsmåltallet),03687_diesel_udelt,
salg_dieselsum,veitransport_og_ovrig,diesel,salgsvolum,mill. liter,M,2003M01,178.0,konstruert,SSB 03687/11174/13585 (petroleumsmåltallet),03687_diesel_udelt,
salg_dieselsum,veitransport_og_ovrig,diesel,salgsvolum,mill. liter,M,2003M02,170.0,konstruert,SSB 03687/11174/13585 (petroleumsmåltallet),03687_diesel_udelt,
salg_dieselsum,veitransport_og_ovrig,diesel,salgsvolum,mill. liter,M,2003M03,162.0,konstruert,SSB 03687/11174/13585 (petroleumsmåltallet),03687_diesel_udelt,
salg_dieselsum,veitransport_og_ovrig,diesel,salgsvolum,mill. liter,M,2003M04,158.0,konstruert,SSB 03687/11174/13585 (petroleumsmåltallet),03687_diesel_udelt,
salg_dieselsum,veitransport_og_ovrig,diesel,salgsvolum,mill. liter,M,2003M05,169.0,konstruert,SSB 03687/11174/13585 (petroleumsmåltallet),03687_diesel_udelt,
salg_dieselsum,veitransport_og_ovrig,diesel,salgsvolum,mill. liter,M,2003M06,184.0,konstruert,SSB 03687/11174/13585 (petroleumsmåltallet),03687_diesel_udelt,
salg_dieselsum,veitransport_og_ovrig,diesel,salgsvolum,mill. liter,M,2003M07,177.0,konstruert,SSB 03687/11174/13585 (petroleumsmåltallet),03687_diesel_udelt,
salg_dieselsum,veitransport_og_ovrig,diesel,salgsvolum,mill. liter,M,2003M08,177.0,konstruert,SSB 03687/11174/13585 (petroleumsmåltallet),03687_diesel_udelt,
salg_dieselsum,veitransport_og_ovrig,diesel,salgsvolum,mill. liter,M,2003M09,187.0,konstruert,SSB 03687/11174/13585 (petroleumsmåltallet),03687_diesel_udelt,
salg_dieselsum,veitransport_og_ovrig,diesel,salgsvolum,mill. liter,M,2003M10,212.0,konstruert,SSB 03687/11174/13585 (petroleumsmåltallet),03687_diesel_udelt,
salg_dieselsum,veitransport_og_ovrig,diesel,salgsvolum,mill. liter,M,2003M11,177.0,konstruert,SSB 03687/11174/13585 (petroleumsmåltallet),03687_diesel_udelt,
salg_dieselsum,veitransport_og_ovrig,diesel,salgsvolum,mill. liter,M,2003M12,170.0,konstruert,SSB 03687/11174/13585 (petroleumsmåltallet),03687_diesel_udelt,
salg_dieselsum,veitransport_og_ovrig,diesel,salgsvolum,mill. liter,M,2004M01,172.0,konstruert,SSB 03687/11174/13585 (petroleumsmåltallet),03687_diesel_udelt,
salg_dieselsum,veitransport_og_ovrig,diesel,salgsvolum,mill. liter,M,2004M02,167.0,konstruert,SSB 03687/11174/13585 (petroleumsmåltallet),03687_diesel_udelt,
salg_dieselsum,veitransport_og_ovrig,diesel,salgsvolum,mill. liter,M,2004M03,187.0,konstruert,SSB 03687/11174/13585 (petroleumsmåltallet),03687_diesel_udelt,
salg_dieselsum,veitransport_og_ovrig,diesel,salgsvolum,mill. liter,M,2004M04,168.0,konstruert,SSB 03687/11174/13585 (petroleumsmåltallet),03687_diesel_udelt,
salg_dieselsum,veitransport_og_ovrig,diesel,salgsvolum,mill. liter,M,2004M05,172.0,konstruert,SSB 03687/11174/13585 (petroleumsmåltallet),03687_diesel_udelt,
salg_dieselsum,veitransport_og_ovrig,diesel,salgsvolum,mill. liter,M,2004M06,208.0,konstruert,SSB 03687/11174/13585 (petroleumsmåltallet),03687_diesel_udelt,
salg_dieselsum,veitransport_og_ovrig,diesel,salgsvolum,mill. liter,M,2004M07,179.0,konstruert,SSB 03687/11174/13585 (petroleumsmåltallet),03687_diesel_udelt,
salg_dieselsum,veitransport_og_ovrig,diesel,salgsvolum,mill. liter,M,2004M08,208.0,konstruert,SSB 03687/11174/13585 (petroleumsmåltallet),03687_diesel_udelt,
salg_dieselsum,veitransport_og_ovrig,diesel,salgsvolum,mill. liter,M,2004M09,207.0,konstruert,SSB 03687/11174/13585 (petroleumsmåltallet),03687_diesel_udelt,
salg_dieselsum,veitransport_og_ovrig,diesel,salgsvolum,mill. liter,M,2004M10,198.0,konstruert,SSB 03687/11174/13585 (petroleumsmåltallet),03687_diesel_udelt,
salg_dieselsum,veitransport_og_ovrig,diesel,salgsvolum,mill. liter,M,2004M11,213.0,konstruert,SSB 03687/11174/13585 (petroleumsmåltallet),03687_diesel_udelt,
salg_dieselsum,veitransport_og_ovrig,diesel,salgsvolum,mill. liter,M,2004M12,195.0,konstruert,SSB 03687/11174/13585 (petroleumsmåltallet),03687_diesel_udelt,
salg_dieselsum,veitransport_og_ovrig,diesel,salgsvolum,mill. liter,M,2005M01,172.0,konstruert,SSB 03687/11174/13585 (petroleumsmåltallet),03687_diesel_udelt,
salg_dieselsum,veitransport_og_ovrig,diesel,salgsvolum,mill. liter,M,2005M02,180.0,konstruert,SSB 03687/11174/13585 (petroleumsmåltallet),03687_diesel_udelt,
salg_dieselsum,veitransport_og_ovrig,diesel,salgsvolum,mill. liter,M,2005M03,183.0,konstruert,SSB 03687/11174/13585 (petroleumsmåltallet),03687_diesel_udelt,
salg_dieselsum,veitransport_og_ovrig,diesel,salgsvolum,mill. liter,M,2005M04,198.0,konstruert,SSB 03687/11174/13585 (petroleumsmåltallet),03687_diesel_udelt,
salg_dieselsum,veitransport_og_ovrig,diesel,salgsvolum,mill. liter,M,2005M05,199.0,konstruert,SSB 03687/11174/13585 (petroleumsmåltallet),03687_diesel_udelt,
salg_dieselsum,veitransport_og_ovrig,diesel,salgsvolum,mill. liter,M,2005M06,220.0,konstruert,SSB 03687/11174/13585 (petroleumsmåltallet),03687_diesel_udelt,
salg_dieselsum,veitransport_og_ovrig,diesel,salgsvolum,mill. liter,M,2005M07,190.0,konstruert,SSB 03687/11174/13585 (petroleumsmåltallet),03687_diesel_udelt,
salg_dieselsum,veitransport_og_ovrig,diesel,salgsvolum,mill. liter,M,2005M08,223.0,konstruert,SSB 03687/11174/13585 (petroleumsmåltallet),03687_diesel_udelt,
salg_dieselsum,veitransport_og_ovrig,diesel,salgsvolum,mill. liter,M,2005M09,222.0,konstruert,SSB 03687/11174/13585 (petroleumsmåltallet),03687_diesel_udelt,
salg_dieselsum,veitransport_og_ovrig,diesel,salgsvolum,mill. liter,M,2005M10,212.0,konstruert,SSB 03687/11174/13585 (petroleumsmåltallet),03687_diesel_udelt,
salg_dieselsum,veitransport_og_ovrig,diesel,salgsvolum,mill. liter,M,2005M11,223.0,konstruert,SSB 03687/11174/13585 (petroleumsmåltallet),03687_diesel_udelt,
salg_dieselsum,veitransport_og_ovrig,diesel,salgsvolum,mill. liter,M,2005M12,209.0,konstruert,SSB 03687/11174/13585 (petroleumsmåltallet),03687_diesel_udelt,
salg_dieselsum,veitransport_og_ovrig,diesel,salgsvolum,mill. liter,M,2006M01,203.0,konstruert,SSB 03687/11174/13585 (petroleumsmåltallet),03687_diesel_udelt,
salg_dieselsum,veitransport_og_ovrig,diesel,salgsvolum,mill. liter,M,2006M02,200.0,konstruert,SSB 03687/11174/13585 (petroleumsmåltallet),03687_diesel_udelt,
salg_dieselsum,veitransport_og_ovrig,diesel,salgsvolum,mill. liter,M,2006M03,229.0,konstruert,SSB 03687/11174/13585 (petroleumsmåltallet),03687_diesel_udelt,
salg_dieselsum,veitransport_og_ovrig,diesel,salgsvolum,mill. liter,M,2006M04,191.0,konstruert,SSB 03687/11174/13585 (petroleumsmåltallet),03687_diesel_udelt,
salg_dieselsum,veitransport_og_ovrig,diesel,salgsvolum,mill. liter,M,2006M05,227.0,konstruert,SSB 03687/11174/13585 (petroleumsmåltallet),03687_diesel_udelt,
salg_dieselsum,veitransport_og_ovrig,diesel,salgsvolum,mill. liter,M,2006M06,229.0,konstruert,SSB 03687/11174/13585 (petroleumsmåltallet),03687_diesel_udelt,
salg_dieselsum,veitransport_og_ovrig,diesel,salgsvolum,mill. liter,M,2006M07,206.0,konstruert,SSB 03687/11174/13585 (petroleumsmåltallet),03687_diesel_udelt,
salg_dieselsum,veitransport_og_ovrig,diesel,salgsvolum,mill. liter,M,2006M08,241.0,konstruert,SSB 03687/11174/13585 (petroleumsmåltallet),03687_diesel_udelt,
salg_dieselsum,veitransport_og_ovrig,diesel,salgsvolum,mill. liter,M,2006M09,227.0,konstruert,SSB 03687/11174/13585 (petroleumsmåltallet),03687_diesel_udelt,
salg_dieselsum,veitransport_og_ovrig,diesel,salgsvolum,mill. liter,M,2006M10,250.0,konstruert,SSB 03687/11174/13585 (petroleumsmåltallet),03687_diesel_udelt,
salg_dieselsum,veitransport_og_ovrig,diesel,salgsvolum,mill. liter,M,2006M11,242.0,konstruert,SSB 03687/11174/13585 (petroleumsmåltallet),03687_diesel_udelt,
salg_dieselsum,veitransport_og_ovrig,diesel,salgsvolum,mill. liter,M,2006M12,211.0,konstruert,SSB 03687/11174/13585 (petroleumsmåltallet),03687_diesel_udelt,
salg_dieselsum,veitransport_og_ovrig,diesel,salgsvolum,mill. liter,M,2007M01,229.0,konstruert,SSB 03687/11174/13585 (petroleumsmåltallet),03687_diesel_udelt,
salg_dieselsum,veitransport_og_ovrig,diesel,salgsvolum,mill. liter,M,2007M02,224.0,konstruert,SSB 03687/11174/13585 (petroleumsmåltallet),03687_diesel_udelt,
salg_dieselsum,veitransport_og_ovrig,diesel,salgsvolum,mill. liter,M,2007M03,238.0,konstruert,SSB 03687/11174/13585 (petroleumsmåltallet),03687_diesel_udelt,
salg_dieselsum,veitransport_og_ovrig,diesel,salgsvolum,mill. liter,M,2007M04,216.0,konstruert,SSB 03687/11174/13585 (petroleumsmåltallet),03687_diesel_udelt,
salg_dieselsum,veitransport_og_ovrig,diesel,salgsvolum,mill. liter,M,2007M05,247.0,konstruert,SSB 03687/11174/13585 (petroleumsmåltallet),03687_diesel_udelt,
salg_dieselsum,veitransport_og_ovrig,diesel,salgsvolum,mill. liter,M,2007M06,259.0,konstruert,SSB 03687/11174/13585 (petroleumsmåltallet),03687_diesel_udelt,
salg_dieselsum,veitransport_og_ovrig,diesel,salgsvolum,mill. liter,M,2007M07,230.0,konstruert,SSB 03687/11174/13585 (petroleumsmåltallet),03687_diesel_udelt,
salg_dieselsum,veitransport_og_ovrig,diesel,salgsvolum,mill. liter,M,2007M08,262.0,konstruert,SSB 03687/11174/13585 (petroleumsmåltallet),03687_diesel_udelt,
salg_dieselsum,veitransport_og_ovrig,diesel,salgsvolum,mill. liter,M,2007M09,256.0,konstruert,SSB 03687/11174/13585 (petroleumsmåltallet),03687_diesel_udelt,
salg_dieselsum,veitransport_og_ovrig,diesel,salgsvolum,mill. liter,M,2007M10,281.0,konstruert,SSB 03687/11174/13585 (petroleumsmåltallet),03687_diesel_udelt,
salg_dieselsum,veitransport_og_ovrig,diesel,salgsvolum,mill. liter,M,2007M11,272.0,konstruert,SSB 03687/11174/13585 (petroleumsmåltallet),03687_diesel_udelt,
salg_dieselsum,veitransport_og_ovrig,diesel,salgsvolum,mill. liter,M,2007M12,251.0,konstruert,SSB 03687/11174/13585 (petroleumsmåltallet),03687_diesel_udelt,
salg_dieselsum,veitransport_og_ovrig,diesel,salgsvolum,mill. liter,M,2008M01,235.0,konstruert,SSB 03687/11174/13585 (petroleumsmåltallet),03687_diesel_udelt,
salg_dieselsum,veitransport_og_ovrig,diesel,salgsvolum,mill. liter,M,2008M02,243.0,konstruert,SSB 03687/11174/13585 (petroleumsmåltallet),03687_diesel_udelt,
salg_dieselsum,veitransport_og_ovrig,diesel,salgsvolum,mill. liter,M,2008M03,228.0,konstruert,SSB 03687/11174/13585 (petroleumsmåltallet),03687_diesel_udelt,
salg_dieselsum,veitransport_og_ovrig,diesel,salgsvolum,mill. liter,M,2008M04,255.0,konstruert,SSB 03687/11174/13585 (petroleumsmåltallet),03687_diesel_udelt,
salg_dieselsum,veitransport_og_ovrig,diesel,salgsvolum,mill. liter,M,2008M05,260.0,konstruert,SSB 03687/11174/13585 (petroleumsmåltallet),03687_diesel_udelt,
salg_dieselsum,veitransport_og_ovrig,diesel,salgsvolum,mill. liter,M,2008M06,269.0,konstruert,SSB 03687/11174/13585 (petroleumsmåltallet),03687_diesel_udelt,
salg_dieselsum,veitransport_og_ovrig,diesel,salgsvolum,mill. liter,M,2008M07,247.0,konstruert,SSB 03687/11174/13585 (petroleumsmåltallet),03687_diesel_udelt,
salg_dieselsum,veitransport_og_ovrig,diesel,salgsvolum,mill. liter,M,2008M08,245.0,konstruert,SSB 03687/11174/13585 (petroleumsmåltallet),03687_diesel_udelt,
salg_dieselsum,veitransport_og_ovrig,diesel,salgsvolum,mill. liter,M,2008M09,270.0,konstruert,SSB 03687/11174/13585 (petroleumsmåltallet),03687_diesel_udelt,
salg_dieselsum,veitransport_og_ovrig,diesel,salgsvolum,mill. liter,M,2008M10,277.0,konstruert,SSB 03687/11174/13585 (petroleumsmåltallet),03687_diesel_udelt,
salg_dieselsum,veitransport_og_ovrig,diesel,salgsvolum,mill. liter,M,2008M11,259.0,konstruert,SSB 03687/11174/13585 (petroleumsmåltallet),03687_diesel_udelt,
salg_dieselsum,veitransport_og_ovrig,diesel,salgsvolum,mill. liter,M,2008M12,255.0,konstruert,SSB 03687/11174/13585 (petroleumsmåltallet),03687_diesel_udelt,
salg_dieselsum,veitransport_og_ovrig,diesel,salgsvolum,mill. liter,M,2009M01,240.0,konstruert,SSB 03687/11174/13585 (petroleumsmåltallet),03687_diesel_udelt,
salg_dieselsum,veitransport_og_ovrig,diesel,salgsvolum,mill. liter,M,2009M02,235.0,konstruert,SSB 03687/11174/13585 (petroleumsmåltallet),03687_diesel_udelt,
salg_dieselsum,veitransport_og_ovrig,diesel,salgsvolum,mill. liter,M,2009M03,254.0,konstruert,SSB 03687/11174/13585 (petroleumsmåltallet),03687_diesel_udelt,
salg_dieselsum,veitransport_og_ovrig,diesel,salgsvolum,mill. liter,M,2009M04,226.0,konstruert,SSB 03687/11174/13585 (petroleumsmåltallet),03687_diesel_udelt,
salg_dieselsum,veitransport_og_ovrig,diesel,salgsvolum,mill. liter,M,2009M05,249.0,konstruert,SSB 03687/11174/13585 (petroleumsmåltallet),03687_diesel_udelt,
salg_dieselsum,veitransport_og_ovrig,diesel,salgsvolum,mill. liter,M,2009M06,268.0,konstruert,SSB 03687/11174/13585 (petroleumsmåltallet),03687_diesel_udelt,
salg_dieselsum,veitransport_og_ovrig,diesel,salgsvolum,mill. liter,M,2009M07,238.0,konstruert,SSB 03687/11174/13585 (petroleumsmåltallet),03687_diesel_udelt,
salg_dieselsum,veitransport_og_ovrig,diesel,salgsvolum,mill. liter,M,2009M08,262.0,konstruert,SSB 03687/11174/13585 (petroleumsmåltallet),03687_diesel_udelt,
salg_dieselsum,veitransport_og_ovrig,diesel,salgsvolum,mill. liter,M,2009M09,268.0,konstruert,SSB 03687/11174/13585 (petroleumsmåltallet),03687_diesel_udelt,
salg_dieselsum,veitransport_og_ovrig,diesel,salgsvolum,mill. liter,M,2009M10,277.0,konstruert,SSB 03687/11174/13585 (petroleumsmåltallet),03687_diesel_udelt,
salg_dieselsum,veitransport_og_ovrig,diesel,salgsvolum,mill. liter,M,2009M11,265.0,konstruert,SSB 03687/11174/13585 (petroleumsmåltallet),03687_diesel_udelt,
salg_dieselsum,veitransport_og_ovrig,diesel,salgsvolum,mill. liter,M,2009M12,264.0,konstruert,SSB 03687/11174/13585 (petroleumsmåltallet),03687_diesel_udelt,
salg_dieselsum,veitransport_og_ovrig,diesel,salgsvolum,mill. liter,M,2010M01,259.0,konstruert,SSB 03687/11174/13585 (petroleumsmåltallet),11174_sum_04a_04b,
salg_dieselsum,veitransport_og_ovrig,diesel,salgsvolum,mill. liter,M,2010M02,259.0,konstruert,SSB 03687/11174/13585 (petroleumsmåltallet),11174_sum_04a_04b,
salg_dieselsum,veitransport_og_ovrig,diesel,salgsvolum,mill. liter,M,2010M03,280.0,konstruert,SSB 03687/11174/13585 (petroleumsmåltallet),11174_sum_04a_04b,
salg_dieselsum,veitransport_og_ovrig,diesel,salgsvolum,mill. liter,M,2010M04,246.0,konstruert,SSB 03687/11174/13585 (petroleumsmåltallet),11174_sum_04a_04b,
salg_dieselsum,veitransport_og_ovrig,diesel,salgsvolum,mill. liter,M,2010M05,262.0,konstruert,SSB 03687/11174/13585 (petroleumsmåltallet),11174_sum_04a_04b,
salg_dieselsum,veitransport_og_ovrig,diesel,salgsvolum,mill. liter,M,2010M06,293.0,konstruert,SSB 03687/11174/13585 (petroleumsmåltallet),11174_sum_04a_04b,
salg_dieselsum,veitransport_og_ovrig,diesel,salgsvolum,mill. liter,M,2010M07,262.0,konstruert,SSB 03687/11174/13585 (petroleumsmåltallet),11174_sum_04a_04b,
salg_dieselsum,veitransport_og_ovrig,diesel,salgsvolum,mill. liter,M,2010M08,287.0,konstruert,SSB 03687/11174/13585 (petroleumsmåltallet),11174_sum_04a_04b,
salg_dieselsum,veitransport_og_ovrig,diesel,salgsvolum,mill. liter,M,2010M09,288.0,konstruert,SSB 03687/11174/13585 (petroleumsmåltallet),11174_sum_04a_04b,
salg_dieselsum,veitransport_og_ovrig,diesel,salgsvolum,mill. liter,M,2010M10,296.0,konstruert,SSB 03687/11174/13585 (petroleumsmåltallet),11174_sum_04a_04b,
salg_dieselsum,veitransport_og_ovrig,diesel,salgsvolum,mill. liter,M,2010M11,321.0,konstruert,SSB 03687/11174/13585 (petroleumsmåltallet),11174_sum_04a_04b,
salg_dieselsum,veitransport_og_ovrig,diesel,salgsvolum,mill. liter,M,2010M12,306.0,konstruert,SSB 03687/11174/13585 (petroleumsmåltallet),11174_sum_04a_04b,
salg_dieselsum,veitransport_og_ovrig,diesel,salgsvolum,mill. liter,M,2011M01,271.0,konstruert,SSB 03687/11174/13585 (petroleumsmåltallet),11174_sum_04a_04b,
salg_dieselsum,veitransport_og_ovrig,diesel,salgsvolum,mill. liter,M,2011M02,273.0,konstruert,SSB 03687/11174/13585 (petroleumsmåltallet),11174_sum_04a_04b,
salg_dieselsum,veitransport_og_ovrig,diesel,salgsvolum,mill. liter,M,2011M03,293.0,konstruert,SSB 03687/11174/13585 (petroleumsmåltallet),11174_sum_04a_04b,
salg_dieselsum,veitransport_og_ovrig,diesel,salgsvolum,mill. liter,M,2011M04,252.0,konstruert,SSB 03687/11174/13585 (petroleumsmåltallet),11174_sum_04a_04b,
salg_dieselsum,veitransport_og_ovrig,diesel,salgsvolum,mill. liter,M,2011M05,295.0,konstruert,SSB 03687/11174/13585 (petroleumsmåltallet),11174_sum_04a_04b,
salg_dieselsum,veitransport_og_ovrig,diesel,salgsvolum,mill. liter,M,2011M06,293.0,konstruert,SSB 03687/11174/13585 (petroleumsmåltallet),11174_sum_04a_04b,
salg_dieselsum,veitransport_og_ovrig,diesel,salgsvolum,mill. liter,M,2011M07,270.0,konstruert,SSB 03687/11174/13585 (petroleumsmåltallet),11174_sum_04a_04b,
salg_dieselsum,veitransport_og_ovrig,diesel,salgsvolum,mill. liter,M,2011M08,310.0,konstruert,SSB 03687/11174/13585 (petroleumsmåltallet),11174_sum_04a_04b,
salg_dieselsum,veitransport_og_ovrig,diesel,salgsvolum,mill. liter,M,2011M09,298.0,konstruert,SSB 03687/11174/13585 (petroleumsmåltallet),11174_sum_04a_04b,
salg_dieselsum,veitransport_og_ovrig,diesel,salgsvolum,mill. liter,M,2011M10,311.0,konstruert,SSB 03687/11174/13585 (petroleumsmåltallet),11174_sum_04a_04b,
salg_dieselsum,veitransport_og_ovrig,diesel,salgsvolum,mill. liter,M,2011M11,309.0,konstruert,SSB 03687/11174/13585 (petroleumsmåltallet),11174_sum_04a_04b,
salg_dieselsum,veitransport_og_ovrig,diesel,salgsvolum,mill. liter,M,2011M12,283.0,konstruert,SSB 03687/11174/13585 (petroleumsmåltallet),11174_sum_04a_04b,
salg_dieselsum,veitransport_og_ovrig,diesel,salgsvolum,mill. liter,M,2012M01,287.0,konstruert,SSB 03687/11174/13585 (petroleumsmåltallet),11174_sum_04a_04b,
salg_dieselsum,veitransport_og_ovrig,diesel,salgsvolum,mill. liter,M,2012M02,284.0,konstruert,SSB 03687/11174/13585 (petroleumsmåltallet),11174_sum_04a_04b,
salg_dieselsum,veitransport_og_ovrig,diesel,salgsvolum,mill. liter,M,2012M03,284.0,konstruert,SSB 03687/11174/13585 (petroleumsmåltallet),11174_sum_04a_04b,
salg_dieselsum,veitransport_og_ovrig,diesel,salgsvolum,mill. liter,M,2012M04,263.0,konstruert,SSB 03687/11174/13585 (petroleumsmåltallet),11174_sum_04a_04b,
salg_dieselsum,veitransport_og_ovrig,diesel,salgsvolum,mill. liter,M,2012M05,317.0,konstruert,SSB 03687/11174/13585 (petroleumsmåltallet),11174_sum_04a_04b,
salg_dieselsum,veitransport_og_ovrig,diesel,salgsvolum,mill. liter,M,2012M06,305.0,konstruert,SSB 03687/11174/13585 (petroleumsmåltallet),11174_sum_04a_04b,
salg_dieselsum,veitransport_og_ovrig,diesel,salgsvolum,mill. liter,M,2012M07,287.0,konstruert,SSB 03687/11174/13585 (petroleumsmåltallet),11174_sum_04a_04b,
salg_dieselsum,veitransport_og_ovrig,diesel,salgsvolum,mill. liter,M,2012M08,311.0,konstruert,SSB 03687/11174/13585 (petroleumsmåltallet),11174_sum_04a_04b,
salg_dieselsum,veitransport_og_ovrig,diesel,salgsvolum,mill. liter,M,2012M09,305.0,konstruert,SSB 03687/11174/13585 (petroleumsmåltallet),11174_sum_04a_04b,
salg_dieselsum,veitransport_og_ovrig,diesel,salgsvolum,mill. liter,M,2012M10,331.0,konstruert,SSB 03687/11174/13585 (petroleumsmåltallet),11174_sum_04a_04b,
salg_dieselsum,veitransport_og_ovrig,diesel,salgsvolum,mill. liter,M,2012M11,310.0,konstruert,SSB 03687/11174/13585 (petroleumsmåltallet),11174_sum_04a_04b,
salg_dieselsum,veitransport_og_ovrig,diesel,salgsvolum,mill. liter,M,2012M12,306.0,konstruert,SSB 03687/11174/13585 (petroleumsmåltallet),11174_sum_04a_04b,
salg_dieselsum,veitransport_og_ovrig,diesel,salgsvolum,mill. liter,M,2013M01,309.0,konstruert,SSB 03687/11174/13585 (petroleumsmåltallet),11174_sum_04a_04b,
salg_dieselsum,veitransport_og_ovrig,diesel,salgsvolum,mill. liter,M,2013M02,282.0,konstruert,SSB 03687/11174/13585 (petroleumsmåltallet),11174_sum_04a_04b,
salg_dieselsum,veitransport_og_ovrig,diesel,salgsvolum,mill. liter,M,2013M03,286.0,konstruert,SSB 03687/11174/13585 (petroleumsmåltallet),11174_sum_04a_04b,
salg_dieselsum,veitransport_og_ovrig,diesel,salgsvolum,mill. liter,M,2013M04,305.0,konstruert,SSB 03687/11174/13585 (petroleumsmåltallet),11174_sum_04a_04b,
salg_dieselsum,veitransport_og_ovrig,diesel,salgsvolum,mill. liter,M,2013M05,311.0,konstruert,SSB 03687/11174/13585 (petroleumsmåltallet),11174_sum_04a_04b,
salg_dieselsum,veitransport_og_ovrig,diesel,salgsvolum,mill. liter,M,2013M06,319.0,konstruert,SSB 03687/11174/13585 (petroleumsmåltallet),11174_sum_04a_04b,
salg_dieselsum,veitransport_og_ovrig,diesel,salgsvolum,mill. liter,M,2013M07,299.0,konstruert,SSB 03687/11174/13585 (petroleumsmåltallet),11174_sum_04a_04b,
salg_dieselsum,veitransport_og_ovrig,diesel,salgsvolum,mill. liter,M,2013M08,323.0,konstruert,SSB 03687/11174/13585 (petroleumsmåltallet),11174_sum_04a_04b,
salg_dieselsum,veitransport_og_ovrig,diesel,salgsvolum,mill. liter,M,2013M09,317.0,konstruert,SSB 03687/11174/13585 (petroleumsmåltallet),11174_sum_04a_04b,
salg_dieselsum,veitransport_og_ovrig,diesel,salgsvolum,mill. liter,M,2013M10,335.0,konstruert,SSB 03687/11174/13585 (petroleumsmåltallet),11174_sum_04a_04b,
salg_dieselsum,veitransport_og_ovrig,diesel,salgsvolum,mill. liter,M,2013M11,319.0,konstruert,SSB 03687/11174/13585 (petroleumsmåltallet),11174_sum_04a_04b,
salg_dieselsum,veitransport_og_ovrig,diesel,salgsvolum,mill. liter,M,2013M12,313.0,konstruert,SSB 03687/11174/13585 (petroleumsmåltallet),11174_sum_04a_04b,
salg_dieselsum,veitransport_og_ovrig,diesel,salgsvolum,mill. liter,M,2014M01,288.0,konstruert,SSB 03687/11174/13585 (petroleumsmåltallet),11174_sum_04a_04b,
salg_dieselsum,veitransport_og_ovrig,diesel,salgsvolum,mill. liter,M,2014M02,274.0,konstruert,SSB 03687/11174/13585 (petroleumsmåltallet),11174_sum_04a_04b,
salg_dieselsum,veitransport_og_ovrig,diesel,salgsvolum,mill. liter,M,2014M03,297.0,konstruert,SSB 03687/11174/13585 (petroleumsmåltallet),11174_sum_04a_04b,
salg_dieselsum,veitransport_og_ovrig,diesel,salgsvolum,mill. liter,M,2014M04,289.0,konstruert,SSB 03687/11174/13585 (petroleumsmåltallet),11174_sum_04a_04b,
salg_dieselsum,veitransport_og_ovrig,diesel,salgsvolum,mill. liter,M,2014M05,314.0,konstruert,SSB 03687/11174/13585 (petroleumsmåltallet),11174_sum_04a_04b,
salg_dieselsum,veitransport_og_ovrig,diesel,salgsvolum,mill. liter,M,2014M06,336.0,konstruert,SSB 03687/11174/13585 (petroleumsmåltallet),11174_sum_04a_04b,
salg_dieselsum,veitransport_og_ovrig,diesel,salgsvolum,mill. liter,M,2014M07,293.0,konstruert,SSB 03687/11174/13585 (petroleumsmåltallet),11174_sum_04a_04b,
salg_dieselsum,veitransport_og_ovrig,diesel,salgsvolum,mill. liter,M,2014M08,320.0,konstruert,SSB 03687/11174/13585 (petroleumsmåltallet),11174_sum_04a_04b,
salg_dieselsum,veitransport_og_ovrig,diesel,salgsvolum,mill. liter,M,2014M09,338.0,konstruert,SSB 03687/11174/13585 (petroleumsmåltallet),11174_sum_04a_04b,
salg_dieselsum,veitransport_og_ovrig,diesel,salgsvolum,mill. liter,M,2014M10,346.0,konstruert,SSB 03687/11174/13585 (petroleumsmåltallet),11174_sum_04a_04b,
salg_dieselsum,veitransport_og_ovrig,diesel,salgsvolum,mill. liter,M,2014M11,315.0,konstruert,SSB 03687/11174/13585 (petroleumsmåltallet),11174_sum_04a_04b,
salg_dieselsum,veitransport_og_ovrig,diesel,salgsvolum,mill. liter,M,2014M12,319.0,konstruert,SSB 03687/11174/13585 (petroleumsmåltallet),11174_sum_04a_04b,
salg_dieselsum,veitransport_og_ovrig,diesel,salgsvolum,mill. liter,M,2015M01,297.0,konstruert,SSB 03687/11174/13585 (petroleumsmåltallet),11174_sum_04a_04b,
salg_dieselsum,veitransport_og_ovrig,diesel,salgsvolum,mill. liter,M,2015M02,286.0,konstruert,SSB 03687/11174/13585 (petroleumsmåltallet),11174_sum_04a_04b,
salg_dieselsum,veitransport_og_ovrig,diesel,salgsvolum,mill. liter,M,2015M03,314.0,konstruert,SSB 03687/11174/13585 (petroleumsmåltallet),11174_sum_04a_04b,
salg_dieselsum,veitransport_og_ovrig,diesel,salgsvolum,mill. liter,M,2015M04,297.0,konstruert,SSB 03687/11174/13585 (petroleumsmåltallet),11174_sum_04a_04b,
salg_dieselsum,veitransport_og_ovrig,diesel,salgsvolum,mill. liter,M,2015M05,317.0,konstruert,SSB 03687/11174/13585 (petroleumsmåltallet),11174_sum_04a_04b,
salg_dieselsum,veitransport_og_ovrig,diesel,salgsvolum,mill. liter,M,2015M06,360.0,konstruert,SSB 03687/11174/13585 (petroleumsmåltallet),11174_sum_04a_04b,
salg_dieselsum,veitransport_og_ovrig,diesel,salgsvolum,mill. liter,M,2015M07,304.0,konstruert,SSB 03687/11174/13585 (petroleumsmåltallet),11174_sum_04a_04b,
salg_dieselsum,veitransport_og_ovrig,diesel,salgsvolum,mill. liter,M,2015M08,347.0,konstruert,SSB 03687/11174/13585 (petroleumsmåltallet),11174_sum_04a_04b,
salg_dieselsum,veitransport_og_ovrig,diesel,salgsvolum,mill. liter,M,2015M09,336.0,konstruert,SSB 03687/11174/13585 (petroleumsmåltallet),11174_sum_04a_04b,
salg_dieselsum,veitransport_og_ovrig,diesel,salgsvolum,mill. liter,M,2015M10,347.0,konstruert,SSB 03687/11174/13585 (petroleumsmåltallet),11174_sum_04a_04b,
salg_dieselsum,veitransport_og_ovrig,diesel,salgsvolum,mill. liter,M,2015M11,338.0,konstruert,SSB 03687/11174/13585 (petroleumsmåltallet),11174_sum_04a_04b,
salg_dieselsum,veitransport_og_ovrig,diesel,salgsvolum,mill. liter,M,2015M12,311.0,konstruert,SSB 03687/11174/13585 (petroleumsmåltallet),11174_sum_04a_04b,
salg_dieselsum,veitransport_og_ovrig,diesel,salgsvolum,mill. liter,M,2016M01,313.0,konstruert,SSB 03687/11174/13585 (petroleumsmåltallet),11174_sum_04a_04b,
salg_dieselsum,veitransport_og_ovrig,diesel,salgsvolum,mill. liter,M,2016M02,317.0,konstruert,SSB 03687/11174/13585 (petroleumsmåltallet),11174_sum_04a_04b,
salg_dieselsum,veitransport_og_ovrig,diesel,salgsvolum,mill. liter,M,2016M03,313.0,konstruert,SSB 03687/11174/13585 (petroleumsmåltallet),11174_sum_04a_04b,
salg_dieselsum,veitransport_og_ovrig,diesel,salgsvolum,mill. liter,M,2016M04,327.0,konstruert,SSB 03687/11174/13585 (petroleumsmåltallet),11174_sum_04a_04b,
salg_dieselsum,veitransport_og_ovrig,diesel,salgsvolum,mill. liter,M,2016M05,332.0,konstruert,SSB 03687/11174/13585 (petroleumsmåltallet),11174_sum_04a_04b,
salg_dieselsum,veitransport_og_ovrig,diesel,salgsvolum,mill. liter,M,2016M06,363.0,konstruert,SSB 03687/11174/13585 (petroleumsmåltallet),11174_sum_04a_04b,
salg_dieselsum,veitransport_og_ovrig,diesel,salgsvolum,mill. liter,M,2016M07,313.0,konstruert,SSB 03687/11174/13585 (petroleumsmåltallet),11174_sum_04a_04b,
salg_dieselsum,veitransport_og_ovrig,diesel,salgsvolum,mill. liter,M,2016M08,361.0,konstruert,SSB 03687/11174/13585 (petroleumsmåltallet),11174_sum_04a_04b,
salg_dieselsum,veitransport_og_ovrig,diesel,salgsvolum,mill. liter,M,2016M09,344.0,konstruert,SSB 03687/11174/13585 (petroleumsmåltallet),11174_sum_04a_04b,
salg_dieselsum,veitransport_og_ovrig,diesel,salgsvolum,mill. liter,M,2016M10,346.0,konstruert,SSB 03687/11174/13585 (petroleumsmåltallet),11174_sum_04a_04b,
salg_dieselsum,veitransport_og_ovrig,diesel,salgsvolum,mill. liter,M,2016M11,351.0,konstruert,SSB 03687/11174/13585 (petroleumsmåltallet),11174_sum_04a_04b,
salg_dieselsum,veitransport_og_ovrig,diesel,salgsvolum,mill. liter,M,2016M12,318.0,konstruert,SSB 03687/11174/13585 (petroleumsmåltallet),11174_sum_04a_04b,
salg_dieselsum,veitransport_og_ovrig,diesel,salgsvolum,mill. liter,M,2017M01,308.0,konstruert,SSB 03687/11174/13585 (petroleumsmåltallet),11174_sum_04a_04b,
salg_dieselsum,veitransport_og_ovrig,diesel,salgsvolum,mill. liter,M,2017M02,302.0,konstruert,SSB 03687/11174/13585 (petroleumsmåltallet),11174_sum_04a_04b,
salg_dieselsum,veitransport_og_ovrig,diesel,salgsvolum,mill. liter,M,2017M03,330.0,konstruert,SSB 03687/11174/13585 (petroleumsmåltallet),11174_sum_04a_04b,
salg_dieselsum,veitransport_og_ovrig,diesel,salgsvolum,mill. liter,M,2017M04,288.0,konstruert,SSB 03687/11174/13585 (petroleumsmåltallet),11174_sum_04a_04b,
salg_dieselsum,veitransport_og_ovrig,diesel,salgsvolum,mill. liter,M,2017M05,342.0,konstruert,SSB 03687/11174/13585 (petroleumsmåltallet),11174_sum_04a_04b,
salg_dieselsum,veitransport_og_ovrig,diesel,salgsvolum,mill. liter,M,2017M06,343.0,konstruert,SSB 03687/11174/13585 (petroleumsmåltallet),11174_sum_04a_04b,
salg_dieselsum,veitransport_og_ovrig,diesel,salgsvolum,mill. liter,M,2017M07,316.0,konstruert,SSB 03687/11174/13585 (petroleumsmåltallet),11174_sum_04a_04b,
salg_dieselsum,veitransport_og_ovrig,diesel,salgsvolum,mill. liter,M,2017M08,349.0,konstruert,SSB 03687/11174/13585 (petroleumsmåltallet),11174_sum_04a_04b,
salg_dieselsum,veitransport_og_ovrig,diesel,salgsvolum,mill. liter,M,2017M09,322.0,konstruert,SSB 03687/11174/13585 (petroleumsmåltallet),11174_sum_04a_04b,
salg_dieselsum,veitransport_og_ovrig,diesel,salgsvolum,mill. liter,M,2017M10,359.0,konstruert,SSB 03687/11174/13585 (petroleumsmåltallet),11174_sum_04a_04b,
salg_dieselsum,veitransport_og_ovrig,diesel,salgsvolum,mill. liter,M,2017M11,353.0,konstruert,SSB 03687/11174/13585 (petroleumsmåltallet),11174_sum_04a_04b,
salg_dieselsum,veitransport_og_ovrig,diesel,salgsvolum,mill. liter,M,2017M12,321.0,konstruert,SSB 03687/11174/13585 (petroleumsmåltallet),11174_sum_04a_04b,
salg_dieselsum,veitransport_og_ovrig,diesel,salgsvolum,mill. liter,M,2018M01,333.0,konstruert,SSB 03687/11174/13585 (petroleumsmåltallet),11174_sum_04a_04b,
salg_dieselsum,veitransport_og_ovrig,diesel,salgsvolum,mill. liter,M,2018M02,320.0,konstruert,SSB 03687/11174/13585 (petroleumsmåltallet),11174_sum_04a_04b,
salg_dieselsum,veitransport_og_ovrig,diesel,salgsvolum,mill. liter,M,2018M03,327.0,konstruert,SSB 03687/11174/13585 (petroleumsmåltallet),11174_sum_04a_04b,
salg_dieselsum,veitransport_og_ovrig,diesel,salgsvolum,mill. liter,M,2018M04,318.0,konstruert,SSB 03687/11174/13585 (petroleumsmåltallet),11174_sum_04a_04b,
salg_dieselsum,veitransport_og_ovrig,diesel,salgsvolum,mill. liter,M,2018M05,331.0,konstruert,SSB 03687/11174/13585 (petroleumsmåltallet),11174_sum_04a_04b,
salg_dieselsum,veitransport_og_ovrig,diesel,salgsvolum,mill. liter,M,2018M06,348.0,konstruert,SSB 03687/11174/13585 (petroleumsmåltallet),11174_sum_04a_04b,
salg_dieselsum,veitransport_og_ovrig,diesel,salgsvolum,mill. liter,M,2018M07,324.0,konstruert,SSB 03687/11174/13585 (petroleumsmåltallet),11174_sum_04a_04b,
salg_dieselsum,veitransport_og_ovrig,diesel,salgsvolum,mill. liter,M,2018M08,351.0,konstruert,SSB 03687/11174/13585 (petroleumsmåltallet),11174_sum_04a_04b,
salg_dieselsum,veitransport_og_ovrig,diesel,salgsvolum,mill. liter,M,2018M09,320.0,konstruert,SSB 03687/11174/13585 (petroleumsmåltallet),11174_sum_04a_04b,
salg_dieselsum,veitransport_og_ovrig,diesel,salgsvolum,mill. liter,M,2018M10,367.0,konstruert,SSB 03687/11174/13585 (petroleumsmåltallet),11174_sum_04a_04b,
salg_dieselsum,veitransport_og_ovrig,diesel,salgsvolum,mill. liter,M,2018M11,345.0,konstruert,SSB 03687/11174/13585 (petroleumsmåltallet),11174_sum_04a_04b,
salg_dieselsum,veitransport_og_ovrig,diesel,salgsvolum,mill. liter,M,2018M12,309.0,konstruert,SSB 03687/11174/13585 (petroleumsmåltallet),11174_sum_04a_04b,
salg_dieselsum,veitransport_og_ovrig,diesel,salgsvolum,mill. liter,M,2019M01,322.0,konstruert,SSB 03687/11174/13585 (petroleumsmåltallet),11174_sum_04a_04b,
salg_dieselsum,veitransport_og_ovrig,diesel,salgsvolum,mill. liter,M,2019M02,298.0,konstruert,SSB 03687/11174/13585 (petroleumsmåltallet),11174_sum_04a_04b,
salg_dieselsum,veitransport_og_ovrig,diesel,salgsvolum,mill. liter,M,2019M03,322.0,konstruert,SSB 03687/11174/13585 (petroleumsmåltallet),11174_sum_04a_04b,
salg_dieselsum,veitransport_og_ovrig,diesel,salgsvolum,mill. liter,M,2019M04,311.0,konstruert,SSB 03687/11174/13585 (petroleumsmåltallet),11174_sum_04a_04b,
salg_dieselsum,veitransport_og_ovrig,diesel,salgsvolum,mill. liter,M,2019M05,327.0,konstruert,SSB 03687/11174/13585 (petroleumsmåltallet),11174_sum_04a_04b,
salg_dieselsum,veitransport_og_ovrig,diesel,salgsvolum,mill. liter,M,2019M06,332.0,konstruert,SSB 03687/11174/13585 (petroleumsmåltallet),11174_sum_04a_04b,
salg_dieselsum,veitransport_og_ovrig,diesel,salgsvolum,mill. liter,M,2019M07,315.0,konstruert,SSB 03687/11174/13585 (petroleumsmåltallet),11174_sum_04a_04b,
salg_dieselsum,veitransport_og_ovrig,diesel,salgsvolum,mill. liter,M,2019M08,341.0,konstruert,SSB 03687/11174/13585 (petroleumsmåltallet),11174_sum_04a_04b,
salg_dieselsum,veitransport_og_ovrig,diesel,salgsvolum,mill. liter,M,2019M09,330.0,konstruert,SSB 03687/11174/13585 (petroleumsmåltallet),11174_sum_04a_04b,
salg_dieselsum,veitransport_og_ovrig,diesel,salgsvolum,mill. liter,M,2019M10,347.0,konstruert,SSB 03687/11174/13585 (petroleumsmåltallet),11174_sum_04a_04b,
salg_dieselsum,veitransport_og_ovrig,diesel,salgsvolum,mill. liter,M,2019M11,335.0,konstruert,SSB 03687/11174/13585 (petroleumsmåltallet),11174_sum_04a_04b,
salg_dieselsum,veitransport_og_ovrig,diesel,salgsvolum,mill. liter,M,2019M12,303.0,konstruert,SSB 03687/11174/13585 (petroleumsmåltallet),11174_sum_04a_04b,
